activation,run_id,layer,epoch,stat,value
gelu,ea1b2786-47f3-44e2-82f0-1463d1a06c1e,blocks.layers.0.activation,0,mean,0.1722275970033055
gelu,ea1b2786-47f3-44e2-82f0-1463d1a06c1e,blocks.layers.0.activation,0,std,0.4239075390987053
gelu,ea1b2786-47f3-44e2-82f0-1463d1a06c1e,blocks.layers.0.activation,0,skew,1.7923738281921984
gelu,ea1b2786-47f3-44e2-82f0-1463d1a06c1e,blocks.layers.0.activation,0,kurtosis,6.436473605471574
gelu,ea1b2786-47f3-44e2-82f0-1463d1a06c1e,blocks.layers.1.activation,0,mean,0.15767613191197352
gelu,ea1b2786-47f3-44e2-82f0-1463d1a06c1e,blocks.layers.1.activation,0,std,0.39312812423875043
gelu,ea1b2786-47f3-44e2-82f0-1463d1a06c1e,blocks.layers.1.activation,0,skew,1.7321585259827854
gelu,ea1b2786-47f3-44e2-82f0-1463d1a06c1e,blocks.layers.1.activation,0,kurtosis,6.248395188423238
gelu,ea1b2786-47f3-44e2-82f0-1463d1a06c1e,blocks.layers.2.activation,0,mean,0.14516649371364362
gelu,ea1b2786-47f3-44e2-82f0-1463d1a06c1e,blocks.layers.2.activation,0,std,0.3703871652842346
gelu,ea1b2786-47f3-44e2-82f0-1463d1a06c1e,blocks.layers.2.activation,0,skew,1.6620755276221821
gelu,ea1b2786-47f3-44e2-82f0-1463d1a06c1e,blocks.layers.2.activation,0,kurtosis,6.0035528525763135
gelu,ea1b2786-47f3-44e2-82f0-1463d1a06c1e,blocks.layers.3.activation,0,mean,0.13159344631688027
gelu,ea1b2786-47f3-44e2-82f0-1463d1a06c1e,blocks.layers.3.activation,0,std,0.3557492055808027
gelu,ea1b2786-47f3-44e2-82f0-1463d1a06c1e,blocks.layers.3.activation,0,skew,1.65893381897665
gelu,ea1b2786-47f3-44e2-82f0-1463d1a06c1e,blocks.layers.3.activation,0,kurtosis,6.001437859178862
gelu,ea1b2786-47f3-44e2-82f0-1463d1a06c1e,blocks.layers.0.activation,1,mean,0.17641848296563395
gelu,ea1b2786-47f3-44e2-82f0-1463d1a06c1e,blocks.layers.0.activation,1,std,0.4405422064638621
gelu,ea1b2786-47f3-44e2-82f0-1463d1a06c1e,blocks.layers.0.activation,1,skew,1.850075591501392
gelu,ea1b2786-47f3-44e2-82f0-1463d1a06c1e,blocks.layers.0.activation,1,kurtosis,6.685487437502769
gelu,ea1b2786-47f3-44e2-82f0-1463d1a06c1e,blocks.layers.1.activation,1,mean,0.13932874614498794
gelu,ea1b2786-47f3-44e2-82f0-1463d1a06c1e,blocks.layers.1.activation,1,std,0.3939603692047081
gelu,ea1b2786-47f3-44e2-82f0-1463d1a06c1e,blocks.layers.1.activation,1,skew,1.9141817124712934
gelu,ea1b2786-47f3-44e2-82f0-1463d1a06c1e,blocks.layers.1.activation,1,kurtosis,7.157088592807593
gelu,ea1b2786-47f3-44e2-82f0-1463d1a06c1e,blocks.layers.2.activation,1,mean,0.11814623942525786
gelu,ea1b2786-47f3-44e2-82f0-1463d1a06c1e,blocks.layers.2.activation,1,std,0.3651347346776708
gelu,ea1b2786-47f3-44e2-82f0-1463d1a06c1e,blocks.layers.2.activation,1,skew,1.930435180027714
gelu,ea1b2786-47f3-44e2-82f0-1463d1a06c1e,blocks.layers.2.activation,1,kurtosis,7.384116561387358
gelu,ea1b2786-47f3-44e2-82f0-1463d1a06c1e,blocks.layers.3.activation,1,mean,0.1019357696268376
gelu,ea1b2786-47f3-44e2-82f0-1463d1a06c1e,blocks.layers.3.activation,1,std,0.34780426989330954
gelu,ea1b2786-47f3-44e2-82f0-1463d1a06c1e,blocks.layers.3.activation,1,skew,1.9655385587987526
gelu,ea1b2786-47f3-44e2-82f0-1463d1a06c1e,blocks.layers.3.activation,1,kurtosis,7.580251953355782
gelu,ea1b2786-47f3-44e2-82f0-1463d1a06c1e,blocks.layers.0.activation,2,mean,0.17678644593853685
gelu,ea1b2786-47f3-44e2-82f0-1463d1a06c1e,blocks.layers.0.activation,2,std,0.44673655797663037
gelu,ea1b2786-47f3-44e2-82f0-1463d1a06c1e,blocks.layers.0.activation,2,skew,1.8750509838192488
gelu,ea1b2786-47f3-44e2-82f0-1463d1a06c1e,blocks.layers.0.activation,2,kurtosis,6.780606549829775
gelu,ea1b2786-47f3-44e2-82f0-1463d1a06c1e,blocks.layers.1.activation,2,mean,0.12344296551436575
gelu,ea1b2786-47f3-44e2-82f0-1463d1a06c1e,blocks.layers.1.activation,2,std,0.38632568408953516
gelu,ea1b2786-47f3-44e2-82f0-1463d1a06c1e,blocks.layers.1.activation,2,skew,2.031345532458024
gelu,ea1b2786-47f3-44e2-82f0-1463d1a06c1e,blocks.layers.1.activation,2,kurtosis,7.793486765412391
gelu,ea1b2786-47f3-44e2-82f0-1463d1a06c1e,blocks.layers.2.activation,2,mean,0.10142556063539193
gelu,ea1b2786-47f3-44e2-82f0-1463d1a06c1e,blocks.layers.2.activation,2,std,0.3584536656176619
gelu,ea1b2786-47f3-44e2-82f0-1463d1a06c1e,blocks.layers.2.activation,2,skew,2.084097291368324
gelu,ea1b2786-47f3-44e2-82f0-1463d1a06c1e,blocks.layers.2.activation,2,kurtosis,8.232863505398534
gelu,ea1b2786-47f3-44e2-82f0-1463d1a06c1e,blocks.layers.3.activation,2,mean,0.08507442171215869
gelu,ea1b2786-47f3-44e2-82f0-1463d1a06c1e,blocks.layers.3.activation,2,std,0.3414081309212184
gelu,ea1b2786-47f3-44e2-82f0-1463d1a06c1e,blocks.layers.3.activation,2,skew,2.140603748080569
gelu,ea1b2786-47f3-44e2-82f0-1463d1a06c1e,blocks.layers.3.activation,2,kurtosis,8.587641742023003
gelu,ea1b2786-47f3-44e2-82f0-1463d1a06c1e,blocks.layers.0.activation,3,mean,0.17442692817583202
gelu,ea1b2786-47f3-44e2-82f0-1463d1a06c1e,blocks.layers.0.activation,3,std,0.4472513807135971
gelu,ea1b2786-47f3-44e2-82f0-1463d1a06c1e,blocks.layers.0.activation,3,skew,1.8921020291878234
gelu,ea1b2786-47f3-44e2-82f0-1463d1a06c1e,blocks.layers.0.activation,3,kurtosis,6.849941153543275
gelu,ea1b2786-47f3-44e2-82f0-1463d1a06c1e,blocks.layers.1.activation,3,mean,0.10721346631221924
gelu,ea1b2786-47f3-44e2-82f0-1463d1a06c1e,blocks.layers.1.activation,3,std,0.37408150618907815
gelu,ea1b2786-47f3-44e2-82f0-1463d1a06c1e,blocks.layers.1.activation,3,skew,2.134609947955481
gelu,ea1b2786-47f3-44e2-82f0-1463d1a06c1e,blocks.layers.1.activation,3,kurtosis,8.40434734210425
gelu,ea1b2786-47f3-44e2-82f0-1463d1a06c1e,blocks.layers.2.activation,3,mean,0.08805837960966806
gelu,ea1b2786-47f3-44e2-82f0-1463d1a06c1e,blocks.layers.2.activation,3,std,0.35043356674082304
gelu,ea1b2786-47f3-44e2-82f0-1463d1a06c1e,blocks.layers.2.activation,3,skew,2.1971005707236797
gelu,ea1b2786-47f3-44e2-82f0-1463d1a06c1e,blocks.layers.2.activation,3,kurtosis,8.89577957998391
gelu,ea1b2786-47f3-44e2-82f0-1463d1a06c1e,blocks.layers.3.activation,3,mean,0.07391766834593116
gelu,ea1b2786-47f3-44e2-82f0-1463d1a06c1e,blocks.layers.3.activation,3,std,0.33538980108966127
gelu,ea1b2786-47f3-44e2-82f0-1463d1a06c1e,blocks.layers.3.activation,3,skew,2.257178091599848
gelu,ea1b2786-47f3-44e2-82f0-1463d1a06c1e,blocks.layers.3.activation,3,kurtosis,9.327034990982654
gelu,ea1b2786-47f3-44e2-82f0-1463d1a06c1e,blocks.layers.0.activation,4,mean,0.17029438704994648
gelu,ea1b2786-47f3-44e2-82f0-1463d1a06c1e,blocks.layers.0.activation,4,std,0.44472972480088446
gelu,ea1b2786-47f3-44e2-82f0-1463d1a06c1e,blocks.layers.0.activation,4,skew,1.9085320029818715
gelu,ea1b2786-47f3-44e2-82f0-1463d1a06c1e,blocks.layers.0.activation,4,kurtosis,6.924508872999415
gelu,ea1b2786-47f3-44e2-82f0-1463d1a06c1e,blocks.layers.1.activation,4,mean,0.09233688923573366
gelu,ea1b2786-47f3-44e2-82f0-1463d1a06c1e,blocks.layers.1.activation,4,std,0.36116049021249197
gelu,ea1b2786-47f3-44e2-82f0-1463d1a06c1e,blocks.layers.1.activation,4,skew,2.2296433875569246
gelu,ea1b2786-47f3-44e2-82f0-1463d1a06c1e,blocks.layers.1.activation,4,kurtosis,9.003281834626113
gelu,ea1b2786-47f3-44e2-82f0-1463d1a06c1e,blocks.layers.2.activation,4,mean,0.07663435044821047
gelu,ea1b2786-47f3-44e2-82f0-1463d1a06c1e,blocks.layers.2.activation,4,std,0.34211344369874763
gelu,ea1b2786-47f3-44e2-82f0-1463d1a06c1e,blocks.layers.2.activation,4,skew,2.2921053844838806
gelu,ea1b2786-47f3-44e2-82f0-1463d1a06c1e,blocks.layers.2.activation,4,kurtosis,9.4856215711166
gelu,ea1b2786-47f3-44e2-82f0-1463d1a06c1e,blocks.layers.3.activation,4,mean,0.06570151821706854
gelu,ea1b2786-47f3-44e2-82f0-1463d1a06c1e,blocks.layers.3.activation,4,std,0.33009991086759616
gelu,ea1b2786-47f3-44e2-82f0-1463d1a06c1e,blocks.layers.3.activation,4,skew,2.3409505245948603
gelu,ea1b2786-47f3-44e2-82f0-1463d1a06c1e,blocks.layers.3.activation,4,kurtosis,9.879724193722328
gelu,ea1b2786-47f3-44e2-82f0-1463d1a06c1e,blocks.layers.0.activation,5,mean,0.16490426262308128
gelu,ea1b2786-47f3-44e2-82f0-1463d1a06c1e,blocks.layers.0.activation,5,std,0.4403074535173889
gelu,ea1b2786-47f3-44e2-82f0-1463d1a06c1e,blocks.layers.0.activation,5,skew,1.927033061022436
gelu,ea1b2786-47f3-44e2-82f0-1463d1a06c1e,blocks.layers.0.activation,5,kurtosis,7.016653683120529
gelu,ea1b2786-47f3-44e2-82f0-1463d1a06c1e,blocks.layers.1.activation,5,mean,0.07965232910047598
gelu,ea1b2786-47f3-44e2-82f0-1463d1a06c1e,blocks.layers.1.activation,5,std,0.349346914656364
gelu,ea1b2786-47f3-44e2-82f0-1463d1a06c1e,blocks.layers.1.activation,5,skew,2.3137751569527323
gelu,ea1b2786-47f3-44e2-82f0-1463d1a06c1e,blocks.layers.1.activation,5,kurtosis,9.56037506231351
gelu,ea1b2786-47f3-44e2-82f0-1463d1a06c1e,blocks.layers.2.activation,5,mean,0.06711011942727922
gelu,ea1b2786-47f3-44e2-82f0-1463d1a06c1e,blocks.layers.2.activation,5,std,0.33439340246614685
gelu,ea1b2786-47f3-44e2-82f0-1463d1a06c1e,blocks.layers.2.activation,5,skew,2.371328903333431
gelu,ea1b2786-47f3-44e2-82f0-1463d1a06c1e,blocks.layers.2.activation,5,kurtosis,9.998258022226898
gelu,ea1b2786-47f3-44e2-82f0-1463d1a06c1e,blocks.layers.3.activation,5,mean,0.059380044493369075
gelu,ea1b2786-47f3-44e2-82f0-1463d1a06c1e,blocks.layers.3.activation,5,std,0.32574850885978435
gelu,ea1b2786-47f3-44e2-82f0-1463d1a06c1e,blocks.layers.3.activation,5,skew,2.405647760396326
gelu,ea1b2786-47f3-44e2-82f0-1463d1a06c1e,blocks.layers.3.activation,5,kurtosis,10.315987284921667
gelu,ea1b2786-47f3-44e2-82f0-1463d1a06c1e,blocks.layers.0.activation,6,mean,0.15925521987628136
gelu,ea1b2786-47f3-44e2-82f0-1463d1a06c1e,blocks.layers.0.activation,6,std,0.43526212303688294
gelu,ea1b2786-47f3-44e2-82f0-1463d1a06c1e,blocks.layers.0.activation,6,skew,1.945835064375043
gelu,ea1b2786-47f3-44e2-82f0-1463d1a06c1e,blocks.layers.0.activation,6,kurtosis,7.114580857432549
gelu,ea1b2786-47f3-44e2-82f0-1463d1a06c1e,blocks.layers.1.activation,6,mean,0.06923824323821352
gelu,ea1b2786-47f3-44e2-82f0-1463d1a06c1e,blocks.layers.1.activation,6,std,0.3392417758145076
gelu,ea1b2786-47f3-44e2-82f0-1463d1a06c1e,blocks.layers.1.activation,6,skew,2.3849782629187604
gelu,ea1b2786-47f3-44e2-82f0-1463d1a06c1e,blocks.layers.1.activation,6,kurtosis,10.047312945718382
gelu,ea1b2786-47f3-44e2-82f0-1463d1a06c1e,blocks.layers.2.activation,6,mean,0.059283232617030515
gelu,ea1b2786-47f3-44e2-82f0-1463d1a06c1e,blocks.layers.2.activation,6,std,0.32762980455084495
gelu,ea1b2786-47f3-44e2-82f0-1463d1a06c1e,blocks.layers.2.activation,6,skew,2.4371378598142894
gelu,ea1b2786-47f3-44e2-82f0-1463d1a06c1e,blocks.layers.2.activation,6,kurtosis,10.438811268246472
gelu,ea1b2786-47f3-44e2-82f0-1463d1a06c1e,blocks.layers.3.activation,6,mean,0.05452937848229637
gelu,ea1b2786-47f3-44e2-82f0-1463d1a06c1e,blocks.layers.3.activation,6,std,0.3223044332147684
gelu,ea1b2786-47f3-44e2-82f0-1463d1a06c1e,blocks.layers.3.activation,6,skew,2.455252606006946
gelu,ea1b2786-47f3-44e2-82f0-1463d1a06c1e,blocks.layers.3.activation,6,kurtosis,10.65389042453349
gelu,ea1b2786-47f3-44e2-82f0-1463d1a06c1e,blocks.layers.0.activation,7,mean,0.15385144636087994
gelu,ea1b2786-47f3-44e2-82f0-1463d1a06c1e,blocks.layers.0.activation,7,std,0.4302686225013605
gelu,ea1b2786-47f3-44e2-82f0-1463d1a06c1e,blocks.layers.0.activation,7,skew,1.9639594026201561
gelu,ea1b2786-47f3-44e2-82f0-1463d1a06c1e,blocks.layers.0.activation,7,kurtosis,7.211415622370099
gelu,ea1b2786-47f3-44e2-82f0-1463d1a06c1e,blocks.layers.1.activation,7,mean,0.06077757816103996
gelu,ea1b2786-47f3-44e2-82f0-1463d1a06c1e,blocks.layers.1.activation,7,std,0.3308205259241894
gelu,ea1b2786-47f3-44e2-82f0-1463d1a06c1e,blocks.layers.1.activation,7,skew,2.4438388664209123
gelu,ea1b2786-47f3-44e2-82f0-1463d1a06c1e,blocks.layers.1.activation,7,kurtosis,10.458375877969205
gelu,ea1b2786-47f3-44e2-82f0-1463d1a06c1e,blocks.layers.2.activation,7,mean,0.05301030518189222
gelu,ea1b2786-47f3-44e2-82f0-1463d1a06c1e,blocks.layers.2.activation,7,std,0.3220292535846357
gelu,ea1b2786-47f3-44e2-82f0-1463d1a06c1e,blocks.layers.2.activation,7,skew,2.4898485913077284
gelu,ea1b2786-47f3-44e2-82f0-1463d1a06c1e,blocks.layers.2.activation,7,kurtosis,10.79723226218037
gelu,ea1b2786-47f3-44e2-82f0-1463d1a06c1e,blocks.layers.3.activation,7,mean,0.05074688872186553
gelu,ea1b2786-47f3-44e2-82f0-1463d1a06c1e,blocks.layers.3.activation,7,std,0.3195706306337474
gelu,ea1b2786-47f3-44e2-82f0-1463d1a06c1e,blocks.layers.3.activation,7,skew,2.494039583301629
gelu,ea1b2786-47f3-44e2-82f0-1463d1a06c1e,blocks.layers.3.activation,7,kurtosis,10.92042241444367
gelu,ea1b2786-47f3-44e2-82f0-1463d1a06c1e,blocks.layers.0.activation,8,mean,0.14916802849068195
gelu,ea1b2786-47f3-44e2-82f0-1463d1a06c1e,blocks.layers.0.activation,8,std,0.4258780982805414
gelu,ea1b2786-47f3-44e2-82f0-1463d1a06c1e,blocks.layers.0.activation,8,skew,1.9797250015455632
gelu,ea1b2786-47f3-44e2-82f0-1463d1a06c1e,blocks.layers.0.activation,8,kurtosis,7.296514703049967
gelu,ea1b2786-47f3-44e2-82f0-1463d1a06c1e,blocks.layers.1.activation,8,mean,0.05389298566494868
gelu,ea1b2786-47f3-44e2-82f0-1463d1a06c1e,blocks.layers.1.activation,8,std,0.32387566821704483
gelu,ea1b2786-47f3-44e2-82f0-1463d1a06c1e,blocks.layers.1.activation,8,skew,2.492285886127612
gelu,ea1b2786-47f3-44e2-82f0-1463d1a06c1e,blocks.layers.1.activation,8,kurtosis,10.800464178932284
gelu,ea1b2786-47f3-44e2-82f0-1463d1a06c1e,blocks.layers.2.activation,8,mean,0.04795960521213335
gelu,ea1b2786-47f3-44e2-82f0-1463d1a06c1e,blocks.layers.2.activation,8,std,0.31745334059261776
gelu,ea1b2786-47f3-44e2-82f0-1463d1a06c1e,blocks.layers.2.activation,8,skew,2.532450199362882
gelu,ea1b2786-47f3-44e2-82f0-1463d1a06c1e,blocks.layers.2.activation,8,kurtosis,11.089760154356076
gelu,ea1b2786-47f3-44e2-82f0-1463d1a06c1e,blocks.layers.3.activation,8,mean,0.04771880736407342
gelu,ea1b2786-47f3-44e2-82f0-1463d1a06c1e,blocks.layers.3.activation,8,std,0.31734795662281257
gelu,ea1b2786-47f3-44e2-82f0-1463d1a06c1e,blocks.layers.3.activation,8,skew,2.524996623119944
gelu,ea1b2786-47f3-44e2-82f0-1463d1a06c1e,blocks.layers.3.activation,8,kurtosis,11.134052973106568
gelu,ea1b2786-47f3-44e2-82f0-1463d1a06c1e,blocks.layers.0.activation,9,mean,0.14527114401455452
gelu,ea1b2786-47f3-44e2-82f0-1463d1a06c1e,blocks.layers.0.activation,9,std,0.4222079944661354
gelu,ea1b2786-47f3-44e2-82f0-1463d1a06c1e,blocks.layers.0.activation,9,skew,1.9928832079167893
gelu,ea1b2786-47f3-44e2-82f0-1463d1a06c1e,blocks.layers.0.activation,9,kurtosis,7.36781983070102
gelu,ea1b2786-47f3-44e2-82f0-1463d1a06c1e,blocks.layers.1.activation,9,mean,0.0483276367583716
gelu,ea1b2786-47f3-44e2-82f0-1463d1a06c1e,blocks.layers.1.activation,9,std,0.31823814535565403
gelu,ea1b2786-47f3-44e2-82f0-1463d1a06c1e,blocks.layers.1.activation,9,skew,2.5314752228743664
gelu,ea1b2786-47f3-44e2-82f0-1463d1a06c1e,blocks.layers.1.activation,9,kurtosis,11.07809095705107
gelu,ea1b2786-47f3-44e2-82f0-1463d1a06c1e,blocks.layers.2.activation,9,mean,0.043892861985778804
gelu,ea1b2786-47f3-44e2-82f0-1463d1a06c1e,blocks.layers.2.activation,9,std,0.31375812571965245
gelu,ea1b2786-47f3-44e2-82f0-1463d1a06c1e,blocks.layers.2.activation,9,skew,2.5667352836327195
gelu,ea1b2786-47f3-44e2-82f0-1463d1a06c1e,blocks.layers.2.activation,9,kurtosis,11.32559233696011
gelu,ea1b2786-47f3-44e2-82f0-1463d1a06c1e,blocks.layers.3.activation,9,mean,0.04530102601573136
gelu,ea1b2786-47f3-44e2-82f0-1463d1a06c1e,blocks.layers.3.activation,9,std,0.315575651223975
gelu,ea1b2786-47f3-44e2-82f0-1463d1a06c1e,blocks.layers.3.activation,9,skew,2.5497026962317606
gelu,ea1b2786-47f3-44e2-82f0-1463d1a06c1e,blocks.layers.3.activation,9,kurtosis,11.304429477474443
gelu,bd88eac9-f0d4-4d39-96a4-523dabf203fa,blocks.layers.0.activation,0,mean,0.1722724542711129
gelu,bd88eac9-f0d4-4d39-96a4-523dabf203fa,blocks.layers.0.activation,0,std,0.4247043859585253
gelu,bd88eac9-f0d4-4d39-96a4-523dabf203fa,blocks.layers.0.activation,0,skew,1.7952691846895048
gelu,bd88eac9-f0d4-4d39-96a4-523dabf203fa,blocks.layers.0.activation,0,kurtosis,6.473148269585443
gelu,bd88eac9-f0d4-4d39-96a4-523dabf203fa,blocks.layers.1.activation,0,mean,0.14687287590045522
gelu,bd88eac9-f0d4-4d39-96a4-523dabf203fa,blocks.layers.1.activation,0,std,0.3892749684018102
gelu,bd88eac9-f0d4-4d39-96a4-523dabf203fa,blocks.layers.1.activation,0,skew,1.7708727957090873
gelu,bd88eac9-f0d4-4d39-96a4-523dabf203fa,blocks.layers.1.activation,0,kurtosis,6.330738038779153
gelu,bd88eac9-f0d4-4d39-96a4-523dabf203fa,blocks.layers.2.activation,0,mean,0.14828169481079773
gelu,bd88eac9-f0d4-4d39-96a4-523dabf203fa,blocks.layers.2.activation,0,std,0.3695643697226105
gelu,bd88eac9-f0d4-4d39-96a4-523dabf203fa,blocks.layers.2.activation,0,skew,1.6144315984325477
gelu,bd88eac9-f0d4-4d39-96a4-523dabf203fa,blocks.layers.2.activation,0,kurtosis,5.732531231069056
gelu,bd88eac9-f0d4-4d39-96a4-523dabf203fa,blocks.layers.3.activation,0,mean,0.1347582090208539
gelu,bd88eac9-f0d4-4d39-96a4-523dabf203fa,blocks.layers.3.activation,0,std,0.34870118266407013
gelu,bd88eac9-f0d4-4d39-96a4-523dabf203fa,blocks.layers.3.activation,0,skew,1.6304507497366638
gelu,bd88eac9-f0d4-4d39-96a4-523dabf203fa,blocks.layers.3.activation,0,kurtosis,6.015209054607514
gelu,bd88eac9-f0d4-4d39-96a4-523dabf203fa,blocks.layers.0.activation,1,mean,0.17802962021789517
gelu,bd88eac9-f0d4-4d39-96a4-523dabf203fa,blocks.layers.0.activation,1,std,0.44167903683872584
gelu,bd88eac9-f0d4-4d39-96a4-523dabf203fa,blocks.layers.0.activation,1,skew,1.8459307895012174
gelu,bd88eac9-f0d4-4d39-96a4-523dabf203fa,blocks.layers.0.activation,1,kurtosis,6.6755897201253
gelu,bd88eac9-f0d4-4d39-96a4-523dabf203fa,blocks.layers.1.activation,1,mean,0.13166659910006456
gelu,bd88eac9-f0d4-4d39-96a4-523dabf203fa,blocks.layers.1.activation,1,std,0.3895605711631472
gelu,bd88eac9-f0d4-4d39-96a4-523dabf203fa,blocks.layers.1.activation,1,skew,1.9299415568439986
gelu,bd88eac9-f0d4-4d39-96a4-523dabf203fa,blocks.layers.1.activation,1,kurtosis,7.137136771585594
gelu,bd88eac9-f0d4-4d39-96a4-523dabf203fa,blocks.layers.2.activation,1,mean,0.11870669379989447
gelu,bd88eac9-f0d4-4d39-96a4-523dabf203fa,blocks.layers.2.activation,1,std,0.3632015414390663
gelu,bd88eac9-f0d4-4d39-96a4-523dabf203fa,blocks.layers.2.activation,1,skew,1.8891609907150269
gelu,bd88eac9-f0d4-4d39-96a4-523dabf203fa,blocks.layers.2.activation,1,kurtosis,7.092679981235083
gelu,bd88eac9-f0d4-4d39-96a4-523dabf203fa,blocks.layers.3.activation,1,mean,0.09715704191012102
gelu,bd88eac9-f0d4-4d39-96a4-523dabf203fa,blocks.layers.3.activation,1,std,0.33535123478984064
gelu,bd88eac9-f0d4-4d39-96a4-523dabf203fa,blocks.layers.3.activation,1,skew,1.9546945203241504
gelu,bd88eac9-f0d4-4d39-96a4-523dabf203fa,blocks.layers.3.activation,1,kurtosis,7.635594247074738
gelu,bd88eac9-f0d4-4d39-96a4-523dabf203fa,blocks.layers.0.activation,2,mean,0.1790496805950133
gelu,bd88eac9-f0d4-4d39-96a4-523dabf203fa,blocks.layers.0.activation,2,std,0.44771315876359974
gelu,bd88eac9-f0d4-4d39-96a4-523dabf203fa,blocks.layers.0.activation,2,skew,1.866404896811941
gelu,bd88eac9-f0d4-4d39-96a4-523dabf203fa,blocks.layers.0.activation,2,kurtosis,6.751302613340946
gelu,bd88eac9-f0d4-4d39-96a4-523dabf203fa,blocks.layers.1.activation,2,mean,0.11685740312258686
gelu,bd88eac9-f0d4-4d39-96a4-523dabf203fa,blocks.layers.1.activation,2,std,0.38105928239816617
gelu,bd88eac9-f0d4-4d39-96a4-523dabf203fa,blocks.layers.1.activation,2,skew,2.0392721023140994
gelu,bd88eac9-f0d4-4d39-96a4-523dabf203fa,blocks.layers.1.activation,2,kurtosis,7.754263118775572
gelu,bd88eac9-f0d4-4d39-96a4-523dabf203fa,blocks.layers.2.activation,2,mean,0.10042173827723253
gelu,bd88eac9-f0d4-4d39-96a4-523dabf203fa,blocks.layers.2.activation,2,std,0.35566083897277123
gelu,bd88eac9-f0d4-4d39-96a4-523dabf203fa,blocks.layers.2.activation,2,skew,2.059065749212516
gelu,bd88eac9-f0d4-4d39-96a4-523dabf203fa,blocks.layers.2.activation,2,kurtosis,8.056690622479042
gelu,bd88eac9-f0d4-4d39-96a4-523dabf203fa,blocks.layers.3.activation,2,mean,0.07881707871776883
gelu,bd88eac9-f0d4-4d39-96a4-523dabf203fa,blocks.layers.3.activation,2,std,0.3285024420244961
gelu,bd88eac9-f0d4-4d39-96a4-523dabf203fa,blocks.layers.3.activation,2,skew,2.1419032749897786
gelu,bd88eac9-f0d4-4d39-96a4-523dabf203fa,blocks.layers.3.activation,2,kurtosis,8.70408466306304
gelu,bd88eac9-f0d4-4d39-96a4-523dabf203fa,blocks.layers.0.activation,3,mean,0.17724256810079267
gelu,bd88eac9-f0d4-4d39-96a4-523dabf203fa,blocks.layers.0.activation,3,std,0.44835713174716463
gelu,bd88eac9-f0d4-4d39-96a4-523dabf203fa,blocks.layers.0.activation,3,skew,1.8803631878620366
gelu,bd88eac9-f0d4-4d39-96a4-523dabf203fa,blocks.layers.0.activation,3,kurtosis,6.8069473424416
gelu,bd88eac9-f0d4-4d39-96a4-523dabf203fa,blocks.layers.1.activation,3,mean,0.10168013728664545
gelu,bd88eac9-f0d4-4d39-96a4-523dabf203fa,blocks.layers.1.activation,3,std,0.3689880197729079
gelu,bd88eac9-f0d4-4d39-96a4-523dabf203fa,blocks.layers.1.activation,3,skew,2.1386817802950158
gelu,bd88eac9-f0d4-4d39-96a4-523dabf203fa,blocks.layers.1.activation,3,kurtosis,8.355059895226963
gelu,bd88eac9-f0d4-4d39-96a4-523dabf203fa,blocks.layers.2.activation,3,mean,0.08654495513935
gelu,bd88eac9-f0d4-4d39-96a4-523dabf203fa,blocks.layers.2.activation,3,std,0.3476627821481097
gelu,bd88eac9-f0d4-4d39-96a4-523dabf203fa,blocks.layers.2.activation,3,skew,2.1867714271850858
gelu,bd88eac9-f0d4-4d39-96a4-523dabf203fa,blocks.layers.2.activation,3,kurtosis,8.840562825737475
gelu,bd88eac9-f0d4-4d39-96a4-523dabf203fa,blocks.layers.3.activation,3,mean,0.06723950431082279
gelu,bd88eac9-f0d4-4d39-96a4-523dabf203fa,blocks.layers.3.activation,3,std,0.3228507570405865
gelu,bd88eac9-f0d4-4d39-96a4-523dabf203fa,blocks.layers.3.activation,3,skew,2.2630525287572176
gelu,bd88eac9-f0d4-4d39-96a4-523dabf203fa,blocks.layers.3.activation,3,kurtosis,9.453779684479127
gelu,bd88eac9-f0d4-4d39-96a4-523dabf203fa,blocks.layers.0.activation,4,mean,0.1734245443365328
gelu,bd88eac9-f0d4-4d39-96a4-523dabf203fa,blocks.layers.0.activation,4,std,0.44589582001696354
gelu,bd88eac9-f0d4-4d39-96a4-523dabf203fa,blocks.layers.0.activation,4,skew,1.8944867083186356
gelu,bd88eac9-f0d4-4d39-96a4-523dabf203fa,blocks.layers.0.activation,4,kurtosis,6.871112257051299
gelu,bd88eac9-f0d4-4d39-96a4-523dabf203fa,blocks.layers.1.activation,4,mean,0.08769614704457042
gelu,bd88eac9-f0d4-4d39-96a4-523dabf203fa,blocks.layers.1.activation,4,std,0.3564677044683509
gelu,bd88eac9-f0d4-4d39-96a4-523dabf203fa,blocks.layers.1.activation,4,skew,2.2311933947627653
gelu,bd88eac9-f0d4-4d39-96a4-523dabf203fa,blocks.layers.1.activation,4,kurtosis,8.947018679690107
gelu,bd88eac9-f0d4-4d39-96a4-523dabf203fa,blocks.layers.2.activation,4,mean,0.07508775600334927
gelu,bd88eac9-f0d4-4d39-96a4-523dabf203fa,blocks.layers.2.activation,4,std,0.33972811424095894
gelu,bd88eac9-f0d4-4d39-96a4-523dabf203fa,blocks.layers.2.activation,4,skew,2.292336423880689
gelu,bd88eac9-f0d4-4d39-96a4-523dabf203fa,blocks.layers.2.activation,4,kurtosis,9.52581098783907
gelu,bd88eac9-f0d4-4d39-96a4-523dabf203fa,blocks.layers.3.activation,4,mean,0.059143965805340495
gelu,bd88eac9-f0d4-4d39-96a4-523dabf203fa,blocks.layers.3.activation,4,std,0.3184683543812763
gelu,bd88eac9-f0d4-4d39-96a4-523dabf203fa,blocks.layers.3.activation,4,skew,2.351956527088885
gelu,bd88eac9-f0d4-4d39-96a4-523dabf203fa,blocks.layers.3.activation,4,kurtosis,10.03575816561743
gelu,bd88eac9-f0d4-4d39-96a4-523dabf203fa,blocks.layers.0.activation,5,mean,0.16821539261481092
gelu,bd88eac9-f0d4-4d39-96a4-523dabf203fa,blocks.layers.0.activation,5,std,0.4415101727791681
gelu,bd88eac9-f0d4-4d39-96a4-523dabf203fa,blocks.layers.0.activation,5,skew,1.9108183897262792
gelu,bd88eac9-f0d4-4d39-96a4-523dabf203fa,blocks.layers.0.activation,5,kurtosis,6.951633028853972
gelu,bd88eac9-f0d4-4d39-96a4-523dabf203fa,blocks.layers.1.activation,5,mean,0.0755869082308044
gelu,bd88eac9-f0d4-4d39-96a4-523dabf203fa,blocks.layers.1.activation,5,std,0.3449004003962032
gelu,bd88eac9-f0d4-4d39-96a4-523dabf203fa,blocks.layers.1.activation,5,skew,2.3147215008170012
gelu,bd88eac9-f0d4-4d39-96a4-523dabf203fa,blocks.layers.1.activation,5,kurtosis,9.509596941734124
gelu,bd88eac9-f0d4-4d39-96a4-523dabf203fa,blocks.layers.2.activation,5,mean,0.06574412769486648
gelu,bd88eac9-f0d4-4d39-96a4-523dabf203fa,blocks.layers.2.activation,5,std,0.3325461978365101
gelu,bd88eac9-f0d4-4d39-96a4-523dabf203fa,blocks.layers.2.activation,5,skew,2.3780331686581015
gelu,bd88eac9-f0d4-4d39-96a4-523dabf203fa,blocks.layers.2.activation,5,kurtosis,10.0996608814735
gelu,bd88eac9-f0d4-4d39-96a4-523dabf203fa,blocks.layers.3.activation,5,mean,0.05321818820840523
gelu,bd88eac9-f0d4-4d39-96a4-523dabf203fa,blocks.layers.3.activation,5,std,0.3150583492325158
gelu,bd88eac9-f0d4-4d39-96a4-523dabf203fa,blocks.layers.3.activation,5,skew,2.4178860152884876
gelu,bd88eac9-f0d4-4d39-96a4-523dabf203fa,blocks.layers.3.activation,5,kurtosis,10.476547245029028
gelu,bd88eac9-f0d4-4d39-96a4-523dabf203fa,blocks.layers.0.activation,6,mean,0.16267005190154776
gelu,bd88eac9-f0d4-4d39-96a4-523dabf203fa,blocks.layers.0.activation,6,std,0.4364543059605553
gelu,bd88eac9-f0d4-4d39-96a4-523dabf203fa,blocks.layers.0.activation,6,skew,1.9276941660763227
gelu,bd88eac9-f0d4-4d39-96a4-523dabf203fa,blocks.layers.0.activation,6,kurtosis,7.038710095280006
gelu,bd88eac9-f0d4-4d39-96a4-523dabf203fa,blocks.layers.1.activation,6,mean,0.06564789156647682
gelu,bd88eac9-f0d4-4d39-96a4-523dabf203fa,blocks.layers.1.activation,6,std,0.33507779295176743
gelu,bd88eac9-f0d4-4d39-96a4-523dabf203fa,blocks.layers.1.activation,6,skew,2.3850530178703266
gelu,bd88eac9-f0d4-4d39-96a4-523dabf203fa,blocks.layers.1.activation,6,kurtosis,9.996402531028945
gelu,bd88eac9-f0d4-4d39-96a4-523dabf203fa,blocks.layers.2.activation,6,mean,0.05825176330289913
gelu,bd88eac9-f0d4-4d39-96a4-523dabf203fa,blocks.layers.2.activation,6,std,0.3264442104252097
gelu,bd88eac9-f0d4-4d39-96a4-523dabf203fa,blocks.layers.2.activation,6,skew,2.446309093902968
gelu,bd88eac9-f0d4-4d39-96a4-523dabf203fa,blocks.layers.2.activation,6,kurtosis,10.563660129654753
gelu,bd88eac9-f0d4-4d39-96a4-523dabf203fa,blocks.layers.3.activation,6,mean,0.048662033376634786
gelu,bd88eac9-f0d4-4d39-96a4-523dabf203fa,blocks.layers.3.activation,6,std,0.3123281510216858
gelu,bd88eac9-f0d4-4d39-96a4-523dabf203fa,blocks.layers.3.activation,6,skew,2.468930505227485
gelu,bd88eac9-f0d4-4d39-96a4-523dabf203fa,blocks.layers.3.activation,6,kurtosis,10.822443334596922
gelu,bd88eac9-f0d4-4d39-96a4-523dabf203fa,blocks.layers.0.activation,7,mean,0.15733774469707995
gelu,bd88eac9-f0d4-4d39-96a4-523dabf203fa,blocks.layers.0.activation,7,std,0.43143515604755794
gelu,bd88eac9-f0d4-4d39-96a4-523dabf203fa,blocks.layers.0.activation,7,skew,1.9440152681701124
gelu,bd88eac9-f0d4-4d39-96a4-523dabf203fa,blocks.layers.0.activation,7,kurtosis,7.124928414821625
gelu,bd88eac9-f0d4-4d39-96a4-523dabf203fa,blocks.layers.1.activation,7,mean,0.057530193355813164
gelu,bd88eac9-f0d4-4d39-96a4-523dabf203fa,blocks.layers.1.activation,7,std,0.3268761866471324
gelu,bd88eac9-f0d4-4d39-96a4-523dabf203fa,blocks.layers.1.activation,7,skew,2.443690729470015
gelu,bd88eac9-f0d4-4d39-96a4-523dabf203fa,blocks.layers.1.activation,7,kurtosis,10.410998394480803
gelu,bd88eac9-f0d4-4d39-96a4-523dabf203fa,blocks.layers.2.activation,7,mean,0.05223623692663718
gelu,bd88eac9-f0d4-4d39-96a4-523dabf203fa,blocks.layers.2.activation,7,std,0.3213546028619785
gelu,bd88eac9-f0d4-4d39-96a4-523dabf203fa,blocks.layers.2.activation,7,skew,2.5010097740595874
gelu,bd88eac9-f0d4-4d39-96a4-523dabf203fa,blocks.layers.2.activation,7,kurtosis,10.94051525357355
gelu,bd88eac9-f0d4-4d39-96a4-523dabf203fa,blocks.layers.3.activation,7,mean,0.045041329507033254
gelu,bd88eac9-f0d4-4d39-96a4-523dabf203fa,blocks.layers.3.activation,7,std,0.3100818708393721
gelu,bd88eac9-f0d4-4d39-96a4-523dabf203fa,blocks.layers.3.activation,7,skew,2.509783763637322
gelu,bd88eac9-f0d4-4d39-96a4-523dabf203fa,blocks.layers.3.activation,7,kurtosis,11.10254323005252
gelu,bd88eac9-f0d4-4d39-96a4-523dabf203fa,blocks.layers.0.activation,8,mean,0.15263975887147274
gelu,bd88eac9-f0d4-4d39-96a4-523dabf203fa,blocks.layers.0.activation,8,std,0.42695718451694054
gelu,bd88eac9-f0d4-4d39-96a4-523dabf203fa,blocks.layers.0.activation,8,skew,1.958591679849847
gelu,bd88eac9-f0d4-4d39-96a4-523dabf203fa,blocks.layers.0.activation,8,kurtosis,7.203022066902954
gelu,bd88eac9-f0d4-4d39-96a4-523dabf203fa,blocks.layers.1.activation,8,mean,0.050914661957481615
gelu,bd88eac9-f0d4-4d39-96a4-523dabf203fa,blocks.layers.1.activation,8,std,0.32009904283495066
gelu,bd88eac9-f0d4-4d39-96a4-523dabf203fa,blocks.layers.1.activation,8,skew,2.4916726023654023
gelu,bd88eac9-f0d4-4d39-96a4-523dabf203fa,blocks.layers.1.activation,8,kurtosis,10.75296849363545
gelu,bd88eac9-f0d4-4d39-96a4-523dabf203fa,blocks.layers.2.activation,8,mean,0.047382782474668386
gelu,bd88eac9-f0d4-4d39-96a4-523dabf203fa,blocks.layers.2.activation,8,std,0.31716818273317454
gelu,bd88eac9-f0d4-4d39-96a4-523dabf203fa,blocks.layers.2.activation,8,skew,2.54489582091181
gelu,bd88eac9-f0d4-4d39-96a4-523dabf203fa,blocks.layers.2.activation,8,kurtosis,11.244297023157019
gelu,bd88eac9-f0d4-4d39-96a4-523dabf203fa,blocks.layers.3.activation,8,mean,0.04215631664157232
gelu,bd88eac9-f0d4-4d39-96a4-523dabf203fa,blocks.layers.3.activation,8,std,0.3082581312771431
gelu,bd88eac9-f0d4-4d39-96a4-523dabf203fa,blocks.layers.3.activation,8,skew,2.5421460969686605
gelu,bd88eac9-f0d4-4d39-96a4-523dabf203fa,blocks.layers.3.activation,8,kurtosis,11.324582108870567
gelu,bd88eac9-f0d4-4d39-96a4-523dabf203fa,blocks.layers.0.activation,9,mean,0.14873267104352073
gelu,bd88eac9-f0d4-4d39-96a4-523dabf203fa,blocks.layers.0.activation,9,std,0.42321599990106734
gelu,bd88eac9-f0d4-4d39-96a4-523dabf203fa,blocks.layers.0.activation,9,skew,1.9707522772809365
gelu,bd88eac9-f0d4-4d39-96a4-523dabf203fa,blocks.layers.0.activation,9,kurtosis,7.268472206041058
gelu,bd88eac9-f0d4-4d39-96a4-523dabf203fa,blocks.layers.1.activation,9,mean,0.04554318013103133
gelu,bd88eac9-f0d4-4d39-96a4-523dabf203fa,blocks.layers.1.activation,9,std,0.31457316830786275
gelu,bd88eac9-f0d4-4d39-96a4-523dabf203fa,blocks.layers.1.activation,9,skew,2.5307454022224265
gelu,bd88eac9-f0d4-4d39-96a4-523dabf203fa,blocks.layers.1.activation,9,kurtosis,11.032509139254424
gelu,bd88eac9-f0d4-4d39-96a4-523dabf203fa,blocks.layers.2.activation,9,mean,0.04348092322665336
gelu,bd88eac9-f0d4-4d39-96a4-523dabf203fa,blocks.layers.2.activation,9,std,0.3137883384444128
gelu,bd88eac9-f0d4-4d39-96a4-523dabf203fa,blocks.layers.2.activation,9,skew,2.5800890846184563
gelu,bd88eac9-f0d4-4d39-96a4-523dabf203fa,blocks.layers.2.activation,9,kurtosis,11.488083756691196
gelu,bd88eac9-f0d4-4d39-96a4-523dabf203fa,blocks.layers.3.activation,9,mean,0.0398691827030289
gelu,bd88eac9-f0d4-4d39-96a4-523dabf203fa,blocks.layers.3.activation,9,std,0.30682940275092296
gelu,bd88eac9-f0d4-4d39-96a4-523dabf203fa,blocks.layers.3.activation,9,skew,2.5680404760235147
gelu,bd88eac9-f0d4-4d39-96a4-523dabf203fa,blocks.layers.3.activation,9,kurtosis,11.50258343100972
gelu,7ca34ca9-1ff8-4ba6-9eae-30b83a5fdfeb,blocks.layers.0.activation,0,mean,0.16425711833921616
gelu,7ca34ca9-1ff8-4ba6-9eae-30b83a5fdfeb,blocks.layers.0.activation,0,std,0.4239818700148895
gelu,7ca34ca9-1ff8-4ba6-9eae-30b83a5fdfeb,blocks.layers.0.activation,0,skew,1.843597285263903
gelu,7ca34ca9-1ff8-4ba6-9eae-30b83a5fdfeb,blocks.layers.0.activation,0,kurtosis,6.702978475238081
gelu,7ca34ca9-1ff8-4ba6-9eae-30b83a5fdfeb,blocks.layers.1.activation,0,mean,0.15666768734353292
gelu,7ca34ca9-1ff8-4ba6-9eae-30b83a5fdfeb,blocks.layers.1.activation,0,std,0.40060441914910655
gelu,7ca34ca9-1ff8-4ba6-9eae-30b83a5fdfeb,blocks.layers.1.activation,0,skew,1.7790558215137902
gelu,7ca34ca9-1ff8-4ba6-9eae-30b83a5fdfeb,blocks.layers.1.activation,0,kurtosis,6.454279030769321
gelu,7ca34ca9-1ff8-4ba6-9eae-30b83a5fdfeb,blocks.layers.2.activation,0,mean,0.1355734404401847
gelu,7ca34ca9-1ff8-4ba6-9eae-30b83a5fdfeb,blocks.layers.2.activation,0,std,0.36849135980147213
gelu,7ca34ca9-1ff8-4ba6-9eae-30b83a5fdfeb,blocks.layers.2.activation,0,skew,1.713392734527588
gelu,7ca34ca9-1ff8-4ba6-9eae-30b83a5fdfeb,blocks.layers.2.activation,0,kurtosis,6.107386797772608
gelu,7ca34ca9-1ff8-4ba6-9eae-30b83a5fdfeb,blocks.layers.3.activation,0,mean,0.1304100685855672
gelu,7ca34ca9-1ff8-4ba6-9eae-30b83a5fdfeb,blocks.layers.3.activation,0,std,0.3474785997655399
gelu,7ca34ca9-1ff8-4ba6-9eae-30b83a5fdfeb,blocks.layers.3.activation,0,skew,1.59104621792179
gelu,7ca34ca9-1ff8-4ba6-9eae-30b83a5fdfeb,blocks.layers.3.activation,0,kurtosis,5.720591965095005
gelu,7ca34ca9-1ff8-4ba6-9eae-30b83a5fdfeb,blocks.layers.0.activation,1,mean,0.17151280627768234
gelu,7ca34ca9-1ff8-4ba6-9eae-30b83a5fdfeb,blocks.layers.0.activation,1,std,0.441392956550857
gelu,7ca34ca9-1ff8-4ba6-9eae-30b83a5fdfeb,blocks.layers.0.activation,1,skew,1.8858748335006823
gelu,7ca34ca9-1ff8-4ba6-9eae-30b83a5fdfeb,blocks.layers.0.activation,1,kurtosis,6.870914186871349
gelu,7ca34ca9-1ff8-4ba6-9eae-30b83a5fdfeb,blocks.layers.1.activation,1,mean,0.13575640083472923
gelu,7ca34ca9-1ff8-4ba6-9eae-30b83a5fdfeb,blocks.layers.1.activation,1,std,0.3923341067435448
gelu,7ca34ca9-1ff8-4ba6-9eae-30b83a5fdfeb,blocks.layers.1.activation,1,skew,1.9232593193597216
gelu,7ca34ca9-1ff8-4ba6-9eae-30b83a5fdfeb,blocks.layers.1.activation,1,kurtosis,7.166856482359862
gelu,7ca34ca9-1ff8-4ba6-9eae-30b83a5fdfeb,blocks.layers.2.activation,1,mean,0.11012668136069784
gelu,7ca34ca9-1ff8-4ba6-9eae-30b83a5fdfeb,blocks.layers.2.activation,1,std,0.360793003597714
gelu,7ca34ca9-1ff8-4ba6-9eae-30b83a5fdfeb,blocks.layers.2.activation,1,skew,1.9623963234687616
gelu,7ca34ca9-1ff8-4ba6-9eae-30b83a5fdfeb,blocks.layers.2.activation,1,kurtosis,7.433571330168918
gelu,7ca34ca9-1ff8-4ba6-9eae-30b83a5fdfeb,blocks.layers.3.activation,1,mean,0.09564415218301939
gelu,7ca34ca9-1ff8-4ba6-9eae-30b83a5fdfeb,blocks.layers.3.activation,1,std,0.3356583670776466
gelu,7ca34ca9-1ff8-4ba6-9eae-30b83a5fdfeb,blocks.layers.3.activation,1,skew,1.9440579936173463
gelu,7ca34ca9-1ff8-4ba6-9eae-30b83a5fdfeb,blocks.layers.3.activation,1,kurtosis,7.5371484005578475
gelu,7ca34ca9-1ff8-4ba6-9eae-30b83a5fdfeb,blocks.layers.0.activation,2,mean,0.17219670341391013
gelu,7ca34ca9-1ff8-4ba6-9eae-30b83a5fdfeb,blocks.layers.0.activation,2,std,0.44638110981377777
gelu,7ca34ca9-1ff8-4ba6-9eae-30b83a5fdfeb,blocks.layers.0.activation,2,skew,1.905748939457596
gelu,7ca34ca9-1ff8-4ba6-9eae-30b83a5fdfeb,blocks.layers.0.activation,2,kurtosis,6.945717981843055
gelu,7ca34ca9-1ff8-4ba6-9eae-30b83a5fdfeb,blocks.layers.1.activation,2,mean,0.1178988885412861
gelu,7ca34ca9-1ff8-4ba6-9eae-30b83a5fdfeb,blocks.layers.1.activation,2,std,0.3809507819704021
gelu,7ca34ca9-1ff8-4ba6-9eae-30b83a5fdfeb,blocks.layers.1.activation,2,skew,2.040933542828543
gelu,7ca34ca9-1ff8-4ba6-9eae-30b83a5fdfeb,blocks.layers.1.activation,2,kurtosis,7.826083808889876
gelu,7ca34ca9-1ff8-4ba6-9eae-30b83a5fdfeb,blocks.layers.2.activation,2,mean,0.09448429105597883
gelu,7ca34ca9-1ff8-4ba6-9eae-30b83a5fdfeb,blocks.layers.2.activation,2,std,0.3539986485569488
gelu,7ca34ca9-1ff8-4ba6-9eae-30b83a5fdfeb,blocks.layers.2.activation,2,skew,2.115505619546838
gelu,7ca34ca9-1ff8-4ba6-9eae-30b83a5fdfeb,blocks.layers.2.activation,2,kurtosis,8.321285460484551
gelu,7ca34ca9-1ff8-4ba6-9eae-30b83a5fdfeb,blocks.layers.3.activation,2,mean,0.07870489585601138
gelu,7ca34ca9-1ff8-4ba6-9eae-30b83a5fdfeb,blocks.layers.3.activation,2,std,0.33087677279202915
gelu,7ca34ca9-1ff8-4ba6-9eae-30b83a5fdfeb,blocks.layers.3.activation,2,skew,2.143990816736278
gelu,7ca34ca9-1ff8-4ba6-9eae-30b83a5fdfeb,blocks.layers.3.activation,2,kurtosis,8.69665179218686
gelu,7ca34ca9-1ff8-4ba6-9eae-30b83a5fdfeb,blocks.layers.0.activation,3,mean,0.1700698542292644
gelu,7ca34ca9-1ff8-4ba6-9eae-30b83a5fdfeb,blocks.layers.0.activation,3,std,0.446160763532666
gelu,7ca34ca9-1ff8-4ba6-9eae-30b83a5fdfeb,blocks.layers.0.activation,3,skew,1.9194072977079615
gelu,7ca34ca9-1ff8-4ba6-9eae-30b83a5fdfeb,blocks.layers.0.activation,3,kurtosis,7.000660119531842
gelu,7ca34ca9-1ff8-4ba6-9eae-30b83a5fdfeb,blocks.layers.1.activation,3,mean,0.10148280479173007
gelu,7ca34ca9-1ff8-4ba6-9eae-30b83a5fdfeb,blocks.layers.1.activation,3,std,0.3680146322277941
gelu,7ca34ca9-1ff8-4ba6-9eae-30b83a5fdfeb,blocks.layers.1.activation,3,skew,2.146736470829974
gelu,7ca34ca9-1ff8-4ba6-9eae-30b83a5fdfeb,blocks.layers.1.activation,3,kurtosis,8.466620198348238
gelu,7ca34ca9-1ff8-4ba6-9eae-30b83a5fdfeb,blocks.layers.2.activation,3,mean,0.08152026860242266
gelu,7ca34ca9-1ff8-4ba6-9eae-30b83a5fdfeb,blocks.layers.2.activation,3,std,0.34597264188231064
gelu,7ca34ca9-1ff8-4ba6-9eae-30b83a5fdfeb,blocks.layers.2.activation,3,skew,2.23886877913492
gelu,7ca34ca9-1ff8-4ba6-9eae-30b83a5fdfeb,blocks.layers.2.activation,3,kurtosis,9.101360282015547
gelu,7ca34ca9-1ff8-4ba6-9eae-30b83a5fdfeb,blocks.layers.3.activation,3,mean,0.06734197545511601
gelu,7ca34ca9-1ff8-4ba6-9eae-30b83a5fdfeb,blocks.layers.3.activation,3,std,0.32565892488167314
gelu,7ca34ca9-1ff8-4ba6-9eae-30b83a5fdfeb,blocks.layers.3.activation,3,skew,2.275488435797844
gelu,7ca34ca9-1ff8-4ba6-9eae-30b83a5fdfeb,blocks.layers.3.activation,3,kurtosis,9.523446664055047
gelu,7ca34ca9-1ff8-4ba6-9eae-30b83a5fdfeb,blocks.layers.0.activation,4,mean,0.16596871613395595
gelu,7ca34ca9-1ff8-4ba6-9eae-30b83a5fdfeb,blocks.layers.0.activation,4,std,0.4429759182845154
gelu,7ca34ca9-1ff8-4ba6-9eae-30b83a5fdfeb,blocks.layers.0.activation,4,skew,1.9333625987755447
gelu,7ca34ca9-1ff8-4ba6-9eae-30b83a5fdfeb,blocks.layers.0.activation,4,kurtosis,7.0636222469424865
gelu,7ca34ca9-1ff8-4ba6-9eae-30b83a5fdfeb,blocks.layers.1.activation,4,mean,0.08673365277128818
gelu,7ca34ca9-1ff8-4ba6-9eae-30b83a5fdfeb,blocks.layers.1.activation,4,std,0.35500657837246724
gelu,7ca34ca9-1ff8-4ba6-9eae-30b83a5fdfeb,blocks.layers.1.activation,4,skew,2.2453871759231405
gelu,7ca34ca9-1ff8-4ba6-9eae-30b83a5fdfeb,blocks.layers.1.activation,4,kurtosis,9.103946911143238
gelu,7ca34ca9-1ff8-4ba6-9eae-30b83a5fdfeb,blocks.layers.2.activation,4,mean,0.07051170637426746
gelu,7ca34ca9-1ff8-4ba6-9eae-30b83a5fdfeb,blocks.layers.2.activation,4,std,0.33790800160869616
gelu,7ca34ca9-1ff8-4ba6-9eae-30b83a5fdfeb,blocks.layers.2.activation,4,skew,2.342646152353796
gelu,7ca34ca9-1ff8-4ba6-9eae-30b83a5fdfeb,blocks.layers.2.activation,4,kurtosis,9.788218339397389
gelu,7ca34ca9-1ff8-4ba6-9eae-30b83a5fdfeb,blocks.layers.3.activation,4,mean,0.05891596944439242
gelu,7ca34ca9-1ff8-4ba6-9eae-30b83a5fdfeb,blocks.layers.3.activation,4,std,0.32077738357269053
gelu,7ca34ca9-1ff8-4ba6-9eae-30b83a5fdfeb,blocks.layers.3.activation,4,skew,2.3719268004665173
gelu,7ca34ca9-1ff8-4ba6-9eae-30b83a5fdfeb,blocks.layers.3.activation,4,kurtosis,10.169407624451715
gelu,7ca34ca9-1ff8-4ba6-9eae-30b83a5fdfeb,blocks.layers.0.activation,5,mean,0.16057188055905583
gelu,7ca34ca9-1ff8-4ba6-9eae-30b83a5fdfeb,blocks.layers.0.activation,5,std,0.43808610971938505
gelu,7ca34ca9-1ff8-4ba6-9eae-30b83a5fdfeb,blocks.layers.0.activation,5,skew,1.9502456410923887
gelu,7ca34ca9-1ff8-4ba6-9eae-30b83a5fdfeb,blocks.layers.0.activation,5,kurtosis,7.147924157082681
gelu,7ca34ca9-1ff8-4ba6-9eae-30b83a5fdfeb,blocks.layers.1.activation,5,mean,0.0743020217293848
gelu,7ca34ca9-1ff8-4ba6-9eae-30b83a5fdfeb,blocks.layers.1.activation,5,std,0.3433120775818128
gelu,7ca34ca9-1ff8-4ba6-9eae-30b83a5fdfeb,blocks.layers.1.activation,5,skew,2.332209954199559
gelu,7ca34ca9-1ff8-4ba6-9eae-30b83a5fdfeb,blocks.layers.1.activation,5,kurtosis,9.691396364820669
gelu,7ca34ca9-1ff8-4ba6-9eae-30b83a5fdfeb,blocks.layers.2.activation,5,mean,0.061490445440051764
gelu,7ca34ca9-1ff8-4ba6-9eae-30b83a5fdfeb,blocks.layers.2.activation,5,std,0.3306051419816415
gelu,7ca34ca9-1ff8-4ba6-9eae-30b83a5fdfeb,blocks.layers.2.activation,5,skew,2.4266865502331463
gelu,7ca34ca9-1ff8-4ba6-9eae-30b83a5fdfeb,blocks.layers.2.activation,5,kurtosis,10.358535474164064
gelu,7ca34ca9-1ff8-4ba6-9eae-30b83a5fdfeb,blocks.layers.3.activation,5,mean,0.05247004078712186
gelu,7ca34ca9-1ff8-4ba6-9eae-30b83a5fdfeb,blocks.layers.3.activation,5,std,0.31656483175859246
gelu,7ca34ca9-1ff8-4ba6-9eae-30b83a5fdfeb,blocks.layers.3.activation,5,skew,2.444177228219427
gelu,7ca34ca9-1ff8-4ba6-9eae-30b83a5fdfeb,blocks.layers.3.activation,5,kurtosis,10.667030893186658
gelu,7ca34ca9-1ff8-4ba6-9eae-30b83a5fdfeb,blocks.layers.0.activation,6,mean,0.15482791198439325
gelu,7ca34ca9-1ff8-4ba6-9eae-30b83a5fdfeb,blocks.layers.0.activation,6,std,0.4326098425080479
gelu,7ca34ca9-1ff8-4ba6-9eae-30b83a5fdfeb,blocks.layers.0.activation,6,skew,1.9682809785955377
gelu,7ca34ca9-1ff8-4ba6-9eae-30b83a5fdfeb,blocks.layers.0.activation,6,kurtosis,7.242763469348902
gelu,7ca34ca9-1ff8-4ba6-9eae-30b83a5fdfeb,blocks.layers.1.activation,6,mean,0.06399120022523613
gelu,7ca34ca9-1ff8-4ba6-9eae-30b83a5fdfeb,blocks.layers.1.activation,6,std,0.33319905383634285
gelu,7ca34ca9-1ff8-4ba6-9eae-30b83a5fdfeb,blocks.layers.1.activation,6,skew,2.406588378386505
gelu,7ca34ca9-1ff8-4ba6-9eae-30b83a5fdfeb,blocks.layers.1.activation,6,kurtosis,10.210712155049745
gelu,7ca34ca9-1ff8-4ba6-9eae-30b83a5fdfeb,blocks.layers.2.activation,6,mean,0.05409822925682836
gelu,7ca34ca9-1ff8-4ba6-9eae-30b83a5fdfeb,blocks.layers.2.activation,6,std,0.32423924196802895
gelu,7ca34ca9-1ff8-4ba6-9eae-30b83a5fdfeb,blocks.layers.2.activation,6,skew,2.495533782695233
gelu,7ca34ca9-1ff8-4ba6-9eae-30b83a5fdfeb,blocks.layers.2.activation,6,kurtosis,10.837151121111406
gelu,7ca34ca9-1ff8-4ba6-9eae-30b83a5fdfeb,blocks.layers.3.activation,6,mean,0.04747520075200943
gelu,7ca34ca9-1ff8-4ba6-9eae-30b83a5fdfeb,blocks.layers.3.activation,6,std,0.31314587529468096
gelu,7ca34ca9-1ff8-4ba6-9eae-30b83a5fdfeb,blocks.layers.3.activation,6,skew,2.5001236919709493
gelu,7ca34ca9-1ff8-4ba6-9eae-30b83a5fdfeb,blocks.layers.3.activation,6,kurtosis,11.058394784423138
gelu,7ca34ca9-1ff8-4ba6-9eae-30b83a5fdfeb,blocks.layers.0.activation,7,mean,0.14937470369107253
gelu,7ca34ca9-1ff8-4ba6-9eae-30b83a5fdfeb,blocks.layers.0.activation,7,std,0.4272909411716944
gelu,7ca34ca9-1ff8-4ba6-9eae-30b83a5fdfeb,blocks.layers.0.activation,7,skew,1.9857196415976697
gelu,7ca34ca9-1ff8-4ba6-9eae-30b83a5fdfeb,blocks.layers.0.activation,7,kurtosis,7.336983786358952
gelu,7ca34ca9-1ff8-4ba6-9eae-30b83a5fdfeb,blocks.layers.1.activation,7,mean,0.0556169596626218
gelu,7ca34ca9-1ff8-4ba6-9eae-30b83a5fdfeb,blocks.layers.1.activation,7,std,0.324791438510411
gelu,7ca34ca9-1ff8-4ba6-9eae-30b83a5fdfeb,blocks.layers.1.activation,7,skew,2.4681579069734894
gelu,7ca34ca9-1ff8-4ba6-9eae-30b83a5fdfeb,blocks.layers.1.activation,7,kurtosis,10.648917442963217
gelu,7ca34ca9-1ff8-4ba6-9eae-30b83a5fdfeb,blocks.layers.2.activation,7,mean,0.04820412748530514
gelu,7ca34ca9-1ff8-4ba6-9eae-30b83a5fdfeb,blocks.layers.2.activation,7,std,0.31901808189518643
gelu,7ca34ca9-1ff8-4ba6-9eae-30b83a5fdfeb,blocks.layers.2.activation,7,skew,2.5502456942062786
gelu,7ca34ca9-1ff8-4ba6-9eae-30b83a5fdfeb,blocks.layers.2.activation,7,kurtosis,11.220879295542572
gelu,7ca34ca9-1ff8-4ba6-9eae-30b83a5fdfeb,blocks.layers.3.activation,7,mean,0.04357610385967717
gelu,7ca34ca9-1ff8-4ba6-9eae-30b83a5fdfeb,blocks.layers.3.activation,7,std,0.3104007479599374
gelu,7ca34ca9-1ff8-4ba6-9eae-30b83a5fdfeb,blocks.layers.3.activation,7,skew,2.5434540341545255
gelu,7ca34ca9-1ff8-4ba6-9eae-30b83a5fdfeb,blocks.layers.3.activation,7,kurtosis,11.364341011144937
gelu,7ca34ca9-1ff8-4ba6-9eae-30b83a5fdfeb,blocks.layers.0.activation,8,mean,0.14464011793376524
gelu,7ca34ca9-1ff8-4ba6-9eae-30b83a5fdfeb,blocks.layers.0.activation,8,std,0.4226222374896433
gelu,7ca34ca9-1ff8-4ba6-9eae-30b83a5fdfeb,blocks.layers.0.activation,8,skew,2.000976470724402
gelu,7ca34ca9-1ff8-4ba6-9eae-30b83a5fdfeb,blocks.layers.0.activation,8,kurtosis,7.420462448448944
gelu,7ca34ca9-1ff8-4ba6-9eae-30b83a5fdfeb,blocks.layers.1.activation,8,mean,0.04889912217126799
gelu,7ca34ca9-1ff8-4ba6-9eae-30b83a5fdfeb,blocks.layers.1.activation,8,std,0.3179778257486346
gelu,7ca34ca9-1ff8-4ba6-9eae-30b83a5fdfeb,blocks.layers.1.activation,8,skew,2.5177579880137837
gelu,7ca34ca9-1ff8-4ba6-9eae-30b83a5fdfeb,blocks.layers.1.activation,8,kurtosis,11.004621550988755
gelu,7ca34ca9-1ff8-4ba6-9eae-30b83a5fdfeb,blocks.layers.2.activation,8,mean,0.04346653532618007
gelu,7ca34ca9-1ff8-4ba6-9eae-30b83a5fdfeb,blocks.layers.2.activation,8,std,0.31474508223858083
gelu,7ca34ca9-1ff8-4ba6-9eae-30b83a5fdfeb,blocks.layers.2.activation,8,skew,2.594110239065886
gelu,7ca34ca9-1ff8-4ba6-9eae-30b83a5fdfeb,blocks.layers.2.activation,8,kurtosis,11.530712302657822
gelu,7ca34ca9-1ff8-4ba6-9eae-30b83a5fdfeb,blocks.layers.3.activation,8,mean,0.0404476725038608
gelu,7ca34ca9-1ff8-4ba6-9eae-30b83a5fdfeb,blocks.layers.3.activation,8,std,0.308161384725063
gelu,7ca34ca9-1ff8-4ba6-9eae-30b83a5fdfeb,blocks.layers.3.activation,8,skew,2.5781737122435775
gelu,7ca34ca9-1ff8-4ba6-9eae-30b83a5fdfeb,blocks.layers.3.activation,8,kurtosis,11.610664267651222
gelu,7ca34ca9-1ff8-4ba6-9eae-30b83a5fdfeb,blocks.layers.0.activation,9,mean,0.14069682940098316
gelu,7ca34ca9-1ff8-4ba6-9eae-30b83a5fdfeb,blocks.layers.0.activation,9,std,0.4187237974680898
gelu,7ca34ca9-1ff8-4ba6-9eae-30b83a5fdfeb,blocks.layers.0.activation,9,skew,2.013768502444135
gelu,7ca34ca9-1ff8-4ba6-9eae-30b83a5fdfeb,blocks.layers.0.activation,9,kurtosis,7.49077773891734
gelu,7ca34ca9-1ff8-4ba6-9eae-30b83a5fdfeb,blocks.layers.1.activation,9,mean,0.043452730478173156
gelu,7ca34ca9-1ff8-4ba6-9eae-30b83a5fdfeb,blocks.layers.1.activation,9,std,0.31242992630717775
gelu,7ca34ca9-1ff8-4ba6-9eae-30b83a5fdfeb,blocks.layers.1.activation,9,skew,2.5580540156449287
gelu,7ca34ca9-1ff8-4ba6-9eae-30b83a5fdfeb,blocks.layers.1.activation,9,kurtosis,11.294390470701604
gelu,7ca34ca9-1ff8-4ba6-9eae-30b83a5fdfeb,blocks.layers.2.activation,9,mean,0.03962491919387843
gelu,7ca34ca9-1ff8-4ba6-9eae-30b83a5fdfeb,blocks.layers.2.activation,9,std,0.3112499363575134
gelu,7ca34ca9-1ff8-4ba6-9eae-30b83a5fdfeb,blocks.layers.2.activation,9,skew,2.6295019448439847
gelu,7ca34ca9-1ff8-4ba6-9eae-30b83a5fdfeb,blocks.layers.2.activation,9,kurtosis,11.781378290916253
gelu,7ca34ca9-1ff8-4ba6-9eae-30b83a5fdfeb,blocks.layers.3.activation,9,mean,0.03795739310657692
gelu,7ca34ca9-1ff8-4ba6-9eae-30b83a5fdfeb,blocks.layers.3.activation,9,std,0.30637649985904103
gelu,7ca34ca9-1ff8-4ba6-9eae-30b83a5fdfeb,blocks.layers.3.activation,9,skew,2.60568497774864
gelu,7ca34ca9-1ff8-4ba6-9eae-30b83a5fdfeb,blocks.layers.3.activation,9,kurtosis,11.805659380926356
gelu,8873c20a-b9e5-426f-aed2-999e7d96e971,blocks.layers.0.activation,0,mean,0.17179850624125198
gelu,8873c20a-b9e5-426f-aed2-999e7d96e971,blocks.layers.0.activation,0,std,0.4251194580687251
gelu,8873c20a-b9e5-426f-aed2-999e7d96e971,blocks.layers.0.activation,0,skew,1.8152139220797718
gelu,8873c20a-b9e5-426f-aed2-999e7d96e971,blocks.layers.0.activation,0,kurtosis,6.582194579453655
gelu,8873c20a-b9e5-426f-aed2-999e7d96e971,blocks.layers.1.activation,0,mean,0.15242284064403208
gelu,8873c20a-b9e5-426f-aed2-999e7d96e971,blocks.layers.1.activation,0,std,0.3921890356667879
gelu,8873c20a-b9e5-426f-aed2-999e7d96e971,blocks.layers.1.activation,0,skew,1.7292620198158182
gelu,8873c20a-b9e5-426f-aed2-999e7d96e971,blocks.layers.1.activation,0,kurtosis,6.110762102323919
gelu,8873c20a-b9e5-426f-aed2-999e7d96e971,blocks.layers.2.activation,0,mean,0.13972639920872726
gelu,8873c20a-b9e5-426f-aed2-999e7d96e971,blocks.layers.2.activation,0,std,0.36019081824274835
gelu,8873c20a-b9e5-426f-aed2-999e7d96e971,blocks.layers.2.activation,0,skew,1.6284182092897408
gelu,8873c20a-b9e5-426f-aed2-999e7d96e971,blocks.layers.2.activation,0,kurtosis,5.815218042224328
gelu,8873c20a-b9e5-426f-aed2-999e7d96e971,blocks.layers.3.activation,0,mean,0.13364290899441336
gelu,8873c20a-b9e5-426f-aed2-999e7d96e971,blocks.layers.3.activation,0,std,0.3523031566796283
gelu,8873c20a-b9e5-426f-aed2-999e7d96e971,blocks.layers.3.activation,0,skew,1.6091425720058725
gelu,8873c20a-b9e5-426f-aed2-999e7d96e971,blocks.layers.3.activation,0,kurtosis,5.710275946987057
gelu,8873c20a-b9e5-426f-aed2-999e7d96e971,blocks.layers.0.activation,1,mean,0.1763514531146589
gelu,8873c20a-b9e5-426f-aed2-999e7d96e971,blocks.layers.0.activation,1,std,0.44103812474457565
gelu,8873c20a-b9e5-426f-aed2-999e7d96e971,blocks.layers.0.activation,1,skew,1.8750336706850452
gelu,8873c20a-b9e5-426f-aed2-999e7d96e971,blocks.layers.0.activation,1,kurtosis,6.876213976496904
gelu,8873c20a-b9e5-426f-aed2-999e7d96e971,blocks.layers.1.activation,1,mean,0.13394436664428575
gelu,8873c20a-b9e5-426f-aed2-999e7d96e971,blocks.layers.1.activation,1,std,0.3882288597962154
gelu,8873c20a-b9e5-426f-aed2-999e7d96e971,blocks.layers.1.activation,1,skew,1.896953271377129
gelu,8873c20a-b9e5-426f-aed2-999e7d96e971,blocks.layers.1.activation,1,kurtosis,6.975974611540282
gelu,8873c20a-b9e5-426f-aed2-999e7d96e971,blocks.layers.2.activation,1,mean,0.112860137550326
gelu,8873c20a-b9e5-426f-aed2-999e7d96e971,blocks.layers.2.activation,1,std,0.35513503152577097
gelu,8873c20a-b9e5-426f-aed2-999e7d96e971,blocks.layers.2.activation,1,skew,1.891968430785522
gelu,8873c20a-b9e5-426f-aed2-999e7d96e971,blocks.layers.2.activation,1,kurtosis,7.112360881740937
gelu,8873c20a-b9e5-426f-aed2-999e7d96e971,blocks.layers.3.activation,1,mean,0.0980233218640195
gelu,8873c20a-b9e5-426f-aed2-999e7d96e971,blocks.layers.3.activation,1,std,0.3385755754649808
gelu,8873c20a-b9e5-426f-aed2-999e7d96e971,blocks.layers.3.activation,1,skew,1.951192821684257
gelu,8873c20a-b9e5-426f-aed2-999e7d96e971,blocks.layers.3.activation,1,kurtosis,7.5517514074400225
gelu,8873c20a-b9e5-426f-aed2-999e7d96e971,blocks.layers.0.activation,2,mean,0.176316889526581
gelu,8873c20a-b9e5-426f-aed2-999e7d96e971,blocks.layers.0.activation,2,std,0.44575247313006144
gelu,8873c20a-b9e5-426f-aed2-999e7d96e971,blocks.layers.0.activation,2,skew,1.8967961187464486
gelu,8873c20a-b9e5-426f-aed2-999e7d96e971,blocks.layers.0.activation,2,kurtosis,6.966026402311676
gelu,8873c20a-b9e5-426f-aed2-999e7d96e971,blocks.layers.1.activation,2,mean,0.1177352397113791
gelu,8873c20a-b9e5-426f-aed2-999e7d96e971,blocks.layers.1.activation,2,std,0.3789371069238409
gelu,8873c20a-b9e5-426f-aed2-999e7d96e971,blocks.layers.1.activation,2,skew,2.0161522860204624
gelu,8873c20a-b9e5-426f-aed2-999e7d96e971,blocks.layers.1.activation,2,kurtosis,7.651439979548697
gelu,8873c20a-b9e5-426f-aed2-999e7d96e971,blocks.layers.2.activation,2,mean,0.09605378947029618
gelu,8873c20a-b9e5-426f-aed2-999e7d96e971,blocks.layers.2.activation,2,std,0.34942189887268393
gelu,8873c20a-b9e5-426f-aed2-999e7d96e971,blocks.layers.2.activation,2,skew,2.0661606476117425
gelu,8873c20a-b9e5-426f-aed2-999e7d96e971,blocks.layers.2.activation,2,kurtosis,8.10739521539084
gelu,8873c20a-b9e5-426f-aed2-999e7d96e971,blocks.layers.3.activation,2,mean,0.08139794353895058
gelu,8873c20a-b9e5-426f-aed2-999e7d96e971,blocks.layers.3.activation,2,std,0.33334179782443013
gelu,8873c20a-b9e5-426f-aed2-999e7d96e971,blocks.layers.3.activation,2,skew,2.1388463689763353
gelu,8873c20a-b9e5-426f-aed2-999e7d96e971,blocks.layers.3.activation,2,kurtosis,8.6508784905023
gelu,8873c20a-b9e5-426f-aed2-999e7d96e971,blocks.layers.0.activation,3,mean,0.173597470615258
gelu,8873c20a-b9e5-426f-aed2-999e7d96e971,blocks.layers.0.activation,3,std,0.44536568975194096
gelu,8873c20a-b9e5-426f-aed2-999e7d96e971,blocks.layers.0.activation,3,skew,1.9098667498160935
gelu,8873c20a-b9e5-426f-aed2-999e7d96e971,blocks.layers.0.activation,3,kurtosis,7.013229202969643
gelu,8873c20a-b9e5-426f-aed2-999e7d96e971,blocks.layers.1.activation,3,mean,0.10224971078747214
gelu,8873c20a-b9e5-426f-aed2-999e7d96e971,blocks.layers.1.activation,3,std,0.36695292451924694
gelu,8873c20a-b9e5-426f-aed2-999e7d96e971,blocks.layers.1.activation,3,skew,2.1179506235699637
gelu,8873c20a-b9e5-426f-aed2-999e7d96e971,blocks.layers.1.activation,3,kurtosis,8.264546964092187
gelu,8873c20a-b9e5-426f-aed2-999e7d96e971,blocks.layers.2.activation,3,mean,0.08278391616140555
gelu,8873c20a-b9e5-426f-aed2-999e7d96e971,blocks.layers.2.activation,3,std,0.34239312457953447
gelu,8873c20a-b9e5-426f-aed2-999e7d96e971,blocks.layers.2.activation,3,skew,2.195837300337082
gelu,8873c20a-b9e5-426f-aed2-999e7d96e971,blocks.layers.2.activation,3,kurtosis,8.90065895726248
gelu,8873c20a-b9e5-426f-aed2-999e7d96e971,blocks.layers.3.activation,3,mean,0.07056704327941365
gelu,8873c20a-b9e5-426f-aed2-999e7d96e971,blocks.layers.3.activation,3,std,0.32834119798216466
gelu,8873c20a-b9e5-426f-aed2-999e7d96e971,blocks.layers.3.activation,3,skew,2.256688803434372
gelu,8873c20a-b9e5-426f-aed2-999e7d96e971,blocks.layers.3.activation,3,kurtosis,9.383155836753573
gelu,8873c20a-b9e5-426f-aed2-999e7d96e971,blocks.layers.0.activation,4,mean,0.16909184629806845
gelu,8873c20a-b9e5-426f-aed2-999e7d96e971,blocks.layers.0.activation,4,std,0.4422302248944599
gelu,8873c20a-b9e5-426f-aed2-999e7d96e971,blocks.layers.0.activation,4,skew,1.923865753560728
gelu,8873c20a-b9e5-426f-aed2-999e7d96e971,blocks.layers.0.activation,4,kurtosis,7.071945413066823
gelu,8873c20a-b9e5-426f-aed2-999e7d96e971,blocks.layers.1.activation,4,mean,0.08799115199251001
gelu,8873c20a-b9e5-426f-aed2-999e7d96e971,blocks.layers.1.activation,4,std,0.35442462212335224
gelu,8873c20a-b9e5-426f-aed2-999e7d96e971,blocks.layers.1.activation,4,skew,2.212198360449903
gelu,8873c20a-b9e5-426f-aed2-999e7d96e971,blocks.layers.1.activation,4,kurtosis,8.866166591644287
gelu,8873c20a-b9e5-426f-aed2-999e7d96e971,blocks.layers.2.activation,4,mean,0.07175757264340582
gelu,8873c20a-b9e5-426f-aed2-999e7d96e971,blocks.layers.2.activation,4,std,0.33521160274298617
gelu,8873c20a-b9e5-426f-aed2-999e7d96e971,blocks.layers.2.activation,4,skew,2.30273811342029
gelu,8873c20a-b9e5-426f-aed2-999e7d96e971,blocks.layers.2.activation,4,kurtosis,9.590279349907437
gelu,8873c20a-b9e5-426f-aed2-999e7d96e971,blocks.layers.3.activation,4,mean,0.06254522920291194
gelu,8873c20a-b9e5-426f-aed2-999e7d96e971,blocks.layers.3.activation,4,std,0.3238173675588018
gelu,8873c20a-b9e5-426f-aed2-999e7d96e971,blocks.layers.3.activation,4,skew,2.343332751280897
gelu,8873c20a-b9e5-426f-aed2-999e7d96e971,blocks.layers.3.activation,4,kurtosis,9.95225554191345
gelu,8873c20a-b9e5-426f-aed2-999e7d96e971,blocks.layers.0.activation,5,mean,0.16359842378173292
gelu,8873c20a-b9e5-426f-aed2-999e7d96e971,blocks.layers.0.activation,5,std,0.4375898770294733
gelu,8873c20a-b9e5-426f-aed2-999e7d96e971,blocks.layers.0.activation,5,skew,1.9399027196537981
gelu,8873c20a-b9e5-426f-aed2-999e7d96e971,blocks.layers.0.activation,5,kurtosis,7.146803868057323
gelu,8873c20a-b9e5-426f-aed2-999e7d96e971,blocks.layers.1.activation,5,mean,0.07578006399102721
gelu,8873c20a-b9e5-426f-aed2-999e7d96e971,blocks.layers.1.activation,5,std,0.3429362081641414
gelu,8873c20a-b9e5-426f-aed2-999e7d96e971,blocks.layers.1.activation,5,skew,2.2957154324329054
gelu,8873c20a-b9e5-426f-aed2-999e7d96e971,blocks.layers.1.activation,5,kurtosis,9.423040174221795
gelu,8873c20a-b9e5-426f-aed2-999e7d96e971,blocks.layers.2.activation,5,mean,0.0626746543245622
gelu,8873c20a-b9e5-426f-aed2-999e7d96e971,blocks.layers.2.activation,5,std,0.32857603444054817
gelu,8873c20a-b9e5-426f-aed2-999e7d96e971,blocks.layers.2.activation,5,skew,2.392061217328973
gelu,8873c20a-b9e5-426f-aed2-999e7d96e971,blocks.layers.2.activation,5,kurtosis,10.192803966758655
gelu,8873c20a-b9e5-426f-aed2-999e7d96e971,blocks.layers.3.activation,5,mean,0.056482281085117006
gelu,8873c20a-b9e5-426f-aed2-999e7d96e971,blocks.layers.3.activation,5,std,0.32006526691082166
gelu,8873c20a-b9e5-426f-aed2-999e7d96e971,blocks.layers.3.activation,5,skew,2.408623155820695
gelu,8873c20a-b9e5-426f-aed2-999e7d96e971,blocks.layers.3.activation,5,kurtosis,10.393822980238166
gelu,8873c20a-b9e5-426f-aed2-999e7d96e971,blocks.layers.0.activation,6,mean,0.1578050144225071
gelu,8873c20a-b9e5-426f-aed2-999e7d96e971,blocks.layers.0.activation,6,std,0.43238074316212555
gelu,8873c20a-b9e5-426f-aed2-999e7d96e971,blocks.layers.0.activation,6,skew,1.9572885009802472
gelu,8873c20a-b9e5-426f-aed2-999e7d96e971,blocks.layers.0.activation,6,kurtosis,7.233295685516497
gelu,8873c20a-b9e5-426f-aed2-999e7d96e971,blocks.layers.1.activation,6,mean,0.06568463032892352
gelu,8873c20a-b9e5-426f-aed2-999e7d96e971,blocks.layers.1.activation,6,std,0.33305693503037165
gelu,8873c20a-b9e5-426f-aed2-999e7d96e971,blocks.layers.1.activation,6,skew,2.366888879820606
gelu,8873c20a-b9e5-426f-aed2-999e7d96e971,blocks.layers.1.activation,6,kurtosis,9.91301724701044
gelu,8873c20a-b9e5-426f-aed2-999e7d96e971,blocks.layers.2.activation,6,mean,0.05522744822939436
gelu,8873c20a-b9e5-426f-aed2-999e7d96e971,blocks.layers.2.activation,6,std,0.3227084624206116
gelu,8873c20a-b9e5-426f-aed2-999e7d96e971,blocks.layers.2.activation,6,skew,2.465873105245977
gelu,8873c20a-b9e5-426f-aed2-999e7d96e971,blocks.layers.2.activation,6,kurtosis,10.705497923149455
gelu,8873c20a-b9e5-426f-aed2-999e7d96e971,blocks.layers.3.activation,6,mean,0.05181698675537752
gelu,8873c20a-b9e5-426f-aed2-999e7d96e971,blocks.layers.3.activation,6,std,0.31705229101801713
gelu,8873c20a-b9e5-426f-aed2-999e7d96e971,blocks.layers.3.activation,6,skew,2.458755516860469
gelu,8873c20a-b9e5-426f-aed2-999e7d96e971,blocks.layers.3.activation,6,kurtosis,10.737051419091818
gelu,8873c20a-b9e5-426f-aed2-999e7d96e971,blocks.layers.0.activation,7,mean,0.15230887958587702
gelu,8873c20a-b9e5-426f-aed2-999e7d96e971,blocks.layers.0.activation,7,std,0.4272932513156836
gelu,8873c20a-b9e5-426f-aed2-999e7d96e971,blocks.layers.0.activation,7,skew,1.9742739695883307
gelu,8873c20a-b9e5-426f-aed2-999e7d96e971,blocks.layers.0.activation,7,kurtosis,7.320787508928903
gelu,8873c20a-b9e5-426f-aed2-999e7d96e971,blocks.layers.1.activation,7,mean,0.05746784474662704
gelu,8873c20a-b9e5-426f-aed2-999e7d96e971,blocks.layers.1.activation,7,std,0.3248340557783963
gelu,8873c20a-b9e5-426f-aed2-999e7d96e971,blocks.layers.1.activation,7,skew,2.4260444733383815
gelu,8873c20a-b9e5-426f-aed2-999e7d96e971,blocks.layers.1.activation,7,kurtosis,10.329475656310859
gelu,8873c20a-b9e5-426f-aed2-999e7d96e971,blocks.layers.2.activation,7,mean,0.04928287521766555
gelu,8873c20a-b9e5-426f-aed2-999e7d96e971,blocks.layers.2.activation,7,std,0.31785140526337263
gelu,8873c20a-b9e5-426f-aed2-999e7d96e971,blocks.layers.2.activation,7,skew,2.524676746055749
gelu,8873c20a-b9e5-426f-aed2-999e7d96e971,blocks.layers.2.activation,7,kurtosis,11.119339921402338
gelu,8873c20a-b9e5-426f-aed2-999e7d96e971,blocks.layers.3.activation,7,mean,0.04814454214233123
gelu,8873c20a-b9e5-426f-aed2-999e7d96e971,blocks.layers.3.activation,7,std,0.31460118416132143
gelu,8873c20a-b9e5-426f-aed2-999e7d96e971,blocks.layers.3.activation,7,skew,2.497923741614267
gelu,8873c20a-b9e5-426f-aed2-999e7d96e971,blocks.layers.3.activation,7,kurtosis,11.007237695502218
gelu,8873c20a-b9e5-426f-aed2-999e7d96e971,blocks.layers.0.activation,8,mean,0.14748547535232048
gelu,8873c20a-b9e5-426f-aed2-999e7d96e971,blocks.layers.0.activation,8,std,0.4227683996861009
gelu,8873c20a-b9e5-426f-aed2-999e7d96e971,blocks.layers.0.activation,8,skew,1.9894479773835543
gelu,8873c20a-b9e5-426f-aed2-999e7d96e971,blocks.layers.0.activation,8,kurtosis,7.400143990831538
gelu,8873c20a-b9e5-426f-aed2-999e7d96e971,blocks.layers.1.activation,8,mean,0.050855085140004586
gelu,8873c20a-b9e5-426f-aed2-999e7d96e971,blocks.layers.1.activation,8,std,0.31814185305271636
gelu,8873c20a-b9e5-426f-aed2-999e7d96e971,blocks.layers.1.activation,8,skew,2.4738030429883833
gelu,8873c20a-b9e5-426f-aed2-999e7d96e971,blocks.layers.1.activation,8,kurtosis,10.667984907595995
gelu,8873c20a-b9e5-426f-aed2-999e7d96e971,blocks.layers.2.activation,8,mean,0.04446874339730285
gelu,8873c20a-b9e5-426f-aed2-999e7d96e971,blocks.layers.2.activation,8,std,0.3138260358168058
gelu,8873c20a-b9e5-426f-aed2-999e7d96e971,blocks.layers.2.activation,8,skew,2.572211714543199
gelu,8873c20a-b9e5-426f-aed2-999e7d96e971,blocks.layers.2.activation,8,kurtosis,11.456636990799456
gelu,8873c20a-b9e5-426f-aed2-999e7d96e971,blocks.layers.3.activation,8,mean,0.045155966218771576
gelu,8873c20a-b9e5-426f-aed2-999e7d96e971,blocks.layers.3.activation,8,std,0.3125500963675089
gelu,8873c20a-b9e5-426f-aed2-999e7d96e971,blocks.layers.3.activation,8,skew,2.52958404998998
gelu,8873c20a-b9e5-426f-aed2-999e7d96e971,blocks.layers.3.activation,8,kurtosis,11.227258732970311
gelu,8873c20a-b9e5-426f-aed2-999e7d96e971,blocks.layers.0.activation,9,mean,0.14347333929292672
gelu,8873c20a-b9e5-426f-aed2-999e7d96e971,blocks.layers.0.activation,9,std,0.418987743199918
gelu,8873c20a-b9e5-426f-aed2-999e7d96e971,blocks.layers.0.activation,9,skew,2.0021326897407343
gelu,8873c20a-b9e5-426f-aed2-999e7d96e971,blocks.layers.0.activation,9,kurtosis,7.466815570749846
gelu,8873c20a-b9e5-426f-aed2-999e7d96e971,blocks.layers.1.activation,9,mean,0.04550640796841697
gelu,8873c20a-b9e5-426f-aed2-999e7d96e971,blocks.layers.1.activation,9,std,0.312710459619232
gelu,8873c20a-b9e5-426f-aed2-999e7d96e971,blocks.layers.1.activation,9,skew,2.5125832153809027
gelu,8873c20a-b9e5-426f-aed2-999e7d96e971,blocks.layers.1.activation,9,kurtosis,10.944175059260846
gelu,8873c20a-b9e5-426f-aed2-999e7d96e971,blocks.layers.2.activation,9,mean,0.040593632963554165
gelu,8873c20a-b9e5-426f-aed2-999e7d96e971,blocks.layers.2.activation,9,std,0.31057856762621494
gelu,8873c20a-b9e5-426f-aed2-999e7d96e971,blocks.layers.2.activation,9,skew,2.610529437480872
gelu,8873c20a-b9e5-426f-aed2-999e7d96e971,blocks.layers.2.activation,9,kurtosis,11.72903982489983
gelu,8873c20a-b9e5-426f-aed2-999e7d96e971,blocks.layers.3.activation,9,mean,0.04281184303266033
gelu,8873c20a-b9e5-426f-aed2-999e7d96e971,blocks.layers.3.activation,9,std,0.3109569627182355
gelu,8873c20a-b9e5-426f-aed2-999e7d96e971,blocks.layers.3.activation,9,skew,2.554456376986996
gelu,8873c20a-b9e5-426f-aed2-999e7d96e971,blocks.layers.3.activation,9,kurtosis,11.399606472741667
leaky,d44b615a-9dc4-4db8-9202-527cb54cbd06,blocks.layers.0.activation,0,dead_fraction,0.5123331372848184
leaky,d44b615a-9dc4-4db8-9202-527cb54cbd06,blocks.layers.1.activation,0,dead_fraction,0.5127589588063467
leaky,d44b615a-9dc4-4db8-9202-527cb54cbd06,blocks.layers.2.activation,0,dead_fraction,0.5221727437396066
leaky,d44b615a-9dc4-4db8-9202-527cb54cbd06,blocks.layers.3.activation,0,dead_fraction,0.5384019749020342
leaky,d44b615a-9dc4-4db8-9202-527cb54cbd06,blocks.layers.0.activation,1,dead_fraction,0.5182970895885997
leaky,d44b615a-9dc4-4db8-9202-527cb54cbd06,blocks.layers.1.activation,1,dead_fraction,0.5498125907365113
leaky,d44b615a-9dc4-4db8-9202-527cb54cbd06,blocks.layers.2.activation,1,dead_fraction,0.5667946669554795
leaky,d44b615a-9dc4-4db8-9202-527cb54cbd06,blocks.layers.3.activation,1,dead_fraction,0.5877040832492381
leaky,d44b615a-9dc4-4db8-9202-527cb54cbd06,blocks.layers.0.activation,2,dead_fraction,0.5223413448458182
leaky,d44b615a-9dc4-4db8-9202-527cb54cbd06,blocks.layers.1.activation,2,dead_fraction,0.5731239135013639
leaky,d44b615a-9dc4-4db8-9202-527cb54cbd06,blocks.layers.2.activation,2,dead_fraction,0.590018724914406
leaky,d44b615a-9dc4-4db8-9202-527cb54cbd06,blocks.layers.3.activation,2,dead_fraction,0.607534666502603
leaky,d44b615a-9dc4-4db8-9202-527cb54cbd06,blocks.layers.0.activation,3,dead_fraction,0.5261432240017793
leaky,d44b615a-9dc4-4db8-9202-527cb54cbd06,blocks.layers.1.activation,3,dead_fraction,0.5938896765912555
leaky,d44b615a-9dc4-4db8-9202-527cb54cbd06,blocks.layers.2.activation,3,dead_fraction,0.6077694342441831
leaky,d44b615a-9dc4-4db8-9202-527cb54cbd06,blocks.layers.3.activation,3,dead_fraction,0.6191356605270155
leaky,d44b615a-9dc4-4db8-9202-527cb54cbd06,blocks.layers.0.activation,4,dead_fraction,0.5302947873322565
leaky,d44b615a-9dc4-4db8-9202-527cb54cbd06,blocks.layers.1.activation,4,dead_fraction,0.6121087967713108
leaky,d44b615a-9dc4-4db8-9202-527cb54cbd06,blocks.layers.2.activation,4,dead_fraction,0.6224559767814718
leaky,d44b615a-9dc4-4db8-9202-527cb54cbd06,blocks.layers.3.activation,4,dead_fraction,0.6273737498449685
leaky,d44b615a-9dc4-4db8-9202-527cb54cbd06,blocks.layers.0.activation,5,dead_fraction,0.5347805618532753
leaky,d44b615a-9dc4-4db8-9202-527cb54cbd06,blocks.layers.1.activation,5,dead_fraction,0.627809508486009
leaky,d44b615a-9dc4-4db8-9202-527cb54cbd06,blocks.layers.2.activation,5,dead_fraction,0.6347790152576894
leaky,d44b615a-9dc4-4db8-9202-527cb54cbd06,blocks.layers.3.activation,5,dead_fraction,0.633766825300943
leaky,d44b615a-9dc4-4db8-9202-527cb54cbd06,blocks.layers.0.activation,6,dead_fraction,0.539236756830453
leaky,d44b615a-9dc4-4db8-9202-527cb54cbd06,blocks.layers.1.activation,6,dead_fraction,0.6407940360453751
leaky,d44b615a-9dc4-4db8-9202-527cb54cbd06,blocks.layers.2.activation,6,dead_fraction,0.6447573434779289
leaky,d44b615a-9dc4-4db8-9202-527cb54cbd06,blocks.layers.3.activation,6,dead_fraction,0.638568373337335
leaky,d44b615a-9dc4-4db8-9202-527cb54cbd06,blocks.layers.0.activation,7,dead_fraction,0.543500080757718
leaky,d44b615a-9dc4-4db8-9202-527cb54cbd06,blocks.layers.1.activation,7,dead_fraction,0.651233470153554
leaky,d44b615a-9dc4-4db8-9202-527cb54cbd06,blocks.layers.2.activation,7,dead_fraction,0.6527318011611382
leaky,d44b615a-9dc4-4db8-9202-527cb54cbd06,blocks.layers.3.activation,7,dead_fraction,0.6422849547820584
leaky,d44b615a-9dc4-4db8-9202-527cb54cbd06,blocks.layers.0.activation,8,dead_fraction,0.5471997967629906
leaky,d44b615a-9dc4-4db8-9202-527cb54cbd06,blocks.layers.1.activation,8,dead_fraction,0.6598202377593108
leaky,d44b615a-9dc4-4db8-9202-527cb54cbd06,blocks.layers.2.activation,8,dead_fraction,0.6592627539376394
leaky,d44b615a-9dc4-4db8-9202-527cb54cbd06,blocks.layers.3.activation,8,dead_fraction,0.6452871378630506
leaky,d44b615a-9dc4-4db8-9202-527cb54cbd06,blocks.layers.0.activation,9,dead_fraction,0.5502740670353492
leaky,d44b615a-9dc4-4db8-9202-527cb54cbd06,blocks.layers.1.activation,9,dead_fraction,0.6667148542573867
leaky,d44b615a-9dc4-4db8-9202-527cb54cbd06,blocks.layers.2.activation,9,dead_fraction,0.6644753882469232
leaky,d44b615a-9dc4-4db8-9202-527cb54cbd06,blocks.layers.3.activation,9,dead_fraction,0.647655558670967
leaky,6f584f1d-b3fd-4d8b-82e4-d62fa3efb3dc,blocks.layers.0.activation,0,dead_fraction,0.5147019068965708
leaky,6f584f1d-b3fd-4d8b-82e4-d62fa3efb3dc,blocks.layers.1.activation,0,dead_fraction,0.5278686471681153
leaky,6f584f1d-b3fd-4d8b-82e4-d62fa3efb3dc,blocks.layers.2.activation,0,dead_fraction,0.5252106847287922
leaky,6f584f1d-b3fd-4d8b-82e4-d62fa3efb3dc,blocks.layers.3.activation,0,dead_fraction,0.538251601080029
leaky,6f584f1d-b3fd-4d8b-82e4-d62fa3efb3dc,blocks.layers.0.activation,1,dead_fraction,0.5191157339306488
leaky,6f584f1d-b3fd-4d8b-82e4-d62fa3efb3dc,blocks.layers.1.activation,1,dead_fraction,0.5623265540896786
leaky,6f584f1d-b3fd-4d8b-82e4-d62fa3efb3dc,blocks.layers.2.activation,1,dead_fraction,0.5712485022816369
leaky,6f584f1d-b3fd-4d8b-82e4-d62fa3efb3dc,blocks.layers.3.activation,1,dead_fraction,0.5961161817944347
leaky,6f584f1d-b3fd-4d8b-82e4-d62fa3efb3dc,blocks.layers.0.activation,2,dead_fraction,0.5219300730796895
leaky,6f584f1d-b3fd-4d8b-82e4-d62fa3efb3dc,blocks.layers.1.activation,2,dead_fraction,0.5856766383984476
leaky,6f584f1d-b3fd-4d8b-82e4-d62fa3efb3dc,blocks.layers.2.activation,2,dead_fraction,0.5960870528701927
leaky,6f584f1d-b3fd-4d8b-82e4-d62fa3efb3dc,blocks.layers.3.activation,2,dead_fraction,0.6172673150737938
leaky,6f584f1d-b3fd-4d8b-82e4-d62fa3efb3dc,blocks.layers.0.activation,3,dead_fraction,0.5251044239649993
leaky,6f584f1d-b3fd-4d8b-82e4-d62fa3efb3dc,blocks.layers.1.activation,3,dead_fraction,0.6059055841690281
leaky,6f584f1d-b3fd-4d8b-82e4-d62fa3efb3dc,blocks.layers.2.activation,3,dead_fraction,0.6146510970974308
leaky,6f584f1d-b3fd-4d8b-82e4-d62fa3efb3dc,blocks.layers.3.activation,3,dead_fraction,0.6289354995476394
leaky,6f584f1d-b3fd-4d8b-82e4-d62fa3efb3dc,blocks.layers.0.activation,4,dead_fraction,0.5289289701027378
leaky,6f584f1d-b3fd-4d8b-82e4-d62fa3efb3dc,blocks.layers.1.activation,4,dead_fraction,0.6235508721918398
leaky,6f584f1d-b3fd-4d8b-82e4-d62fa3efb3dc,blocks.layers.2.activation,4,dead_fraction,0.6299048201469339
leaky,6f584f1d-b3fd-4d8b-82e4-d62fa3efb3dc,blocks.layers.3.activation,4,dead_fraction,0.6369804440868283
leaky,6f584f1d-b3fd-4d8b-82e4-d62fa3efb3dc,blocks.layers.0.activation,5,dead_fraction,0.5332239392530593
leaky,6f584f1d-b3fd-4d8b-82e4-d62fa3efb3dc,blocks.layers.1.activation,5,dead_fraction,0.6384887599860222
leaky,6f584f1d-b3fd-4d8b-82e4-d62fa3efb3dc,blocks.layers.2.activation,5,dead_fraction,0.642406647457064
leaky,6f584f1d-b3fd-4d8b-82e4-d62fa3efb3dc,blocks.layers.3.activation,5,dead_fraction,0.6430106031512874
leaky,6f584f1d-b3fd-4d8b-82e4-d62fa3efb3dc,blocks.layers.0.activation,6,dead_fraction,0.5376263438715932
leaky,6f584f1d-b3fd-4d8b-82e4-d62fa3efb3dc,blocks.layers.1.activation,6,dead_fraction,0.6507484564395744
leaky,6f584f1d-b3fd-4d8b-82e4-d62fa3efb3dc,blocks.layers.2.activation,6,dead_fraction,0.6525489271262848
leaky,6f584f1d-b3fd-4d8b-82e4-d62fa3efb3dc,blocks.layers.3.activation,6,dead_fraction,0.6476474453727789
leaky,6f584f1d-b3fd-4d8b-82e4-d62fa3efb3dc,blocks.layers.0.activation,7,dead_fraction,0.5418529163157813
leaky,6f584f1d-b3fd-4d8b-82e4-d62fa3efb3dc,blocks.layers.1.activation,7,dead_fraction,0.6607759746050071
leaky,6f584f1d-b3fd-4d8b-82e4-d62fa3efb3dc,blocks.layers.2.activation,7,dead_fraction,0.6606248277786364
leaky,6f584f1d-b3fd-4d8b-82e4-d62fa3efb3dc,blocks.layers.3.activation,7,dead_fraction,0.6512567280556384
leaky,6f584f1d-b3fd-4d8b-82e4-d62fa3efb3dc,blocks.layers.0.activation,8,dead_fraction,0.5455605905015461
leaky,6f584f1d-b3fd-4d8b-82e4-d62fa3efb3dc,blocks.layers.1.activation,8,dead_fraction,0.6687460417990724
leaky,6f584f1d-b3fd-4d8b-82e4-d62fa3efb3dc,blocks.layers.2.activation,8,dead_fraction,0.6671466086400079
leaky,6f584f1d-b3fd-4d8b-82e4-d62fa3efb3dc,blocks.layers.3.activation,8,dead_fraction,0.6542523864136708
leaky,6f584f1d-b3fd-4d8b-82e4-d62fa3efb3dc,blocks.layers.0.activation,9,dead_fraction,0.548642957252964
leaky,6f584f1d-b3fd-4d8b-82e4-d62fa3efb3dc,blocks.layers.1.activation,9,dead_fraction,0.6752298770001774
leaky,6f584f1d-b3fd-4d8b-82e4-d62fa3efb3dc,blocks.layers.2.activation,9,dead_fraction,0.6724122408021811
leaky,6f584f1d-b3fd-4d8b-82e4-d62fa3efb3dc,blocks.layers.3.activation,9,dead_fraction,0.6565641461318074
leaky,b8849c0b-dd3c-4291-a15c-75064557f0ae,blocks.layers.0.activation,0,dead_fraction,0.5231752730773437
leaky,b8849c0b-dd3c-4291-a15c-75064557f0ae,blocks.layers.1.activation,0,dead_fraction,0.5227990744376946
leaky,b8849c0b-dd3c-4291-a15c-75064557f0ae,blocks.layers.2.activation,0,dead_fraction,0.5367500306872711
leaky,b8849c0b-dd3c-4291-a15c-75064557f0ae,blocks.layers.3.activation,0,dead_fraction,0.5358038258298012
leaky,b8849c0b-dd3c-4291-a15c-75064557f0ae,blocks.layers.0.activation,1,dead_fraction,0.5260817374623119
leaky,b8849c0b-dd3c-4291-a15c-75064557f0ae,blocks.layers.1.activation,1,dead_fraction,0.5601740447651873
leaky,b8849c0b-dd3c-4291-a15c-75064557f0ae,blocks.layers.2.activation,1,dead_fraction,0.5790013384564492
leaky,b8849c0b-dd3c-4291-a15c-75064557f0ae,blocks.layers.3.activation,1,dead_fraction,0.5904935305653094
leaky,b8849c0b-dd3c-4291-a15c-75064557f0ae,blocks.layers.0.activation,2,dead_fraction,0.5288125282221983
leaky,b8849c0b-dd3c-4291-a15c-75064557f0ae,blocks.layers.1.activation,2,dead_fraction,0.5841338266822933
leaky,b8849c0b-dd3c-4291-a15c-75064557f0ae,blocks.layers.2.activation,2,dead_fraction,0.6005889003387125
leaky,b8849c0b-dd3c-4291-a15c-75064557f0ae,blocks.layers.3.activation,2,dead_fraction,0.6107602569132089
leaky,b8849c0b-dd3c-4291-a15c-75064557f0ae,blocks.layers.0.activation,3,dead_fraction,0.5316040429992608
leaky,b8849c0b-dd3c-4291-a15c-75064557f0ae,blocks.layers.1.activation,3,dead_fraction,0.6051534273234126
leaky,b8849c0b-dd3c-4291-a15c-75064557f0ae,blocks.layers.2.activation,3,dead_fraction,0.617081386869064
leaky,b8849c0b-dd3c-4291-a15c-75064557f0ae,blocks.layers.3.activation,3,dead_fraction,0.6221405069386832
leaky,b8849c0b-dd3c-4291-a15c-75064557f0ae,blocks.layers.0.activation,4,dead_fraction,0.5351229116161523
leaky,b8849c0b-dd3c-4291-a15c-75064557f0ae,blocks.layers.1.activation,4,dead_fraction,0.6233990759187746
leaky,b8849c0b-dd3c-4291-a15c-75064557f0ae,blocks.layers.2.activation,4,dead_fraction,0.631032867109224
leaky,b8849c0b-dd3c-4291-a15c-75064557f0ae,blocks.layers.3.activation,4,dead_fraction,0.6299290572196987
leaky,b8849c0b-dd3c-4291-a15c-75064557f0ae,blocks.layers.0.activation,5,dead_fraction,0.5392481804176864
leaky,b8849c0b-dd3c-4291-a15c-75064557f0ae,blocks.layers.1.activation,5,dead_fraction,0.6386453238529102
leaky,b8849c0b-dd3c-4291-a15c-75064557f0ae,blocks.layers.2.activation,5,dead_fraction,0.6425184715685047
leaky,b8849c0b-dd3c-4291-a15c-75064557f0ae,blocks.layers.3.activation,5,dead_fraction,0.6358201645164444
leaky,b8849c0b-dd3c-4291-a15c-75064557f0ae,blocks.layers.0.activation,6,dead_fraction,0.5435212425732285
leaky,b8849c0b-dd3c-4291-a15c-75064557f0ae,blocks.layers.1.activation,6,dead_fraction,0.6514365333679308
leaky,b8849c0b-dd3c-4291-a15c-75064557f0ae,blocks.layers.2.activation,6,dead_fraction,0.6520619132401195
leaky,b8849c0b-dd3c-4291-a15c-75064557f0ae,blocks.layers.3.activation,6,dead_fraction,0.6405122689808088
leaky,b8849c0b-dd3c-4291-a15c-75064557f0ae,blocks.layers.0.activation,7,dead_fraction,0.5476297901618523
leaky,b8849c0b-dd3c-4291-a15c-75064557f0ae,blocks.layers.1.activation,7,dead_fraction,0.6617649790973426
leaky,b8849c0b-dd3c-4291-a15c-75064557f0ae,blocks.layers.2.activation,7,dead_fraction,0.659667719460467
leaky,b8849c0b-dd3c-4291-a15c-75064557f0ae,blocks.layers.3.activation,7,dead_fraction,0.6441792389145949
leaky,b8849c0b-dd3c-4291-a15c-75064557f0ae,blocks.layers.0.activation,8,dead_fraction,0.5512365610432653
leaky,b8849c0b-dd3c-4291-a15c-75064557f0ae,blocks.layers.1.activation,8,dead_fraction,0.6701238702624718
leaky,b8849c0b-dd3c-4291-a15c-75064557f0ae,blocks.layers.2.activation,8,dead_fraction,0.6657738825133216
leaky,b8849c0b-dd3c-4291-a15c-75064557f0ae,blocks.layers.3.activation,8,dead_fraction,0.6470841493659361
leaky,b8849c0b-dd3c-4291-a15c-75064557f0ae,blocks.layers.0.activation,9,dead_fraction,0.5542350979886446
leaky,b8849c0b-dd3c-4291-a15c-75064557f0ae,blocks.layers.1.activation,9,dead_fraction,0.6769253991676819
leaky,b8849c0b-dd3c-4291-a15c-75064557f0ae,blocks.layers.2.activation,9,dead_fraction,0.6707247194446279
leaky,b8849c0b-dd3c-4291-a15c-75064557f0ae,blocks.layers.3.activation,9,dead_fraction,0.649394860174308
leaky,9a53af31-0a85-4158-bb69-566e9bdfb09e,blocks.layers.0.activation,0,dead_fraction,0.5117783495539873
leaky,9a53af31-0a85-4158-bb69-566e9bdfb09e,blocks.layers.1.activation,0,dead_fraction,0.5251582262779045
leaky,9a53af31-0a85-4158-bb69-566e9bdfb09e,blocks.layers.2.activation,0,dead_fraction,0.523994592160941
leaky,9a53af31-0a85-4158-bb69-566e9bdfb09e,blocks.layers.3.activation,0,dead_fraction,0.5324829167742746
leaky,9a53af31-0a85-4158-bb69-566e9bdfb09e,blocks.layers.0.activation,1,dead_fraction,0.5162456841655473
leaky,9a53af31-0a85-4158-bb69-566e9bdfb09e,blocks.layers.1.activation,1,dead_fraction,0.558676204859574
leaky,9a53af31-0a85-4158-bb69-566e9bdfb09e,blocks.layers.2.activation,1,dead_fraction,0.5721828589659993
leaky,9a53af31-0a85-4158-bb69-566e9bdfb09e,blocks.layers.3.activation,1,dead_fraction,0.5887074025076054
leaky,9a53af31-0a85-4158-bb69-566e9bdfb09e,blocks.layers.0.activation,2,dead_fraction,0.519365870372822
leaky,9a53af31-0a85-4158-bb69-566e9bdfb09e,blocks.layers.1.activation,2,dead_fraction,0.58255273195631
leaky,9a53af31-0a85-4158-bb69-566e9bdfb09e,blocks.layers.2.activation,2,dead_fraction,0.5973579730851795
leaky,9a53af31-0a85-4158-bb69-566e9bdfb09e,blocks.layers.3.activation,2,dead_fraction,0.609398500775103
leaky,9a53af31-0a85-4158-bb69-566e9bdfb09e,blocks.layers.0.activation,3,dead_fraction,0.5227380452206974
leaky,9a53af31-0a85-4158-bb69-566e9bdfb09e,blocks.layers.1.activation,3,dead_fraction,0.603539078048964
leaky,9a53af31-0a85-4158-bb69-566e9bdfb09e,blocks.layers.2.activation,3,dead_fraction,0.6160157808629644
leaky,9a53af31-0a85-4158-bb69-566e9bdfb09e,blocks.layers.3.activation,3,dead_fraction,0.6208976141286491
leaky,9a53af31-0a85-4158-bb69-566e9bdfb09e,blocks.layers.0.activation,4,dead_fraction,0.5268448844923244
leaky,9a53af31-0a85-4158-bb69-566e9bdfb09e,blocks.layers.1.activation,4,dead_fraction,0.6219361590320953
leaky,9a53af31-0a85-4158-bb69-566e9bdfb09e,blocks.layers.2.activation,4,dead_fraction,0.6315569572177222
leaky,9a53af31-0a85-4158-bb69-566e9bdfb09e,blocks.layers.3.activation,4,dead_fraction,0.6288596831182568
leaky,9a53af31-0a85-4158-bb69-566e9bdfb09e,blocks.layers.0.activation,5,dead_fraction,0.5315382651021331
leaky,9a53af31-0a85-4158-bb69-566e9bdfb09e,blocks.layers.1.activation,5,dead_fraction,0.637341484268365
leaky,9a53af31-0a85-4158-bb69-566e9bdfb09e,blocks.layers.2.activation,5,dead_fraction,0.6440766344856679
leaky,9a53af31-0a85-4158-bb69-566e9bdfb09e,blocks.layers.3.activation,5,dead_fraction,0.6345837015132746
leaky,9a53af31-0a85-4158-bb69-566e9bdfb09e,blocks.layers.0.activation,6,dead_fraction,0.5362142646258169
leaky,9a53af31-0a85-4158-bb69-566e9bdfb09e,blocks.layers.1.activation,6,dead_fraction,0.6499336814298566
leaky,9a53af31-0a85-4158-bb69-566e9bdfb09e,blocks.layers.2.activation,6,dead_fraction,0.6540929775402882
leaky,9a53af31-0a85-4158-bb69-566e9bdfb09e,blocks.layers.3.activation,6,dead_fraction,0.6390023230900301
leaky,9a53af31-0a85-4158-bb69-566e9bdfb09e,blocks.layers.0.activation,7,dead_fraction,0.5405852497154283
leaky,9a53af31-0a85-4158-bb69-566e9bdfb09e,blocks.layers.1.activation,7,dead_fraction,0.6602639713427351
leaky,9a53af31-0a85-4158-bb69-566e9bdfb09e,blocks.layers.2.activation,7,dead_fraction,0.662232270126241
leaky,9a53af31-0a85-4158-bb69-566e9bdfb09e,blocks.layers.3.activation,7,dead_fraction,0.6425294512319395
leaky,9a53af31-0a85-4158-bb69-566e9bdfb09e,blocks.layers.0.activation,8,dead_fraction,0.5443894407785943
leaky,9a53af31-0a85-4158-bb69-566e9bdfb09e,blocks.layers.1.activation,8,dead_fraction,0.6686293968526494
leaky,9a53af31-0a85-4158-bb69-566e9bdfb09e,blocks.layers.2.activation,8,dead_fraction,0.6687671317560204
leaky,9a53af31-0a85-4158-bb69-566e9bdfb09e,blocks.layers.3.activation,8,dead_fraction,0.6452919284361255
leaky,9a53af31-0a85-4158-bb69-566e9bdfb09e,blocks.layers.0.activation,9,dead_fraction,0.5475567950472713
leaky,9a53af31-0a85-4158-bb69-566e9bdfb09e,blocks.layers.1.activation,9,dead_fraction,0.6754250043651812
leaky,9a53af31-0a85-4158-bb69-566e9bdfb09e,blocks.layers.2.activation,9,dead_fraction,0.6740019901367269
leaky,9a53af31-0a85-4158-bb69-566e9bdfb09e,blocks.layers.3.activation,9,dead_fraction,0.647511904349955
relu,3e1ae8c5-07f7-4960-b05b-6661c67c7e7b,blocks.layers.0.activation,0,dead_fraction,0.5147236997122442
relu,3e1ae8c5-07f7-4960-b05b-6661c67c7e7b,blocks.layers.1.activation,0,dead_fraction,0.5291279138619365
relu,3e1ae8c5-07f7-4960-b05b-6661c67c7e7b,blocks.layers.2.activation,0,dead_fraction,0.5265872143341553
relu,3e1ae8c5-07f7-4960-b05b-6661c67c7e7b,blocks.layers.3.activation,0,dead_fraction,0.5384597549234845
relu,3e1ae8c5-07f7-4960-b05b-6661c67c7e7b,blocks.layers.0.activation,1,dead_fraction,0.5191107472915242
relu,3e1ae8c5-07f7-4960-b05b-6661c67c7e7b,blocks.layers.1.activation,1,dead_fraction,0.5630027348460676
relu,3e1ae8c5-07f7-4960-b05b-6661c67c7e7b,blocks.layers.2.activation,1,dead_fraction,0.5724422670768249
relu,3e1ae8c5-07f7-4960-b05b-6661c67c7e7b,blocks.layers.3.activation,1,dead_fraction,0.5952144668195596
relu,3e1ae8c5-07f7-4960-b05b-6661c67c7e7b,blocks.layers.0.activation,2,dead_fraction,0.5218744990664445
relu,3e1ae8c5-07f7-4960-b05b-6661c67c7e7b,blocks.layers.1.activation,2,dead_fraction,0.5861142182265312
relu,3e1ae8c5-07f7-4960-b05b-6661c67c7e7b,blocks.layers.2.activation,2,dead_fraction,0.5965930791936311
relu,3e1ae8c5-07f7-4960-b05b-6661c67c7e7b,blocks.layers.3.activation,2,dead_fraction,0.6151459651202635
relu,3e1ae8c5-07f7-4960-b05b-6661c67c7e7b,blocks.layers.0.activation,3,dead_fraction,0.525015988171737
relu,3e1ae8c5-07f7-4960-b05b-6661c67c7e7b,blocks.layers.1.activation,3,dead_fraction,0.6060968932307912
relu,3e1ae8c5-07f7-4960-b05b-6661c67c7e7b,blocks.layers.2.activation,3,dead_fraction,0.6145515652950124
relu,3e1ae8c5-07f7-4960-b05b-6661c67c7e7b,blocks.layers.3.activation,3,dead_fraction,0.6259466684373672
relu,3e1ae8c5-07f7-4960-b05b-6661c67c7e7b,blocks.layers.0.activation,4,dead_fraction,0.5287970465697428
relu,3e1ae8c5-07f7-4960-b05b-6661c67c7e7b,blocks.layers.1.activation,4,dead_fraction,0.6234547803410432
relu,3e1ae8c5-07f7-4960-b05b-6661c67c7e7b,blocks.layers.2.activation,4,dead_fraction,0.6292478434131663
relu,3e1ae8c5-07f7-4960-b05b-6661c67c7e7b,blocks.layers.3.activation,4,dead_fraction,0.6333735180919281
relu,3e1ae8c5-07f7-4960-b05b-6661c67c7e7b,blocks.layers.0.activation,5,dead_fraction,0.5329773322118984
relu,3e1ae8c5-07f7-4960-b05b-6661c67c7e7b,blocks.layers.1.activation,5,dead_fraction,0.6381538435374856
relu,3e1ae8c5-07f7-4960-b05b-6661c67c7e7b,blocks.layers.2.activation,5,dead_fraction,0.6413880233804243
relu,3e1ae8c5-07f7-4960-b05b-6661c67c7e7b,blocks.layers.3.activation,5,dead_fraction,0.6389703733641058
relu,3e1ae8c5-07f7-4960-b05b-6661c67c7e7b,blocks.layers.0.activation,6,dead_fraction,0.5372807831708465
relu,3e1ae8c5-07f7-4960-b05b-6661c67c7e7b,blocks.layers.1.activation,6,dead_fraction,0.6502607525091942
relu,3e1ae8c5-07f7-4960-b05b-6661c67c7e7b,blocks.layers.2.activation,6,dead_fraction,0.6511828474545152
relu,3e1ae8c5-07f7-4960-b05b-6661c67c7e7b,blocks.layers.3.activation,6,dead_fraction,0.6432570012378159
relu,3e1ae8c5-07f7-4960-b05b-6661c67c7e7b,blocks.layers.0.activation,7,dead_fraction,0.5414152222808145
relu,3e1ae8c5-07f7-4960-b05b-6661c67c7e7b,blocks.layers.1.activation,7,dead_fraction,0.6601924517082574
relu,3e1ae8c5-07f7-4960-b05b-6661c67c7e7b,blocks.layers.2.activation,7,dead_fraction,0.6590949491037593
relu,3e1ae8c5-07f7-4960-b05b-6661c67c7e7b,blocks.layers.3.activation,7,dead_fraction,0.6466138231372494
relu,3e1ae8c5-07f7-4960-b05b-6661c67c7e7b,blocks.layers.0.activation,8,dead_fraction,0.5450340001749964
relu,3e1ae8c5-07f7-4960-b05b-6661c67c7e7b,blocks.layers.1.activation,8,dead_fraction,0.6681197200570007
relu,3e1ae8c5-07f7-4960-b05b-6661c67c7e7b,blocks.layers.2.activation,8,dead_fraction,0.6654402701078832
relu,3e1ae8c5-07f7-4960-b05b-6661c67c7e7b,blocks.layers.3.activation,8,dead_fraction,0.6493710339799988
relu,3e1ae8c5-07f7-4960-b05b-6661c67c7e7b,blocks.layers.0.activation,9,dead_fraction,0.5480463122557915
relu,3e1ae8c5-07f7-4960-b05b-6661c67c7e7b,blocks.layers.1.activation,9,dead_fraction,0.6745679095970778
relu,3e1ae8c5-07f7-4960-b05b-6661c67c7e7b,blocks.layers.2.activation,9,dead_fraction,0.6705700233313536
relu,3e1ae8c5-07f7-4960-b05b-6661c67c7e7b,blocks.layers.3.activation,9,dead_fraction,0.651510414703885
relu,9179029f-4ac1-494d-b9e2-9f1e138a9273,blocks.layers.0.activation,0,dead_fraction,0.5124938072258891
relu,9179029f-4ac1-494d-b9e2-9f1e138a9273,blocks.layers.1.activation,0,dead_fraction,0.5142201108864618
relu,9179029f-4ac1-494d-b9e2-9f1e138a9273,blocks.layers.2.activation,0,dead_fraction,0.5226715429821897
relu,9179029f-4ac1-494d-b9e2-9f1e138a9273,blocks.layers.3.activation,0,dead_fraction,0.5409390026988508
relu,9179029f-4ac1-494d-b9e2-9f1e138a9273,blocks.layers.0.activation,1,dead_fraction,0.5180457851640694
relu,9179029f-4ac1-494d-b9e2-9f1e138a9273,blocks.layers.1.activation,1,dead_fraction,0.5508857146700931
relu,9179029f-4ac1-494d-b9e2-9f1e138a9273,blocks.layers.2.activation,1,dead_fraction,0.5666730433596411
relu,9179029f-4ac1-494d-b9e2-9f1e138a9273,blocks.layers.3.activation,1,dead_fraction,0.5884467206391576
relu,9179029f-4ac1-494d-b9e2-9f1e138a9273,blocks.layers.0.activation,2,dead_fraction,0.5219341506595996
relu,9179029f-4ac1-494d-b9e2-9f1e138a9273,blocks.layers.1.activation,2,dead_fraction,0.5738854112715625
relu,9179029f-4ac1-494d-b9e2-9f1e138a9273,blocks.layers.2.activation,2,dead_fraction,0.5893131326243264
relu,9179029f-4ac1-494d-b9e2-9f1e138a9273,blocks.layers.3.activation,2,dead_fraction,0.6068913732983464
relu,9179029f-4ac1-494d-b9e2-9f1e138a9273,blocks.layers.0.activation,3,dead_fraction,0.5256400396815398
relu,9179029f-4ac1-494d-b9e2-9f1e138a9273,blocks.layers.1.activation,3,dead_fraction,0.5942168171083375
relu,9179029f-4ac1-494d-b9e2-9f1e138a9273,blocks.layers.2.activation,3,dead_fraction,0.6063593313150983
relu,9179029f-4ac1-494d-b9e2-9f1e138a9273,blocks.layers.3.activation,3,dead_fraction,0.6172441327911254
relu,9179029f-4ac1-494d-b9e2-9f1e138a9273,blocks.layers.0.activation,4,dead_fraction,0.5296089174060211
relu,9179029f-4ac1-494d-b9e2-9f1e138a9273,blocks.layers.1.activation,4,dead_fraction,0.6118290811246825
relu,9179029f-4ac1-494d-b9e2-9f1e138a9273,blocks.layers.2.activation,4,dead_fraction,0.6204358391914503
relu,9179029f-4ac1-494d-b9e2-9f1e138a9273,blocks.layers.3.activation,4,dead_fraction,0.6245517878345748
relu,9179029f-4ac1-494d-b9e2-9f1e138a9273,blocks.layers.0.activation,5,dead_fraction,0.5339741637556861
relu,9179029f-4ac1-494d-b9e2-9f1e138a9273,blocks.layers.1.activation,5,dead_fraction,0.6271540922060839
relu,9179029f-4ac1-494d-b9e2-9f1e138a9273,blocks.layers.2.activation,5,dead_fraction,0.6324332284333443
relu,9179029f-4ac1-494d-b9e2-9f1e138a9273,blocks.layers.3.activation,5,dead_fraction,0.6302902367615615
relu,9179029f-4ac1-494d-b9e2-9f1e138a9273,blocks.layers.0.activation,6,dead_fraction,0.5383439245233695
relu,9179029f-4ac1-494d-b9e2-9f1e138a9273,blocks.layers.1.activation,6,dead_fraction,0.6399847966617416
relu,9179029f-4ac1-494d-b9e2-9f1e138a9273,blocks.layers.2.activation,6,dead_fraction,0.6421470268765378
relu,9179029f-4ac1-494d-b9e2-9f1e138a9273,blocks.layers.3.activation,6,dead_fraction,0.6345373216957748
relu,9179029f-4ac1-494d-b9e2-9f1e138a9273,blocks.layers.0.activation,7,dead_fraction,0.5425129031689566
relu,9179029f-4ac1-494d-b9e2-9f1e138a9273,blocks.layers.1.activation,7,dead_fraction,0.6502980169876614
relu,9179029f-4ac1-494d-b9e2-9f1e138a9273,blocks.layers.2.activation,7,dead_fraction,0.6499185216384427
relu,9179029f-4ac1-494d-b9e2-9f1e138a9273,blocks.layers.3.activation,7,dead_fraction,0.6379088277918589
relu,9179029f-4ac1-494d-b9e2-9f1e138a9273,blocks.layers.0.activation,8,dead_fraction,0.546118067441226
relu,9179029f-4ac1-494d-b9e2-9f1e138a9273,blocks.layers.1.activation,8,dead_fraction,0.65878413773752
relu,9179029f-4ac1-494d-b9e2-9f1e138a9273,blocks.layers.2.activation,8,dead_fraction,0.6562540296416548
relu,9179029f-4ac1-494d-b9e2-9f1e138a9273,blocks.layers.3.activation,8,dead_fraction,0.6406233160332664
relu,9179029f-4ac1-494d-b9e2-9f1e138a9273,blocks.layers.0.activation,9,dead_fraction,0.5491286345648172
relu,9179029f-4ac1-494d-b9e2-9f1e138a9273,blocks.layers.1.activation,9,dead_fraction,0.6656191622235172
relu,9179029f-4ac1-494d-b9e2-9f1e138a9273,blocks.layers.2.activation,9,dead_fraction,0.6613057234109084
relu,9179029f-4ac1-494d-b9e2-9f1e138a9273,blocks.layers.3.activation,9,dead_fraction,0.6427679952777577
relu,73f0d37f-d085-4836-a854-9ccadc17e034,blocks.layers.0.activation,0,dead_fraction,0.511984425083174
relu,73f0d37f-d085-4836-a854-9ccadc17e034,blocks.layers.1.activation,0,dead_fraction,0.5262746272138005
relu,73f0d37f-d085-4836-a854-9ccadc17e034,blocks.layers.2.activation,0,dead_fraction,0.5255670967475375
relu,73f0d37f-d085-4836-a854-9ccadc17e034,blocks.layers.3.activation,0,dead_fraction,0.534530870006602
relu,73f0d37f-d085-4836-a854-9ccadc17e034,blocks.layers.0.activation,1,dead_fraction,0.5162195075449146
relu,73f0d37f-d085-4836-a854-9ccadc17e034,blocks.layers.1.activation,1,dead_fraction,0.5594164909417094
relu,73f0d37f-d085-4836-a854-9ccadc17e034,blocks.layers.2.activation,1,dead_fraction,0.5734860890700724
relu,73f0d37f-d085-4836-a854-9ccadc17e034,blocks.layers.3.activation,1,dead_fraction,0.5897541930667022
relu,73f0d37f-d085-4836-a854-9ccadc17e034,blocks.layers.0.activation,2,dead_fraction,0.519279044435259
relu,73f0d37f-d085-4836-a854-9ccadc17e034,blocks.layers.1.activation,2,dead_fraction,0.5827101864990107
relu,73f0d37f-d085-4836-a854-9ccadc17e034,blocks.layers.2.activation,2,dead_fraction,0.5981399833378277
relu,73f0d37f-d085-4836-a854-9ccadc17e034,blocks.layers.3.activation,2,dead_fraction,0.6095680279805284
relu,73f0d37f-d085-4836-a854-9ccadc17e034,blocks.layers.0.activation,3,dead_fraction,0.5226281524977225
relu,73f0d37f-d085-4836-a854-9ccadc17e034,blocks.layers.1.activation,3,dead_fraction,0.6034369633079
relu,73f0d37f-d085-4836-a854-9ccadc17e034,blocks.layers.2.activation,3,dead_fraction,0.6168505184591029
relu,73f0d37f-d085-4836-a854-9ccadc17e034,blocks.layers.3.activation,3,dead_fraction,0.6207132784921504
relu,73f0d37f-d085-4836-a854-9ccadc17e034,blocks.layers.0.activation,4,dead_fraction,0.5267451442433422
relu,73f0d37f-d085-4836-a854-9ccadc17e034,blocks.layers.1.activation,4,dead_fraction,0.6215269400980125
relu,73f0d37f-d085-4836-a854-9ccadc17e034,blocks.layers.2.activation,4,dead_fraction,0.6322624477203206
relu,73f0d37f-d085-4836-a854-9ccadc17e034,blocks.layers.3.activation,4,dead_fraction,0.6282693897702092
relu,73f0d37f-d085-4836-a854-9ccadc17e034,blocks.layers.0.activation,5,dead_fraction,0.5314119453956224
relu,73f0d37f-d085-4836-a854-9ccadc17e034,blocks.layers.1.activation,5,dead_fraction,0.6366332865553253
relu,73f0d37f-d085-4836-a854-9ccadc17e034,blocks.layers.2.activation,5,dead_fraction,0.6445777035834244
relu,73f0d37f-d085-4836-a854-9ccadc17e034,blocks.layers.3.activation,5,dead_fraction,0.6337203944139492
relu,73f0d37f-d085-4836-a854-9ccadc17e034,blocks.layers.0.activation,6,dead_fraction,0.5360796541869489
relu,73f0d37f-d085-4836-a854-9ccadc17e034,blocks.layers.1.activation,6,dead_fraction,0.6489762591418725
relu,73f0d37f-d085-4836-a854-9ccadc17e034,blocks.layers.2.activation,6,dead_fraction,0.6543772773931762
relu,73f0d37f-d085-4836-a854-9ccadc17e034,blocks.layers.3.activation,6,dead_fraction,0.6379173614679403
relu,73f0d37f-d085-4836-a854-9ccadc17e034,blocks.layers.0.activation,7,dead_fraction,0.5404266508766765
relu,73f0d37f-d085-4836-a854-9ccadc17e034,blocks.layers.1.activation,7,dead_fraction,0.6590533250167276
relu,73f0d37f-d085-4836-a854-9ccadc17e034,blocks.layers.2.activation,7,dead_fraction,0.66235175225022
relu,73f0d37f-d085-4836-a854-9ccadc17e034,blocks.layers.3.activation,7,dead_fraction,0.6412401927959877
relu,73f0d37f-d085-4836-a854-9ccadc17e034,blocks.layers.0.activation,8,dead_fraction,0.5441994607189324
relu,73f0d37f-d085-4836-a854-9ccadc17e034,blocks.layers.1.activation,8,dead_fraction,0.6672412897108477
relu,73f0d37f-d085-4836-a854-9ccadc17e034,blocks.layers.2.activation,8,dead_fraction,0.6687571730430817
relu,73f0d37f-d085-4836-a854-9ccadc17e034,blocks.layers.3.activation,8,dead_fraction,0.6438398646384466
relu,73f0d37f-d085-4836-a854-9ccadc17e034,blocks.layers.0.activation,9,dead_fraction,0.5473382955344122
relu,73f0d37f-d085-4836-a854-9ccadc17e034,blocks.layers.1.activation,9,dead_fraction,0.6739072929921948
relu,73f0d37f-d085-4836-a854-9ccadc17e034,blocks.layers.2.activation,9,dead_fraction,0.6738979165664347
relu,73f0d37f-d085-4836-a854-9ccadc17e034,blocks.layers.3.activation,9,dead_fraction,0.6459231741063536
relu,5618112f-1004-412b-9bed-785c73a6bae1,blocks.layers.0.activation,0,dead_fraction,0.5235441829810363
relu,5618112f-1004-412b-9bed-785c73a6bae1,blocks.layers.1.activation,0,dead_fraction,0.5242505599595474
relu,5618112f-1004-412b-9bed-785c73a6bae1,blocks.layers.2.activation,0,dead_fraction,0.539204107909016
relu,5618112f-1004-412b-9bed-785c73a6bae1,blocks.layers.3.activation,0,dead_fraction,0.5370094186470602
relu,5618112f-1004-412b-9bed-785c73a6bae1,blocks.layers.0.activation,1,dead_fraction,0.5264623483304876
relu,5618112f-1004-412b-9bed-785c73a6bae1,blocks.layers.1.activation,1,dead_fraction,0.5614533814671201
relu,5618112f-1004-412b-9bed-785c73a6bae1,blocks.layers.2.activation,1,dead_fraction,0.581132833431624
relu,5618112f-1004-412b-9bed-785c73a6bae1,blocks.layers.3.activation,1,dead_fraction,0.5918213003895036
relu,5618112f-1004-412b-9bed-785c73a6bae1,blocks.layers.0.activation,2,dead_fraction,0.5290851518069863
relu,5618112f-1004-412b-9bed-785c73a6bae1,blocks.layers.1.activation,2,dead_fraction,0.5850298397623065
relu,5618112f-1004-412b-9bed-785c73a6bae1,blocks.layers.2.activation,2,dead_fraction,0.6017844411119164
relu,5618112f-1004-412b-9bed-785c73a6bae1,blocks.layers.3.activation,2,dead_fraction,0.6115852059842853
relu,5618112f-1004-412b-9bed-785c73a6bae1,blocks.layers.0.activation,3,dead_fraction,0.5317535670838747
relu,5618112f-1004-412b-9bed-785c73a6bae1,blocks.layers.1.activation,3,dead_fraction,0.6054317060314464
relu,5618112f-1004-412b-9bed-785c73a6bae1,blocks.layers.2.activation,3,dead_fraction,0.6176010915393083
relu,5618112f-1004-412b-9bed-785c73a6bae1,blocks.layers.3.activation,3,dead_fraction,0.6225913284724294
relu,5618112f-1004-412b-9bed-785c73a6bae1,blocks.layers.0.activation,4,dead_fraction,0.5350945718772047
relu,5618112f-1004-412b-9bed-785c73a6bae1,blocks.layers.1.activation,4,dead_fraction,0.623218896380523
relu,5618112f-1004-412b-9bed-785c73a6bae1,blocks.layers.2.activation,4,dead_fraction,0.6310002806347884
relu,5618112f-1004-412b-9bed-785c73a6bae1,blocks.layers.3.activation,4,dead_fraction,0.6301997412141956
relu,5618112f-1004-412b-9bed-785c73a6bae1,blocks.layers.0.activation,5,dead_fraction,0.5390373908186581
relu,5618112f-1004-412b-9bed-785c73a6bae1,blocks.layers.1.activation,5,dead_fraction,0.638354955972443
relu,5618112f-1004-412b-9bed-785c73a6bae1,blocks.layers.2.activation,5,dead_fraction,0.6421050775800594
relu,5618112f-1004-412b-9bed-785c73a6bae1,blocks.layers.3.activation,5,dead_fraction,0.6359277416378578
relu,5618112f-1004-412b-9bed-785c73a6bae1,blocks.layers.0.activation,6,dead_fraction,0.5431612395488737
relu,5618112f-1004-412b-9bed-785c73a6bae1,blocks.layers.1.activation,6,dead_fraction,0.6508937704423751
relu,5618112f-1004-412b-9bed-785c73a6bae1,blocks.layers.2.activation,6,dead_fraction,0.6513042314196821
relu,5618112f-1004-412b-9bed-785c73a6bae1,blocks.layers.3.activation,6,dead_fraction,0.640538833077086
relu,5618112f-1004-412b-9bed-785c73a6bae1,blocks.layers.0.activation,7,dead_fraction,0.5471017840600099
relu,5618112f-1004-412b-9bed-785c73a6bae1,blocks.layers.1.activation,7,dead_fraction,0.6609946692435342
relu,5618112f-1004-412b-9bed-785c73a6bae1,blocks.layers.2.activation,7,dead_fraction,0.658759690423453
relu,5618112f-1004-412b-9bed-785c73a6bae1,blocks.layers.3.activation,7,dead_fraction,0.6441268795219605
relu,5618112f-1004-412b-9bed-785c73a6bae1,blocks.layers.0.activation,8,dead_fraction,0.5505670790334802
relu,5618112f-1004-412b-9bed-785c73a6bae1,blocks.layers.1.activation,8,dead_fraction,0.6691510851744278
relu,5618112f-1004-412b-9bed-785c73a6bae1,blocks.layers.2.activation,8,dead_fraction,0.6647202558034774
relu,5618112f-1004-412b-9bed-785c73a6bae1,blocks.layers.3.activation,8,dead_fraction,0.6469709159546381
relu,5618112f-1004-412b-9bed-785c73a6bae1,blocks.layers.0.activation,9,dead_fraction,0.5534584435279684
relu,5618112f-1004-412b-9bed-785c73a6bae1,blocks.layers.1.activation,9,dead_fraction,0.6758031474737934
relu,5618112f-1004-412b-9bed-785c73a6bae1,blocks.layers.2.activation,9,dead_fraction,0.669541875535483
relu,5618112f-1004-412b-9bed-785c73a6bae1,blocks.layers.3.activation,9,dead_fraction,0.64923259168333
silu,67523e7f-7f35-4b43-a1b1-8a087f9bd085,blocks.layers.0.activation,0,mean,0.1210056222259362
silu,67523e7f-7f35-4b43-a1b1-8a087f9bd085,blocks.layers.0.activation,0,std,0.39859597308439876
silu,67523e7f-7f35-4b43-a1b1-8a087f9bd085,blocks.layers.0.activation,0,skew,1.5372141552989593
silu,67523e7f-7f35-4b43-a1b1-8a087f9bd085,blocks.layers.0.activation,0,kurtosis,5.769085931608261
silu,67523e7f-7f35-4b43-a1b1-8a087f9bd085,blocks.layers.1.activation,0,mean,0.1096080092189575
silu,67523e7f-7f35-4b43-a1b1-8a087f9bd085,blocks.layers.1.activation,0,std,0.37123366143439757
silu,67523e7f-7f35-4b43-a1b1-8a087f9bd085,blocks.layers.1.activation,0,skew,1.4782586059536373
silu,67523e7f-7f35-4b43-a1b1-8a087f9bd085,blocks.layers.1.activation,0,kurtosis,5.620258278694017
silu,67523e7f-7f35-4b43-a1b1-8a087f9bd085,blocks.layers.2.activation,0,mean,0.09548427725336729
silu,67523e7f-7f35-4b43-a1b1-8a087f9bd085,blocks.layers.2.activation,0,std,0.34816163993475024
silu,67523e7f-7f35-4b43-a1b1-8a087f9bd085,blocks.layers.2.activation,0,skew,1.3507472853643614
silu,67523e7f-7f35-4b43-a1b1-8a087f9bd085,blocks.layers.2.activation,0,kurtosis,5.1076837290224235
silu,67523e7f-7f35-4b43-a1b1-8a087f9bd085,blocks.layers.3.activation,0,mean,0.07842968441413391
silu,67523e7f-7f35-4b43-a1b1-8a087f9bd085,blocks.layers.3.activation,0,std,0.33583466260967054
silu,67523e7f-7f35-4b43-a1b1-8a087f9bd085,blocks.layers.3.activation,0,skew,1.3205071259223693
silu,67523e7f-7f35-4b43-a1b1-8a087f9bd085,blocks.layers.3.activation,0,kurtosis,4.934460886856839
silu,67523e7f-7f35-4b43-a1b1-8a087f9bd085,blocks.layers.0.activation,1,mean,0.12303446088768409
silu,67523e7f-7f35-4b43-a1b1-8a087f9bd085,blocks.layers.0.activation,1,std,0.4160550179736017
silu,67523e7f-7f35-4b43-a1b1-8a087f9bd085,blocks.layers.0.activation,1,skew,1.6243234792213848
silu,67523e7f-7f35-4b43-a1b1-8a087f9bd085,blocks.layers.0.activation,1,kurtosis,6.158456834609822
silu,67523e7f-7f35-4b43-a1b1-8a087f9bd085,blocks.layers.1.activation,1,mean,0.09450834278958548
silu,67523e7f-7f35-4b43-a1b1-8a087f9bd085,blocks.layers.1.activation,1,std,0.3782471338612295
silu,67523e7f-7f35-4b43-a1b1-8a087f9bd085,blocks.layers.1.activation,1,skew,1.6484680167296604
silu,67523e7f-7f35-4b43-a1b1-8a087f9bd085,blocks.layers.1.activation,1,kurtosis,6.536604916922138
silu,67523e7f-7f35-4b43-a1b1-8a087f9bd085,blocks.layers.2.activation,1,mean,0.07012911171410431
silu,67523e7f-7f35-4b43-a1b1-8a087f9bd085,blocks.layers.2.activation,1,std,0.3481424694052754
silu,67523e7f-7f35-4b43-a1b1-8a087f9bd085,blocks.layers.2.activation,1,skew,1.576907730823734
silu,67523e7f-7f35-4b43-a1b1-8a087f9bd085,blocks.layers.2.activation,1,kurtosis,6.255635811764999
silu,67523e7f-7f35-4b43-a1b1-8a087f9bd085,blocks.layers.3.activation,1,mean,0.05110307581543763
silu,67523e7f-7f35-4b43-a1b1-8a087f9bd085,blocks.layers.3.activation,1,std,0.3323312520862005
silu,67523e7f-7f35-4b43-a1b1-8a087f9bd085,blocks.layers.3.activation,1,skew,1.5696416664802306
silu,67523e7f-7f35-4b43-a1b1-8a087f9bd085,blocks.layers.3.activation,1,kurtosis,6.183464960271354
silu,67523e7f-7f35-4b43-a1b1-8a087f9bd085,blocks.layers.0.activation,2,mean,0.12311043214684846
silu,67523e7f-7f35-4b43-a1b1-8a087f9bd085,blocks.layers.0.activation,2,std,0.4241435436896997
silu,67523e7f-7f35-4b43-a1b1-8a087f9bd085,blocks.layers.0.activation,2,skew,1.6584301799500398
silu,67523e7f-7f35-4b43-a1b1-8a087f9bd085,blocks.layers.0.activation,2,kurtosis,6.28842604004757
silu,67523e7f-7f35-4b43-a1b1-8a087f9bd085,blocks.layers.1.activation,2,mean,0.08246110128691754
silu,67523e7f-7f35-4b43-a1b1-8a087f9bd085,blocks.layers.1.activation,2,std,0.3769578427417127
silu,67523e7f-7f35-4b43-a1b1-8a087f9bd085,blocks.layers.1.activation,2,skew,1.7223172667187727
silu,67523e7f-7f35-4b43-a1b1-8a087f9bd085,blocks.layers.1.activation,2,kurtosis,6.909518824494747
silu,67523e7f-7f35-4b43-a1b1-8a087f9bd085,blocks.layers.2.activation,2,mean,0.05572815435968366
silu,67523e7f-7f35-4b43-a1b1-8a087f9bd085,blocks.layers.2.activation,2,std,0.3475934069020875
silu,67523e7f-7f35-4b43-a1b1-8a087f9bd085,blocks.layers.2.activation,2,skew,1.6976966638723443
silu,67523e7f-7f35-4b43-a1b1-8a087f9bd085,blocks.layers.2.activation,2,kurtosis,6.891055044613133
silu,67523e7f-7f35-4b43-a1b1-8a087f9bd085,blocks.layers.3.activation,2,mean,0.03642126050130613
silu,67523e7f-7f35-4b43-a1b1-8a087f9bd085,blocks.layers.3.activation,2,std,0.3322155631120216
silu,67523e7f-7f35-4b43-a1b1-8a087f9bd085,blocks.layers.3.activation,2,skew,1.711087915538186
silu,67523e7f-7f35-4b43-a1b1-8a087f9bd085,blocks.layers.3.activation,2,kurtosis,6.944883653419015
silu,67523e7f-7f35-4b43-a1b1-8a087f9bd085,blocks.layers.0.activation,3,mean,0.1219311107573136
silu,67523e7f-7f35-4b43-a1b1-8a087f9bd085,blocks.layers.0.activation,3,std,0.4278079735626106
silu,67523e7f-7f35-4b43-a1b1-8a087f9bd085,blocks.layers.0.activation,3,skew,1.6752773997410337
silu,67523e7f-7f35-4b43-a1b1-8a087f9bd085,blocks.layers.0.activation,3,kurtosis,6.345394829414069
silu,67523e7f-7f35-4b43-a1b1-8a087f9bd085,blocks.layers.1.activation,3,mean,0.07108871944851881
silu,67523e7f-7f35-4b43-a1b1-8a087f9bd085,blocks.layers.1.activation,3,std,0.3723351073846272
silu,67523e7f-7f35-4b43-a1b1-8a087f9bd085,blocks.layers.1.activation,3,skew,1.769581916281337
silu,67523e7f-7f35-4b43-a1b1-8a087f9bd085,blocks.layers.1.activation,3,kurtosis,7.140707092353034
silu,67523e7f-7f35-4b43-a1b1-8a087f9bd085,blocks.layers.2.activation,3,mean,0.04552151491292553
silu,67523e7f-7f35-4b43-a1b1-8a087f9bd085,blocks.layers.2.activation,3,std,0.3463799622599759
silu,67523e7f-7f35-4b43-a1b1-8a087f9bd085,blocks.layers.2.activation,3,skew,1.7742251054884275
silu,67523e7f-7f35-4b43-a1b1-8a087f9bd085,blocks.layers.2.activation,3,kurtosis,7.287610097075697
silu,67523e7f-7f35-4b43-a1b1-8a087f9bd085,blocks.layers.3.activation,3,mean,0.02743797453300282
silu,67523e7f-7f35-4b43-a1b1-8a087f9bd085,blocks.layers.3.activation,3,std,0.33139965903695295
silu,67523e7f-7f35-4b43-a1b1-8a087f9bd085,blocks.layers.3.activation,3,skew,1.8024486963010768
silu,67523e7f-7f35-4b43-a1b1-8a087f9bd085,blocks.layers.3.activation,3,kurtosis,7.483702070136087
silu,67523e7f-7f35-4b43-a1b1-8a087f9bd085,blocks.layers.0.activation,4,mean,0.11953600264847067
silu,67523e7f-7f35-4b43-a1b1-8a087f9bd085,blocks.layers.0.activation,4,std,0.4287941770290571
silu,67523e7f-7f35-4b43-a1b1-8a087f9bd085,blocks.layers.0.activation,4,skew,1.6870941698339061
silu,67523e7f-7f35-4b43-a1b1-8a087f9bd085,blocks.layers.0.activation,4,kurtosis,6.3864504322038425
silu,67523e7f-7f35-4b43-a1b1-8a087f9bd085,blocks.layers.1.activation,4,mean,0.06034151246486185
silu,67523e7f-7f35-4b43-a1b1-8a087f9bd085,blocks.layers.1.activation,4,std,0.36665837689311526
silu,67523e7f-7f35-4b43-a1b1-8a087f9bd085,blocks.layers.1.activation,4,skew,1.80707912020836
silu,67523e7f-7f35-4b43-a1b1-8a087f9bd085,blocks.layers.1.activation,4,kurtosis,7.323520386855373
silu,67523e7f-7f35-4b43-a1b1-8a087f9bd085,blocks.layers.2.activation,4,mean,0.036829728778943444
silu,67523e7f-7f35-4b43-a1b1-8a087f9bd085,blocks.layers.2.activation,4,std,0.344555690862106
silu,67523e7f-7f35-4b43-a1b1-8a087f9bd085,blocks.layers.2.activation,4,skew,1.8341782852423998
silu,67523e7f-7f35-4b43-a1b1-8a087f9bd085,blocks.layers.2.activation,4,kurtosis,7.599828360852822
silu,67523e7f-7f35-4b43-a1b1-8a087f9bd085,blocks.layers.3.activation,4,mean,0.02103073761813045
silu,67523e7f-7f35-4b43-a1b1-8a087f9bd085,blocks.layers.3.activation,4,std,0.330297891767848
silu,67523e7f-7f35-4b43-a1b1-8a087f9bd085,blocks.layers.3.activation,4,skew,1.8689943758194132
silu,67523e7f-7f35-4b43-a1b1-8a087f9bd085,blocks.layers.3.activation,4,kurtosis,7.904173050910977
silu,67523e7f-7f35-4b43-a1b1-8a087f9bd085,blocks.layers.0.activation,5,mean,0.1161223222211021
silu,67523e7f-7f35-4b43-a1b1-8a087f9bd085,blocks.layers.0.activation,5,std,0.42791407046666025
silu,67523e7f-7f35-4b43-a1b1-8a087f9bd085,blocks.layers.0.activation,5,skew,1.6968854836156217
silu,67523e7f-7f35-4b43-a1b1-8a087f9bd085,blocks.layers.0.activation,5,kurtosis,6.423427056587464
silu,67523e7f-7f35-4b43-a1b1-8a087f9bd085,blocks.layers.1.activation,5,mean,0.05009035982846416
silu,67523e7f-7f35-4b43-a1b1-8a087f9bd085,blocks.layers.1.activation,5,std,0.36050687243732077
silu,67523e7f-7f35-4b43-a1b1-8a087f9bd085,blocks.layers.1.activation,5,skew,1.840988634461327
silu,67523e7f-7f35-4b43-a1b1-8a087f9bd085,blocks.layers.1.activation,5,kurtosis,7.495427748769487
silu,67523e7f-7f35-4b43-a1b1-8a087f9bd085,blocks.layers.2.activation,5,mean,0.029056068406020368
silu,67523e7f-7f35-4b43-a1b1-8a087f9bd085,blocks.layers.2.activation,5,std,0.34225380977009034
silu,67523e7f-7f35-4b43-a1b1-8a087f9bd085,blocks.layers.2.activation,5,skew,1.8833355143542534
silu,67523e7f-7f35-4b43-a1b1-8a087f9bd085,blocks.layers.2.activation,5,kurtosis,7.857639964223615
silu,67523e7f-7f35-4b43-a1b1-8a087f9bd085,blocks.layers.3.activation,5,mean,0.016002131858188943
silu,67523e7f-7f35-4b43-a1b1-8a087f9bd085,blocks.layers.3.activation,5,std,0.32917459579068475
silu,67523e7f-7f35-4b43-a1b1-8a087f9bd085,blocks.layers.3.activation,5,skew,1.9208425231110018
silu,67523e7f-7f35-4b43-a1b1-8a087f9bd085,blocks.layers.3.activation,5,kurtosis,8.244471150785154
silu,67523e7f-7f35-4b43-a1b1-8a087f9bd085,blocks.layers.0.activation,6,mean,0.11227119442816004
silu,67523e7f-7f35-4b43-a1b1-8a087f9bd085,blocks.layers.0.activation,6,std,0.4260559055367654
silu,67523e7f-7f35-4b43-a1b1-8a087f9bd085,blocks.layers.0.activation,6,skew,1.7057164038991226
silu,67523e7f-7f35-4b43-a1b1-8a087f9bd085,blocks.layers.0.activation,6,kurtosis,6.459443364097312
silu,67523e7f-7f35-4b43-a1b1-8a087f9bd085,blocks.layers.1.activation,6,mean,0.041195087330027594
silu,67523e7f-7f35-4b43-a1b1-8a087f9bd085,blocks.layers.1.activation,6,std,0.35483027036346515
silu,67523e7f-7f35-4b43-a1b1-8a087f9bd085,blocks.layers.1.activation,6,skew,1.8701259941998993
silu,67523e7f-7f35-4b43-a1b1-8a087f9bd085,blocks.layers.1.activation,6,kurtosis,7.648429919574003
silu,67523e7f-7f35-4b43-a1b1-8a087f9bd085,blocks.layers.2.activation,6,mean,0.02226625093328222
silu,67523e7f-7f35-4b43-a1b1-8a087f9bd085,blocks.layers.2.activation,6,std,0.3397615228928351
silu,67523e7f-7f35-4b43-a1b1-8a087f9bd085,blocks.layers.2.activation,6,skew,1.9236892601167361
silu,67523e7f-7f35-4b43-a1b1-8a087f9bd085,blocks.layers.2.activation,6,kurtosis,8.072499143210655
silu,67523e7f-7f35-4b43-a1b1-8a087f9bd085,blocks.layers.3.activation,6,mean,0.012144318323148858
silu,67523e7f-7f35-4b43-a1b1-8a087f9bd085,blocks.layers.3.activation,6,std,0.3283605451172971
silu,67523e7f-7f35-4b43-a1b1-8a087f9bd085,blocks.layers.3.activation,6,skew,1.960937535514308
silu,67523e7f-7f35-4b43-a1b1-8a087f9bd085,blocks.layers.3.activation,6,kurtosis,8.510763127245028
silu,67523e7f-7f35-4b43-a1b1-8a087f9bd085,blocks.layers.0.activation,7,mean,0.10845663561899997
silu,67523e7f-7f35-4b43-a1b1-8a087f9bd085,blocks.layers.0.activation,7,std,0.4238513844439583
silu,67523e7f-7f35-4b43-a1b1-8a087f9bd085,blocks.layers.0.activation,7,skew,1.7136986152239118
silu,67523e7f-7f35-4b43-a1b1-8a087f9bd085,blocks.layers.0.activation,7,kurtosis,6.493571252797422
silu,67523e7f-7f35-4b43-a1b1-8a087f9bd085,blocks.layers.1.activation,7,mean,0.03382262333308254
silu,67523e7f-7f35-4b43-a1b1-8a087f9bd085,blocks.layers.1.activation,7,std,0.34996478543671994
silu,67523e7f-7f35-4b43-a1b1-8a087f9bd085,blocks.layers.1.activation,7,skew,1.8938432182069351
silu,67523e7f-7f35-4b43-a1b1-8a087f9bd085,blocks.layers.1.activation,7,kurtosis,7.774002353491732
silu,67523e7f-7f35-4b43-a1b1-8a087f9bd085,blocks.layers.2.activation,7,mean,0.01673830855928361
silu,67523e7f-7f35-4b43-a1b1-8a087f9bd085,blocks.layers.2.activation,7,std,0.3375925358783108
silu,67523e7f-7f35-4b43-a1b1-8a087f9bd085,blocks.layers.2.activation,7,skew,1.9557550711245724
silu,67523e7f-7f35-4b43-a1b1-8a087f9bd085,blocks.layers.2.activation,7,kurtosis,8.244141106821889
silu,67523e7f-7f35-4b43-a1b1-8a087f9bd085,blocks.layers.3.activation,7,mean,0.009223440426739156
silu,67523e7f-7f35-4b43-a1b1-8a087f9bd085,blocks.layers.3.activation,7,std,0.32781668660034174
silu,67523e7f-7f35-4b43-a1b1-8a087f9bd085,blocks.layers.3.activation,7,skew,1.99222726934321
silu,67523e7f-7f35-4b43-a1b1-8a087f9bd085,blocks.layers.3.activation,7,kurtosis,8.721315089599942
silu,67523e7f-7f35-4b43-a1b1-8a087f9bd085,blocks.layers.0.activation,8,mean,0.10507948717530323
silu,67523e7f-7f35-4b43-a1b1-8a087f9bd085,blocks.layers.0.activation,8,std,0.4217729260982726
silu,67523e7f-7f35-4b43-a1b1-8a087f9bd085,blocks.layers.0.activation,8,skew,1.7205118394359953
silu,67523e7f-7f35-4b43-a1b1-8a087f9bd085,blocks.layers.0.activation,8,kurtosis,6.523277335131107
silu,67523e7f-7f35-4b43-a1b1-8a087f9bd085,blocks.layers.1.activation,8,mean,0.027733512434975113
silu,67523e7f-7f35-4b43-a1b1-8a087f9bd085,blocks.layers.1.activation,8,std,0.3458711031633403
silu,67523e7f-7f35-4b43-a1b1-8a087f9bd085,blocks.layers.1.activation,8,skew,1.9133799481457898
silu,67523e7f-7f35-4b43-a1b1-8a087f9bd085,blocks.layers.1.activation,8,kurtosis,7.87837888846618
silu,67523e7f-7f35-4b43-a1b1-8a087f9bd085,blocks.layers.2.activation,8,mean,0.012287316337548112
silu,67523e7f-7f35-4b43-a1b1-8a087f9bd085,blocks.layers.2.activation,8,std,0.33580519989706914
silu,67523e7f-7f35-4b43-a1b1-8a087f9bd085,blocks.layers.2.activation,8,skew,1.9813231086485845
silu,67523e7f-7f35-4b43-a1b1-8a087f9bd085,blocks.layers.2.activation,8,kurtosis,8.381140414694638
silu,67523e7f-7f35-4b43-a1b1-8a087f9bd085,blocks.layers.3.activation,8,mean,0.006907028661397968
silu,67523e7f-7f35-4b43-a1b1-8a087f9bd085,blocks.layers.3.activation,8,std,0.3273952057092936
silu,67523e7f-7f35-4b43-a1b1-8a087f9bd085,blocks.layers.3.activation,8,skew,2.017026395183064
silu,67523e7f-7f35-4b43-a1b1-8a087f9bd085,blocks.layers.3.activation,8,kurtosis,8.888456522687804
silu,67523e7f-7f35-4b43-a1b1-8a087f9bd085,blocks.layers.0.activation,9,mean,0.10225520384534398
silu,67523e7f-7f35-4b43-a1b1-8a087f9bd085,blocks.layers.0.activation,9,std,0.41999841192310283
silu,67523e7f-7f35-4b43-a1b1-8a087f9bd085,blocks.layers.0.activation,9,skew,1.7261282835142469
silu,67523e7f-7f35-4b43-a1b1-8a087f9bd085,blocks.layers.0.activation,9,kurtosis,6.5479502691492915
silu,67523e7f-7f35-4b43-a1b1-8a087f9bd085,blocks.layers.1.activation,9,mean,0.022795522868636585
silu,67523e7f-7f35-4b43-a1b1-8a087f9bd085,blocks.layers.1.activation,9,std,0.3425276906982453
silu,67523e7f-7f35-4b43-a1b1-8a087f9bd085,blocks.layers.1.activation,9,skew,1.929162700659864
silu,67523e7f-7f35-4b43-a1b1-8a087f9bd085,blocks.layers.1.activation,9,kurtosis,7.963125631732873
silu,67523e7f-7f35-4b43-a1b1-8a087f9bd085,blocks.layers.2.activation,9,mean,0.008694206195785266
silu,67523e7f-7f35-4b43-a1b1-8a087f9bd085,blocks.layers.2.activation,9,std,0.33434763215487695
silu,67523e7f-7f35-4b43-a1b1-8a087f9bd085,blocks.layers.2.activation,9,skew,2.0018754112762913
silu,67523e7f-7f35-4b43-a1b1-8a087f9bd085,blocks.layers.2.activation,9,kurtosis,8.49127660722495
silu,67523e7f-7f35-4b43-a1b1-8a087f9bd085,blocks.layers.3.activation,9,mean,0.00509192059307744
silu,67523e7f-7f35-4b43-a1b1-8a087f9bd085,blocks.layers.3.activation,9,std,0.32709514851756943
silu,67523e7f-7f35-4b43-a1b1-8a087f9bd085,blocks.layers.3.activation,9,skew,2.0366683355854076
silu,67523e7f-7f35-4b43-a1b1-8a087f9bd085,blocks.layers.3.activation,9,kurtosis,9.020769375244493
silu,4705f87e-adbe-4d8c-900f-0d7e6e52307d,blocks.layers.0.activation,0,mean,0.11134144674416539
silu,4705f87e-adbe-4d8c-900f-0d7e6e52307d,blocks.layers.0.activation,0,std,0.39752858466609253
silu,4705f87e-adbe-4d8c-900f-0d7e6e52307d,blocks.layers.0.activation,0,skew,1.596067695855246
silu,4705f87e-adbe-4d8c-900f-0d7e6e52307d,blocks.layers.0.activation,0,kurtosis,6.105924104032143
silu,4705f87e-adbe-4d8c-900f-0d7e6e52307d,blocks.layers.1.activation,0,mean,0.10940363067218842
silu,4705f87e-adbe-4d8c-900f-0d7e6e52307d,blocks.layers.1.activation,0,std,0.37932766430826953
silu,4705f87e-adbe-4d8c-900f-0d7e6e52307d,blocks.layers.1.activation,0,skew,1.5376616160640513
silu,4705f87e-adbe-4d8c-900f-0d7e6e52307d,blocks.layers.1.activation,0,kurtosis,5.947026682069717
silu,4705f87e-adbe-4d8c-900f-0d7e6e52307d,blocks.layers.2.activation,0,mean,0.08586800846128702
silu,4705f87e-adbe-4d8c-900f-0d7e6e52307d,blocks.layers.2.activation,0,std,0.35085871182386735
silu,4705f87e-adbe-4d8c-900f-0d7e6e52307d,blocks.layers.2.activation,0,skew,1.4304944684072745
silu,4705f87e-adbe-4d8c-900f-0d7e6e52307d,blocks.layers.2.activation,0,kurtosis,5.3366441556991635
silu,4705f87e-adbe-4d8c-900f-0d7e6e52307d,blocks.layers.3.activation,0,mean,0.08209345289555733
silu,4705f87e-adbe-4d8c-900f-0d7e6e52307d,blocks.layers.3.activation,0,std,0.33066703610232906
silu,4705f87e-adbe-4d8c-900f-0d7e6e52307d,blocks.layers.3.activation,0,skew,1.2648296260748895
silu,4705f87e-adbe-4d8c-900f-0d7e6e52307d,blocks.layers.3.activation,0,kurtosis,4.781946133888489
silu,4705f87e-adbe-4d8c-900f-0d7e6e52307d,blocks.layers.0.activation,1,mean,0.11608112702855436
silu,4705f87e-adbe-4d8c-900f-0d7e6e52307d,blocks.layers.0.activation,1,std,0.41466421846477725
silu,4705f87e-adbe-4d8c-900f-0d7e6e52307d,blocks.layers.0.activation,1,skew,1.6683990908687225
silu,4705f87e-adbe-4d8c-900f-0d7e6e52307d,blocks.layers.0.activation,1,kurtosis,6.425333932625441
silu,4705f87e-adbe-4d8c-900f-0d7e6e52307d,blocks.layers.1.activation,1,mean,0.09207290011951932
silu,4705f87e-adbe-4d8c-900f-0d7e6e52307d,blocks.layers.1.activation,1,std,0.37773971538399126
silu,4705f87e-adbe-4d8c-900f-0d7e6e52307d,blocks.layers.1.activation,1,skew,1.6354185599449267
silu,4705f87e-adbe-4d8c-900f-0d7e6e52307d,blocks.layers.1.activation,1,kurtosis,6.383682771933885
silu,4705f87e-adbe-4d8c-900f-0d7e6e52307d,blocks.layers.2.activation,1,mean,0.06294693068345988
silu,4705f87e-adbe-4d8c-900f-0d7e6e52307d,blocks.layers.2.activation,1,std,0.347392315466629
silu,4705f87e-adbe-4d8c-900f-0d7e6e52307d,blocks.layers.2.activation,1,skew,1.6111210953722646
silu,4705f87e-adbe-4d8c-900f-0d7e6e52307d,blocks.layers.2.activation,1,kurtosis,6.287497118274512
silu,4705f87e-adbe-4d8c-900f-0d7e6e52307d,blocks.layers.3.activation,1,mean,0.05085870574619555
silu,4705f87e-adbe-4d8c-900f-0d7e6e52307d,blocks.layers.3.activation,1,std,0.3247979892411644
silu,4705f87e-adbe-4d8c-900f-0d7e6e52307d,blocks.layers.3.activation,1,skew,1.5142112621421067
silu,4705f87e-adbe-4d8c-900f-0d7e6e52307d,blocks.layers.3.activation,1,kurtosis,5.9052297411440104
silu,4705f87e-adbe-4d8c-900f-0d7e6e52307d,blocks.layers.0.activation,2,mean,0.11713787007409623
silu,4705f87e-adbe-4d8c-900f-0d7e6e52307d,blocks.layers.0.activation,2,std,0.4221255102567675
silu,4705f87e-adbe-4d8c-900f-0d7e6e52307d,blocks.layers.0.activation,2,skew,1.6949766771083483
silu,4705f87e-adbe-4d8c-900f-0d7e6e52307d,blocks.layers.0.activation,2,kurtosis,6.518352214410495
silu,4705f87e-adbe-4d8c-900f-0d7e6e52307d,blocks.layers.1.activation,2,mean,0.07883182449944644
silu,4705f87e-adbe-4d8c-900f-0d7e6e52307d,blocks.layers.1.activation,2,std,0.373874668756271
silu,4705f87e-adbe-4d8c-900f-0d7e6e52307d,blocks.layers.1.activation,2,skew,1.7071817303043244
silu,4705f87e-adbe-4d8c-900f-0d7e6e52307d,blocks.layers.1.activation,2,kurtosis,6.765892478494882
silu,4705f87e-adbe-4d8c-900f-0d7e6e52307d,blocks.layers.2.activation,2,mean,0.050166602133776585
silu,4705f87e-adbe-4d8c-900f-0d7e6e52307d,blocks.layers.2.activation,2,std,0.34683753494775
silu,4705f87e-adbe-4d8c-900f-0d7e6e52307d,blocks.layers.2.activation,2,skew,1.7149092632114957
silu,4705f87e-adbe-4d8c-900f-0d7e6e52307d,blocks.layers.2.activation,2,kurtosis,6.826285187459925
silu,4705f87e-adbe-4d8c-900f-0d7e6e52307d,blocks.layers.3.activation,2,mean,0.03579113389553048
silu,4705f87e-adbe-4d8c-900f-0d7e6e52307d,blocks.layers.3.activation,2,std,0.3257205107975664
silu,4705f87e-adbe-4d8c-900f-0d7e6e52307d,blocks.layers.3.activation,2,skew,1.6672878548909478
silu,4705f87e-adbe-4d8c-900f-0d7e6e52307d,blocks.layers.3.activation,2,kurtosis,6.695058200707215
silu,4705f87e-adbe-4d8c-900f-0d7e6e52307d,blocks.layers.0.activation,3,mean,0.11656772853720443
silu,4705f87e-adbe-4d8c-900f-0d7e6e52307d,blocks.layers.0.activation,3,std,0.4252933378361723
silu,4705f87e-adbe-4d8c-900f-0d7e6e52307d,blocks.layers.0.activation,3,skew,1.7067086867378276
silu,4705f87e-adbe-4d8c-900f-0d7e6e52307d,blocks.layers.0.activation,3,kurtosis,6.548258486167392
silu,4705f87e-adbe-4d8c-900f-0d7e6e52307d,blocks.layers.1.activation,3,mean,0.06690338031832938
silu,4705f87e-adbe-4d8c-900f-0d7e6e52307d,blocks.layers.1.activation,3,std,0.3687116722765765
silu,4705f87e-adbe-4d8c-900f-0d7e6e52307d,blocks.layers.1.activation,3,skew,1.7625871767352908
silu,4705f87e-adbe-4d8c-900f-0d7e6e52307d,blocks.layers.1.activation,3,kurtosis,7.073702350630031
silu,4705f87e-adbe-4d8c-900f-0d7e6e52307d,blocks.layers.2.activation,3,mean,0.04002455973887563
silu,4705f87e-adbe-4d8c-900f-0d7e6e52307d,blocks.layers.2.activation,3,std,0.3452549897625348
silu,4705f87e-adbe-4d8c-900f-0d7e6e52307d,blocks.layers.2.activation,3,skew,1.7913785899236958
silu,4705f87e-adbe-4d8c-900f-0d7e6e52307d,blocks.layers.2.activation,3,kurtosis,7.240519677616947
silu,4705f87e-adbe-4d8c-900f-0d7e6e52307d,blocks.layers.3.activation,3,mean,0.026120527005351824
silu,4705f87e-adbe-4d8c-900f-0d7e6e52307d,blocks.layers.3.activation,3,std,0.3251497225074149
silu,4705f87e-adbe-4d8c-900f-0d7e6e52307d,blocks.layers.3.activation,3,skew,1.7662867876664599
silu,4705f87e-adbe-4d8c-900f-0d7e6e52307d,blocks.layers.3.activation,3,kurtosis,7.258148568592886
silu,4705f87e-adbe-4d8c-900f-0d7e6e52307d,blocks.layers.0.activation,4,mean,0.11450896432285207
silu,4705f87e-adbe-4d8c-900f-0d7e6e52307d,blocks.layers.0.activation,4,std,0.42574921518543074
silu,4705f87e-adbe-4d8c-900f-0d7e6e52307d,blocks.layers.0.activation,4,skew,1.7136470503654344
silu,4705f87e-adbe-4d8c-900f-0d7e6e52307d,blocks.layers.0.activation,4,kurtosis,6.561748412665099
silu,4705f87e-adbe-4d8c-900f-0d7e6e52307d,blocks.layers.1.activation,4,mean,0.055398401987694995
silu,4705f87e-adbe-4d8c-900f-0d7e6e52307d,blocks.layers.1.activation,4,std,0.36253947440500406
silu,4705f87e-adbe-4d8c-900f-0d7e6e52307d,blocks.layers.1.activation,4,skew,1.810297224445275
silu,4705f87e-adbe-4d8c-900f-0d7e6e52307d,blocks.layers.1.activation,4,kurtosis,7.345287079318987
silu,4705f87e-adbe-4d8c-900f-0d7e6e52307d,blocks.layers.2.activation,4,mean,0.03093127385591773
silu,4705f87e-adbe-4d8c-900f-0d7e6e52307d,blocks.layers.2.activation,4,std,0.34293935904384104
silu,4705f87e-adbe-4d8c-900f-0d7e6e52307d,blocks.layers.2.activation,4,skew,1.854666852441971
silu,4705f87e-adbe-4d8c-900f-0d7e6e52307d,blocks.layers.2.activation,4,kurtosis,7.59060097453433
silu,4705f87e-adbe-4d8c-900f-0d7e6e52307d,blocks.layers.3.activation,4,mean,0.019204848484449782
silu,4705f87e-adbe-4d8c-900f-0d7e6e52307d,blocks.layers.3.activation,4,std,0.32416990205147084
silu,4705f87e-adbe-4d8c-900f-0d7e6e52307d,blocks.layers.3.activation,4,skew,1.8391009945462182
silu,4705f87e-adbe-4d8c-900f-0d7e6e52307d,blocks.layers.3.activation,4,kurtosis,7.714385685123158
silu,4705f87e-adbe-4d8c-900f-0d7e6e52307d,blocks.layers.0.activation,5,mean,0.11123398616291309
silu,4705f87e-adbe-4d8c-900f-0d7e6e52307d,blocks.layers.0.activation,5,std,0.4244197031627215
silu,4705f87e-adbe-4d8c-900f-0d7e6e52307d,blocks.layers.0.activation,5,skew,1.720063406094679
silu,4705f87e-adbe-4d8c-900f-0d7e6e52307d,blocks.layers.0.activation,5,kurtosis,6.57899391184498
silu,4705f87e-adbe-4d8c-900f-0d7e6e52307d,blocks.layers.1.activation,5,mean,0.044835903742508065
silu,4705f87e-adbe-4d8c-900f-0d7e6e52307d,blocks.layers.1.activation,5,std,0.3561819890379773
silu,4705f87e-adbe-4d8c-900f-0d7e6e52307d,blocks.layers.1.activation,5,skew,1.850947095406013
silu,4705f87e-adbe-4d8c-900f-0d7e6e52307d,blocks.layers.1.activation,5,kurtosis,7.575386192733566
silu,4705f87e-adbe-4d8c-900f-0d7e6e52307d,blocks.layers.2.activation,5,mean,0.02313595795121156
silu,4705f87e-adbe-4d8c-900f-0d7e6e52307d,blocks.layers.2.activation,5,std,0.34050013076735913
silu,4705f87e-adbe-4d8c-900f-0d7e6e52307d,blocks.layers.2.activation,5,skew,1.9072384429854714
silu,4705f87e-adbe-4d8c-900f-0d7e6e52307d,blocks.layers.2.activation,5,kurtosis,7.890226556737228
silu,4705f87e-adbe-4d8c-900f-0d7e6e52307d,blocks.layers.3.activation,5,mean,0.013858376603400181
silu,4705f87e-adbe-4d8c-900f-0d7e6e52307d,blocks.layers.3.activation,5,std,0.3231239820984622
silu,4705f87e-adbe-4d8c-900f-0d7e6e52307d,blocks.layers.3.activation,5,skew,1.8953514303106147
silu,4705f87e-adbe-4d8c-900f-0d7e6e52307d,blocks.layers.3.activation,5,kurtosis,8.084402384282855
silu,4705f87e-adbe-4d8c-900f-0d7e6e52307d,blocks.layers.0.activation,6,mean,0.1076012361258738
silu,4705f87e-adbe-4d8c-900f-0d7e6e52307d,blocks.layers.0.activation,6,std,0.42229245099333024
silu,4705f87e-adbe-4d8c-900f-0d7e6e52307d,blocks.layers.0.activation,6,skew,1.726045615187016
silu,4705f87e-adbe-4d8c-900f-0d7e6e52307d,blocks.layers.0.activation,6,kurtosis,6.598763524061784
silu,4705f87e-adbe-4d8c-900f-0d7e6e52307d,blocks.layers.1.activation,6,mean,0.035682729808019446
silu,4705f87e-adbe-4d8c-900f-0d7e6e52307d,blocks.layers.1.activation,6,std,0.35032531556976587
silu,4705f87e-adbe-4d8c-900f-0d7e6e52307d,blocks.layers.1.activation,6,skew,1.8851228853622304
silu,4705f87e-adbe-4d8c-900f-0d7e6e52307d,blocks.layers.1.activation,6,kurtosis,7.770432662285096
silu,4705f87e-adbe-4d8c-900f-0d7e6e52307d,blocks.layers.2.activation,6,mean,0.016572558245406547
silu,4705f87e-adbe-4d8c-900f-0d7e6e52307d,blocks.layers.2.activation,6,std,0.3381719430603237
silu,4705f87e-adbe-4d8c-900f-0d7e6e52307d,blocks.layers.2.activation,6,skew,1.9503823836927312
silu,4705f87e-adbe-4d8c-900f-0d7e6e52307d,blocks.layers.2.activation,6,kurtosis,8.138820151477885
silu,4705f87e-adbe-4d8c-900f-0d7e6e52307d,blocks.layers.3.activation,6,mean,0.009903012665075815
silu,4705f87e-adbe-4d8c-900f-0d7e6e52307d,blocks.layers.3.activation,6,std,0.322446495279663
silu,4705f87e-adbe-4d8c-900f-0d7e6e52307d,blocks.layers.3.activation,6,skew,1.9380796633520645
silu,4705f87e-adbe-4d8c-900f-0d7e6e52307d,blocks.layers.3.activation,6,kurtosis,8.369456412529182
silu,4705f87e-adbe-4d8c-900f-0d7e6e52307d,blocks.layers.0.activation,7,mean,0.1039797730637827
silu,4705f87e-adbe-4d8c-900f-0d7e6e52307d,blocks.layers.0.activation,7,std,0.41988764206529666
silu,4705f87e-adbe-4d8c-900f-0d7e6e52307d,blocks.layers.0.activation,7,skew,1.7317780787092087
silu,4705f87e-adbe-4d8c-900f-0d7e6e52307d,blocks.layers.0.activation,7,kurtosis,6.620149004077572
silu,4705f87e-adbe-4d8c-900f-0d7e6e52307d,blocks.layers.1.activation,7,mean,0.028189397830832203
silu,4705f87e-adbe-4d8c-900f-0d7e6e52307d,blocks.layers.1.activation,7,std,0.34539555219070484
silu,4705f87e-adbe-4d8c-900f-0d7e6e52307d,blocks.layers.1.activation,7,skew,1.9126434170266486
silu,4705f87e-adbe-4d8c-900f-0d7e6e52307d,blocks.layers.1.activation,7,kurtosis,7.927384271740489
silu,4705f87e-adbe-4d8c-900f-0d7e6e52307d,blocks.layers.2.activation,7,mean,0.011304510690717112
silu,4705f87e-adbe-4d8c-900f-0d7e6e52307d,blocks.layers.2.activation,7,std,0.33627260561600403
silu,4705f87e-adbe-4d8c-900f-0d7e6e52307d,blocks.layers.2.activation,7,skew,1.9851149469083738
silu,4705f87e-adbe-4d8c-900f-0d7e6e52307d,blocks.layers.2.activation,7,kurtosis,8.340586342633406
silu,4705f87e-adbe-4d8c-900f-0d7e6e52307d,blocks.layers.3.activation,7,mean,0.006856911818428162
silu,4705f87e-adbe-4d8c-900f-0d7e6e52307d,blocks.layers.3.activation,7,std,0.32196103962163597
silu,4705f87e-adbe-4d8c-900f-0d7e6e52307d,blocks.layers.3.activation,7,skew,1.971196165314985
silu,4705f87e-adbe-4d8c-900f-0d7e6e52307d,blocks.layers.3.activation,7,kurtosis,8.592172713148212
silu,4705f87e-adbe-4d8c-900f-0d7e6e52307d,blocks.layers.0.activation,8,mean,0.10075485183698663
silu,4705f87e-adbe-4d8c-900f-0d7e6e52307d,blocks.layers.0.activation,8,std,0.4176421663066321
silu,4705f87e-adbe-4d8c-900f-0d7e6e52307d,blocks.layers.0.activation,8,skew,1.7368234734895343
silu,4705f87e-adbe-4d8c-900f-0d7e6e52307d,blocks.layers.0.activation,8,kurtosis,6.6401086796315205
silu,4705f87e-adbe-4d8c-900f-0d7e6e52307d,blocks.layers.1.activation,8,mean,0.022054374039336265
silu,4705f87e-adbe-4d8c-900f-0d7e6e52307d,blocks.layers.1.activation,8,std,0.34130218571558985
silu,4705f87e-adbe-4d8c-900f-0d7e6e52307d,blocks.layers.1.activation,8,skew,1.9351692965210734
silu,4705f87e-adbe-4d8c-900f-0d7e6e52307d,blocks.layers.1.activation,8,kurtosis,8.056554216978435
silu,4705f87e-adbe-4d8c-900f-0d7e6e52307d,blocks.layers.2.activation,8,mean,0.007036704231707156
silu,4705f87e-adbe-4d8c-900f-0d7e6e52307d,blocks.layers.2.activation,8,std,0.3347003048376978
silu,4705f87e-adbe-4d8c-900f-0d7e6e52307d,blocks.layers.2.activation,8,skew,2.013245070296439
silu,4705f87e-adbe-4d8c-900f-0d7e6e52307d,blocks.layers.2.activation,8,kurtosis,8.504932628501871
silu,4705f87e-adbe-4d8c-900f-0d7e6e52307d,blocks.layers.3.activation,8,mean,0.004450946045201355
silu,4705f87e-adbe-4d8c-900f-0d7e6e52307d,blocks.layers.3.activation,8,std,0.32160489670171755
silu,4705f87e-adbe-4d8c-900f-0d7e6e52307d,blocks.layers.3.activation,8,skew,1.9976897688664292
silu,4705f87e-adbe-4d8c-900f-0d7e6e52307d,blocks.layers.3.activation,8,kurtosis,8.77135290718682
silu,4705f87e-adbe-4d8c-900f-0d7e6e52307d,blocks.layers.0.activation,9,mean,0.09803869969267862
silu,4705f87e-adbe-4d8c-900f-0d7e6e52307d,blocks.layers.0.activation,9,std,0.4157249834707071
silu,4705f87e-adbe-4d8c-900f-0d7e6e52307d,blocks.layers.0.activation,9,skew,1.7411037789120793
silu,4705f87e-adbe-4d8c-900f-0d7e6e52307d,blocks.layers.0.activation,9,kurtosis,6.6574190212738475
silu,4705f87e-adbe-4d8c-900f-0d7e6e52307d,blocks.layers.1.activation,9,mean,0.01706569787952552
silu,4705f87e-adbe-4d8c-900f-0d7e6e52307d,blocks.layers.1.activation,9,std,0.3379570315516309
silu,4705f87e-adbe-4d8c-900f-0d7e6e52307d,blocks.layers.1.activation,9,skew,1.953451998378034
silu,4705f87e-adbe-4d8c-900f-0d7e6e52307d,blocks.layers.1.activation,9,kurtosis,8.16144480111336
silu,4705f87e-adbe-4d8c-900f-0d7e6e52307d,blocks.layers.2.activation,9,mean,0.0035566705293034527
silu,4705f87e-adbe-4d8c-900f-0d7e6e52307d,blocks.layers.2.activation,9,std,0.3333840462011815
silu,4705f87e-adbe-4d8c-900f-0d7e6e52307d,blocks.layers.2.activation,9,skew,2.035967587067139
silu,4705f87e-adbe-4d8c-900f-0d7e6e52307d,blocks.layers.2.activation,9,kurtosis,8.638022351689186
silu,4705f87e-adbe-4d8c-900f-0d7e6e52307d,blocks.layers.3.activation,9,mean,0.002534359101782134
silu,4705f87e-adbe-4d8c-900f-0d7e6e52307d,blocks.layers.3.activation,9,std,0.32132527768696906
silu,4705f87e-adbe-4d8c-900f-0d7e6e52307d,blocks.layers.3.activation,9,skew,2.018752966847708
silu,4705f87e-adbe-4d8c-900f-0d7e6e52307d,blocks.layers.3.activation,9,kurtosis,8.913669241450435
silu,efd54770-91a5-4e68-9b56-e4cbf58d3dfd,blocks.layers.0.activation,0,mean,0.12255740513050684
silu,efd54770-91a5-4e68-9b56-e4cbf58d3dfd,blocks.layers.0.activation,0,std,0.3994070565454407
silu,efd54770-91a5-4e68-9b56-e4cbf58d3dfd,blocks.layers.0.activation,0,skew,1.5498699819490154
silu,efd54770-91a5-4e68-9b56-e4cbf58d3dfd,blocks.layers.0.activation,0,kurtosis,5.860975336773964
silu,efd54770-91a5-4e68-9b56-e4cbf58d3dfd,blocks.layers.1.activation,0,mean,0.09865956286836773
silu,efd54770-91a5-4e68-9b56-e4cbf58d3dfd,blocks.layers.1.activation,0,std,0.36770317587223933
silu,efd54770-91a5-4e68-9b56-e4cbf58d3dfd,blocks.layers.1.activation,0,skew,1.4973025746192796
silu,efd54770-91a5-4e68-9b56-e4cbf58d3dfd,blocks.layers.1.activation,0,kurtosis,5.587892472956105
silu,efd54770-91a5-4e68-9b56-e4cbf58d3dfd,blocks.layers.2.activation,0,mean,0.09892769971882322
silu,efd54770-91a5-4e68-9b56-e4cbf58d3dfd,blocks.layers.2.activation,0,std,0.34855077363078035
silu,efd54770-91a5-4e68-9b56-e4cbf58d3dfd,blocks.layers.2.activation,0,skew,1.3327472795371058
silu,efd54770-91a5-4e68-9b56-e4cbf58d3dfd,blocks.layers.2.activation,0,kurtosis,4.972975363510783
silu,efd54770-91a5-4e68-9b56-e4cbf58d3dfd,blocks.layers.3.activation,0,mean,0.08940948128329053
silu,efd54770-91a5-4e68-9b56-e4cbf58d3dfd,blocks.layers.3.activation,0,std,0.33060427082050925
silu,efd54770-91a5-4e68-9b56-e4cbf58d3dfd,blocks.layers.3.activation,0,skew,1.303750919489674
silu,efd54770-91a5-4e68-9b56-e4cbf58d3dfd,blocks.layers.3.activation,0,kurtosis,5.079280643700705
silu,efd54770-91a5-4e68-9b56-e4cbf58d3dfd,blocks.layers.0.activation,1,mean,0.1259094163828473
silu,efd54770-91a5-4e68-9b56-e4cbf58d3dfd,blocks.layers.0.activation,1,std,0.4162636121702335
silu,efd54770-91a5-4e68-9b56-e4cbf58d3dfd,blocks.layers.0.activation,1,skew,1.617018160446683
silu,efd54770-91a5-4e68-9b56-e4cbf58d3dfd,blocks.layers.0.activation,1,kurtosis,6.120404089048664
silu,efd54770-91a5-4e68-9b56-e4cbf58d3dfd,blocks.layers.1.activation,1,mean,0.08707489980736025
silu,efd54770-91a5-4e68-9b56-e4cbf58d3dfd,blocks.layers.1.activation,1,std,0.372485300271533
silu,efd54770-91a5-4e68-9b56-e4cbf58d3dfd,blocks.layers.1.activation,1,skew,1.6133115637344821
silu,efd54770-91a5-4e68-9b56-e4cbf58d3dfd,blocks.layers.1.activation,1,kurtosis,6.148710166008023
silu,efd54770-91a5-4e68-9b56-e4cbf58d3dfd,blocks.layers.2.activation,1,mean,0.07332098718692824
silu,efd54770-91a5-4e68-9b56-e4cbf58d3dfd,blocks.layers.2.activation,1,std,0.3475376025837047
silu,efd54770-91a5-4e68-9b56-e4cbf58d3dfd,blocks.layers.2.activation,1,skew,1.5459498037647097
silu,efd54770-91a5-4e68-9b56-e4cbf58d3dfd,blocks.layers.2.activation,1,kurtosis,6.010678446165607
silu,efd54770-91a5-4e68-9b56-e4cbf58d3dfd,blocks.layers.3.activation,1,mean,0.05601972848627703
silu,efd54770-91a5-4e68-9b56-e4cbf58d3dfd,blocks.layers.3.activation,1,std,0.3239537852183733
silu,efd54770-91a5-4e68-9b56-e4cbf58d3dfd,blocks.layers.3.activation,1,skew,1.524591391302937
silu,efd54770-91a5-4e68-9b56-e4cbf58d3dfd,blocks.layers.3.activation,1,kurtosis,6.063877887573106
silu,efd54770-91a5-4e68-9b56-e4cbf58d3dfd,blocks.layers.0.activation,2,mean,0.12684146770025345
silu,efd54770-91a5-4e68-9b56-e4cbf58d3dfd,blocks.layers.0.activation,2,std,0.4245684826665351
silu,efd54770-91a5-4e68-9b56-e4cbf58d3dfd,blocks.layers.0.activation,2,skew,1.6460585934977232
silu,efd54770-91a5-4e68-9b56-e4cbf58d3dfd,blocks.layers.0.activation,2,kurtosis,6.228480261557184
silu,efd54770-91a5-4e68-9b56-e4cbf58d3dfd,blocks.layers.1.activation,2,mean,0.0774576650492732
silu,efd54770-91a5-4e68-9b56-e4cbf58d3dfd,blocks.layers.1.activation,2,std,0.3717486455299097
silu,efd54770-91a5-4e68-9b56-e4cbf58d3dfd,blocks.layers.1.activation,2,skew,1.6791693148946705
silu,efd54770-91a5-4e68-9b56-e4cbf58d3dfd,blocks.layers.1.activation,2,kurtosis,6.491269350334702
silu,efd54770-91a5-4e68-9b56-e4cbf58d3dfd,blocks.layers.2.activation,2,mean,0.05845527184744888
silu,efd54770-91a5-4e68-9b56-e4cbf58d3dfd,blocks.layers.2.activation,2,std,0.34732814392528616
silu,efd54770-91a5-4e68-9b56-e4cbf58d3dfd,blocks.layers.2.activation,2,skew,1.6678923695112886
silu,efd54770-91a5-4e68-9b56-e4cbf58d3dfd,blocks.layers.2.activation,2,kurtosis,6.636073636556152
silu,efd54770-91a5-4e68-9b56-e4cbf58d3dfd,blocks.layers.3.activation,2,mean,0.03962622947209199
silu,efd54770-91a5-4e68-9b56-e4cbf58d3dfd,blocks.layers.3.activation,2,std,0.32317851902270306
silu,efd54770-91a5-4e68-9b56-e4cbf58d3dfd,blocks.layers.3.activation,2,skew,1.6543517056874675
silu,efd54770-91a5-4e68-9b56-e4cbf58d3dfd,blocks.layers.3.activation,2,kurtosis,6.715359620776465
silu,efd54770-91a5-4e68-9b56-e4cbf58d3dfd,blocks.layers.0.activation,3,mean,0.12618074772276275
silu,efd54770-91a5-4e68-9b56-e4cbf58d3dfd,blocks.layers.0.activation,3,std,0.42824591630379083
silu,efd54770-91a5-4e68-9b56-e4cbf58d3dfd,blocks.layers.0.activation,3,skew,1.6610574020185505
silu,efd54770-91a5-4e68-9b56-e4cbf58d3dfd,blocks.layers.0.activation,3,kurtosis,6.281252375276912
silu,efd54770-91a5-4e68-9b56-e4cbf58d3dfd,blocks.layers.1.activation,3,mean,0.06724407639540068
silu,efd54770-91a5-4e68-9b56-e4cbf58d3dfd,blocks.layers.1.activation,3,std,0.3678343875963915
silu,efd54770-91a5-4e68-9b56-e4cbf58d3dfd,blocks.layers.1.activation,3,skew,1.7300342919563483
silu,efd54770-91a5-4e68-9b56-e4cbf58d3dfd,blocks.layers.1.activation,3,kurtosis,6.767077371318994
silu,efd54770-91a5-4e68-9b56-e4cbf58d3dfd,blocks.layers.2.activation,3,mean,0.047406845902974365
silu,efd54770-91a5-4e68-9b56-e4cbf58d3dfd,blocks.layers.2.activation,3,std,0.34610280185492387
silu,efd54770-91a5-4e68-9b56-e4cbf58d3dfd,blocks.layers.2.activation,3,skew,1.7567788013571946
silu,efd54770-91a5-4e68-9b56-e4cbf58d3dfd,blocks.layers.2.activation,3,kurtosis,7.129441711189908
silu,efd54770-91a5-4e68-9b56-e4cbf58d3dfd,blocks.layers.3.activation,3,mean,0.029215995016386186
silu,efd54770-91a5-4e68-9b56-e4cbf58d3dfd,blocks.layers.3.activation,3,std,0.32183440183808293
silu,efd54770-91a5-4e68-9b56-e4cbf58d3dfd,blocks.layers.3.activation,3,skew,1.7409064723609606
silu,efd54770-91a5-4e68-9b56-e4cbf58d3dfd,blocks.layers.3.activation,3,kurtosis,7.187542831134118
silu,efd54770-91a5-4e68-9b56-e4cbf58d3dfd,blocks.layers.0.activation,4,mean,0.12419507515175911
silu,efd54770-91a5-4e68-9b56-e4cbf58d3dfd,blocks.layers.0.activation,4,std,0.42926144798115967
silu,efd54770-91a5-4e68-9b56-e4cbf58d3dfd,blocks.layers.0.activation,4,skew,1.6711392118413253
silu,efd54770-91a5-4e68-9b56-e4cbf58d3dfd,blocks.layers.0.activation,4,kurtosis,6.317240981105384
silu,efd54770-91a5-4e68-9b56-e4cbf58d3dfd,blocks.layers.1.activation,4,mean,0.057086684392910994
silu,efd54770-91a5-4e68-9b56-e4cbf58d3dfd,blocks.layers.1.activation,4,std,0.3625534341309847
silu,efd54770-91a5-4e68-9b56-e4cbf58d3dfd,blocks.layers.1.activation,4,skew,1.7717763581734112
silu,efd54770-91a5-4e68-9b56-e4cbf58d3dfd,blocks.layers.1.activation,4,kurtosis,6.994349864538878
silu,efd54770-91a5-4e68-9b56-e4cbf58d3dfd,blocks.layers.2.activation,4,mean,0.03797511920227575
silu,efd54770-91a5-4e68-9b56-e4cbf58d3dfd,blocks.layers.2.activation,4,std,0.344225209133481
silu,efd54770-91a5-4e68-9b56-e4cbf58d3dfd,blocks.layers.2.activation,4,skew,1.8283202367321028
silu,efd54770-91a5-4e68-9b56-e4cbf58d3dfd,blocks.layers.2.activation,4,kurtosis,7.538663028058632
silu,efd54770-91a5-4e68-9b56-e4cbf58d3dfd,blocks.layers.3.activation,4,mean,0.022096466885272597
silu,efd54770-91a5-4e68-9b56-e4cbf58d3dfd,blocks.layers.3.activation,4,std,0.32083901229362893
silu,efd54770-91a5-4e68-9b56-e4cbf58d3dfd,blocks.layers.3.activation,4,skew,1.806426502928615
silu,efd54770-91a5-4e68-9b56-e4cbf58d3dfd,blocks.layers.3.activation,4,kurtosis,7.573737098822814
silu,efd54770-91a5-4e68-9b56-e4cbf58d3dfd,blocks.layers.0.activation,5,mean,0.12106255514819003
silu,efd54770-91a5-4e68-9b56-e4cbf58d3dfd,blocks.layers.0.activation,5,std,0.42840491263057656
silu,efd54770-91a5-4e68-9b56-e4cbf58d3dfd,blocks.layers.0.activation,5,skew,1.6792333152936163
silu,efd54770-91a5-4e68-9b56-e4cbf58d3dfd,blocks.layers.0.activation,5,kurtosis,6.347233248492294
silu,efd54770-91a5-4e68-9b56-e4cbf58d3dfd,blocks.layers.1.activation,5,mean,0.04745012839721679
silu,efd54770-91a5-4e68-9b56-e4cbf58d3dfd,blocks.layers.1.activation,5,std,0.3567712930903324
silu,efd54770-91a5-4e68-9b56-e4cbf58d3dfd,blocks.layers.1.activation,5,skew,1.8078125807172747
silu,efd54770-91a5-4e68-9b56-e4cbf58d3dfd,blocks.layers.1.activation,5,kurtosis,7.194265083344664
silu,efd54770-91a5-4e68-9b56-e4cbf58d3dfd,blocks.layers.2.activation,5,mean,0.029913603383601176
silu,efd54770-91a5-4e68-9b56-e4cbf58d3dfd,blocks.layers.2.activation,5,std,0.3421278976271309
silu,efd54770-91a5-4e68-9b56-e4cbf58d3dfd,blocks.layers.2.activation,5,skew,1.8859979371724744
silu,efd54770-91a5-4e68-9b56-e4cbf58d3dfd,blocks.layers.2.activation,5,kurtosis,7.872428583080659
silu,efd54770-91a5-4e68-9b56-e4cbf58d3dfd,blocks.layers.3.activation,5,mean,0.016963981628729082
silu,efd54770-91a5-4e68-9b56-e4cbf58d3dfd,blocks.layers.3.activation,5,std,0.32019785069075957
silu,efd54770-91a5-4e68-9b56-e4cbf58d3dfd,blocks.layers.3.activation,5,skew,1.8576477033882661
silu,efd54770-91a5-4e68-9b56-e4cbf58d3dfd,blocks.layers.3.activation,5,kurtosis,7.89159037450313
silu,efd54770-91a5-4e68-9b56-e4cbf58d3dfd,blocks.layers.0.activation,6,mean,0.11745802082034253
silu,efd54770-91a5-4e68-9b56-e4cbf58d3dfd,blocks.layers.0.activation,6,std,0.42655729253606145
silu,efd54770-91a5-4e68-9b56-e4cbf58d3dfd,blocks.layers.0.activation,6,skew,1.6863413681884556
silu,efd54770-91a5-4e68-9b56-e4cbf58d3dfd,blocks.layers.0.activation,6,kurtosis,6.37540575327095
silu,efd54770-91a5-4e68-9b56-e4cbf58d3dfd,blocks.layers.1.activation,6,mean,0.03899275568270115
silu,efd54770-91a5-4e68-9b56-e4cbf58d3dfd,blocks.layers.1.activation,6,std,0.3513762106677282
silu,efd54770-91a5-4e68-9b56-e4cbf58d3dfd,blocks.layers.1.activation,6,skew,1.8386626682974812
silu,efd54770-91a5-4e68-9b56-e4cbf58d3dfd,blocks.layers.1.activation,6,kurtosis,7.368222407295914
silu,efd54770-91a5-4e68-9b56-e4cbf58d3dfd,blocks.layers.2.activation,6,mean,0.023045960826711
silu,efd54770-91a5-4e68-9b56-e4cbf58d3dfd,blocks.layers.2.activation,6,std,0.3399734835095021
silu,efd54770-91a5-4e68-9b56-e4cbf58d3dfd,blocks.layers.2.activation,6,skew,1.932504145760917
silu,efd54770-91a5-4e68-9b56-e4cbf58d3dfd,blocks.layers.2.activation,6,kurtosis,8.141132926480322
silu,efd54770-91a5-4e68-9b56-e4cbf58d3dfd,blocks.layers.3.activation,6,mean,0.013058916362921608
silu,efd54770-91a5-4e68-9b56-e4cbf58d3dfd,blocks.layers.3.activation,6,std,0.3197961347506754
silu,efd54770-91a5-4e68-9b56-e4cbf58d3dfd,blocks.layers.3.activation,6,skew,1.8984933612488464
silu,efd54770-91a5-4e68-9b56-e4cbf58d3dfd,blocks.layers.3.activation,6,kurtosis,8.151375952746339
silu,efd54770-91a5-4e68-9b56-e4cbf58d3dfd,blocks.layers.0.activation,7,mean,0.11387888891986998
silu,efd54770-91a5-4e68-9b56-e4cbf58d3dfd,blocks.layers.0.activation,7,std,0.42437637233150965
silu,efd54770-91a5-4e68-9b56-e4cbf58d3dfd,blocks.layers.0.activation,7,skew,1.692659166890107
silu,efd54770-91a5-4e68-9b56-e4cbf58d3dfd,blocks.layers.0.activation,7,kurtosis,6.401721656958828
silu,efd54770-91a5-4e68-9b56-e4cbf58d3dfd,blocks.layers.1.activation,7,mean,0.03185234164727369
silu,efd54770-91a5-4e68-9b56-e4cbf58d3dfd,blocks.layers.1.activation,7,std,0.3466657308829014
silu,efd54770-91a5-4e68-9b56-e4cbf58d3dfd,blocks.layers.1.activation,7,skew,1.8645922752143649
silu,efd54770-91a5-4e68-9b56-e4cbf58d3dfd,blocks.layers.1.activation,7,kurtosis,7.516331561519582
silu,efd54770-91a5-4e68-9b56-e4cbf58d3dfd,blocks.layers.2.activation,7,mean,0.017504916271734866
silu,efd54770-91a5-4e68-9b56-e4cbf58d3dfd,blocks.layers.2.activation,7,std,0.3381317311878531
silu,efd54770-91a5-4e68-9b56-e4cbf58d3dfd,blocks.layers.2.activation,7,skew,1.9693715177290805
silu,efd54770-91a5-4e68-9b56-e4cbf58d3dfd,blocks.layers.2.activation,7,kurtosis,8.354996720348813
silu,efd54770-91a5-4e68-9b56-e4cbf58d3dfd,blocks.layers.3.activation,7,mean,0.010027821708716347
silu,efd54770-91a5-4e68-9b56-e4cbf58d3dfd,blocks.layers.3.activation,7,std,0.3195521026704458
silu,efd54770-91a5-4e68-9b56-e4cbf58d3dfd,blocks.layers.3.activation,7,skew,1.9312150081970938
silu,efd54770-91a5-4e68-9b56-e4cbf58d3dfd,blocks.layers.3.activation,7,kurtosis,8.362097323471117
silu,efd54770-91a5-4e68-9b56-e4cbf58d3dfd,blocks.layers.0.activation,8,mean,0.11064598963000455
silu,efd54770-91a5-4e68-9b56-e4cbf58d3dfd,blocks.layers.0.activation,8,std,0.422269228556729
silu,efd54770-91a5-4e68-9b56-e4cbf58d3dfd,blocks.layers.0.activation,8,skew,1.698147162706685
silu,efd54770-91a5-4e68-9b56-e4cbf58d3dfd,blocks.layers.0.activation,8,kurtosis,6.425314272001545
silu,efd54770-91a5-4e68-9b56-e4cbf58d3dfd,blocks.layers.1.activation,8,mean,0.026039045398681956
silu,efd54770-91a5-4e68-9b56-e4cbf58d3dfd,blocks.layers.1.activation,8,std,0.3427759057850474
silu,efd54770-91a5-4e68-9b56-e4cbf58d3dfd,blocks.layers.1.activation,8,skew,1.885372037282335
silu,efd54770-91a5-4e68-9b56-e4cbf58d3dfd,blocks.layers.1.activation,8,kurtosis,7.634867423794024
silu,efd54770-91a5-4e68-9b56-e4cbf58d3dfd,blocks.layers.2.activation,8,mean,0.013064751602373281
silu,efd54770-91a5-4e68-9b56-e4cbf58d3dfd,blocks.layers.2.activation,8,std,0.3366357019456695
silu,efd54770-91a5-4e68-9b56-e4cbf58d3dfd,blocks.layers.2.activation,8,skew,1.9985358732498035
silu,efd54770-91a5-4e68-9b56-e4cbf58d3dfd,blocks.layers.2.activation,8,kurtosis,8.523203668503857
silu,efd54770-91a5-4e68-9b56-e4cbf58d3dfd,blocks.layers.3.activation,8,mean,0.007653548808093456
silu,efd54770-91a5-4e68-9b56-e4cbf58d3dfd,blocks.layers.3.activation,8,std,0.3194063864143637
silu,efd54770-91a5-4e68-9b56-e4cbf58d3dfd,blocks.layers.3.activation,8,skew,1.9573124831681574
silu,efd54770-91a5-4e68-9b56-e4cbf58d3dfd,blocks.layers.3.activation,8,kurtosis,8.53057301935352
silu,efd54770-91a5-4e68-9b56-e4cbf58d3dfd,blocks.layers.0.activation,9,mean,0.10793721076114322
silu,efd54770-91a5-4e68-9b56-e4cbf58d3dfd,blocks.layers.0.activation,9,std,0.4204713101157799
silu,efd54770-91a5-4e68-9b56-e4cbf58d3dfd,blocks.layers.0.activation,9,skew,1.7026920412783098
silu,efd54770-91a5-4e68-9b56-e4cbf58d3dfd,blocks.layers.0.activation,9,kurtosis,6.445030132986048
silu,efd54770-91a5-4e68-9b56-e4cbf58d3dfd,blocks.layers.1.activation,9,mean,0.02128497588436471
silu,efd54770-91a5-4e68-9b56-e4cbf58d3dfd,blocks.layers.1.activation,9,std,0.3395689753756421
silu,efd54770-91a5-4e68-9b56-e4cbf58d3dfd,blocks.layers.1.activation,9,skew,1.9022480610426635
silu,efd54770-91a5-4e68-9b56-e4cbf58d3dfd,blocks.layers.1.activation,9,kurtosis,7.731231005929967
silu,efd54770-91a5-4e68-9b56-e4cbf58d3dfd,blocks.layers.2.activation,9,mean,0.009459787056470324
silu,efd54770-91a5-4e68-9b56-e4cbf58d3dfd,blocks.layers.2.activation,9,std,0.3354035707648555
silu,efd54770-91a5-4e68-9b56-e4cbf58d3dfd,blocks.layers.2.activation,9,skew,2.0221125609934116
silu,efd54770-91a5-4e68-9b56-e4cbf58d3dfd,blocks.layers.2.activation,9,kurtosis,8.65951721125226
silu,efd54770-91a5-4e68-9b56-e4cbf58d3dfd,blocks.layers.3.activation,9,mean,0.005759957337940642
silu,efd54770-91a5-4e68-9b56-e4cbf58d3dfd,blocks.layers.3.activation,9,std,0.3193159533976675
silu,efd54770-91a5-4e68-9b56-e4cbf58d3dfd,blocks.layers.3.activation,9,skew,1.9784792952902377
silu,efd54770-91a5-4e68-9b56-e4cbf58d3dfd,blocks.layers.3.activation,9,kurtosis,8.667824849284841
silu,86da18d5-f2c0-4f7c-a5b2-842d4d3573f6,blocks.layers.0.activation,0,mean,0.12478892863114957
silu,86da18d5-f2c0-4f7c-a5b2-842d4d3573f6,blocks.layers.0.activation,0,std,0.40200952822711694
silu,86da18d5-f2c0-4f7c-a5b2-842d4d3573f6,blocks.layers.0.activation,0,skew,1.5767982328489583
silu,86da18d5-f2c0-4f7c-a5b2-842d4d3573f6,blocks.layers.0.activation,0,kurtosis,6.025658480213206
silu,86da18d5-f2c0-4f7c-a5b2-842d4d3573f6,blocks.layers.1.activation,0,mean,0.10330726590763208
silu,86da18d5-f2c0-4f7c-a5b2-842d4d3573f6,blocks.layers.1.activation,0,std,0.3686322352733408
silu,86da18d5-f2c0-4f7c-a5b2-842d4d3573f6,blocks.layers.1.activation,0,skew,1.4418507941677052
silu,86da18d5-f2c0-4f7c-a5b2-842d4d3573f6,blocks.layers.1.activation,0,kurtosis,5.34003668068991
silu,86da18d5-f2c0-4f7c-a5b2-842d4d3573f6,blocks.layers.2.activation,0,mean,0.09033647522966633
silu,86da18d5-f2c0-4f7c-a5b2-842d4d3573f6,blocks.layers.2.activation,0,std,0.34138125809994646
silu,86da18d5-f2c0-4f7c-a5b2-842d4d3573f6,blocks.layers.2.activation,0,skew,1.3453122517392304
silu,86da18d5-f2c0-4f7c-a5b2-842d4d3573f6,blocks.layers.2.activation,0,kurtosis,5.1011088208371635
silu,86da18d5-f2c0-4f7c-a5b2-842d4d3573f6,blocks.layers.3.activation,0,mean,0.08350974087374702
silu,86da18d5-f2c0-4f7c-a5b2-842d4d3573f6,blocks.layers.3.activation,0,std,0.3339144219800603
silu,86da18d5-f2c0-4f7c-a5b2-842d4d3573f6,blocks.layers.3.activation,0,skew,1.2956322251265584
silu,86da18d5-f2c0-4f7c-a5b2-842d4d3573f6,blocks.layers.3.activation,0,kurtosis,4.799873905249762
silu,86da18d5-f2c0-4f7c-a5b2-842d4d3573f6,blocks.layers.0.activation,1,mean,0.12651296478308394
silu,86da18d5-f2c0-4f7c-a5b2-842d4d3573f6,blocks.layers.0.activation,1,std,0.41766388282529543
silu,86da18d5-f2c0-4f7c-a5b2-842d4d3573f6,blocks.layers.0.activation,1,skew,1.6562492293819413
silu,86da18d5-f2c0-4f7c-a5b2-842d4d3573f6,blocks.layers.0.activation,1,kurtosis,6.409805691539181
silu,86da18d5-f2c0-4f7c-a5b2-842d4d3573f6,blocks.layers.1.activation,1,mean,0.0884289623791637
silu,86da18d5-f2c0-4f7c-a5b2-842d4d3573f6,blocks.layers.1.activation,1,std,0.36993551909583816
silu,86da18d5-f2c0-4f7c-a5b2-842d4d3573f6,blocks.layers.1.activation,1,skew,1.5756368982834323
silu,86da18d5-f2c0-4f7c-a5b2-842d4d3573f6,blocks.layers.1.activation,1,kurtosis,6.000893264478636
silu,86da18d5-f2c0-4f7c-a5b2-842d4d3573f6,blocks.layers.2.activation,1,mean,0.0660577309467031
silu,86da18d5-f2c0-4f7c-a5b2-842d4d3573f6,blocks.layers.2.activation,1,std,0.3401322978658566
silu,86da18d5-f2c0-4f7c-a5b2-842d4d3573f6,blocks.layers.2.activation,1,skew,1.538642404130345
silu,86da18d5-f2c0-4f7c-a5b2-842d4d3573f6,blocks.layers.2.activation,1,kurtosis,5.975634160839366
silu,86da18d5-f2c0-4f7c-a5b2-842d4d3573f6,blocks.layers.3.activation,1,mean,0.051698598798589776
silu,86da18d5-f2c0-4f7c-a5b2-842d4d3573f6,blocks.layers.3.activation,1,std,0.32485236866914885
silu,86da18d5-f2c0-4f7c-a5b2-842d4d3573f6,blocks.layers.3.activation,1,skew,1.5251302813507908
silu,86da18d5-f2c0-4f7c-a5b2-842d4d3573f6,blocks.layers.3.activation,1,kurtosis,5.922754158753093
silu,86da18d5-f2c0-4f7c-a5b2-842d4d3573f6,blocks.layers.0.activation,2,mean,0.12588333090146384
silu,86da18d5-f2c0-4f7c-a5b2-842d4d3573f6,blocks.layers.0.activation,2,std,0.42450561383666996
silu,86da18d5-f2c0-4f7c-a5b2-842d4d3573f6,blocks.layers.0.activation,2,skew,1.686535302006053
silu,86da18d5-f2c0-4f7c-a5b2-842d4d3573f6,blocks.layers.0.activation,2,kurtosis,6.532173039650154
silu,86da18d5-f2c0-4f7c-a5b2-842d4d3573f6,blocks.layers.1.activation,2,mean,0.07717309114418279
silu,86da18d5-f2c0-4f7c-a5b2-842d4d3573f6,blocks.layers.1.activation,2,std,0.3683115936776484
silu,86da18d5-f2c0-4f7c-a5b2-842d4d3573f6,blocks.layers.1.activation,2,skew,1.6531699058706932
silu,86da18d5-f2c0-4f7c-a5b2-842d4d3573f6,blocks.layers.1.activation,2,kurtosis,6.403219924985585
silu,86da18d5-f2c0-4f7c-a5b2-842d4d3573f6,blocks.layers.2.activation,2,mean,0.052636443290413136
silu,86da18d5-f2c0-4f7c-a5b2-842d4d3573f6,blocks.layers.2.activation,2,std,0.3415716640064
silu,86da18d5-f2c0-4f7c-a5b2-842d4d3573f6,blocks.layers.2.activation,2,skew,1.6669311233545396
silu,86da18d5-f2c0-4f7c-a5b2-842d4d3573f6,blocks.layers.2.activation,2,kurtosis,6.6451450491573745
silu,86da18d5-f2c0-4f7c-a5b2-842d4d3573f6,blocks.layers.3.activation,2,mean,0.03702298375372725
silu,86da18d5-f2c0-4f7c-a5b2-842d4d3573f6,blocks.layers.3.activation,2,std,0.32522514235732747
silu,86da18d5-f2c0-4f7c-a5b2-842d4d3573f6,blocks.layers.3.activation,2,skew,1.6622666320625432
silu,86da18d5-f2c0-4f7c-a5b2-842d4d3573f6,blocks.layers.3.activation,2,kurtosis,6.6481456502052385
silu,86da18d5-f2c0-4f7c-a5b2-842d4d3573f6,blocks.layers.0.activation,3,mean,0.12398487322854401
silu,86da18d5-f2c0-4f7c-a5b2-842d4d3573f6,blocks.layers.0.activation,3,std,0.4272628520718674
silu,86da18d5-f2c0-4f7c-a5b2-842d4d3573f6,blocks.layers.0.activation,3,skew,1.6999760244664772
silu,86da18d5-f2c0-4f7c-a5b2-842d4d3573f6,blocks.layers.0.activation,3,kurtosis,6.568830624593959
silu,86da18d5-f2c0-4f7c-a5b2-842d4d3573f6,blocks.layers.1.activation,3,mean,0.0665401740851431
silu,86da18d5-f2c0-4f7c-a5b2-842d4d3573f6,blocks.layers.1.activation,3,std,0.36430645042445714
silu,86da18d5-f2c0-4f7c-a5b2-842d4d3573f6,blocks.layers.1.activation,3,skew,1.707485382879332
silu,86da18d5-f2c0-4f7c-a5b2-842d4d3573f6,blocks.layers.1.activation,3,kurtosis,6.693342032381648
silu,86da18d5-f2c0-4f7c-a5b2-842d4d3573f6,blocks.layers.2.activation,3,mean,0.04244531885572888
silu,86da18d5-f2c0-4f7c-a5b2-842d4d3573f6,blocks.layers.2.activation,3,std,0.34132247742045335
silu,86da18d5-f2c0-4f7c-a5b2-842d4d3573f6,blocks.layers.2.activation,3,skew,1.753663468403324
silu,86da18d5-f2c0-4f7c-a5b2-842d4d3573f6,blocks.layers.2.activation,3,kurtosis,7.110951283224113
silu,86da18d5-f2c0-4f7c-a5b2-842d4d3573f6,blocks.layers.3.activation,3,mean,0.02767116827253048
silu,86da18d5-f2c0-4f7c-a5b2-842d4d3573f6,blocks.layers.3.activation,3,std,0.32487802329839677
silu,86da18d5-f2c0-4f7c-a5b2-842d4d3573f6,blocks.layers.3.activation,3,skew,1.7526750647830793
silu,86da18d5-f2c0-4f7c-a5b2-842d4d3573f6,blocks.layers.3.activation,3,kurtosis,7.162101649304726
silu,86da18d5-f2c0-4f7c-a5b2-842d4d3573f6,blocks.layers.0.activation,4,mean,0.12106598022781657
silu,86da18d5-f2c0-4f7c-a5b2-842d4d3573f6,blocks.layers.0.activation,4,std,0.42770969315016466
silu,86da18d5-f2c0-4f7c-a5b2-842d4d3573f6,blocks.layers.0.activation,4,skew,1.7085897783367658
silu,86da18d5-f2c0-4f7c-a5b2-842d4d3573f6,blocks.layers.0.activation,4,kurtosis,6.587566433088635
silu,86da18d5-f2c0-4f7c-a5b2-842d4d3573f6,blocks.layers.1.activation,4,mean,0.05600373415391166
silu,86da18d5-f2c0-4f7c-a5b2-842d4d3573f6,blocks.layers.1.activation,4,std,0.35905078037438487
silu,86da18d5-f2c0-4f7c-a5b2-842d4d3573f6,blocks.layers.1.activation,4,skew,1.7526734294416217
silu,86da18d5-f2c0-4f7c-a5b2-842d4d3573f6,blocks.layers.1.activation,4,kurtosis,6.938646586340093
silu,86da18d5-f2c0-4f7c-a5b2-842d4d3573f6,blocks.layers.2.activation,4,mean,0.03362958214565879
silu,86da18d5-f2c0-4f7c-a5b2-842d4d3573f6,blocks.layers.2.activation,4,std,0.3401635469796396
silu,86da18d5-f2c0-4f7c-a5b2-842d4d3573f6,blocks.layers.2.activation,4,skew,1.821063601504017
silu,86da18d5-f2c0-4f7c-a5b2-842d4d3573f6,blocks.layers.2.activation,4,kurtosis,7.474292997787856
silu,86da18d5-f2c0-4f7c-a5b2-842d4d3573f6,blocks.layers.3.activation,4,mean,0.020935772349583597
silu,86da18d5-f2c0-4f7c-a5b2-842d4d3573f6,blocks.layers.3.activation,4,std,0.324293677078023
silu,86da18d5-f2c0-4f7c-a5b2-842d4d3573f6,blocks.layers.3.activation,4,skew,1.8215525753133237
silu,86da18d5-f2c0-4f7c-a5b2-842d4d3573f6,blocks.layers.3.activation,4,kurtosis,7.582345246759598
silu,86da18d5-f2c0-4f7c-a5b2-842d4d3573f6,blocks.layers.0.activation,5,mean,0.11738228465155351
silu,86da18d5-f2c0-4f7c-a5b2-842d4d3573f6,blocks.layers.0.activation,5,std,0.42657330071388866
silu,86da18d5-f2c0-4f7c-a5b2-842d4d3573f6,blocks.layers.0.activation,5,skew,1.715514124571075
silu,86da18d5-f2c0-4f7c-a5b2-842d4d3573f6,blocks.layers.0.activation,5,kurtosis,6.6030040135163
silu,86da18d5-f2c0-4f7c-a5b2-842d4d3573f6,blocks.layers.1.activation,5,mean,0.04616802109497561
silu,86da18d5-f2c0-4f7c-a5b2-842d4d3573f6,blocks.layers.1.activation,5,std,0.3534793223196368
silu,86da18d5-f2c0-4f7c-a5b2-842d4d3573f6,blocks.layers.1.activation,5,skew,1.7922045063859344
silu,86da18d5-f2c0-4f7c-a5b2-842d4d3573f6,blocks.layers.1.activation,5,kurtosis,7.156800810552577
silu,86da18d5-f2c0-4f7c-a5b2-842d4d3573f6,blocks.layers.2.activation,5,mean,0.025800904676098146
silu,86da18d5-f2c0-4f7c-a5b2-842d4d3573f6,blocks.layers.2.activation,5,std,0.33846277081118
silu,86da18d5-f2c0-4f7c-a5b2-842d4d3573f6,blocks.layers.2.activation,5,skew,1.8771088266146423
silu,86da18d5-f2c0-4f7c-a5b2-842d4d3573f6,blocks.layers.2.activation,5,kurtosis,7.781447811341653
silu,86da18d5-f2c0-4f7c-a5b2-842d4d3573f6,blocks.layers.3.activation,5,mean,0.015914530173306365
silu,86da18d5-f2c0-4f7c-a5b2-842d4d3573f6,blocks.layers.3.activation,5,std,0.32379177530408654
silu,86da18d5-f2c0-4f7c-a5b2-842d4d3573f6,blocks.layers.3.activation,5,skew,1.8754262824146208
silu,86da18d5-f2c0-4f7c-a5b2-842d4d3573f6,blocks.layers.3.activation,5,kurtosis,7.928988325214046
silu,86da18d5-f2c0-4f7c-a5b2-842d4d3573f6,blocks.layers.0.activation,6,mean,0.11334172395745934
silu,86da18d5-f2c0-4f7c-a5b2-842d4d3573f6,blocks.layers.0.activation,6,std,0.4245748247936662
silu,86da18d5-f2c0-4f7c-a5b2-842d4d3573f6,blocks.layers.0.activation,6,skew,1.7222228202349532
silu,86da18d5-f2c0-4f7c-a5b2-842d4d3573f6,blocks.layers.0.activation,6,kurtosis,6.622041852327549
silu,86da18d5-f2c0-4f7c-a5b2-842d4d3573f6,blocks.layers.1.activation,6,mean,0.037594105433136904
silu,86da18d5-f2c0-4f7c-a5b2-842d4d3573f6,blocks.layers.1.activation,6,std,0.3482984792449247
silu,86da18d5-f2c0-4f7c-a5b2-842d4d3573f6,blocks.layers.1.activation,6,skew,1.8256334689406495
silu,86da18d5-f2c0-4f7c-a5b2-842d4d3573f6,blocks.layers.1.activation,6,kurtosis,7.342668273694999
silu,86da18d5-f2c0-4f7c-a5b2-842d4d3573f6,blocks.layers.2.activation,6,mean,0.01909390607742217
silu,86da18d5-f2c0-4f7c-a5b2-842d4d3573f6,blocks.layers.2.activation,6,std,0.33661273508212597
silu,86da18d5-f2c0-4f7c-a5b2-842d4d3573f6,blocks.layers.2.activation,6,skew,1.9233781526582037
silu,86da18d5-f2c0-4f7c-a5b2-842d4d3573f6,blocks.layers.2.activation,6,kurtosis,8.039372736267106
silu,86da18d5-f2c0-4f7c-a5b2-842d4d3573f6,blocks.layers.3.activation,6,mean,0.012155031677379947
silu,86da18d5-f2c0-4f7c-a5b2-842d4d3573f6,blocks.layers.3.activation,6,std,0.32355201417101737
silu,86da18d5-f2c0-4f7c-a5b2-842d4d3573f6,blocks.layers.3.activation,6,skew,1.9182641684675676
silu,86da18d5-f2c0-4f7c-a5b2-842d4d3573f6,blocks.layers.3.activation,6,kurtosis,8.211267247076378
silu,86da18d5-f2c0-4f7c-a5b2-842d4d3573f6,blocks.layers.0.activation,7,mean,0.10938168841072779
silu,86da18d5-f2c0-4f7c-a5b2-842d4d3573f6,blocks.layers.0.activation,7,std,0.42227770001417536
silu,86da18d5-f2c0-4f7c-a5b2-842d4d3573f6,blocks.layers.0.activation,7,skew,1.728525591755677
silu,86da18d5-f2c0-4f7c-a5b2-842d4d3573f6,blocks.layers.0.activation,7,kurtosis,6.64236348994686
silu,86da18d5-f2c0-4f7c-a5b2-842d4d3573f6,blocks.layers.1.activation,7,mean,0.03040484516175807
silu,86da18d5-f2c0-4f7c-a5b2-842d4d3573f6,blocks.layers.1.activation,7,std,0.3437824100296282
silu,86da18d5-f2c0-4f7c-a5b2-842d4d3573f6,blocks.layers.1.activation,7,skew,1.8532940129686506
silu,86da18d5-f2c0-4f7c-a5b2-842d4d3573f6,blocks.layers.1.activation,7,kurtosis,7.498794568603149
silu,86da18d5-f2c0-4f7c-a5b2-842d4d3573f6,blocks.layers.2.activation,7,mean,0.013730468613305083
silu,86da18d5-f2c0-4f7c-a5b2-842d4d3573f6,blocks.layers.2.activation,7,std,0.3350513410592643
silu,86da18d5-f2c0-4f7c-a5b2-842d4d3573f6,blocks.layers.2.activation,7,skew,1.959848148436733
silu,86da18d5-f2c0-4f7c-a5b2-842d4d3573f6,blocks.layers.2.activation,7,kurtosis,8.243450864990411
silu,86da18d5-f2c0-4f7c-a5b2-842d4d3573f6,blocks.layers.3.activation,7,mean,0.00929344203953752
silu,86da18d5-f2c0-4f7c-a5b2-842d4d3573f6,blocks.layers.3.activation,7,std,0.3234378249554034
silu,86da18d5-f2c0-4f7c-a5b2-842d4d3573f6,blocks.layers.3.activation,7,skew,1.9516759788703664
silu,86da18d5-f2c0-4f7c-a5b2-842d4d3573f6,blocks.layers.3.activation,7,kurtosis,8.432615957014077
silu,86da18d5-f2c0-4f7c-a5b2-842d4d3573f6,blocks.layers.0.activation,8,mean,0.10582848169283698
silu,86da18d5-f2c0-4f7c-a5b2-842d4d3573f6,blocks.layers.0.activation,8,std,0.42007780864135724
silu,86da18d5-f2c0-4f7c-a5b2-842d4d3573f6,blocks.layers.0.activation,8,skew,1.7340854816448081
silu,86da18d5-f2c0-4f7c-a5b2-842d4d3573f6,blocks.layers.0.activation,8,kurtosis,6.661292030670841
silu,86da18d5-f2c0-4f7c-a5b2-842d4d3573f6,blocks.layers.1.activation,8,mean,0.024554236530067584
silu,86da18d5-f2c0-4f7c-a5b2-842d4d3573f6,blocks.layers.1.activation,8,std,0.340029390157944
silu,86da18d5-f2c0-4f7c-a5b2-842d4d3573f6,blocks.layers.1.activation,8,skew,1.8752566508126853
silu,86da18d5-f2c0-4f7c-a5b2-842d4d3573f6,blocks.layers.1.activation,8,kurtosis,7.62191778098514
silu,86da18d5-f2c0-4f7c-a5b2-842d4d3573f6,blocks.layers.2.activation,8,mean,0.009335969017182106
silu,86da18d5-f2c0-4f7c-a5b2-842d4d3573f6,blocks.layers.2.activation,8,std,0.33368130174480864
silu,86da18d5-f2c0-4f7c-a5b2-842d4d3573f6,blocks.layers.2.activation,8,skew,1.9892355290831856
silu,86da18d5-f2c0-4f7c-a5b2-842d4d3573f6,blocks.layers.2.activation,8,kurtosis,8.408689465151328
silu,86da18d5-f2c0-4f7c-a5b2-842d4d3573f6,blocks.layers.3.activation,8,mean,0.006965551824350499
silu,86da18d5-f2c0-4f7c-a5b2-842d4d3573f6,blocks.layers.3.activation,8,std,0.32332132895872534
silu,86da18d5-f2c0-4f7c-a5b2-842d4d3573f6,blocks.layers.3.activation,8,skew,1.978637894536724
silu,86da18d5-f2c0-4f7c-a5b2-842d4d3573f6,blocks.layers.3.activation,8,kurtosis,8.612341738067723
silu,86da18d5-f2c0-4f7c-a5b2-842d4d3573f6,blocks.layers.0.activation,9,mean,0.10285460713229994
silu,86da18d5-f2c0-4f7c-a5b2-842d4d3573f6,blocks.layers.0.activation,9,std,0.41820128239642196
silu,86da18d5-f2c0-4f7c-a5b2-842d4d3573f6,blocks.layers.0.activation,9,skew,1.7387428478838285
silu,86da18d5-f2c0-4f7c-a5b2-842d4d3573f6,blocks.layers.0.activation,9,kurtosis,6.677546512189709
silu,86da18d5-f2c0-4f7c-a5b2-842d4d3573f6,blocks.layers.1.activation,9,mean,0.019815022168146904
silu,86da18d5-f2c0-4f7c-a5b2-842d4d3573f6,blocks.layers.1.activation,9,std,0.3369697040179463
silu,86da18d5-f2c0-4f7c-a5b2-842d4d3573f6,blocks.layers.1.activation,9,skew,1.8930636288432463
silu,86da18d5-f2c0-4f7c-a5b2-842d4d3573f6,blocks.layers.1.activation,9,kurtosis,7.722378322323022
silu,86da18d5-f2c0-4f7c-a5b2-842d4d3573f6,blocks.layers.2.activation,9,mean,0.005804013945735569
silu,86da18d5-f2c0-4f7c-a5b2-842d4d3573f6,blocks.layers.2.activation,9,std,0.33258340121036906
silu,86da18d5-f2c0-4f7c-a5b2-842d4d3573f6,blocks.layers.2.activation,9,skew,2.012902230130396
silu,86da18d5-f2c0-4f7c-a5b2-842d4d3573f6,blocks.layers.2.activation,9,kurtosis,8.541916713680662
silu,86da18d5-f2c0-4f7c-a5b2-842d4d3573f6,blocks.layers.3.activation,9,mean,0.005145285604330023
silu,86da18d5-f2c0-4f7c-a5b2-842d4d3573f6,blocks.layers.3.activation,9,std,0.32327599373661475
silu,86da18d5-f2c0-4f7c-a5b2-842d4d3573f6,blocks.layers.3.activation,9,skew,2.0001998120991784
silu,86da18d5-f2c0-4f7c-a5b2-842d4d3573f6,blocks.layers.3.activation,9,kurtosis,8.75618765125071
tanh,f80b8aa2-c3b9-4157-996b-6c7b84466755,blocks.layers.0.activation,0,tanh_saturation_pre,1.6969293886232206e-09
tanh,f80b8aa2-c3b9-4157-996b-6c7b84466755,blocks.layers.0.activation,0,tanh_saturation_post,0.0001737193280691778
tanh,f80b8aa2-c3b9-4157-996b-6c7b84466755,blocks.layers.1.activation,0,tanh_saturation_pre,0.0
tanh,f80b8aa2-c3b9-4157-996b-6c7b84466755,blocks.layers.1.activation,0,tanh_saturation_post,8.910576219660532e-05
tanh,f80b8aa2-c3b9-4157-996b-6c7b84466755,blocks.layers.2.activation,0,tanh_saturation_pre,0.0
tanh,f80b8aa2-c3b9-4157-996b-6c7b84466755,blocks.layers.2.activation,0,tanh_saturation_post,6.109115491982457e-05
tanh,f80b8aa2-c3b9-4157-996b-6c7b84466755,blocks.layers.3.activation,0,tanh_saturation_pre,0.0
tanh,f80b8aa2-c3b9-4157-996b-6c7b84466755,blocks.layers.3.activation,0,tanh_saturation_post,8.408751776209929e-05
tanh,f80b8aa2-c3b9-4157-996b-6c7b84466755,blocks.layers.0.activation,1,tanh_saturation_pre,3.181742603668539e-09
tanh,f80b8aa2-c3b9-4157-996b-6c7b84466755,blocks.layers.0.activation,1,tanh_saturation_post,0.00019043874910293525
tanh,f80b8aa2-c3b9-4157-996b-6c7b84466755,blocks.layers.1.activation,1,tanh_saturation_pre,6.957410493355204e-07
tanh,f80b8aa2-c3b9-4157-996b-6c7b84466755,blocks.layers.1.activation,1,tanh_saturation_post,0.00041889720115797374
tanh,f80b8aa2-c3b9-4157-996b-6c7b84466755,blocks.layers.2.activation,1,tanh_saturation_pre,4.4210313477974344e-05
tanh,f80b8aa2-c3b9-4157-996b-6c7b84466755,blocks.layers.2.activation,1,tanh_saturation_post,0.0012270116721183803
tanh,f80b8aa2-c3b9-4157-996b-6c7b84466755,blocks.layers.3.activation,1,tanh_saturation_pre,3.699369702050694e-05
tanh,f80b8aa2-c3b9-4157-996b-6c7b84466755,blocks.layers.3.activation,1,tanh_saturation_post,0.0017645223284955551
tanh,f80b8aa2-c3b9-4157-996b-6c7b84466755,blocks.layers.0.activation,2,tanh_saturation_pre,6.646306772107614e-09
tanh,f80b8aa2-c3b9-4157-996b-6c7b84466755,blocks.layers.0.activation,2,tanh_saturation_post,0.0002533743248574109
tanh,f80b8aa2-c3b9-4157-996b-6c7b84466755,blocks.layers.1.activation,2,tanh_saturation_pre,5.460435951024754e-06
tanh,f80b8aa2-c3b9-4157-996b-6c7b84466755,blocks.layers.1.activation,2,tanh_saturation_post,0.0009831891506733562
tanh,f80b8aa2-c3b9-4157-996b-6c7b84466755,blocks.layers.2.activation,2,tanh_saturation_pre,0.00010891203919905077
tanh,f80b8aa2-c3b9-4157-996b-6c7b84466755,blocks.layers.2.activation,2,tanh_saturation_post,0.002530701785466566
tanh,f80b8aa2-c3b9-4157-996b-6c7b84466755,blocks.layers.3.activation,2,tanh_saturation_pre,6.375448559526871e-05
tanh,f80b8aa2-c3b9-4157-996b-6c7b84466755,blocks.layers.3.activation,2,tanh_saturation_post,0.003286991679371464
tanh,f80b8aa2-c3b9-4157-996b-6c7b84466755,blocks.layers.0.activation,3,tanh_saturation_pre,2.2484314399257674e-08
tanh,f80b8aa2-c3b9-4157-996b-6c7b84466755,blocks.layers.0.activation,3,tanh_saturation_post,0.0003289326866326383
tanh,f80b8aa2-c3b9-4157-996b-6c7b84466755,blocks.layers.1.activation,3,tanh_saturation_pre,1.0063215506882854e-05
tanh,f80b8aa2-c3b9-4157-996b-6c7b84466755,blocks.layers.1.activation,3,tanh_saturation_post,0.0014913239088771182
tanh,f80b8aa2-c3b9-4157-996b-6c7b84466755,blocks.layers.2.activation,3,tanh_saturation_pre,0.00012549015550850974
tanh,f80b8aa2-c3b9-4157-996b-6c7b84466755,blocks.layers.2.activation,3,tanh_saturation_post,0.003357021621962035
tanh,f80b8aa2-c3b9-4157-996b-6c7b84466755,blocks.layers.3.activation,3,tanh_saturation_pre,7.297994827460564e-05
tanh,f80b8aa2-c3b9-4157-996b-6c7b84466755,blocks.layers.3.activation,3,tanh_saturation_post,0.004090323142733863
tanh,f80b8aa2-c3b9-4157-996b-6c7b84466755,blocks.layers.0.activation,4,tanh_saturation_pre,5.0653342250403136e-08
tanh,f80b8aa2-c3b9-4157-996b-6c7b84466755,blocks.layers.0.activation,4,tanh_saturation_post,0.00040625864076444687
tanh,f80b8aa2-c3b9-4157-996b-6c7b84466755,blocks.layers.1.activation,4,tanh_saturation_pre,1.5524273665350102e-05
tanh,f80b8aa2-c3b9-4157-996b-6c7b84466755,blocks.layers.1.activation,4,tanh_saturation_post,0.00194662474228394
tanh,f80b8aa2-c3b9-4157-996b-6c7b84466755,blocks.layers.2.activation,4,tanh_saturation_pre,0.00013492684347349553
tanh,f80b8aa2-c3b9-4157-996b-6c7b84466755,blocks.layers.2.activation,4,tanh_saturation_post,0.004038712986847684
tanh,f80b8aa2-c3b9-4157-996b-6c7b84466755,blocks.layers.3.activation,4,tanh_saturation_pre,8.148510685170672e-05
tanh,f80b8aa2-c3b9-4157-996b-6c7b84466755,blocks.layers.3.activation,4,tanh_saturation_post,0.004648894856408822
tanh,f80b8aa2-c3b9-4157-996b-6c7b84466755,blocks.layers.0.activation,5,tanh_saturation_pre,8.618987186382108e-08
tanh,f80b8aa2-c3b9-4157-996b-6c7b84466755,blocks.layers.0.activation,5,tanh_saturation_post,0.00048027322809891343
tanh,f80b8aa2-c3b9-4157-996b-6c7b84466755,blocks.layers.1.activation,5,tanh_saturation_pre,2.179118944939628e-05
tanh,f80b8aa2-c3b9-4157-996b-6c7b84466755,blocks.layers.1.activation,5,tanh_saturation_post,0.0023580831282220844
tanh,f80b8aa2-c3b9-4157-996b-6c7b84466755,blocks.layers.2.activation,5,tanh_saturation_pre,0.00014567785274374387
tanh,f80b8aa2-c3b9-4157-996b-6c7b84466755,blocks.layers.2.activation,5,tanh_saturation_post,0.004660830732483598
tanh,f80b8aa2-c3b9-4157-996b-6c7b84466755,blocks.layers.3.activation,5,tanh_saturation_pre,8.919244700620749e-05
tanh,f80b8aa2-c3b9-4157-996b-6c7b84466755,blocks.layers.3.activation,5,tanh_saturation_post,0.005081633656050387
tanh,f80b8aa2-c3b9-4157-996b-6c7b84466755,blocks.layers.0.activation,6,tanh_saturation_pre,1.2430007771665092e-07
tanh,f80b8aa2-c3b9-4157-996b-6c7b84466755,blocks.layers.0.activation,6,tanh_saturation_post,0.0005427920763784699
tanh,f80b8aa2-c3b9-4157-996b-6c7b84466755,blocks.layers.1.activation,6,tanh_saturation_pre,2.7801885056992623e-05
tanh,f80b8aa2-c3b9-4157-996b-6c7b84466755,blocks.layers.1.activation,6,tanh_saturation_post,0.002703535841634932
tanh,f80b8aa2-c3b9-4157-996b-6c7b84466755,blocks.layers.2.activation,6,tanh_saturation_pre,0.0001591954306411937
tanh,f80b8aa2-c3b9-4157-996b-6c7b84466755,blocks.layers.2.activation,6,tanh_saturation_post,0.0052229261786185
tanh,f80b8aa2-c3b9-4157-996b-6c7b84466755,blocks.layers.3.activation,6,tanh_saturation_pre,9.719223677960519e-05
tanh,f80b8aa2-c3b9-4157-996b-6c7b84466755,blocks.layers.3.activation,6,tanh_saturation_post,0.005443909777925896
tanh,f80b8aa2-c3b9-4157-996b-6c7b84466755,blocks.layers.0.activation,7,tanh_saturation_pre,1.6507941208700268e-07
tanh,f80b8aa2-c3b9-4157-996b-6c7b84466755,blocks.layers.0.activation,7,tanh_saturation_post,0.0005943893962059157
tanh,f80b8aa2-c3b9-4157-996b-6c7b84466755,blocks.layers.1.activation,7,tanh_saturation_pre,3.313084938347976e-05
tanh,f80b8aa2-c3b9-4157-996b-6c7b84466755,blocks.layers.1.activation,7,tanh_saturation_post,0.0029844160181771817
tanh,f80b8aa2-c3b9-4157-996b-6c7b84466755,blocks.layers.2.activation,7,tanh_saturation_pre,0.000172266173193039
tanh,f80b8aa2-c3b9-4157-996b-6c7b84466755,blocks.layers.2.activation,7,tanh_saturation_post,0.005698234267082079
tanh,f80b8aa2-c3b9-4157-996b-6c7b84466755,blocks.layers.3.activation,7,tanh_saturation_pre,0.00010363985635207641
tanh,f80b8aa2-c3b9-4157-996b-6c7b84466755,blocks.layers.3.activation,7,tanh_saturation_post,0.005734893138722593
tanh,f80b8aa2-c3b9-4157-996b-6c7b84466755,blocks.layers.0.activation,8,tanh_saturation_pre,1.9679667215283184e-07
tanh,f80b8aa2-c3b9-4157-996b-6c7b84466755,blocks.layers.0.activation,8,tanh_saturation_post,0.0006360560360988075
tanh,f80b8aa2-c3b9-4157-996b-6c7b84466755,blocks.layers.1.activation,8,tanh_saturation_pre,3.778354694551986e-05
tanh,f80b8aa2-c3b9-4157-996b-6c7b84466755,blocks.layers.1.activation,8,tanh_saturation_post,0.003215791821809756
tanh,f80b8aa2-c3b9-4157-996b-6c7b84466755,blocks.layers.2.activation,8,tanh_saturation_pre,0.0001851444708212132
tanh,f80b8aa2-c3b9-4157-996b-6c7b84466755,blocks.layers.2.activation,8,tanh_saturation_post,0.006103542398774798
tanh,f80b8aa2-c3b9-4157-996b-6c7b84466755,blocks.layers.3.activation,8,tanh_saturation_pre,0.00010956219883953078
tanh,f80b8aa2-c3b9-4157-996b-6c7b84466755,blocks.layers.3.activation,8,tanh_saturation_post,0.005980999208618502
tanh,f80b8aa2-c3b9-4157-996b-6c7b84466755,blocks.layers.0.activation,9,tanh_saturation_pre,2.2284925196094445e-07
tanh,f80b8aa2-c3b9-4157-996b-6c7b84466755,blocks.layers.0.activation,9,tanh_saturation_post,0.0006697272066543959
tanh,f80b8aa2-c3b9-4157-996b-6c7b84466755,blocks.layers.1.activation,9,tanh_saturation_pre,4.150837765893902e-05
tanh,f80b8aa2-c3b9-4157-996b-6c7b84466755,blocks.layers.1.activation,9,tanh_saturation_post,0.0034021722040142453
tanh,f80b8aa2-c3b9-4157-996b-6c7b84466755,blocks.layers.2.activation,9,tanh_saturation_pre,0.00019529302773526556
tanh,f80b8aa2-c3b9-4157-996b-6c7b84466755,blocks.layers.2.activation,9,tanh_saturation_post,0.006428808673845067
tanh,f80b8aa2-c3b9-4157-996b-6c7b84466755,blocks.layers.3.activation,9,tanh_saturation_pre,0.00011405741192692116
tanh,f80b8aa2-c3b9-4157-996b-6c7b84466755,blocks.layers.3.activation,9,tanh_saturation_post,0.0061765019155481955
tanh,9c5c5f67-9358-45dc-a262-b8632fd8822e,blocks.layers.0.activation,0,tanh_saturation_pre,0.0
tanh,9c5c5f67-9358-45dc-a262-b8632fd8822e,blocks.layers.0.activation,0,tanh_saturation_post,0.00012030296054174891
tanh,9c5c5f67-9358-45dc-a262-b8632fd8822e,blocks.layers.1.activation,0,tanh_saturation_pre,2.969626430090636e-09
tanh,9c5c5f67-9358-45dc-a262-b8632fd8822e,blocks.layers.1.activation,0,tanh_saturation_post,0.0001198307899393645
tanh,9c5c5f67-9358-45dc-a262-b8632fd8822e,blocks.layers.2.activation,0,tanh_saturation_pre,2.7575102565127336e-08
tanh,9c5c5f67-9358-45dc-a262-b8632fd8822e,blocks.layers.2.activation,0,tanh_saturation_post,0.00023706655061117696
tanh,9c5c5f67-9358-45dc-a262-b8632fd8822e,blocks.layers.3.activation,0,tanh_saturation_pre,0.0
tanh,9c5c5f67-9358-45dc-a262-b8632fd8822e,blocks.layers.3.activation,0,tanh_saturation_post,4.606102709244154e-05
tanh,9c5c5f67-9358-45dc-a262-b8632fd8822e,blocks.layers.0.activation,1,tanh_saturation_pre,3.393858777246441e-09
tanh,9c5c5f67-9358-45dc-a262-b8632fd8822e,blocks.layers.0.activation,1,tanh_saturation_post,0.00016857932895103807
tanh,9c5c5f67-9358-45dc-a262-b8632fd8822e,blocks.layers.1.activation,1,tanh_saturation_pre,7.006197213278122e-07
tanh,9c5c5f67-9358-45dc-a262-b8632fd8822e,blocks.layers.1.activation,1,tanh_saturation_post,0.0006375045538797073
tanh,9c5c5f67-9358-45dc-a262-b8632fd8822e,blocks.layers.2.activation,1,tanh_saturation_pre,2.108689304772645e-05
tanh,9c5c5f67-9358-45dc-a262-b8632fd8822e,blocks.layers.2.activation,1,tanh_saturation_post,0.0017084740234863715
tanh,9c5c5f67-9358-45dc-a262-b8632fd8822e,blocks.layers.3.activation,1,tanh_saturation_pre,1.2094227868891272e-05
tanh,9c5c5f67-9358-45dc-a262-b8632fd8822e,blocks.layers.3.activation,1,tanh_saturation_post,0.0015375045694914578
tanh,9c5c5f67-9358-45dc-a262-b8632fd8822e,blocks.layers.0.activation,2,tanh_saturation_pre,1.9797509533937573e-08
tanh,9c5c5f67-9358-45dc-a262-b8632fd8822e,blocks.layers.0.activation,2,tanh_saturation_post,0.00024371144327546072
tanh,9c5c5f67-9358-45dc-a262-b8632fd8822e,blocks.layers.1.activation,2,tanh_saturation_pre,2.9471421156913785e-06
tanh,9c5c5f67-9358-45dc-a262-b8632fd8822e,blocks.layers.1.activation,2,tanh_saturation_post,0.0011585563385896694
tanh,9c5c5f67-9358-45dc-a262-b8632fd8822e,blocks.layers.2.activation,2,tanh_saturation_pre,6.242635552710626e-05
tanh,9c5c5f67-9358-45dc-a262-b8632fd8822e,blocks.layers.2.activation,2,tanh_saturation_post,0.003204561920211267
tanh,9c5c5f67-9358-45dc-a262-b8632fd8822e,blocks.layers.3.activation,2,tanh_saturation_pre,3.084946923125823e-05
tanh,9c5c5f67-9358-45dc-a262-b8632fd8822e,blocks.layers.3.activation,2,tanh_saturation_post,0.0029228976612837715
tanh,9c5c5f67-9358-45dc-a262-b8632fd8822e,blocks.layers.0.activation,3,tanh_saturation_pre,5.143817209264138e-08
tanh,9c5c5f67-9358-45dc-a262-b8632fd8822e,blocks.layers.0.activation,3,tanh_saturation_post,0.00033575137314847356
tanh,9c5c5f67-9358-45dc-a262-b8632fd8822e,blocks.layers.1.activation,3,tanh_saturation_pre,7.260100273050872e-06
tanh,9c5c5f67-9358-45dc-a262-b8632fd8822e,blocks.layers.1.activation,3,tanh_saturation_post,0.0016619020085317808
tanh,9c5c5f67-9358-45dc-a262-b8632fd8822e,blocks.layers.2.activation,3,tanh_saturation_pre,9.942553221543064e-05
tanh,9c5c5f67-9358-45dc-a262-b8632fd8822e,blocks.layers.2.activation,3,tanh_saturation_post,0.004238976808629427
tanh,9c5c5f67-9358-45dc-a262-b8632fd8822e,blocks.layers.3.activation,3,tanh_saturation_pre,3.930608148676645e-05
tanh,9c5c5f67-9358-45dc-a262-b8632fd8822e,blocks.layers.3.activation,3,tanh_saturation_post,0.003699154722308773
tanh,9c5c5f67-9358-45dc-a262-b8632fd8822e,blocks.layers.0.activation,4,tanh_saturation_pre,1.0393692505317226e-07
tanh,9c5c5f67-9358-45dc-a262-b8632fd8822e,blocks.layers.0.activation,4,tanh_saturation_post,0.00042864962404733027
tanh,9c5c5f67-9358-45dc-a262-b8632fd8822e,blocks.layers.1.activation,4,tanh_saturation_pre,1.2162826239426366e-05
tanh,9c5c5f67-9358-45dc-a262-b8632fd8822e,blocks.layers.1.activation,4,tanh_saturation_post,0.0021120038321009735
tanh,9c5c5f67-9358-45dc-a262-b8632fd8822e,blocks.layers.2.activation,4,tanh_saturation_pre,0.00012514862725743195
tanh,9c5c5f67-9358-45dc-a262-b8632fd8822e,blocks.layers.2.activation,4,tanh_saturation_post,0.00497024262927181
tanh,9c5c5f67-9358-45dc-a262-b8632fd8822e,blocks.layers.3.activation,4,tanh_saturation_pre,4.313272089296389e-05
tanh,9c5c5f67-9358-45dc-a262-b8632fd8822e,blocks.layers.3.activation,4,tanh_saturation_post,0.0041754059095823895
tanh,9c5c5f67-9358-45dc-a262-b8632fd8822e,blocks.layers.0.activation,5,tanh_saturation_pre,1.544912797559057e-07
tanh,9c5c5f67-9358-45dc-a262-b8632fd8822e,blocks.layers.0.activation,5,tanh_saturation_post,0.0005116297963958052
tanh,9c5c5f67-9358-45dc-a262-b8632fd8822e,blocks.layers.1.activation,5,tanh_saturation_pre,1.756442116390061e-05
tanh,9c5c5f67-9358-45dc-a262-b8632fd8822e,blocks.layers.1.activation,5,tanh_saturation_post,0.0025022661982906248
tanh,9c5c5f67-9358-45dc-a262-b8632fd8822e,blocks.layers.2.activation,5,tanh_saturation_pre,0.00015267478755077576
tanh,9c5c5f67-9358-45dc-a262-b8632fd8822e,blocks.layers.2.activation,5,tanh_saturation_post,0.005617832515304765
tanh,9c5c5f67-9358-45dc-a262-b8632fd8822e,blocks.layers.3.activation,5,tanh_saturation_pre,4.69311276364581e-05
tanh,9c5c5f67-9358-45dc-a262-b8632fd8822e,blocks.layers.3.activation,5,tanh_saturation_post,0.004575534223237496
tanh,9c5c5f67-9358-45dc-a262-b8632fd8822e,blocks.layers.0.activation,6,tanh_saturation_pre,1.987225523319836e-07
tanh,9c5c5f67-9358-45dc-a262-b8632fd8822e,blocks.layers.0.activation,6,tanh_saturation_post,0.000582319985929333
tanh,9c5c5f67-9358-45dc-a262-b8632fd8822e,blocks.layers.1.activation,6,tanh_saturation_pre,2.3263811034845955e-05
tanh,9c5c5f67-9358-45dc-a262-b8632fd8822e,blocks.layers.1.activation,6,tanh_saturation_post,0.002825656819598106
tanh,9c5c5f67-9358-45dc-a262-b8632fd8822e,blocks.layers.2.activation,6,tanh_saturation_pre,0.000179064776852583
tanh,9c5c5f67-9358-45dc-a262-b8632fd8822e,blocks.layers.2.activation,6,tanh_saturation_post,0.006187867803142104
tanh,9c5c5f67-9358-45dc-a262-b8632fd8822e,blocks.layers.3.activation,6,tanh_saturation_pre,5.08552768476493e-05
tanh,9c5c5f67-9358-45dc-a262-b8632fd8822e,blocks.layers.3.activation,6,tanh_saturation_post,0.004920266640628723
tanh,9c5c5f67-9358-45dc-a262-b8632fd8822e,blocks.layers.0.activation,7,tanh_saturation_pre,2.3608530119220556e-07
tanh,9c5c5f67-9358-45dc-a262-b8632fd8822e,blocks.layers.0.activation,7,tanh_saturation_post,0.0006402411706931227
tanh,9c5c5f67-9358-45dc-a262-b8632fd8822e,blocks.layers.1.activation,7,tanh_saturation_pre,2.8558579203921282e-05
tanh,9c5c5f67-9358-45dc-a262-b8632fd8822e,blocks.layers.1.activation,7,tanh_saturation_post,0.0030882029770956344
tanh,9c5c5f67-9358-45dc-a262-b8632fd8822e,blocks.layers.2.activation,7,tanh_saturation_pre,0.00020307954732209338
tanh,9c5c5f67-9358-45dc-a262-b8632fd8822e,blocks.layers.2.activation,7,tanh_saturation_post,0.006677170771296762
tanh,9c5c5f67-9358-45dc-a262-b8632fd8822e,blocks.layers.3.activation,7,tanh_saturation_pre,5.4757684151048765e-05
tanh,9c5c5f67-9358-45dc-a262-b8632fd8822e,blocks.layers.3.activation,7,tanh_saturation_post,0.005211132860268562
tanh,9c5c5f67-9358-45dc-a262-b8632fd8822e,blocks.layers.0.activation,8,tanh_saturation_pre,2.6877476038693344e-07
tanh,9c5c5f67-9358-45dc-a262-b8632fd8822e,blocks.layers.0.activation,8,tanh_saturation_post,0.0006872014407349839
tanh,9c5c5f67-9358-45dc-a262-b8632fd8822e,blocks.layers.1.activation,8,tanh_saturation_pre,3.325859045690112e-05
tanh,9c5c5f67-9358-45dc-a262-b8632fd8822e,blocks.layers.1.activation,8,tanh_saturation_post,0.0033015710838984577
tanh,9c5c5f67-9358-45dc-a262-b8632fd8822e,blocks.layers.2.activation,8,tanh_saturation_pre,0.00022362781259183028
tanh,9c5c5f67-9358-45dc-a262-b8632fd8822e,blocks.layers.2.activation,8,tanh_saturation_post,0.0070792055733357555
tanh,9c5c5f67-9358-45dc-a262-b8632fd8822e,blocks.layers.3.activation,8,tanh_saturation_pre,5.8028527331851885e-05
tanh,9c5c5f67-9358-45dc-a262-b8632fd8822e,blocks.layers.3.activation,8,tanh_saturation_post,0.0054437911006102405
tanh,9c5c5f67-9358-45dc-a262-b8632fd8822e,blocks.layers.0.activation,9,tanh_saturation_pre,2.950111742121469e-07
tanh,9c5c5f67-9358-45dc-a262-b8632fd8822e,blocks.layers.0.activation,9,tanh_saturation_post,0.0007251525264617811
tanh,9c5c5f67-9358-45dc-a262-b8632fd8822e,blocks.layers.1.activation,9,tanh_saturation_pre,3.7193043800435455e-05
tanh,9c5c5f67-9358-45dc-a262-b8632fd8822e,blocks.layers.1.activation,9,tanh_saturation_post,0.0034725056424259717
tanh,9c5c5f67-9358-45dc-a262-b8632fd8822e,blocks.layers.2.activation,9,tanh_saturation_pre,0.0002404724151638479
tanh,9c5c5f67-9358-45dc-a262-b8632fd8822e,blocks.layers.2.activation,9,tanh_saturation_post,0.007406464929682504
tanh,9c5c5f67-9358-45dc-a262-b8632fd8822e,blocks.layers.3.activation,9,tanh_saturation_pre,6.068427367566743e-05
tanh,9c5c5f67-9358-45dc-a262-b8632fd8822e,blocks.layers.3.activation,9,tanh_saturation_post,0.005632408233724031
tanh,31b4bb89-57ee-4c91-9c1f-55627e89f1d3,blocks.layers.0.activation,0,tanh_saturation_pre,2.545394082934831e-09
tanh,31b4bb89-57ee-4c91-9c1f-55627e89f1d3,blocks.layers.0.activation,0,tanh_saturation_post,0.00016116162636101882
tanh,31b4bb89-57ee-4c91-9c1f-55627e89f1d3,blocks.layers.1.activation,0,tanh_saturation_pre,0.0
tanh,31b4bb89-57ee-4c91-9c1f-55627e89f1d3,blocks.layers.1.activation,0,tanh_saturation_post,0.00011035131814216803
tanh,31b4bb89-57ee-4c91-9c1f-55627e89f1d3,blocks.layers.2.activation,0,tanh_saturation_pre,1.65450615390764e-08
tanh,31b4bb89-57ee-4c91-9c1f-55627e89f1d3,blocks.layers.2.activation,0,tanh_saturation_post,0.00022417794767223644
tanh,31b4bb89-57ee-4c91-9c1f-55627e89f1d3,blocks.layers.3.activation,0,tanh_saturation_pre,8.484646943116103e-10
tanh,31b4bb89-57ee-4c91-9c1f-55627e89f1d3,blocks.layers.3.activation,0,tanh_saturation_post,0.00014079847369754018
tanh,31b4bb89-57ee-4c91-9c1f-55627e89f1d3,blocks.layers.0.activation,1,tanh_saturation_pre,7.42406607522659e-09
tanh,31b4bb89-57ee-4c91-9c1f-55627e89f1d3,blocks.layers.0.activation,1,tanh_saturation_post,0.00019009787841199556
tanh,31b4bb89-57ee-4c91-9c1f-55627e89f1d3,blocks.layers.1.activation,1,tanh_saturation_pre,9.388261842557968e-06
tanh,31b4bb89-57ee-4c91-9c1f-55627e89f1d3,blocks.layers.1.activation,1,tanh_saturation_post,0.000987967350304763
tanh,31b4bb89-57ee-4c91-9c1f-55627e89f1d3,blocks.layers.2.activation,1,tanh_saturation_pre,4.478811793480055e-05
tanh,31b4bb89-57ee-4c91-9c1f-55627e89f1d3,blocks.layers.2.activation,1,tanh_saturation_post,0.0017661940160595224
tanh,31b4bb89-57ee-4c91-9c1f-55627e89f1d3,blocks.layers.3.activation,1,tanh_saturation_pre,2.8369901867523735e-05
tanh,31b4bb89-57ee-4c91-9c1f-55627e89f1d3,blocks.layers.3.activation,1,tanh_saturation_post,0.0014824260596278723
tanh,31b4bb89-57ee-4c91-9c1f-55627e89f1d3,blocks.layers.0.activation,2,tanh_saturation_pre,1.852481249247016e-08
tanh,31b4bb89-57ee-4c91-9c1f-55627e89f1d3,blocks.layers.0.activation,2,tanh_saturation_post,0.0002518691484897021
tanh,31b4bb89-57ee-4c91-9c1f-55627e89f1d3,blocks.layers.1.activation,2,tanh_saturation_pre,3.8665101762909626e-05
tanh,31b4bb89-57ee-4c91-9c1f-55627e89f1d3,blocks.layers.1.activation,2,tanh_saturation_post,0.0019999340901312597
tanh,31b4bb89-57ee-4c91-9c1f-55627e89f1d3,blocks.layers.2.activation,2,tanh_saturation_pre,0.00011368748132020129
tanh,31b4bb89-57ee-4c91-9c1f-55627e89f1d3,blocks.layers.2.activation,2,tanh_saturation_post,0.003218832247904894
tanh,31b4bb89-57ee-4c91-9c1f-55627e89f1d3,blocks.layers.3.activation,2,tanh_saturation_pre,5.235196856841498e-05
tanh,31b4bb89-57ee-4c91-9c1f-55627e89f1d3,blocks.layers.3.activation,2,tanh_saturation_post,0.0027291170925715074
tanh,31b4bb89-57ee-4c91-9c1f-55627e89f1d3,blocks.layers.0.activation,3,tanh_saturation_pre,4.677161627392752e-08
tanh,31b4bb89-57ee-4c91-9c1f-55627e89f1d3,blocks.layers.0.activation,3,tanh_saturation_post,0.00032743567673761224
tanh,31b4bb89-57ee-4c91-9c1f-55627e89f1d3,blocks.layers.1.activation,3,tanh_saturation_pre,6.125363590878524e-05
tanh,31b4bb89-57ee-4c91-9c1f-55627e89f1d3,blocks.layers.1.activation,3,tanh_saturation_post,0.0027807502347803625
tanh,31b4bb89-57ee-4c91-9c1f-55627e89f1d3,blocks.layers.2.activation,3,tanh_saturation_pre,0.00015155043042003048
tanh,31b4bb89-57ee-4c91-9c1f-55627e89f1d3,blocks.layers.2.activation,3,tanh_saturation_post,0.004259850206748446
tanh,31b4bb89-57ee-4c91-9c1f-55627e89f1d3,blocks.layers.3.activation,3,tanh_saturation_pre,6.136107275070245e-05
tanh,31b4bb89-57ee-4c91-9c1f-55627e89f1d3,blocks.layers.3.activation,3,tanh_saturation_post,0.0034894441582554174
tanh,31b4bb89-57ee-4c91-9c1f-55627e89f1d3,blocks.layers.0.activation,4,tanh_saturation_pre,7.712544071292538e-08
tanh,31b4bb89-57ee-4c91-9c1f-55627e89f1d3,blocks.layers.0.activation,4,tanh_saturation_post,0.0004002150267468653
tanh,31b4bb89-57ee-4c91-9c1f-55627e89f1d3,blocks.layers.1.activation,4,tanh_saturation_pre,7.816056763998554e-05
tanh,31b4bb89-57ee-4c91-9c1f-55627e89f1d3,blocks.layers.1.activation,4,tanh_saturation_post,0.0033733570702983817
tanh,31b4bb89-57ee-4c91-9c1f-55627e89f1d3,blocks.layers.2.activation,4,tanh_saturation_pre,0.00017464406973950804
tanh,31b4bb89-57ee-4c91-9c1f-55627e89f1d3,blocks.layers.2.activation,4,tanh_saturation_post,0.005070250653711503
tanh,31b4bb89-57ee-4c91-9c1f-55627e89f1d3,blocks.layers.3.activation,4,tanh_saturation_pre,6.562322908449003e-05
tanh,31b4bb89-57ee-4c91-9c1f-55627e89f1d3,blocks.layers.3.activation,4,tanh_saturation_post,0.003990741217263653
tanh,31b4bb89-57ee-4c91-9c1f-55627e89f1d3,blocks.layers.0.activation,5,tanh_saturation_pre,1.1418920677610422e-07
tanh,31b4bb89-57ee-4c91-9c1f-55627e89f1d3,blocks.layers.0.activation,5,tanh_saturation_post,0.0004661933807291594
tanh,31b4bb89-57ee-4c91-9c1f-55627e89f1d3,blocks.layers.1.activation,5,tanh_saturation_pre,9.387469942176611e-05
tanh,31b4bb89-57ee-4c91-9c1f-55627e89f1d3,blocks.layers.1.activation,5,tanh_saturation_post,0.00387055742358822
tanh,31b4bb89-57ee-4c91-9c1f-55627e89f1d3,blocks.layers.2.activation,5,tanh_saturation_pre,0.0001956360902933322
tanh,31b4bb89-57ee-4c91-9c1f-55627e89f1d3,blocks.layers.2.activation,5,tanh_saturation_post,0.0057726809986969755
tanh,31b4bb89-57ee-4c91-9c1f-55627e89f1d3,blocks.layers.3.activation,5,tanh_saturation_pre,7.094692080894824e-05
tanh,31b4bb89-57ee-4c91-9c1f-55627e89f1d3,blocks.layers.3.activation,5,tanh_saturation_post,0.0043956003155148325
tanh,31b4bb89-57ee-4c91-9c1f-55627e89f1d3,blocks.layers.0.activation,6,tanh_saturation_pre,1.4854192612555406e-07
tanh,31b4bb89-57ee-4c91-9c1f-55627e89f1d3,blocks.layers.0.activation,6,tanh_saturation_post,0.0005228462471353505
tanh,31b4bb89-57ee-4c91-9c1f-55627e89f1d3,blocks.layers.1.activation,6,tanh_saturation_pre,0.00010756859636331005
tanh,31b4bb89-57ee-4c91-9c1f-55627e89f1d3,blocks.layers.1.activation,6,tanh_saturation_post,0.004279089143691963
tanh,31b4bb89-57ee-4c91-9c1f-55627e89f1d3,blocks.layers.2.activation,6,tanh_saturation_pre,0.00021792670222303258
tanh,31b4bb89-57ee-4c91-9c1f-55627e89f1d3,blocks.layers.2.activation,6,tanh_saturation_post,0.0063927910566693585
tanh,31b4bb89-57ee-4c91-9c1f-55627e89f1d3,blocks.layers.3.activation,6,tanh_saturation_pre,7.61248584198479e-05
tanh,31b4bb89-57ee-4c91-9c1f-55627e89f1d3,blocks.layers.3.activation,6,tanh_saturation_post,0.00473330623314474
tanh,31b4bb89-57ee-4c91-9c1f-55627e89f1d3,blocks.layers.0.activation,7,tanh_saturation_pre,1.7992754423745587e-07
tanh,31b4bb89-57ee-4c91-9c1f-55627e89f1d3,blocks.layers.0.activation,7,tanh_saturation_post,0.0005699523403126999
tanh,31b4bb89-57ee-4c91-9c1f-55627e89f1d3,blocks.layers.1.activation,7,tanh_saturation_pre,0.00011970240662530648
tanh,31b4bb89-57ee-4c91-9c1f-55627e89f1d3,blocks.layers.1.activation,7,tanh_saturation_post,0.0046110160092017825
tanh,31b4bb89-57ee-4c91-9c1f-55627e89f1d3,blocks.layers.2.activation,7,tanh_saturation_pre,0.00023912821376026737
tanh,31b4bb89-57ee-4c91-9c1f-55627e89f1d3,blocks.layers.2.activation,7,tanh_saturation_post,0.006913842944912214
tanh,31b4bb89-57ee-4c91-9c1f-55627e89f1d3,blocks.layers.3.activation,7,tanh_saturation_pre,8.097916735448872e-05
tanh,31b4bb89-57ee-4c91-9c1f-55627e89f1d3,blocks.layers.3.activation,7,tanh_saturation_post,0.005014799614818071
tanh,31b4bb89-57ee-4c91-9c1f-55627e89f1d3,blocks.layers.0.activation,8,tanh_saturation_pre,2.092879579301972e-07
tanh,31b4bb89-57ee-4c91-9c1f-55627e89f1d3,blocks.layers.0.activation,8,tanh_saturation_post,0.0006078740455926101
tanh,31b4bb89-57ee-4c91-9c1f-55627e89f1d3,blocks.layers.1.activation,8,tanh_saturation_pre,0.00012995160677160562
tanh,31b4bb89-57ee-4c91-9c1f-55627e89f1d3,blocks.layers.1.activation,8,tanh_saturation_post,0.004877075134600137
tanh,31b4bb89-57ee-4c91-9c1f-55627e89f1d3,blocks.layers.2.activation,8,tanh_saturation_pre,0.00025760467554939364
tanh,31b4bb89-57ee-4c91-9c1f-55627e89f1d3,blocks.layers.2.activation,8,tanh_saturation_post,0.00733860842839396
tanh,31b4bb89-57ee-4c91-9c1f-55627e89f1d3,blocks.layers.3.activation,8,tanh_saturation_pre,8.497142942586215e-05
tanh,31b4bb89-57ee-4c91-9c1f-55627e89f1d3,blocks.layers.3.activation,8,tanh_saturation_post,0.005239358576167096
tanh,31b4bb89-57ee-4c91-9c1f-55627e89f1d3,blocks.layers.0.activation,9,tanh_saturation_pre,2.3197024742479425e-07
tanh,31b4bb89-57ee-4c91-9c1f-55627e89f1d3,blocks.layers.0.activation,9,tanh_saturation_post,0.0006383760968137041
tanh,31b4bb89-57ee-4c91-9c1f-55627e89f1d3,blocks.layers.1.activation,9,tanh_saturation_pre,0.00013849221938869708
tanh,31b4bb89-57ee-4c91-9c1f-55627e89f1d3,blocks.layers.1.activation,9,tanh_saturation_post,0.005092743792143581
tanh,31b4bb89-57ee-4c91-9c1f-55627e89f1d3,blocks.layers.2.activation,9,tanh_saturation_pre,0.00027375895781873386
tanh,31b4bb89-57ee-4c91-9c1f-55627e89f1d3,blocks.layers.2.activation,9,tanh_saturation_post,0.007689599337526912
tanh,31b4bb89-57ee-4c91-9c1f-55627e89f1d3,blocks.layers.3.activation,9,tanh_saturation_pre,8.836013142324428e-05
tanh,31b4bb89-57ee-4c91-9c1f-55627e89f1d3,blocks.layers.3.activation,9,tanh_saturation_post,0.005422102471687616
tanh,d476da16-f851-488a-8a50-6ddda81c51c2,blocks.layers.0.activation,0,tanh_saturation_pre,0.0
tanh,d476da16-f851-488a-8a50-6ddda81c51c2,blocks.layers.0.activation,0,tanh_saturation_post,9.54153698958536e-05
tanh,d476da16-f851-488a-8a50-6ddda81c51c2,blocks.layers.1.activation,0,tanh_saturation_pre,2.715087021797153e-08
tanh,d476da16-f851-488a-8a50-6ddda81c51c2,blocks.layers.1.activation,0,tanh_saturation_post,0.0002550039427136187
tanh,d476da16-f851-488a-8a50-6ddda81c51c2,blocks.layers.2.activation,0,tanh_saturation_pre,0.0
tanh,d476da16-f851-488a-8a50-6ddda81c51c2,blocks.layers.2.activation,0,tanh_saturation_post,4.4999173527510565e-05
tanh,d476da16-f851-488a-8a50-6ddda81c51c2,blocks.layers.3.activation,0,tanh_saturation_pre,0.0
tanh,d476da16-f851-488a-8a50-6ddda81c51c2,blocks.layers.3.activation,0,tanh_saturation_post,0.00013648700035339572
tanh,d476da16-f851-488a-8a50-6ddda81c51c2,blocks.layers.0.activation,1,tanh_saturation_pre,2.7575102565127333e-09
tanh,d476da16-f851-488a-8a50-6ddda81c51c2,blocks.layers.0.activation,1,tanh_saturation_post,0.00015678397277071806
tanh,d476da16-f851-488a-8a50-6ddda81c51c2,blocks.layers.1.activation,1,tanh_saturation_pre,1.6983505669861927e-05
tanh,d476da16-f851-488a-8a50-6ddda81c51c2,blocks.layers.1.activation,1,tanh_saturation_post,0.0008622032467580775
tanh,d476da16-f851-488a-8a50-6ddda81c51c2,blocks.layers.2.activation,1,tanh_saturation_pre,3.022019124964378e-06
tanh,d476da16-f851-488a-8a50-6ddda81c51c2,blocks.layers.2.activation,1,tanh_saturation_post,0.0007568557491506122
tanh,d476da16-f851-488a-8a50-6ddda81c51c2,blocks.layers.3.activation,1,tanh_saturation_pre,2.0579935392875265e-05
tanh,d476da16-f851-488a-8a50-6ddda81c51c2,blocks.layers.3.activation,1,tanh_saturation_post,0.001594525851388843
tanh,d476da16-f851-488a-8a50-6ddda81c51c2,blocks.layers.0.activation,2,tanh_saturation_pre,3.761526811448139e-08
tanh,d476da16-f851-488a-8a50-6ddda81c51c2,blocks.layers.0.activation,2,tanh_saturation_post,0.00025463514339315793
tanh,d476da16-f851-488a-8a50-6ddda81c51c2,blocks.layers.1.activation,2,tanh_saturation_pre,3.345934663096074e-05
tanh,d476da16-f851-488a-8a50-6ddda81c51c2,blocks.layers.1.activation,2,tanh_saturation_post,0.0014820837041237176
tanh,d476da16-f851-488a-8a50-6ddda81c51c2,blocks.layers.2.activation,2,tanh_saturation_pre,2.1739503808434465e-05
tanh,d476da16-f851-488a-8a50-6ddda81c51c2,blocks.layers.2.activation,2,tanh_saturation_post,0.0016705596715671453
tanh,d476da16-f851-488a-8a50-6ddda81c51c2,blocks.layers.3.activation,2,tanh_saturation_pre,3.935985293676845e-05
tanh,d476da16-f851-488a-8a50-6ddda81c51c2,blocks.layers.3.activation,2,tanh_saturation_post,0.0029073911205305322
tanh,d476da16-f851-488a-8a50-6ddda81c51c2,blocks.layers.0.activation,3,tanh_saturation_pre,1.2917874970894266e-07
tanh,d476da16-f851-488a-8a50-6ddda81c51c2,blocks.layers.0.activation,3,tanh_saturation_post,0.0003554854952992069
tanh,d476da16-f851-488a-8a50-6ddda81c51c2,blocks.layers.1.activation,3,tanh_saturation_pre,4.399989423378507e-05
tanh,d476da16-f851-488a-8a50-6ddda81c51c2,blocks.layers.1.activation,3,tanh_saturation_post,0.0020544938345396645
tanh,d476da16-f851-488a-8a50-6ddda81c51c2,blocks.layers.2.activation,3,tanh_saturation_pre,3.4247747095454206e-05
tanh,d476da16-f851-488a-8a50-6ddda81c51c2,blocks.layers.2.activation,3,tanh_saturation_post,0.0023407273233148973
tanh,d476da16-f851-488a-8a50-6ddda81c51c2,blocks.layers.3.activation,3,tanh_saturation_pre,4.763174735778591e-05
tanh,d476da16-f851-488a-8a50-6ddda81c51c2,blocks.layers.3.activation,3,tanh_saturation_post,0.003644781710838508
tanh,d476da16-f851-488a-8a50-6ddda81c51c2,blocks.layers.0.activation,4,tanh_saturation_pre,2.894961536991214e-07
tanh,d476da16-f851-488a-8a50-6ddda81c51c2,blocks.layers.0.activation,4,tanh_saturation_post,0.0004528407100256652
tanh,d476da16-f851-488a-8a50-6ddda81c51c2,blocks.layers.1.activation,4,tanh_saturation_pre,5.28263451790046e-05
tanh,d476da16-f851-488a-8a50-6ddda81c51c2,blocks.layers.1.activation,4,tanh_saturation_post,0.00258179007900143
tanh,d476da16-f851-488a-8a50-6ddda81c51c2,blocks.layers.2.activation,4,tanh_saturation_pre,4.573996805211403e-05
tanh,d476da16-f851-488a-8a50-6ddda81c51c2,blocks.layers.2.activation,4,tanh_saturation_post,0.002940143894046227
tanh,d476da16-f851-488a-8a50-6ddda81c51c2,blocks.layers.3.activation,4,tanh_saturation_pre,5.673267663161526e-05
tanh,d476da16-f851-488a-8a50-6ddda81c51c2,blocks.layers.3.activation,4,tanh_saturation_post,0.004218099295456639
tanh,d476da16-f851-488a-8a50-6ddda81c51c2,blocks.layers.0.activation,5,tanh_saturation_pre,4.735140048170712e-07
tanh,d476da16-f851-488a-8a50-6ddda81c51c2,blocks.layers.0.activation,5,tanh_saturation_post,0.0005407450744972817
tanh,d476da16-f851-488a-8a50-6ddda81c51c2,blocks.layers.1.activation,5,tanh_saturation_pre,6.252364614538733e-05
tanh,d476da16-f851-488a-8a50-6ddda81c51c2,blocks.layers.1.activation,5,tanh_saturation_post,0.0030549453529457463
tanh,d476da16-f851-488a-8a50-6ddda81c51c2,blocks.layers.2.activation,5,tanh_saturation_pre,5.652599063208095e-05
tanh,d476da16-f851-488a-8a50-6ddda81c51c2,blocks.layers.2.activation,5,tanh_saturation_post,0.0034691530190328686
tanh,d476da16-f851-488a-8a50-6ddda81c51c2,blocks.layers.3.activation,5,tanh_saturation_pre,6.498433516967339e-05
tanh,d476da16-f851-488a-8a50-6ddda81c51c2,blocks.layers.3.activation,5,tanh_saturation_post,0.004659827422982574
tanh,d476da16-f851-488a-8a50-6ddda81c51c2,blocks.layers.0.activation,6,tanh_saturation_pre,6.3453038210304e-07
tanh,d476da16-f851-488a-8a50-6ddda81c51c2,blocks.layers.0.activation,6,tanh_saturation_post,0.000615391745807316
tanh,d476da16-f851-488a-8a50-6ddda81c51c2,blocks.layers.1.activation,6,tanh_saturation_pre,7.315298961877944e-05
tanh,d476da16-f851-488a-8a50-6ddda81c51c2,blocks.layers.1.activation,6,tanh_saturation_post,0.003474274200416181
tanh,d476da16-f851-488a-8a50-6ddda81c51c2,blocks.layers.2.activation,6,tanh_saturation_pre,6.820074361656666e-05
tanh,d476da16-f851-488a-8a50-6ddda81c51c2,blocks.layers.2.activation,6,tanh_saturation_post,0.003952926951855891
tanh,d476da16-f851-488a-8a50-6ddda81c51c2,blocks.layers.3.activation,6,tanh_saturation_pre,7.195477565654839e-05
tanh,d476da16-f851-488a-8a50-6ddda81c51c2,blocks.layers.3.activation,6,tanh_saturation_post,0.005029686223327295
tanh,d476da16-f851-488a-8a50-6ddda81c51c2,blocks.layers.0.activation,7,tanh_saturation_pre,7.714665233028317e-07
tanh,d476da16-f851-488a-8a50-6ddda81c51c2,blocks.layers.0.activation,7,tanh_saturation_post,0.0006760209268522432
tanh,d476da16-f851-488a-8a50-6ddda81c51c2,blocks.layers.1.activation,7,tanh_saturation_pre,8.191253154727488e-05
tanh,d476da16-f851-488a-8a50-6ddda81c51c2,blocks.layers.1.activation,7,tanh_saturation_post,0.003813771590643506
tanh,d476da16-f851-488a-8a50-6ddda81c51c2,blocks.layers.2.activation,7,tanh_saturation_pre,7.855383102579898e-05
tanh,d476da16-f851-488a-8a50-6ddda81c51c2,blocks.layers.2.activation,7,tanh_saturation_post,0.0043590363128329515
tanh,d476da16-f851-488a-8a50-6ddda81c51c2,blocks.layers.3.activation,7,tanh_saturation_pre,7.784409030900731e-05
tanh,d476da16-f851-488a-8a50-6ddda81c51c2,blocks.layers.3.activation,7,tanh_saturation_post,0.005329160821819645
tanh,d476da16-f851-488a-8a50-6ddda81c51c2,blocks.layers.0.activation,8,tanh_saturation_pre,8.787737386695195e-07
tanh,d476da16-f851-488a-8a50-6ddda81c51c2,blocks.layers.0.activation,8,tanh_saturation_post,0.0007247409598070343
tanh,d476da16-f851-488a-8a50-6ddda81c51c2,blocks.layers.1.activation,8,tanh_saturation_pre,8.951090408813911e-05
tanh,d476da16-f851-488a-8a50-6ddda81c51c2,blocks.layers.1.activation,8,tanh_saturation_post,0.00409157986035692
tanh,d476da16-f851-488a-8a50-6ddda81c51c2,blocks.layers.2.activation,8,tanh_saturation_pre,8.825390364351646e-05
tanh,d476da16-f851-488a-8a50-6ddda81c51c2,blocks.layers.2.activation,8,tanh_saturation_post,0.004703420525532365
tanh,d476da16-f851-488a-8a50-6ddda81c51c2,blocks.layers.3.activation,8,tanh_saturation_pre,8.326818368895905e-05
tanh,d476da16-f851-488a-8a50-6ddda81c51c2,blocks.layers.3.activation,8,tanh_saturation_post,0.005588471441695038
tanh,d476da16-f851-488a-8a50-6ddda81c51c2,blocks.layers.0.activation,9,tanh_saturation_pre,9.793403734091761e-07
tanh,d476da16-f851-488a-8a50-6ddda81c51c2,blocks.layers.0.activation,9,tanh_saturation_post,0.0007642047685236269
tanh,d476da16-f851-488a-8a50-6ddda81c51c2,blocks.layers.1.activation,9,tanh_saturation_pre,9.583620838423216e-05
tanh,d476da16-f851-488a-8a50-6ddda81c51c2,blocks.layers.1.activation,9,tanh_saturation_post,0.004316606004042982
tanh,d476da16-f851-488a-8a50-6ddda81c51c2,blocks.layers.2.activation,9,tanh_saturation_pre,9.624618652452353e-05
tanh,d476da16-f851-488a-8a50-6ddda81c51c2,blocks.layers.2.activation,9,tanh_saturation_post,0.004982723629771603
tanh,d476da16-f851-488a-8a50-6ddda81c51c2,blocks.layers.3.activation,9,tanh_saturation_pre,8.75237573508266e-05
tanh,d476da16-f851-488a-8a50-6ddda81c51c2,blocks.layers.3.activation,9,tanh_saturation_post,0.005796759366140671
