activation,run_id,layer,epoch,stat,value
gelu,ea1b2786-47f3-44e2-82f0-1463d1a06c1e,lm_head,0,grad_l2,0.9405747102142653
gelu,ea1b2786-47f3-44e2-82f0-1463d1a06c1e,lm_head,0,rel_update,0.03411005875560752
gelu,ea1b2786-47f3-44e2-82f0-1463d1a06c1e,final_norm,0,grad_l2,0.06332424143348866
gelu,ea1b2786-47f3-44e2-82f0-1463d1a06c1e,final_norm,0,rel_update,0.0028811918752747307
gelu,ea1b2786-47f3-44e2-82f0-1463d1a06c1e,blocks.layers.3.linear2,0,grad_l2,0.016710573173053574
gelu,ea1b2786-47f3-44e2-82f0-1463d1a06c1e,blocks.layers.3.linear2,0,rel_update,0.0008199682979753765
gelu,ea1b2786-47f3-44e2-82f0-1463d1a06c1e,blocks.layers.3.linear1,0,grad_l2,0.01807448834114609
gelu,ea1b2786-47f3-44e2-82f0-1463d1a06c1e,blocks.layers.3.linear1,0,rel_update,0.0008890128782039617
gelu,ea1b2786-47f3-44e2-82f0-1463d1a06c1e,blocks.layers.3.norm2,0,grad_l2,0.001346854048080165
gelu,ea1b2786-47f3-44e2-82f0-1463d1a06c1e,blocks.layers.3.norm2,0,rel_update,5.189509993363476e-05
gelu,ea1b2786-47f3-44e2-82f0-1463d1a06c1e,blocks.layers.3.self_attn,0,grad_l2,0.02154030479291454
gelu,ea1b2786-47f3-44e2-82f0-1463d1a06c1e,blocks.layers.3.self_attn,0,rel_update,0.001093068845396087
gelu,ea1b2786-47f3-44e2-82f0-1463d1a06c1e,blocks.layers.3.norm1,0,grad_l2,0.0018810862430759297
gelu,ea1b2786-47f3-44e2-82f0-1463d1a06c1e,blocks.layers.3.norm1,0,rel_update,6.607545982834958e-05
gelu,ea1b2786-47f3-44e2-82f0-1463d1a06c1e,blocks.layers.2.linear2,0,grad_l2,0.019202837222928006
gelu,ea1b2786-47f3-44e2-82f0-1463d1a06c1e,blocks.layers.2.linear2,0,rel_update,0.000941088537885728
gelu,ea1b2786-47f3-44e2-82f0-1463d1a06c1e,blocks.layers.2.linear1,0,grad_l2,0.019455329263409683
gelu,ea1b2786-47f3-44e2-82f0-1463d1a06c1e,blocks.layers.2.linear1,0,rel_update,0.0009554325555716285
gelu,ea1b2786-47f3-44e2-82f0-1463d1a06c1e,blocks.layers.2.norm2,0,grad_l2,0.0016325312090737737
gelu,ea1b2786-47f3-44e2-82f0-1463d1a06c1e,blocks.layers.2.norm2,0,rel_update,6.201448012382944e-05
gelu,ea1b2786-47f3-44e2-82f0-1463d1a06c1e,blocks.layers.2.self_attn,0,grad_l2,0.02276020348415595
gelu,ea1b2786-47f3-44e2-82f0-1463d1a06c1e,blocks.layers.2.self_attn,0,rel_update,0.0011533962797364006
gelu,ea1b2786-47f3-44e2-82f0-1463d1a06c1e,blocks.layers.2.norm1,0,grad_l2,0.0022028944429053647
gelu,ea1b2786-47f3-44e2-82f0-1463d1a06c1e,blocks.layers.2.norm1,0,rel_update,7.307723188108301e-05
gelu,ea1b2786-47f3-44e2-82f0-1463d1a06c1e,blocks.layers.1.linear2,0,grad_l2,0.023790706587276653
gelu,ea1b2786-47f3-44e2-82f0-1463d1a06c1e,blocks.layers.1.linear2,0,rel_update,0.0011646220475301037
gelu,ea1b2786-47f3-44e2-82f0-1463d1a06c1e,blocks.layers.1.linear1,0,grad_l2,0.023176468581381032
gelu,ea1b2786-47f3-44e2-82f0-1463d1a06c1e,blocks.layers.1.linear1,0,rel_update,0.0011373497738538724
gelu,ea1b2786-47f3-44e2-82f0-1463d1a06c1e,blocks.layers.1.norm2,0,grad_l2,0.0021506721770038774
gelu,ea1b2786-47f3-44e2-82f0-1463d1a06c1e,blocks.layers.1.norm2,0,rel_update,7.666177043871638e-05
gelu,ea1b2786-47f3-44e2-82f0-1463d1a06c1e,blocks.layers.1.self_attn,0,grad_l2,0.028869436464774474
gelu,ea1b2786-47f3-44e2-82f0-1463d1a06c1e,blocks.layers.1.self_attn,0,rel_update,0.0014588249674119958
gelu,ea1b2786-47f3-44e2-82f0-1463d1a06c1e,blocks.layers.1.norm1,0,grad_l2,0.0031289979951677534
gelu,ea1b2786-47f3-44e2-82f0-1463d1a06c1e,blocks.layers.1.norm1,0,rel_update,9.065839551879377e-05
gelu,ea1b2786-47f3-44e2-82f0-1463d1a06c1e,blocks.layers.0.linear2,0,grad_l2,0.03828626073132431
gelu,ea1b2786-47f3-44e2-82f0-1463d1a06c1e,blocks.layers.0.linear2,0,rel_update,0.0018678745043159905
gelu,ea1b2786-47f3-44e2-82f0-1463d1a06c1e,blocks.layers.0.linear1,0,grad_l2,0.029829796595720395
gelu,ea1b2786-47f3-44e2-82f0-1463d1a06c1e,blocks.layers.0.linear1,0,rel_update,0.0014558270360661215
gelu,ea1b2786-47f3-44e2-82f0-1463d1a06c1e,blocks.layers.0.norm2,0,grad_l2,0.0035619033255044085
gelu,ea1b2786-47f3-44e2-82f0-1463d1a06c1e,blocks.layers.0.norm2,0,rel_update,0.00010729262087806008
gelu,ea1b2786-47f3-44e2-82f0-1463d1a06c1e,blocks.layers.0.self_attn,0,grad_l2,0.049290001785430713
gelu,ea1b2786-47f3-44e2-82f0-1463d1a06c1e,blocks.layers.0.self_attn,0,rel_update,0.002404877916174415
gelu,ea1b2786-47f3-44e2-82f0-1463d1a06c1e,blocks.layers.0.norm1,0,grad_l2,0.00960497951974133
gelu,ea1b2786-47f3-44e2-82f0-1463d1a06c1e,blocks.layers.0.norm1,0,rel_update,0.0001495002539478768
gelu,ea1b2786-47f3-44e2-82f0-1463d1a06c1e,lm_head,1,grad_l2,0.5947047626579783
gelu,ea1b2786-47f3-44e2-82f0-1463d1a06c1e,lm_head,1,rel_update,0.01842098574146353
gelu,ea1b2786-47f3-44e2-82f0-1463d1a06c1e,final_norm,1,grad_l2,0.04132624081006962
gelu,ea1b2786-47f3-44e2-82f0-1463d1a06c1e,final_norm,1,rel_update,0.0019100812234270014
gelu,ea1b2786-47f3-44e2-82f0-1463d1a06c1e,blocks.layers.3.linear2,1,grad_l2,0.01995808652654398
gelu,ea1b2786-47f3-44e2-82f0-1463d1a06c1e,blocks.layers.3.linear2,1,rel_update,0.0009745312439958985
gelu,ea1b2786-47f3-44e2-82f0-1463d1a06c1e,blocks.layers.3.linear1,1,grad_l2,0.02365393069017157
gelu,ea1b2786-47f3-44e2-82f0-1463d1a06c1e,blocks.layers.3.linear1,1,rel_update,0.0011555694340590337
gelu,ea1b2786-47f3-44e2-82f0-1463d1a06c1e,blocks.layers.3.norm2,1,grad_l2,0.001962659160948934
gelu,ea1b2786-47f3-44e2-82f0-1463d1a06c1e,blocks.layers.3.norm2,1,rel_update,7.567145944066413e-05
gelu,ea1b2786-47f3-44e2-82f0-1463d1a06c1e,blocks.layers.3.self_attn,1,grad_l2,0.023570973187819033
gelu,ea1b2786-47f3-44e2-82f0-1463d1a06c1e,blocks.layers.3.self_attn,1,rel_update,0.0011946018377795905
gelu,ea1b2786-47f3-44e2-82f0-1463d1a06c1e,blocks.layers.3.norm1,1,grad_l2,0.002243475855620603
gelu,ea1b2786-47f3-44e2-82f0-1463d1a06c1e,blocks.layers.3.norm1,1,rel_update,7.260114869970249e-05
gelu,ea1b2786-47f3-44e2-82f0-1463d1a06c1e,blocks.layers.2.linear2,1,grad_l2,0.02196607305969072
gelu,ea1b2786-47f3-44e2-82f0-1463d1a06c1e,blocks.layers.2.linear2,1,rel_update,0.0010720143247864192
gelu,ea1b2786-47f3-44e2-82f0-1463d1a06c1e,blocks.layers.2.linear1,1,grad_l2,0.023973582217547175
gelu,ea1b2786-47f3-44e2-82f0-1463d1a06c1e,blocks.layers.2.linear1,1,rel_update,0.0011708693069475437
gelu,ea1b2786-47f3-44e2-82f0-1463d1a06c1e,blocks.layers.2.norm2,1,grad_l2,0.0020539582257835935
gelu,ea1b2786-47f3-44e2-82f0-1463d1a06c1e,blocks.layers.2.norm2,1,rel_update,7.870508050838545e-05
gelu,ea1b2786-47f3-44e2-82f0-1463d1a06c1e,blocks.layers.2.self_attn,1,grad_l2,0.02409737826490906
gelu,ea1b2786-47f3-44e2-82f0-1463d1a06c1e,blocks.layers.2.self_attn,1,rel_update,0.0012199007762951786
gelu,ea1b2786-47f3-44e2-82f0-1463d1a06c1e,blocks.layers.2.norm1,1,grad_l2,0.0025130983701398446
gelu,ea1b2786-47f3-44e2-82f0-1463d1a06c1e,blocks.layers.2.norm1,1,rel_update,7.686239896015239e-05
gelu,ea1b2786-47f3-44e2-82f0-1463d1a06c1e,blocks.layers.1.linear2,1,grad_l2,0.027901021641686997
gelu,ea1b2786-47f3-44e2-82f0-1463d1a06c1e,blocks.layers.1.linear2,1,rel_update,0.0013615343005912218
gelu,ea1b2786-47f3-44e2-82f0-1463d1a06c1e,blocks.layers.1.linear1,1,grad_l2,0.028368005082014446
gelu,ea1b2786-47f3-44e2-82f0-1463d1a06c1e,blocks.layers.1.linear1,1,rel_update,0.0013858323042464258
gelu,ea1b2786-47f3-44e2-82f0-1463d1a06c1e,blocks.layers.1.norm2,1,grad_l2,0.002704104261532062
gelu,ea1b2786-47f3-44e2-82f0-1463d1a06c1e,blocks.layers.1.norm2,1,rel_update,9.911357756756803e-05
gelu,ea1b2786-47f3-44e2-82f0-1463d1a06c1e,blocks.layers.1.self_attn,1,grad_l2,0.03227609863189091
gelu,ea1b2786-47f3-44e2-82f0-1463d1a06c1e,blocks.layers.1.self_attn,1,rel_update,0.0016311600649660232
gelu,ea1b2786-47f3-44e2-82f0-1463d1a06c1e,blocks.layers.1.norm1,1,grad_l2,0.0034832649155385285
gelu,ea1b2786-47f3-44e2-82f0-1463d1a06c1e,blocks.layers.1.norm1,1,rel_update,9.91524221863765e-05
gelu,ea1b2786-47f3-44e2-82f0-1463d1a06c1e,blocks.layers.0.linear2,1,grad_l2,0.04743900391780498
gelu,ea1b2786-47f3-44e2-82f0-1463d1a06c1e,blocks.layers.0.linear2,1,rel_update,0.0023026341961988896
gelu,ea1b2786-47f3-44e2-82f0-1463d1a06c1e,blocks.layers.0.linear1,1,grad_l2,0.042338571096778924
gelu,ea1b2786-47f3-44e2-82f0-1463d1a06c1e,blocks.layers.0.linear1,1,rel_update,0.002052219572303829
gelu,ea1b2786-47f3-44e2-82f0-1463d1a06c1e,blocks.layers.0.norm2,1,grad_l2,0.005332666257197194
gelu,ea1b2786-47f3-44e2-82f0-1463d1a06c1e,blocks.layers.0.norm2,1,rel_update,0.00017809513089987676
gelu,ea1b2786-47f3-44e2-82f0-1463d1a06c1e,blocks.layers.0.self_attn,1,grad_l2,0.08052107649291229
gelu,ea1b2786-47f3-44e2-82f0-1463d1a06c1e,blocks.layers.0.self_attn,1,rel_update,0.003992142659531728
gelu,ea1b2786-47f3-44e2-82f0-1463d1a06c1e,blocks.layers.0.norm1,1,grad_l2,0.01493314242303091
gelu,ea1b2786-47f3-44e2-82f0-1463d1a06c1e,blocks.layers.0.norm1,1,rel_update,0.00024273553107640754
gelu,ea1b2786-47f3-44e2-82f0-1463d1a06c1e,lm_head,2,grad_l2,0.4797005905622831
gelu,ea1b2786-47f3-44e2-82f0-1463d1a06c1e,lm_head,2,rel_update,0.012891617220718734
gelu,ea1b2786-47f3-44e2-82f0-1463d1a06c1e,final_norm,2,grad_l2,0.03403337993455373
gelu,ea1b2786-47f3-44e2-82f0-1463d1a06c1e,final_norm,2,rel_update,0.0015804300548353978
gelu,ea1b2786-47f3-44e2-82f0-1463d1a06c1e,blocks.layers.3.linear2,2,grad_l2,0.023579444952614437
gelu,ea1b2786-47f3-44e2-82f0-1463d1a06c1e,blocks.layers.3.linear2,2,rel_update,0.0011477374486701915
gelu,ea1b2786-47f3-44e2-82f0-1463d1a06c1e,blocks.layers.3.linear1,2,grad_l2,0.02841541974069297
gelu,ea1b2786-47f3-44e2-82f0-1463d1a06c1e,blocks.layers.3.linear1,2,rel_update,0.001380462946583404
gelu,ea1b2786-47f3-44e2-82f0-1463d1a06c1e,blocks.layers.3.norm2,2,grad_l2,0.0026638671822668096
gelu,ea1b2786-47f3-44e2-82f0-1463d1a06c1e,blocks.layers.3.norm2,2,rel_update,0.00010440761537498622
gelu,ea1b2786-47f3-44e2-82f0-1463d1a06c1e,blocks.layers.3.self_attn,2,grad_l2,0.026558056133861967
gelu,ea1b2786-47f3-44e2-82f0-1463d1a06c1e,blocks.layers.3.self_attn,2,rel_update,0.0013436416588848037
gelu,ea1b2786-47f3-44e2-82f0-1463d1a06c1e,blocks.layers.3.norm1,2,grad_l2,0.0025653009747397147
gelu,ea1b2786-47f3-44e2-82f0-1463d1a06c1e,blocks.layers.3.norm1,2,rel_update,8.405097498100351e-05
gelu,ea1b2786-47f3-44e2-82f0-1463d1a06c1e,blocks.layers.2.linear2,2,grad_l2,0.024352308200691727
gelu,ea1b2786-47f3-44e2-82f0-1463d1a06c1e,blocks.layers.2.linear2,2,rel_update,0.0011854257377972076
gelu,ea1b2786-47f3-44e2-82f0-1463d1a06c1e,blocks.layers.2.linear1,2,grad_l2,0.02674433809912049
gelu,ea1b2786-47f3-44e2-82f0-1463d1a06c1e,blocks.layers.2.linear1,2,rel_update,0.001300492812289275
gelu,ea1b2786-47f3-44e2-82f0-1463d1a06c1e,blocks.layers.2.norm2,2,grad_l2,0.002293305706672121
gelu,ea1b2786-47f3-44e2-82f0-1463d1a06c1e,blocks.layers.2.norm2,2,rel_update,8.825573914690231e-05
gelu,ea1b2786-47f3-44e2-82f0-1463d1a06c1e,blocks.layers.2.self_attn,2,grad_l2,0.02657785684094466
gelu,ea1b2786-47f3-44e2-82f0-1463d1a06c1e,blocks.layers.2.self_attn,2,rel_update,0.0013440590879689011
gelu,ea1b2786-47f3-44e2-82f0-1463d1a06c1e,blocks.layers.2.norm1,2,grad_l2,0.002809687152524209
gelu,ea1b2786-47f3-44e2-82f0-1463d1a06c1e,blocks.layers.2.norm1,2,rel_update,8.454028276862204e-05
gelu,ea1b2786-47f3-44e2-82f0-1463d1a06c1e,blocks.layers.1.linear2,2,grad_l2,0.03065818878978453
gelu,ea1b2786-47f3-44e2-82f0-1463d1a06c1e,blocks.layers.1.linear2,2,rel_update,0.0014934055591938737
gelu,ea1b2786-47f3-44e2-82f0-1463d1a06c1e,blocks.layers.1.linear1,2,grad_l2,0.03185781425948388
gelu,ea1b2786-47f3-44e2-82f0-1463d1a06c1e,blocks.layers.1.linear1,2,rel_update,0.001551452040465614
gelu,ea1b2786-47f3-44e2-82f0-1463d1a06c1e,blocks.layers.1.norm2,2,grad_l2,0.002996661345948027
gelu,ea1b2786-47f3-44e2-82f0-1463d1a06c1e,blocks.layers.1.norm2,2,rel_update,0.00011170817442748975
gelu,ea1b2786-47f3-44e2-82f0-1463d1a06c1e,blocks.layers.1.self_attn,2,grad_l2,0.03523802575180722
gelu,ea1b2786-47f3-44e2-82f0-1463d1a06c1e,blocks.layers.1.self_attn,2,rel_update,0.0017811797445402497
gelu,ea1b2786-47f3-44e2-82f0-1463d1a06c1e,blocks.layers.1.norm1,2,grad_l2,0.003819811783822812
gelu,ea1b2786-47f3-44e2-82f0-1463d1a06c1e,blocks.layers.1.norm1,2,rel_update,0.00010839487260933083
gelu,ea1b2786-47f3-44e2-82f0-1463d1a06c1e,blocks.layers.0.linear2,2,grad_l2,0.05470588414537641
gelu,ea1b2786-47f3-44e2-82f0-1463d1a06c1e,blocks.layers.0.linear2,2,rel_update,0.002641351897528177
gelu,ea1b2786-47f3-44e2-82f0-1463d1a06c1e,blocks.layers.0.linear1,2,grad_l2,0.05128348365492991
gelu,ea1b2786-47f3-44e2-82f0-1463d1a06c1e,blocks.layers.0.linear1,2,rel_update,0.0024708076498320907
gelu,ea1b2786-47f3-44e2-82f0-1463d1a06c1e,blocks.layers.0.norm2,2,grad_l2,0.006423869532421495
gelu,ea1b2786-47f3-44e2-82f0-1463d1a06c1e,blocks.layers.0.norm2,2,rel_update,0.00022225632915745007
gelu,ea1b2786-47f3-44e2-82f0-1463d1a06c1e,blocks.layers.0.self_attn,2,grad_l2,0.09873810472169095
gelu,ea1b2786-47f3-44e2-82f0-1463d1a06c1e,blocks.layers.0.self_attn,2,rel_update,0.00490341600872285
gelu,ea1b2786-47f3-44e2-82f0-1463d1a06c1e,blocks.layers.0.norm1,2,grad_l2,0.018882901662203654
gelu,ea1b2786-47f3-44e2-82f0-1463d1a06c1e,blocks.layers.0.norm1,2,rel_update,0.000299564109524142
gelu,ea1b2786-47f3-44e2-82f0-1463d1a06c1e,lm_head,3,grad_l2,0.4235152612934121
gelu,ea1b2786-47f3-44e2-82f0-1463d1a06c1e,lm_head,3,rel_update,0.010058493426254348
gelu,ea1b2786-47f3-44e2-82f0-1463d1a06c1e,final_norm,3,grad_l2,0.030827584622205396
gelu,ea1b2786-47f3-44e2-82f0-1463d1a06c1e,final_norm,3,rel_update,0.0014216762919803036
gelu,ea1b2786-47f3-44e2-82f0-1463d1a06c1e,blocks.layers.3.linear2,3,grad_l2,0.02704653981983249
gelu,ea1b2786-47f3-44e2-82f0-1463d1a06c1e,blocks.layers.3.linear2,3,rel_update,0.001312809355755914
gelu,ea1b2786-47f3-44e2-82f0-1463d1a06c1e,blocks.layers.3.linear1,3,grad_l2,0.03273834450109162
gelu,ea1b2786-47f3-44e2-82f0-1463d1a06c1e,blocks.layers.3.linear1,3,rel_update,0.0015834762595816853
gelu,ea1b2786-47f3-44e2-82f0-1463d1a06c1e,blocks.layers.3.norm2,3,grad_l2,0.0034118628821356222
gelu,ea1b2786-47f3-44e2-82f0-1463d1a06c1e,blocks.layers.3.norm2,3,rel_update,0.00013296172736171718
gelu,ea1b2786-47f3-44e2-82f0-1463d1a06c1e,blocks.layers.3.self_attn,3,grad_l2,0.03093611523591997
gelu,ea1b2786-47f3-44e2-82f0-1463d1a06c1e,blocks.layers.3.self_attn,3,rel_update,0.0015614898461334724
gelu,ea1b2786-47f3-44e2-82f0-1463d1a06c1e,blocks.layers.3.norm1,3,grad_l2,0.0030119490632483682
gelu,ea1b2786-47f3-44e2-82f0-1463d1a06c1e,blocks.layers.3.norm1,3,rel_update,0.00010264315769576828
gelu,ea1b2786-47f3-44e2-82f0-1463d1a06c1e,blocks.layers.2.linear2,3,grad_l2,0.026707988219804593
gelu,ea1b2786-47f3-44e2-82f0-1463d1a06c1e,blocks.layers.2.linear2,3,rel_update,0.0012969570344661902
gelu,ea1b2786-47f3-44e2-82f0-1463d1a06c1e,blocks.layers.2.linear1,3,grad_l2,0.029436092006341733
gelu,ea1b2786-47f3-44e2-82f0-1463d1a06c1e,blocks.layers.2.linear1,3,rel_update,0.0014257473258312398
gelu,ea1b2786-47f3-44e2-82f0-1463d1a06c1e,blocks.layers.2.norm2,3,grad_l2,0.002503287272260334
gelu,ea1b2786-47f3-44e2-82f0-1463d1a06c1e,blocks.layers.2.norm2,3,rel_update,9.644248927147412e-05
gelu,ea1b2786-47f3-44e2-82f0-1463d1a06c1e,blocks.layers.2.self_attn,3,grad_l2,0.030411908942685938
gelu,ea1b2786-47f3-44e2-82f0-1463d1a06c1e,blocks.layers.2.self_attn,3,rel_update,0.001536008886155462
gelu,ea1b2786-47f3-44e2-82f0-1463d1a06c1e,blocks.layers.2.norm1,3,grad_l2,0.003190813863050696
gelu,ea1b2786-47f3-44e2-82f0-1463d1a06c1e,blocks.layers.2.norm1,3,rel_update,9.770454763856735e-05
gelu,ea1b2786-47f3-44e2-82f0-1463d1a06c1e,blocks.layers.1.linear2,3,grad_l2,0.03308531783312646
gelu,ea1b2786-47f3-44e2-82f0-1463d1a06c1e,blocks.layers.1.linear2,3,rel_update,0.001609355626758218
gelu,ea1b2786-47f3-44e2-82f0-1463d1a06c1e,blocks.layers.1.linear1,3,grad_l2,0.03505744806599459
gelu,ea1b2786-47f3-44e2-82f0-1463d1a06c1e,blocks.layers.1.linear1,3,rel_update,0.0017032330223535964
gelu,ea1b2786-47f3-44e2-82f0-1463d1a06c1e,blocks.layers.1.norm2,3,grad_l2,0.0032241376660885747
gelu,ea1b2786-47f3-44e2-82f0-1463d1a06c1e,blocks.layers.1.norm2,3,rel_update,0.00012136506301619609
gelu,ea1b2786-47f3-44e2-82f0-1463d1a06c1e,blocks.layers.1.self_attn,3,grad_l2,0.03876548217759657
gelu,ea1b2786-47f3-44e2-82f0-1463d1a06c1e,blocks.layers.1.self_attn,3,rel_update,0.0019590964992321435
gelu,ea1b2786-47f3-44e2-82f0-1463d1a06c1e,blocks.layers.1.norm1,3,grad_l2,0.004192718015415598
gelu,ea1b2786-47f3-44e2-82f0-1463d1a06c1e,blocks.layers.1.norm1,3,rel_update,0.00012031747447450639
gelu,ea1b2786-47f3-44e2-82f0-1463d1a06c1e,blocks.layers.0.linear2,3,grad_l2,0.061450213702343326
gelu,ea1b2786-47f3-44e2-82f0-1463d1a06c1e,blocks.layers.0.linear2,3,rel_update,0.0029529495462926715
gelu,ea1b2786-47f3-44e2-82f0-1463d1a06c1e,blocks.layers.0.linear1,3,grad_l2,0.059270521907460454
gelu,ea1b2786-47f3-44e2-82f0-1463d1a06c1e,blocks.layers.0.linear1,3,rel_update,0.0028406277984746116
gelu,ea1b2786-47f3-44e2-82f0-1463d1a06c1e,blocks.layers.0.norm2,3,grad_l2,0.007273419299354187
gelu,ea1b2786-47f3-44e2-82f0-1463d1a06c1e,blocks.layers.0.norm2,3,rel_update,0.0002569676532500817
gelu,ea1b2786-47f3-44e2-82f0-1463d1a06c1e,blocks.layers.0.self_attn,3,grad_l2,0.11388057508091982
gelu,ea1b2786-47f3-44e2-82f0-1463d1a06c1e,blocks.layers.0.self_attn,3,rel_update,0.005640080201241943
gelu,ea1b2786-47f3-44e2-82f0-1463d1a06c1e,blocks.layers.0.norm1,3,grad_l2,0.02169871990697514
gelu,ea1b2786-47f3-44e2-82f0-1463d1a06c1e,blocks.layers.0.norm1,3,rel_update,0.0003478639000700139
gelu,ea1b2786-47f3-44e2-82f0-1463d1a06c1e,lm_head,4,grad_l2,0.39023613767479665
gelu,ea1b2786-47f3-44e2-82f0-1463d1a06c1e,lm_head,4,rel_update,0.008331274588974938
gelu,ea1b2786-47f3-44e2-82f0-1463d1a06c1e,final_norm,4,grad_l2,0.029025042506327054
gelu,ea1b2786-47f3-44e2-82f0-1463d1a06c1e,final_norm,4,rel_update,0.0013273258899632
gelu,ea1b2786-47f3-44e2-82f0-1463d1a06c1e,blocks.layers.3.linear2,4,grad_l2,0.02994855138556451
gelu,ea1b2786-47f3-44e2-82f0-1463d1a06c1e,blocks.layers.3.linear2,4,rel_update,0.0014508302525268935
gelu,ea1b2786-47f3-44e2-82f0-1463d1a06c1e,blocks.layers.3.linear1,4,grad_l2,0.036261340887453405
gelu,ea1b2786-47f3-44e2-82f0-1463d1a06c1e,blocks.layers.3.linear1,4,rel_update,0.0017478919268879155
gelu,ea1b2786-47f3-44e2-82f0-1463d1a06c1e,blocks.layers.3.norm2,4,grad_l2,0.003979313857469766
gelu,ea1b2786-47f3-44e2-82f0-1463d1a06c1e,blocks.layers.3.norm2,4,rel_update,0.00015598261562698189
gelu,ea1b2786-47f3-44e2-82f0-1463d1a06c1e,blocks.layers.3.self_attn,4,grad_l2,0.03544997277568834
gelu,ea1b2786-47f3-44e2-82f0-1463d1a06c1e,blocks.layers.3.self_attn,4,rel_update,0.001784728699374872
gelu,ea1b2786-47f3-44e2-82f0-1463d1a06c1e,blocks.layers.3.norm1,4,grad_l2,0.003476756991959896
gelu,ea1b2786-47f3-44e2-82f0-1463d1a06c1e,blocks.layers.3.norm1,4,rel_update,0.00012337244635968019
gelu,ea1b2786-47f3-44e2-82f0-1463d1a06c1e,blocks.layers.2.linear2,4,grad_l2,0.02886002938767679
gelu,ea1b2786-47f3-44e2-82f0-1463d1a06c1e,blocks.layers.2.linear2,4,rel_update,0.0013985587899248472
gelu,ea1b2786-47f3-44e2-82f0-1463d1a06c1e,blocks.layers.2.linear1,4,grad_l2,0.032002781244174286
gelu,ea1b2786-47f3-44e2-82f0-1463d1a06c1e,blocks.layers.2.linear1,4,rel_update,0.0015445654582525758
gelu,ea1b2786-47f3-44e2-82f0-1463d1a06c1e,blocks.layers.2.norm2,4,grad_l2,0.0026684376131716793
gelu,ea1b2786-47f3-44e2-82f0-1463d1a06c1e,blocks.layers.2.norm2,4,rel_update,0.000103545410088692
gelu,ea1b2786-47f3-44e2-82f0-1463d1a06c1e,blocks.layers.2.self_attn,4,grad_l2,0.03457861539859397
gelu,ea1b2786-47f3-44e2-82f0-1463d1a06c1e,blocks.layers.2.self_attn,4,rel_update,0.0017440644043733686
gelu,ea1b2786-47f3-44e2-82f0-1463d1a06c1e,blocks.layers.2.norm1,4,grad_l2,0.003572061108133256
gelu,ea1b2786-47f3-44e2-82f0-1463d1a06c1e,blocks.layers.2.norm1,4,rel_update,0.00011244244533383004
gelu,ea1b2786-47f3-44e2-82f0-1463d1a06c1e,blocks.layers.1.linear2,4,grad_l2,0.035237103286191986
gelu,ea1b2786-47f3-44e2-82f0-1463d1a06c1e,blocks.layers.1.linear2,4,rel_update,0.0017121941996770698
gelu,ea1b2786-47f3-44e2-82f0-1463d1a06c1e,blocks.layers.1.linear1,4,grad_l2,0.037972934061041505
gelu,ea1b2786-47f3-44e2-82f0-1463d1a06c1e,blocks.layers.1.linear1,4,rel_update,0.0018413884109805578
gelu,ea1b2786-47f3-44e2-82f0-1463d1a06c1e,blocks.layers.1.norm2,4,grad_l2,0.0034019863547602525
gelu,ea1b2786-47f3-44e2-82f0-1463d1a06c1e,blocks.layers.1.norm2,4,rel_update,0.0001294618603911404
gelu,ea1b2786-47f3-44e2-82f0-1463d1a06c1e,blocks.layers.1.self_attn,4,grad_l2,0.04236678847694527
gelu,ea1b2786-47f3-44e2-82f0-1463d1a06c1e,blocks.layers.1.self_attn,4,rel_update,0.0021405374008964927
gelu,ea1b2786-47f3-44e2-82f0-1463d1a06c1e,blocks.layers.1.norm1,4,grad_l2,0.004561952661952247
gelu,ea1b2786-47f3-44e2-82f0-1463d1a06c1e,blocks.layers.1.norm1,4,rel_update,0.00013317295994464724
gelu,ea1b2786-47f3-44e2-82f0-1463d1a06c1e,blocks.layers.0.linear2,4,grad_l2,0.06746658269745195
gelu,ea1b2786-47f3-44e2-82f0-1463d1a06c1e,blocks.layers.0.linear2,4,rel_update,0.0032300899062063567
gelu,ea1b2786-47f3-44e2-82f0-1463d1a06c1e,blocks.layers.0.linear1,4,grad_l2,0.06650150180119742
gelu,ea1b2786-47f3-44e2-82f0-1463d1a06c1e,blocks.layers.0.linear1,4,rel_update,0.0031743374569929788
gelu,ea1b2786-47f3-44e2-82f0-1463d1a06c1e,blocks.layers.0.norm2,4,grad_l2,0.007955854883870858
gelu,ea1b2786-47f3-44e2-82f0-1463d1a06c1e,blocks.layers.0.norm2,4,rel_update,0.0002856187932489417
gelu,ea1b2786-47f3-44e2-82f0-1463d1a06c1e,blocks.layers.0.self_attn,4,grad_l2,0.12717924003182215
gelu,ea1b2786-47f3-44e2-82f0-1463d1a06c1e,blocks.layers.0.self_attn,4,rel_update,0.006268526319450972
gelu,ea1b2786-47f3-44e2-82f0-1463d1a06c1e,blocks.layers.0.norm1,4,grad_l2,0.02387289046653476
gelu,ea1b2786-47f3-44e2-82f0-1463d1a06c1e,blocks.layers.0.norm1,4,rel_update,0.00039044771288967376
gelu,ea1b2786-47f3-44e2-82f0-1463d1a06c1e,lm_head,5,grad_l2,0.36830897182933237
gelu,ea1b2786-47f3-44e2-82f0-1463d1a06c1e,lm_head,5,rel_update,0.0071670555067476745
gelu,ea1b2786-47f3-44e2-82f0-1463d1a06c1e,final_norm,5,grad_l2,0.027893490629697086
gelu,ea1b2786-47f3-44e2-82f0-1463d1a06c1e,final_norm,5,rel_update,0.0012649916701676016
gelu,ea1b2786-47f3-44e2-82f0-1463d1a06c1e,blocks.layers.3.linear2,5,grad_l2,0.032347065208042786
gelu,ea1b2786-47f3-44e2-82f0-1463d1a06c1e,blocks.layers.3.linear2,5,rel_update,0.001564728357739268
gelu,ea1b2786-47f3-44e2-82f0-1463d1a06c1e,blocks.layers.3.linear1,5,grad_l2,0.03916021574220213
gelu,ea1b2786-47f3-44e2-82f0-1463d1a06c1e,blocks.layers.3.linear1,5,rel_update,0.0018824409763343363
gelu,ea1b2786-47f3-44e2-82f0-1463d1a06c1e,blocks.layers.3.norm2,5,grad_l2,0.004401641152402049
gelu,ea1b2786-47f3-44e2-82f0-1463d1a06c1e,blocks.layers.3.norm2,5,rel_update,0.00017397385637219525
gelu,ea1b2786-47f3-44e2-82f0-1463d1a06c1e,blocks.layers.3.self_attn,5,grad_l2,0.039438874281738874
gelu,ea1b2786-47f3-44e2-82f0-1463d1a06c1e,blocks.layers.3.self_attn,5,rel_update,0.001980247630933246
gelu,ea1b2786-47f3-44e2-82f0-1463d1a06c1e,blocks.layers.3.norm1,5,grad_l2,0.003888180235360009
gelu,ea1b2786-47f3-44e2-82f0-1463d1a06c1e,blocks.layers.3.norm1,5,rel_update,0.00014207475780435273
gelu,ea1b2786-47f3-44e2-82f0-1463d1a06c1e,blocks.layers.2.linear2,5,grad_l2,0.030809310192479292
gelu,ea1b2786-47f3-44e2-82f0-1463d1a06c1e,blocks.layers.2.linear2,5,rel_update,0.001490544770880957
gelu,ea1b2786-47f3-44e2-82f0-1463d1a06c1e,blocks.layers.2.linear1,5,grad_l2,0.03441377119930789
gelu,ea1b2786-47f3-44e2-82f0-1463d1a06c1e,blocks.layers.2.linear1,5,rel_update,0.0016558132274066297
gelu,ea1b2786-47f3-44e2-82f0-1463d1a06c1e,blocks.layers.2.norm2,5,grad_l2,0.0028095626341525684
gelu,ea1b2786-47f3-44e2-82f0-1463d1a06c1e,blocks.layers.2.norm2,5,rel_update,0.00010988567574775865
gelu,ea1b2786-47f3-44e2-82f0-1463d1a06c1e,blocks.layers.2.self_attn,5,grad_l2,0.038591766167079544
gelu,ea1b2786-47f3-44e2-82f0-1463d1a06c1e,blocks.layers.2.self_attn,5,rel_update,0.0019442679416193094
gelu,ea1b2786-47f3-44e2-82f0-1463d1a06c1e,blocks.layers.2.norm1,5,grad_l2,0.0039065818079622346
gelu,ea1b2786-47f3-44e2-82f0-1463d1a06c1e,blocks.layers.2.norm1,5,rel_update,0.00012682270067084425
gelu,ea1b2786-47f3-44e2-82f0-1463d1a06c1e,blocks.layers.1.linear2,5,grad_l2,0.03717082965245869
gelu,ea1b2786-47f3-44e2-82f0-1463d1a06c1e,blocks.layers.1.linear2,5,rel_update,0.0018049996285384989
gelu,ea1b2786-47f3-44e2-82f0-1463d1a06c1e,blocks.layers.1.linear1,5,grad_l2,0.04062593277884689
gelu,ea1b2786-47f3-44e2-82f0-1463d1a06c1e,blocks.layers.1.linear1,5,rel_update,0.0019670891381193536
gelu,ea1b2786-47f3-44e2-82f0-1463d1a06c1e,blocks.layers.1.norm2,5,grad_l2,0.003540114137866869
gelu,ea1b2786-47f3-44e2-82f0-1463d1a06c1e,blocks.layers.1.norm2,5,rel_update,0.00013636801383836396
gelu,ea1b2786-47f3-44e2-82f0-1463d1a06c1e,blocks.layers.1.self_attn,5,grad_l2,0.04569035829430764
gelu,ea1b2786-47f3-44e2-82f0-1463d1a06c1e,blocks.layers.1.self_attn,5,rel_update,0.0023084361395593507
gelu,ea1b2786-47f3-44e2-82f0-1463d1a06c1e,blocks.layers.1.norm1,5,grad_l2,0.004878361619347167
gelu,ea1b2786-47f3-44e2-82f0-1463d1a06c1e,blocks.layers.1.norm1,5,rel_update,0.0001449043683246764
gelu,ea1b2786-47f3-44e2-82f0-1463d1a06c1e,blocks.layers.0.linear2,5,grad_l2,0.07240795079717859
gelu,ea1b2786-47f3-44e2-82f0-1463d1a06c1e,blocks.layers.0.linear2,5,rel_update,0.0034576978174029995
gelu,ea1b2786-47f3-44e2-82f0-1463d1a06c1e,blocks.layers.0.linear1,5,grad_l2,0.07283759056771663
gelu,ea1b2786-47f3-44e2-82f0-1463d1a06c1e,blocks.layers.0.linear1,5,rel_update,0.0034670877084948086
gelu,ea1b2786-47f3-44e2-82f0-1463d1a06c1e,blocks.layers.0.norm2,5,grad_l2,0.00846347394218184
gelu,ea1b2786-47f3-44e2-82f0-1463d1a06c1e,blocks.layers.0.norm2,5,rel_update,0.00030908096555287267
gelu,ea1b2786-47f3-44e2-82f0-1463d1a06c1e,blocks.layers.0.self_attn,5,grad_l2,0.13863395493596276
gelu,ea1b2786-47f3-44e2-82f0-1463d1a06c1e,blocks.layers.0.self_attn,5,rel_update,0.006798760289853977
gelu,ea1b2786-47f3-44e2-82f0-1463d1a06c1e,blocks.layers.0.norm1,5,grad_l2,0.02524589045753855
gelu,ea1b2786-47f3-44e2-82f0-1463d1a06c1e,blocks.layers.0.norm1,5,rel_update,0.00042707053215785087
gelu,ea1b2786-47f3-44e2-82f0-1463d1a06c1e,lm_head,6,grad_l2,0.3526286387358696
gelu,ea1b2786-47f3-44e2-82f0-1463d1a06c1e,lm_head,6,rel_update,0.00632874191379258
gelu,ea1b2786-47f3-44e2-82f0-1463d1a06c1e,final_norm,6,grad_l2,0.027112829211862758
gelu,ea1b2786-47f3-44e2-82f0-1463d1a06c1e,final_norm,6,rel_update,0.0012220307889579316
gelu,ea1b2786-47f3-44e2-82f0-1463d1a06c1e,blocks.layers.3.linear2,6,grad_l2,0.03428069964783069
gelu,ea1b2786-47f3-44e2-82f0-1463d1a06c1e,blocks.layers.3.linear2,6,rel_update,0.0016567578378112475
gelu,ea1b2786-47f3-44e2-82f0-1463d1a06c1e,blocks.layers.3.linear1,6,grad_l2,0.0415324192114687
gelu,ea1b2786-47f3-44e2-82f0-1463d1a06c1e,blocks.layers.3.linear1,6,rel_update,0.001992177353552
gelu,ea1b2786-47f3-44e2-82f0-1463d1a06c1e,blocks.layers.3.norm2,6,grad_l2,0.004679047478659156
gelu,ea1b2786-47f3-44e2-82f0-1463d1a06c1e,blocks.layers.3.norm2,6,rel_update,0.00018758033391210838
gelu,ea1b2786-47f3-44e2-82f0-1463d1a06c1e,blocks.layers.3.self_attn,6,grad_l2,0.04265063028598035
gelu,ea1b2786-47f3-44e2-82f0-1463d1a06c1e,blocks.layers.3.self_attn,6,rel_update,0.002136662132915871
gelu,ea1b2786-47f3-44e2-82f0-1463d1a06c1e,blocks.layers.3.norm1,6,grad_l2,0.004199768450607813
gelu,ea1b2786-47f3-44e2-82f0-1463d1a06c1e,blocks.layers.3.norm1,6,rel_update,0.00015714375967007765
gelu,ea1b2786-47f3-44e2-82f0-1463d1a06c1e,blocks.layers.2.linear2,6,grad_l2,0.0324688813502389
gelu,ea1b2786-47f3-44e2-82f0-1463d1a06c1e,blocks.layers.2.linear2,6,rel_update,0.00156906058427958
gelu,ea1b2786-47f3-44e2-82f0-1463d1a06c1e,blocks.layers.2.linear1,6,grad_l2,0.03652179412215766
gelu,ea1b2786-47f3-44e2-82f0-1463d1a06c1e,blocks.layers.2.linear1,6,rel_update,0.001752891529228728
gelu,ea1b2786-47f3-44e2-82f0-1463d1a06c1e,blocks.layers.2.norm2,6,grad_l2,0.002914524897795927
gelu,ea1b2786-47f3-44e2-82f0-1463d1a06c1e,blocks.layers.2.norm2,6,rel_update,0.00011522783861812029
gelu,ea1b2786-47f3-44e2-82f0-1463d1a06c1e,blocks.layers.2.self_attn,6,grad_l2,0.041992392195143086
gelu,ea1b2786-47f3-44e2-82f0-1463d1a06c1e,blocks.layers.2.self_attn,6,rel_update,0.002113958366460386
gelu,ea1b2786-47f3-44e2-82f0-1463d1a06c1e,blocks.layers.2.norm1,6,grad_l2,0.004159970706403769
gelu,ea1b2786-47f3-44e2-82f0-1463d1a06c1e,blocks.layers.2.norm1,6,rel_update,0.00013910423946413692
gelu,ea1b2786-47f3-44e2-82f0-1463d1a06c1e,blocks.layers.1.linear2,6,grad_l2,0.03883595753228349
gelu,ea1b2786-47f3-44e2-82f0-1463d1a06c1e,blocks.layers.1.linear2,6,rel_update,0.001885424874968311
gelu,ea1b2786-47f3-44e2-82f0-1463d1a06c1e,blocks.layers.1.linear1,6,grad_l2,0.04290888575652964
gelu,ea1b2786-47f3-44e2-82f0-1463d1a06c1e,blocks.layers.1.linear1,6,rel_update,0.0020753490149704266
gelu,ea1b2786-47f3-44e2-82f0-1463d1a06c1e,blocks.layers.1.norm2,6,grad_l2,0.003637523184168404
gelu,ea1b2786-47f3-44e2-82f0-1463d1a06c1e,blocks.layers.1.norm2,6,rel_update,0.00014202201764925538
gelu,ea1b2786-47f3-44e2-82f0-1463d1a06c1e,blocks.layers.1.self_attn,6,grad_l2,0.048470084758592054
gelu,ea1b2786-47f3-44e2-82f0-1463d1a06c1e,blocks.layers.1.self_attn,6,rel_update,0.002449217840870296
gelu,ea1b2786-47f3-44e2-82f0-1463d1a06c1e,blocks.layers.1.norm1,6,grad_l2,0.005114858534225704
gelu,ea1b2786-47f3-44e2-82f0-1463d1a06c1e,blocks.layers.1.norm1,6,rel_update,0.00015444988923953978
gelu,ea1b2786-47f3-44e2-82f0-1463d1a06c1e,blocks.layers.0.linear2,6,grad_l2,0.07630361095291953
gelu,ea1b2786-47f3-44e2-82f0-1463d1a06c1e,blocks.layers.0.linear2,6,rel_update,0.003637420456351373
gelu,ea1b2786-47f3-44e2-82f0-1463d1a06c1e,blocks.layers.0.linear1,6,grad_l2,0.0782004637783604
gelu,ea1b2786-47f3-44e2-82f0-1463d1a06c1e,blocks.layers.0.linear1,6,rel_update,0.0037154551715936034
gelu,ea1b2786-47f3-44e2-82f0-1463d1a06c1e,blocks.layers.0.norm2,6,grad_l2,0.008820428930344695
gelu,ea1b2786-47f3-44e2-82f0-1463d1a06c1e,blocks.layers.0.norm2,6,rel_update,0.00032806558103615316
gelu,ea1b2786-47f3-44e2-82f0-1463d1a06c1e,blocks.layers.0.self_attn,6,grad_l2,0.14846651753545262
gelu,ea1b2786-47f3-44e2-82f0-1463d1a06c1e,blocks.layers.0.self_attn,6,rel_update,0.007247821801226084
gelu,ea1b2786-47f3-44e2-82f0-1463d1a06c1e,blocks.layers.0.norm1,6,grad_l2,0.02603963439317227
gelu,ea1b2786-47f3-44e2-82f0-1463d1a06c1e,blocks.layers.0.norm1,6,rel_update,0.0004591167353986879
gelu,ea1b2786-47f3-44e2-82f0-1463d1a06c1e,lm_head,7,grad_l2,0.3409060824370787
gelu,ea1b2786-47f3-44e2-82f0-1463d1a06c1e,lm_head,7,rel_update,0.0056969990960635585
gelu,ea1b2786-47f3-44e2-82f0-1463d1a06c1e,final_norm,7,grad_l2,0.026579314785355416
gelu,ea1b2786-47f3-44e2-82f0-1463d1a06c1e,final_norm,7,rel_update,0.001191907103522397
gelu,ea1b2786-47f3-44e2-82f0-1463d1a06c1e,blocks.layers.3.linear2,7,grad_l2,0.03582144743063878
gelu,ea1b2786-47f3-44e2-82f0-1463d1a06c1e,blocks.layers.3.linear2,7,rel_update,0.001730199868268142
gelu,ea1b2786-47f3-44e2-82f0-1463d1a06c1e,blocks.layers.3.linear1,7,grad_l2,0.04346274024704239
gelu,ea1b2786-47f3-44e2-82f0-1463d1a06c1e,blocks.layers.3.linear1,7,rel_update,0.0020812999126867482
gelu,ea1b2786-47f3-44e2-82f0-1463d1a06c1e,blocks.layers.3.norm2,7,grad_l2,0.004868469716053566
gelu,ea1b2786-47f3-44e2-82f0-1463d1a06c1e,blocks.layers.3.norm2,7,rel_update,0.0001981409074214354
gelu,ea1b2786-47f3-44e2-82f0-1463d1a06c1e,blocks.layers.3.self_attn,7,grad_l2,0.045239212783135085
gelu,ea1b2786-47f3-44e2-82f0-1463d1a06c1e,blocks.layers.3.self_attn,7,rel_update,0.0022622620577997378
gelu,ea1b2786-47f3-44e2-82f0-1463d1a06c1e,blocks.layers.3.norm1,7,grad_l2,0.0044369362938502495
gelu,ea1b2786-47f3-44e2-82f0-1463d1a06c1e,blocks.layers.3.norm1,7,rel_update,0.00016936791620965442
gelu,ea1b2786-47f3-44e2-82f0-1463d1a06c1e,blocks.layers.2.linear2,7,grad_l2,0.03386928322179326
gelu,ea1b2786-47f3-44e2-82f0-1463d1a06c1e,blocks.layers.2.linear2,7,rel_update,0.0016354725531211613
gelu,ea1b2786-47f3-44e2-82f0-1463d1a06c1e,blocks.layers.2.linear1,7,grad_l2,0.03833789434238413
gelu,ea1b2786-47f3-44e2-82f0-1463d1a06c1e,blocks.layers.2.linear1,7,rel_update,0.0018364967108595912
gelu,ea1b2786-47f3-44e2-82f0-1463d1a06c1e,blocks.layers.2.norm2,7,grad_l2,0.0029961053613995607
gelu,ea1b2786-47f3-44e2-82f0-1463d1a06c1e,blocks.layers.2.norm2,7,rel_update,0.00011964840298416191
gelu,ea1b2786-47f3-44e2-82f0-1463d1a06c1e,blocks.layers.2.self_attn,7,grad_l2,0.04484334717080626
gelu,ea1b2786-47f3-44e2-82f0-1463d1a06c1e,blocks.layers.2.self_attn,7,rel_update,0.0022562452116633505
gelu,ea1b2786-47f3-44e2-82f0-1463d1a06c1e,blocks.layers.2.norm1,7,grad_l2,0.004354542261847543
gelu,ea1b2786-47f3-44e2-82f0-1463d1a06c1e,blocks.layers.2.norm1,7,rel_update,0.00014931164618626325
gelu,ea1b2786-47f3-44e2-82f0-1463d1a06c1e,blocks.layers.1.linear2,7,grad_l2,0.04025464597395015
gelu,ea1b2786-47f3-44e2-82f0-1463d1a06c1e,blocks.layers.1.linear2,7,rel_update,0.0019542981642444216
gelu,ea1b2786-47f3-44e2-82f0-1463d1a06c1e,blocks.layers.1.linear1,7,grad_l2,0.04486835856998881
gelu,ea1b2786-47f3-44e2-82f0-1463d1a06c1e,blocks.layers.1.linear1,7,rel_update,0.0021683913635465826
gelu,ea1b2786-47f3-44e2-82f0-1463d1a06c1e,blocks.layers.1.norm2,7,grad_l2,0.0037131368904512107
gelu,ea1b2786-47f3-44e2-82f0-1463d1a06c1e,blocks.layers.1.norm2,7,rel_update,0.0001468668449922232
gelu,ea1b2786-47f3-44e2-82f0-1463d1a06c1e,blocks.layers.1.self_attn,7,grad_l2,0.05081448295782772
gelu,ea1b2786-47f3-44e2-82f0-1463d1a06c1e,blocks.layers.1.self_attn,7,rel_update,0.0025683394490776824
gelu,ea1b2786-47f3-44e2-82f0-1463d1a06c1e,blocks.layers.1.norm1,7,grad_l2,0.005292027865244298
gelu,ea1b2786-47f3-44e2-82f0-1463d1a06c1e,blocks.layers.1.norm1,7,rel_update,0.00016233659485484416
gelu,ea1b2786-47f3-44e2-82f0-1463d1a06c1e,blocks.layers.0.linear2,7,grad_l2,0.079381222370518
gelu,ea1b2786-47f3-44e2-82f0-1463d1a06c1e,blocks.layers.0.linear2,7,rel_update,0.003779756254529005
gelu,ea1b2786-47f3-44e2-82f0-1463d1a06c1e,blocks.layers.0.linear1,7,grad_l2,0.0826865024083832
gelu,ea1b2786-47f3-44e2-82f0-1463d1a06c1e,blocks.layers.0.linear1,7,rel_update,0.003923761681320492
gelu,ea1b2786-47f3-44e2-82f0-1463d1a06c1e,blocks.layers.0.norm2,7,grad_l2,0.009077095842250155
gelu,ea1b2786-47f3-44e2-82f0-1463d1a06c1e,blocks.layers.0.norm2,7,rel_update,0.0003433712257496302
gelu,ea1b2786-47f3-44e2-82f0-1463d1a06c1e,blocks.layers.0.self_attn,7,grad_l2,0.15679234580672616
gelu,ea1b2786-47f3-44e2-82f0-1463d1a06c1e,blocks.layers.0.self_attn,7,rel_update,0.00762479659603349
gelu,ea1b2786-47f3-44e2-82f0-1463d1a06c1e,blocks.layers.0.norm1,7,grad_l2,0.026476952890426703
gelu,ea1b2786-47f3-44e2-82f0-1463d1a06c1e,blocks.layers.0.norm1,7,rel_update,0.0004861131723785356
gelu,ea1b2786-47f3-44e2-82f0-1463d1a06c1e,lm_head,8,grad_l2,0.33159102571958043
gelu,ea1b2786-47f3-44e2-82f0-1463d1a06c1e,lm_head,8,rel_update,0.005203430962474455
gelu,ea1b2786-47f3-44e2-82f0-1463d1a06c1e,final_norm,8,grad_l2,0.02619724665108381
gelu,ea1b2786-47f3-44e2-82f0-1463d1a06c1e,final_norm,8,rel_update,0.001170347402680594
gelu,ea1b2786-47f3-44e2-82f0-1463d1a06c1e,blocks.layers.3.linear2,8,grad_l2,0.037007404802738966
gelu,ea1b2786-47f3-44e2-82f0-1463d1a06c1e,blocks.layers.3.linear2,8,rel_update,0.0017868278929436413
gelu,ea1b2786-47f3-44e2-82f0-1463d1a06c1e,blocks.layers.3.linear1,8,grad_l2,0.04497681117653973
gelu,ea1b2786-47f3-44e2-82f0-1463d1a06c1e,blocks.layers.3.linear1,8,rel_update,0.0021511036251169032
gelu,ea1b2786-47f3-44e2-82f0-1463d1a06c1e,blocks.layers.3.norm2,8,grad_l2,0.004990457207584908
gelu,ea1b2786-47f3-44e2-82f0-1463d1a06c1e,blocks.layers.3.norm2,8,rel_update,0.00020588238797153134
gelu,ea1b2786-47f3-44e2-82f0-1463d1a06c1e,blocks.layers.3.self_attn,8,grad_l2,0.047098805915991304
gelu,ea1b2786-47f3-44e2-82f0-1463d1a06c1e,blocks.layers.3.self_attn,8,rel_update,0.002352113368170515
gelu,ea1b2786-47f3-44e2-82f0-1463d1a06c1e,blocks.layers.3.norm1,8,grad_l2,0.0045880918796880115
gelu,ea1b2786-47f3-44e2-82f0-1463d1a06c1e,blocks.layers.3.norm1,8,rel_update,0.0001776951727554211
gelu,ea1b2786-47f3-44e2-82f0-1463d1a06c1e,blocks.layers.2.linear2,8,grad_l2,0.034952946637336
gelu,ea1b2786-47f3-44e2-82f0-1463d1a06c1e,blocks.layers.2.linear2,8,rel_update,0.0016869358840407237
gelu,ea1b2786-47f3-44e2-82f0-1463d1a06c1e,blocks.layers.2.linear1,8,grad_l2,0.03979170540583514
gelu,ea1b2786-47f3-44e2-82f0-1463d1a06c1e,blocks.layers.2.linear1,8,rel_update,0.001903357913995398
gelu,ea1b2786-47f3-44e2-82f0-1463d1a06c1e,blocks.layers.2.norm2,8,grad_l2,0.0030553739182343316
gelu,ea1b2786-47f3-44e2-82f0-1463d1a06c1e,blocks.layers.2.norm2,8,rel_update,0.00012322085810488416
gelu,ea1b2786-47f3-44e2-82f0-1463d1a06c1e,blocks.layers.2.self_attn,8,grad_l2,0.046987404278520974
gelu,ea1b2786-47f3-44e2-82f0-1463d1a06c1e,blocks.layers.2.self_attn,8,rel_update,0.0023632352886507843
gelu,ea1b2786-47f3-44e2-82f0-1463d1a06c1e,blocks.layers.2.norm1,8,grad_l2,0.0044923280284225545
gelu,ea1b2786-47f3-44e2-82f0-1463d1a06c1e,blocks.layers.2.norm1,8,rel_update,0.00015727940298478906
gelu,ea1b2786-47f3-44e2-82f0-1463d1a06c1e,blocks.layers.1.linear2,8,grad_l2,0.041356756349920795
gelu,ea1b2786-47f3-44e2-82f0-1463d1a06c1e,blocks.layers.1.linear2,8,rel_update,0.002008041526208528
gelu,ea1b2786-47f3-44e2-82f0-1463d1a06c1e,blocks.layers.1.linear1,8,grad_l2,0.04643827607697165
gelu,ea1b2786-47f3-44e2-82f0-1463d1a06c1e,blocks.layers.1.linear1,8,rel_update,0.0022429883426420515
gelu,ea1b2786-47f3-44e2-82f0-1463d1a06c1e,blocks.layers.1.norm2,8,grad_l2,0.003764403769433853
gelu,ea1b2786-47f3-44e2-82f0-1463d1a06c1e,blocks.layers.1.norm2,8,rel_update,0.00015057976991819706
gelu,ea1b2786-47f3-44e2-82f0-1463d1a06c1e,blocks.layers.1.self_attn,8,grad_l2,0.052630363706010166
gelu,ea1b2786-47f3-44e2-82f0-1463d1a06c1e,blocks.layers.1.self_attn,8,rel_update,0.002660858969207715
gelu,ea1b2786-47f3-44e2-82f0-1463d1a06c1e,blocks.layers.1.norm1,8,grad_l2,0.005413959947191351
gelu,ea1b2786-47f3-44e2-82f0-1463d1a06c1e,blocks.layers.1.norm1,8,rel_update,0.00016838179557957978
gelu,ea1b2786-47f3-44e2-82f0-1463d1a06c1e,blocks.layers.0.linear2,8,grad_l2,0.08174424826235133
gelu,ea1b2786-47f3-44e2-82f0-1463d1a06c1e,blocks.layers.0.linear2,8,rel_update,0.003889240331510943
gelu,ea1b2786-47f3-44e2-82f0-1463d1a06c1e,blocks.layers.0.linear1,8,grad_l2,0.08630033336937033
gelu,ea1b2786-47f3-44e2-82f0-1463d1a06c1e,blocks.layers.0.linear1,8,rel_update,0.004091813766455401
gelu,ea1b2786-47f3-44e2-82f0-1463d1a06c1e,blocks.layers.0.norm2,8,grad_l2,0.009250300182461375
gelu,ea1b2786-47f3-44e2-82f0-1463d1a06c1e,blocks.layers.0.norm2,8,rel_update,0.0003552569805390608
gelu,ea1b2786-47f3-44e2-82f0-1463d1a06c1e,blocks.layers.0.self_attn,8,grad_l2,0.16347081797355084
gelu,ea1b2786-47f3-44e2-82f0-1463d1a06c1e,blocks.layers.0.self_attn,8,rel_update,0.007925831875296163
gelu,ea1b2786-47f3-44e2-82f0-1463d1a06c1e,blocks.layers.0.norm1,8,grad_l2,0.026685704920883062
gelu,ea1b2786-47f3-44e2-82f0-1463d1a06c1e,blocks.layers.0.norm1,8,rel_update,0.0005093016893615552
gelu,ea1b2786-47f3-44e2-82f0-1463d1a06c1e,lm_head,9,grad_l2,0.32409875360566104
gelu,ea1b2786-47f3-44e2-82f0-1463d1a06c1e,lm_head,9,rel_update,0.0048080521916191755
gelu,ea1b2786-47f3-44e2-82f0-1463d1a06c1e,final_norm,9,grad_l2,0.0259164459061925
gelu,ea1b2786-47f3-44e2-82f0-1463d1a06c1e,final_norm,9,rel_update,0.0011545375636000852
gelu,ea1b2786-47f3-44e2-82f0-1463d1a06c1e,blocks.layers.3.linear2,9,grad_l2,0.037917245382681534
gelu,ea1b2786-47f3-44e2-82f0-1463d1a06c1e,blocks.layers.3.linear2,9,rel_update,0.0018303322546267334
gelu,ea1b2786-47f3-44e2-82f0-1463d1a06c1e,blocks.layers.3.linear1,9,grad_l2,0.04616507062515644
gelu,ea1b2786-47f3-44e2-82f0-1463d1a06c1e,blocks.layers.3.linear1,9,rel_update,0.002205829852163782
gelu,ea1b2786-47f3-44e2-82f0-1463d1a06c1e,blocks.layers.3.norm2,9,grad_l2,0.005070741519874435
gelu,ea1b2786-47f3-44e2-82f0-1463d1a06c1e,blocks.layers.3.norm2,9,rel_update,0.00021152438939910258
gelu,ea1b2786-47f3-44e2-82f0-1463d1a06c1e,blocks.layers.3.self_attn,9,grad_l2,0.04851359927828516
gelu,ea1b2786-47f3-44e2-82f0-1463d1a06c1e,blocks.layers.3.self_attn,9,rel_update,0.0024203833328297285
gelu,ea1b2786-47f3-44e2-82f0-1463d1a06c1e,blocks.layers.3.norm1,9,grad_l2,0.004683086857425237
gelu,ea1b2786-47f3-44e2-82f0-1463d1a06c1e,blocks.layers.3.norm1,9,rel_update,0.00018397304964767723
gelu,ea1b2786-47f3-44e2-82f0-1463d1a06c1e,blocks.layers.2.linear2,9,grad_l2,0.035811785943154525
gelu,ea1b2786-47f3-44e2-82f0-1463d1a06c1e,blocks.layers.2.linear2,9,rel_update,0.0017278330038646256
gelu,ea1b2786-47f3-44e2-82f0-1463d1a06c1e,blocks.layers.2.linear1,9,grad_l2,0.04095349769886285
gelu,ea1b2786-47f3-44e2-82f0-1463d1a06c1e,blocks.layers.2.linear1,9,rel_update,0.0019567658667262295
gelu,ea1b2786-47f3-44e2-82f0-1463d1a06c1e,blocks.layers.2.norm2,9,grad_l2,0.003099222419023783
gelu,ea1b2786-47f3-44e2-82f0-1463d1a06c1e,blocks.layers.2.norm2,9,rel_update,0.00012605979731039282
gelu,ea1b2786-47f3-44e2-82f0-1463d1a06c1e,blocks.layers.2.self_attn,9,grad_l2,0.048638621749186546
gelu,ea1b2786-47f3-44e2-82f0-1463d1a06c1e,blocks.layers.2.self_attn,9,rel_update,0.00244568632081009
gelu,ea1b2786-47f3-44e2-82f0-1463d1a06c1e,blocks.layers.2.norm1,9,grad_l2,0.004581805445119656
gelu,ea1b2786-47f3-44e2-82f0-1463d1a06c1e,blocks.layers.2.norm1,9,rel_update,0.0001632265242943305
gelu,ea1b2786-47f3-44e2-82f0-1463d1a06c1e,blocks.layers.1.linear2,9,grad_l2,0.04222957235538758
gelu,ea1b2786-47f3-44e2-82f0-1463d1a06c1e,blocks.layers.1.linear2,9,rel_update,0.0020507813964156566
gelu,ea1b2786-47f3-44e2-82f0-1463d1a06c1e,blocks.layers.1.linear1,9,grad_l2,0.047690387690754794
gelu,ea1b2786-47f3-44e2-82f0-1463d1a06c1e,blocks.layers.1.linear1,9,rel_update,0.002302505736065119
gelu,ea1b2786-47f3-44e2-82f0-1463d1a06c1e,blocks.layers.1.norm2,9,grad_l2,0.0038011667441563246
gelu,ea1b2786-47f3-44e2-82f0-1463d1a06c1e,blocks.layers.1.norm2,9,rel_update,0.00015355845910779324
gelu,ea1b2786-47f3-44e2-82f0-1463d1a06c1e,blocks.layers.1.self_attn,9,grad_l2,0.05402677892934747
gelu,ea1b2786-47f3-44e2-82f0-1463d1a06c1e,blocks.layers.1.self_attn,9,rel_update,0.0027322020882921756
gelu,ea1b2786-47f3-44e2-82f0-1463d1a06c1e,blocks.layers.1.norm1,9,grad_l2,0.005488158615144881
gelu,ea1b2786-47f3-44e2-82f0-1463d1a06c1e,blocks.layers.1.norm1,9,rel_update,0.00017306010938517984
gelu,ea1b2786-47f3-44e2-82f0-1463d1a06c1e,blocks.layers.0.linear2,9,grad_l2,0.08355602671911723
gelu,ea1b2786-47f3-44e2-82f0-1463d1a06c1e,blocks.layers.0.linear2,9,rel_update,0.003973277620477346
gelu,ea1b2786-47f3-44e2-82f0-1463d1a06c1e,blocks.layers.0.linear1,9,grad_l2,0.08918649588746481
gelu,ea1b2786-47f3-44e2-82f0-1463d1a06c1e,blocks.layers.0.linear1,9,rel_update,0.0042261298257307844
gelu,ea1b2786-47f3-44e2-82f0-1463d1a06c1e,blocks.layers.0.norm2,9,grad_l2,0.009364742106882809
gelu,ea1b2786-47f3-44e2-82f0-1463d1a06c1e,blocks.layers.0.norm2,9,rel_update,0.00036478087109383166
gelu,ea1b2786-47f3-44e2-82f0-1463d1a06c1e,blocks.layers.0.self_attn,9,grad_l2,0.1687825035827193
gelu,ea1b2786-47f3-44e2-82f0-1463d1a06c1e,blocks.layers.0.self_attn,9,rel_update,0.008165306394396468
gelu,ea1b2786-47f3-44e2-82f0-1463d1a06c1e,blocks.layers.0.norm1,9,grad_l2,0.026747199747732923
gelu,ea1b2786-47f3-44e2-82f0-1463d1a06c1e,blocks.layers.0.norm1,9,rel_update,0.0005280437121050154
gelu,bd88eac9-f0d4-4d39-96a4-523dabf203fa,lm_head,0,grad_l2,0.9443397600455641
gelu,bd88eac9-f0d4-4d39-96a4-523dabf203fa,lm_head,0,rel_update,0.034151798313975544
gelu,bd88eac9-f0d4-4d39-96a4-523dabf203fa,final_norm,0,grad_l2,0.06342260285043358
gelu,bd88eac9-f0d4-4d39-96a4-523dabf203fa,final_norm,0,rel_update,0.0028937309507559962
gelu,bd88eac9-f0d4-4d39-96a4-523dabf203fa,blocks.layers.3.linear2,0,grad_l2,0.016232404277637752
gelu,bd88eac9-f0d4-4d39-96a4-523dabf203fa,blocks.layers.3.linear2,0,rel_update,0.0007965300572606657
gelu,bd88eac9-f0d4-4d39-96a4-523dabf203fa,blocks.layers.3.linear1,0,grad_l2,0.018090176560961898
gelu,bd88eac9-f0d4-4d39-96a4-523dabf203fa,blocks.layers.3.linear1,0,rel_update,0.0008907933546590746
gelu,bd88eac9-f0d4-4d39-96a4-523dabf203fa,blocks.layers.3.norm2,0,grad_l2,0.0014101718392213439
gelu,bd88eac9-f0d4-4d39-96a4-523dabf203fa,blocks.layers.3.norm2,0,rel_update,5.542097266884146e-05
gelu,bd88eac9-f0d4-4d39-96a4-523dabf203fa,blocks.layers.3.self_attn,0,grad_l2,0.02126164107627
gelu,bd88eac9-f0d4-4d39-96a4-523dabf203fa,blocks.layers.3.self_attn,0,rel_update,0.0010794545100118488
gelu,bd88eac9-f0d4-4d39-96a4-523dabf203fa,blocks.layers.3.norm1,0,grad_l2,0.0018302587103084366
gelu,bd88eac9-f0d4-4d39-96a4-523dabf203fa,blocks.layers.3.norm1,0,rel_update,6.489403123367147e-05
gelu,bd88eac9-f0d4-4d39-96a4-523dabf203fa,blocks.layers.2.linear2,0,grad_l2,0.0194063399361407
gelu,bd88eac9-f0d4-4d39-96a4-523dabf203fa,blocks.layers.2.linear2,0,rel_update,0.0009512192305737384
gelu,bd88eac9-f0d4-4d39-96a4-523dabf203fa,blocks.layers.2.linear1,0,grad_l2,0.019545187088011635
gelu,bd88eac9-f0d4-4d39-96a4-523dabf203fa,blocks.layers.2.linear1,0,rel_update,0.0009604667423090905
gelu,bd88eac9-f0d4-4d39-96a4-523dabf203fa,blocks.layers.2.norm2,0,grad_l2,0.0015598676641336506
gelu,bd88eac9-f0d4-4d39-96a4-523dabf203fa,blocks.layers.2.norm2,0,rel_update,5.777646729318611e-05
gelu,bd88eac9-f0d4-4d39-96a4-523dabf203fa,blocks.layers.2.self_attn,0,grad_l2,0.023576094043678334
gelu,bd88eac9-f0d4-4d39-96a4-523dabf203fa,blocks.layers.2.self_attn,0,rel_update,0.001195791002023783
gelu,bd88eac9-f0d4-4d39-96a4-523dabf203fa,blocks.layers.2.norm1,0,grad_l2,0.002122988186497865
gelu,bd88eac9-f0d4-4d39-96a4-523dabf203fa,blocks.layers.2.norm1,0,rel_update,7.02636195825073e-05
gelu,bd88eac9-f0d4-4d39-96a4-523dabf203fa,blocks.layers.1.linear2,0,grad_l2,0.02300862201761423
gelu,bd88eac9-f0d4-4d39-96a4-523dabf203fa,blocks.layers.1.linear2,0,rel_update,0.0011252833326718392
gelu,bd88eac9-f0d4-4d39-96a4-523dabf203fa,blocks.layers.1.linear1,0,grad_l2,0.02200495640730144
gelu,bd88eac9-f0d4-4d39-96a4-523dabf203fa,blocks.layers.1.linear1,0,rel_update,0.0010808902970792674
gelu,bd88eac9-f0d4-4d39-96a4-523dabf203fa,blocks.layers.1.norm2,0,grad_l2,0.001987576039350072
gelu,bd88eac9-f0d4-4d39-96a4-523dabf203fa,blocks.layers.1.norm2,0,rel_update,7.039189353737352e-05
gelu,bd88eac9-f0d4-4d39-96a4-523dabf203fa,blocks.layers.1.self_attn,0,grad_l2,0.02765521586217203
gelu,bd88eac9-f0d4-4d39-96a4-523dabf203fa,blocks.layers.1.self_attn,0,rel_update,0.0013990718106474324
gelu,bd88eac9-f0d4-4d39-96a4-523dabf203fa,blocks.layers.1.norm1,0,grad_l2,0.0030009666329929457
gelu,bd88eac9-f0d4-4d39-96a4-523dabf203fa,blocks.layers.1.norm1,0,rel_update,8.125361103285909e-05
gelu,bd88eac9-f0d4-4d39-96a4-523dabf203fa,blocks.layers.0.linear2,0,grad_l2,0.03611104404839246
gelu,bd88eac9-f0d4-4d39-96a4-523dabf203fa,blocks.layers.0.linear2,0,rel_update,0.0017628241398252398
gelu,bd88eac9-f0d4-4d39-96a4-523dabf203fa,blocks.layers.0.linear1,0,grad_l2,0.027902485968984
gelu,bd88eac9-f0d4-4d39-96a4-523dabf203fa,blocks.layers.0.linear1,0,rel_update,0.0013619535261735571
gelu,bd88eac9-f0d4-4d39-96a4-523dabf203fa,blocks.layers.0.norm2,0,grad_l2,0.0032642771903121713
gelu,bd88eac9-f0d4-4d39-96a4-523dabf203fa,blocks.layers.0.norm2,0,rel_update,9.680499522181977e-05
gelu,bd88eac9-f0d4-4d39-96a4-523dabf203fa,blocks.layers.0.self_attn,0,grad_l2,0.04387500980016179
gelu,bd88eac9-f0d4-4d39-96a4-523dabf203fa,blocks.layers.0.self_attn,0,rel_update,0.002111738997943068
gelu,bd88eac9-f0d4-4d39-96a4-523dabf203fa,blocks.layers.0.norm1,0,grad_l2,0.010209067836582179
gelu,bd88eac9-f0d4-4d39-96a4-523dabf203fa,blocks.layers.0.norm1,0,rel_update,0.0001358307160618723
gelu,bd88eac9-f0d4-4d39-96a4-523dabf203fa,lm_head,1,grad_l2,0.5954871691789916
gelu,bd88eac9-f0d4-4d39-96a4-523dabf203fa,lm_head,1,rel_update,0.01843429368660642
gelu,bd88eac9-f0d4-4d39-96a4-523dabf203fa,final_norm,1,grad_l2,0.041252856197036294
gelu,bd88eac9-f0d4-4d39-96a4-523dabf203fa,final_norm,1,rel_update,0.0019194748603015206
gelu,bd88eac9-f0d4-4d39-96a4-523dabf203fa,blocks.layers.3.linear2,1,grad_l2,0.018701648695669194
gelu,bd88eac9-f0d4-4d39-96a4-523dabf203fa,blocks.layers.3.linear2,1,rel_update,0.0009142716668197023
gelu,bd88eac9-f0d4-4d39-96a4-523dabf203fa,blocks.layers.3.linear1,1,grad_l2,0.02289591686803723
gelu,bd88eac9-f0d4-4d39-96a4-523dabf203fa,blocks.layers.3.linear1,1,rel_update,0.0011208987481153357
gelu,bd88eac9-f0d4-4d39-96a4-523dabf203fa,blocks.layers.3.norm2,1,grad_l2,0.0019442616182073422
gelu,bd88eac9-f0d4-4d39-96a4-523dabf203fa,blocks.layers.3.norm2,1,rel_update,7.744710915847916e-05
gelu,bd88eac9-f0d4-4d39-96a4-523dabf203fa,blocks.layers.3.self_attn,1,grad_l2,0.02244108464405795
gelu,bd88eac9-f0d4-4d39-96a4-523dabf203fa,blocks.layers.3.self_attn,1,rel_update,0.001138286138366894
gelu,bd88eac9-f0d4-4d39-96a4-523dabf203fa,blocks.layers.3.norm1,1,grad_l2,0.002114101668876208
gelu,bd88eac9-f0d4-4d39-96a4-523dabf203fa,blocks.layers.3.norm1,1,rel_update,6.907953160002226e-05
gelu,bd88eac9-f0d4-4d39-96a4-523dabf203fa,blocks.layers.2.linear2,1,grad_l2,0.021608378646269237
gelu,bd88eac9-f0d4-4d39-96a4-523dabf203fa,blocks.layers.2.linear2,1,rel_update,0.0010554191356183962
gelu,bd88eac9-f0d4-4d39-96a4-523dabf203fa,blocks.layers.2.linear1,1,grad_l2,0.023544476484386137
gelu,bd88eac9-f0d4-4d39-96a4-523dabf203fa,blocks.layers.2.linear1,1,rel_update,0.0011514650363452273
gelu,bd88eac9-f0d4-4d39-96a4-523dabf203fa,blocks.layers.2.norm2,1,grad_l2,0.001999334708273104
gelu,bd88eac9-f0d4-4d39-96a4-523dabf203fa,blocks.layers.2.norm2,1,rel_update,7.602589298666885e-05
gelu,bd88eac9-f0d4-4d39-96a4-523dabf203fa,blocks.layers.2.self_attn,1,grad_l2,0.024621979092581438
gelu,bd88eac9-f0d4-4d39-96a4-523dabf203fa,blocks.layers.2.self_attn,1,rel_update,0.0012474021552881134
gelu,bd88eac9-f0d4-4d39-96a4-523dabf203fa,blocks.layers.2.norm1,1,grad_l2,0.0023785393389480236
gelu,bd88eac9-f0d4-4d39-96a4-523dabf203fa,blocks.layers.2.norm1,1,rel_update,7.228927155913594e-05
gelu,bd88eac9-f0d4-4d39-96a4-523dabf203fa,blocks.layers.1.linear2,1,grad_l2,0.0267395818577807
gelu,bd88eac9-f0d4-4d39-96a4-523dabf203fa,blocks.layers.1.linear2,1,rel_update,0.0013036709948518212
gelu,bd88eac9-f0d4-4d39-96a4-523dabf203fa,blocks.layers.1.linear1,1,grad_l2,0.02739852495787641
gelu,bd88eac9-f0d4-4d39-96a4-523dabf203fa,blocks.layers.1.linear1,1,rel_update,0.001339305078588198
gelu,bd88eac9-f0d4-4d39-96a4-523dabf203fa,blocks.layers.1.norm2,1,grad_l2,0.0026283141649116196
gelu,bd88eac9-f0d4-4d39-96a4-523dabf203fa,blocks.layers.1.norm2,1,rel_update,9.557573420395794e-05
gelu,bd88eac9-f0d4-4d39-96a4-523dabf203fa,blocks.layers.1.self_attn,1,grad_l2,0.030192179460427994
gelu,bd88eac9-f0d4-4d39-96a4-523dabf203fa,blocks.layers.1.self_attn,1,rel_update,0.001526448019296618
gelu,bd88eac9-f0d4-4d39-96a4-523dabf203fa,blocks.layers.1.norm1,1,grad_l2,0.0033855021653128063
gelu,bd88eac9-f0d4-4d39-96a4-523dabf203fa,blocks.layers.1.norm1,1,rel_update,9.109264376150647e-05
gelu,bd88eac9-f0d4-4d39-96a4-523dabf203fa,blocks.layers.0.linear2,1,grad_l2,0.045341323814300616
gelu,bd88eac9-f0d4-4d39-96a4-523dabf203fa,blocks.layers.0.linear2,1,rel_update,0.002202534487805521
gelu,bd88eac9-f0d4-4d39-96a4-523dabf203fa,blocks.layers.0.linear1,1,grad_l2,0.040429869592552646
gelu,bd88eac9-f0d4-4d39-96a4-523dabf203fa,blocks.layers.0.linear1,1,rel_update,0.0019609121570594384
gelu,bd88eac9-f0d4-4d39-96a4-523dabf203fa,blocks.layers.0.norm2,1,grad_l2,0.005023127924702633
gelu,bd88eac9-f0d4-4d39-96a4-523dabf203fa,blocks.layers.0.norm2,1,rel_update,0.00016860798158885513
gelu,bd88eac9-f0d4-4d39-96a4-523dabf203fa,blocks.layers.0.self_attn,1,grad_l2,0.07551220327461201
gelu,bd88eac9-f0d4-4d39-96a4-523dabf203fa,blocks.layers.0.self_attn,1,rel_update,0.003730415781065785
gelu,bd88eac9-f0d4-4d39-96a4-523dabf203fa,blocks.layers.0.norm1,1,grad_l2,0.015039816473202043
gelu,bd88eac9-f0d4-4d39-96a4-523dabf203fa,blocks.layers.0.norm1,1,rel_update,0.00023590971619282775
gelu,bd88eac9-f0d4-4d39-96a4-523dabf203fa,lm_head,2,grad_l2,0.48040834109907615
gelu,bd88eac9-f0d4-4d39-96a4-523dabf203fa,lm_head,2,rel_update,0.01290020716728597
gelu,bd88eac9-f0d4-4d39-96a4-523dabf203fa,final_norm,2,grad_l2,0.03409615488921262
gelu,bd88eac9-f0d4-4d39-96a4-523dabf203fa,final_norm,2,rel_update,0.0015888106874824405
gelu,bd88eac9-f0d4-4d39-96a4-523dabf203fa,blocks.layers.3.linear2,2,grad_l2,0.022433808898121303
gelu,bd88eac9-f0d4-4d39-96a4-523dabf203fa,blocks.layers.3.linear2,2,rel_update,0.001092889226985839
gelu,bd88eac9-f0d4-4d39-96a4-523dabf203fa,blocks.layers.3.linear1,2,grad_l2,0.027834474749781166
gelu,bd88eac9-f0d4-4d39-96a4-523dabf203fa,blocks.layers.3.linear1,2,rel_update,0.0013547871521501008
gelu,bd88eac9-f0d4-4d39-96a4-523dabf203fa,blocks.layers.3.norm2,2,grad_l2,0.002738126356029975
gelu,bd88eac9-f0d4-4d39-96a4-523dabf203fa,blocks.layers.3.norm2,2,rel_update,0.00010862159215387711
gelu,bd88eac9-f0d4-4d39-96a4-523dabf203fa,blocks.layers.3.self_attn,2,grad_l2,0.025436451651296897
gelu,bd88eac9-f0d4-4d39-96a4-523dabf203fa,blocks.layers.3.self_attn,2,rel_update,0.0012880847023920175
gelu,bd88eac9-f0d4-4d39-96a4-523dabf203fa,blocks.layers.3.norm1,2,grad_l2,0.002485081740350633
gelu,bd88eac9-f0d4-4d39-96a4-523dabf203fa,blocks.layers.3.norm1,2,rel_update,8.050308656957315e-05
gelu,bd88eac9-f0d4-4d39-96a4-523dabf203fa,blocks.layers.2.linear2,2,grad_l2,0.02413456374136434
gelu,bd88eac9-f0d4-4d39-96a4-523dabf203fa,blocks.layers.2.linear2,2,rel_update,0.0011753397516505988
gelu,bd88eac9-f0d4-4d39-96a4-523dabf203fa,blocks.layers.2.linear1,2,grad_l2,0.026590824517647216
gelu,bd88eac9-f0d4-4d39-96a4-523dabf203fa,blocks.layers.2.linear1,2,rel_update,0.0012944515102089665
gelu,bd88eac9-f0d4-4d39-96a4-523dabf203fa,blocks.layers.2.norm2,2,grad_l2,0.002289346073260781
gelu,bd88eac9-f0d4-4d39-96a4-523dabf203fa,blocks.layers.2.norm2,2,rel_update,8.761625182503687e-05
gelu,bd88eac9-f0d4-4d39-96a4-523dabf203fa,blocks.layers.2.self_attn,2,grad_l2,0.027275604351157473
gelu,bd88eac9-f0d4-4d39-96a4-523dabf203fa,blocks.layers.2.self_attn,2,rel_update,0.0013802216315404344
gelu,bd88eac9-f0d4-4d39-96a4-523dabf203fa,blocks.layers.2.norm1,2,grad_l2,0.0027307949302121997
gelu,bd88eac9-f0d4-4d39-96a4-523dabf203fa,blocks.layers.2.norm1,2,rel_update,8.120555263826949e-05
gelu,bd88eac9-f0d4-4d39-96a4-523dabf203fa,blocks.layers.1.linear2,2,grad_l2,0.029797255259559466
gelu,bd88eac9-f0d4-4d39-96a4-523dabf203fa,blocks.layers.1.linear2,2,rel_update,0.0014497192016675554
gelu,bd88eac9-f0d4-4d39-96a4-523dabf203fa,blocks.layers.1.linear1,2,grad_l2,0.031321716425191014
gelu,bd88eac9-f0d4-4d39-96a4-523dabf203fa,blocks.layers.1.linear1,2,rel_update,0.0015258739127723313
gelu,bd88eac9-f0d4-4d39-96a4-523dabf203fa,blocks.layers.1.norm2,2,grad_l2,0.002973791140424742
gelu,bd88eac9-f0d4-4d39-96a4-523dabf203fa,blocks.layers.1.norm2,2,rel_update,0.000109945764762886
gelu,bd88eac9-f0d4-4d39-96a4-523dabf203fa,blocks.layers.1.self_attn,2,grad_l2,0.03445461318303003
gelu,bd88eac9-f0d4-4d39-96a4-523dabf203fa,blocks.layers.1.self_attn,2,rel_update,0.0017406993763043547
gelu,bd88eac9-f0d4-4d39-96a4-523dabf203fa,blocks.layers.1.norm1,2,grad_l2,0.003851638345927594
gelu,bd88eac9-f0d4-4d39-96a4-523dabf203fa,blocks.layers.1.norm1,2,rel_update,0.0001071304821873524
gelu,bd88eac9-f0d4-4d39-96a4-523dabf203fa,blocks.layers.0.linear2,2,grad_l2,0.05351253034161108
gelu,bd88eac9-f0d4-4d39-96a4-523dabf203fa,blocks.layers.0.linear2,2,rel_update,0.0025857091703846724
gelu,bd88eac9-f0d4-4d39-96a4-523dabf203fa,blocks.layers.0.linear1,2,grad_l2,0.04991737419826544
gelu,bd88eac9-f0d4-4d39-96a4-523dabf203fa,blocks.layers.0.linear1,2,rel_update,0.002406984668081989
gelu,bd88eac9-f0d4-4d39-96a4-523dabf203fa,blocks.layers.0.norm2,2,grad_l2,0.006225847130397298
gelu,bd88eac9-f0d4-4d39-96a4-523dabf203fa,blocks.layers.0.norm2,2,rel_update,0.00021554917808521253
gelu,bd88eac9-f0d4-4d39-96a4-523dabf203fa,blocks.layers.0.self_attn,2,grad_l2,0.09482125456286822
gelu,bd88eac9-f0d4-4d39-96a4-523dabf203fa,blocks.layers.0.self_attn,2,rel_update,0.004700470985955188
gelu,bd88eac9-f0d4-4d39-96a4-523dabf203fa,blocks.layers.0.norm1,2,grad_l2,0.018903290764758107
gelu,bd88eac9-f0d4-4d39-96a4-523dabf203fa,blocks.layers.0.norm1,2,rel_update,0.00029502066701986453
gelu,bd88eac9-f0d4-4d39-96a4-523dabf203fa,lm_head,3,grad_l2,0.4239457227501793
gelu,bd88eac9-f0d4-4d39-96a4-523dabf203fa,lm_head,3,rel_update,0.010064285290819095
gelu,bd88eac9-f0d4-4d39-96a4-523dabf203fa,final_norm,3,grad_l2,0.030818551857264412
gelu,bd88eac9-f0d4-4d39-96a4-523dabf203fa,final_norm,3,rel_update,0.0014268902986105136
gelu,bd88eac9-f0d4-4d39-96a4-523dabf203fa,blocks.layers.3.linear2,3,grad_l2,0.025792746631530417
gelu,bd88eac9-f0d4-4d39-96a4-523dabf203fa,blocks.layers.3.linear2,3,rel_update,0.0012532524284494977
gelu,bd88eac9-f0d4-4d39-96a4-523dabf203fa,blocks.layers.3.linear1,3,grad_l2,0.03194306185770053
gelu,bd88eac9-f0d4-4d39-96a4-523dabf203fa,blocks.layers.3.linear1,3,rel_update,0.001547788818541169
gelu,bd88eac9-f0d4-4d39-96a4-523dabf203fa,blocks.layers.3.norm2,3,grad_l2,0.003473629379128951
gelu,bd88eac9-f0d4-4d39-96a4-523dabf203fa,blocks.layers.3.norm2,3,rel_update,0.00013707011866676133
gelu,bd88eac9-f0d4-4d39-96a4-523dabf203fa,blocks.layers.3.self_attn,3,grad_l2,0.028839109496822536
gelu,bd88eac9-f0d4-4d39-96a4-523dabf203fa,blocks.layers.3.self_attn,3,rel_update,0.001457630380144931
gelu,bd88eac9-f0d4-4d39-96a4-523dabf203fa,blocks.layers.3.norm1,3,grad_l2,0.002865965714580094
gelu,bd88eac9-f0d4-4d39-96a4-523dabf203fa,blocks.layers.3.norm1,3,rel_update,9.461244919684562e-05
gelu,bd88eac9-f0d4-4d39-96a4-523dabf203fa,blocks.layers.2.linear2,3,grad_l2,0.0264194397728676
gelu,bd88eac9-f0d4-4d39-96a4-523dabf203fa,blocks.layers.2.linear2,3,rel_update,0.0012832615016662044
gelu,bd88eac9-f0d4-4d39-96a4-523dabf203fa,blocks.layers.2.linear1,3,grad_l2,0.029261021989111742
gelu,bd88eac9-f0d4-4d39-96a4-523dabf203fa,blocks.layers.2.linear1,3,rel_update,0.0014183956246906675
gelu,bd88eac9-f0d4-4d39-96a4-523dabf203fa,blocks.layers.2.norm2,3,grad_l2,0.002498430914859926
gelu,bd88eac9-f0d4-4d39-96a4-523dabf203fa,blocks.layers.2.norm2,3,rel_update,9.589409726119068e-05
gelu,bd88eac9-f0d4-4d39-96a4-523dabf203fa,blocks.layers.2.self_attn,3,grad_l2,0.03071402783909077
gelu,bd88eac9-f0d4-4d39-96a4-523dabf203fa,blocks.layers.2.self_attn,3,rel_update,0.0015521881115375222
gelu,bd88eac9-f0d4-4d39-96a4-523dabf203fa,blocks.layers.2.norm1,3,grad_l2,0.0031053444658550667
gelu,bd88eac9-f0d4-4d39-96a4-523dabf203fa,blocks.layers.2.norm1,3,rel_update,9.32129507334629e-05
gelu,bd88eac9-f0d4-4d39-96a4-523dabf203fa,blocks.layers.1.linear2,3,grad_l2,0.032253710098181974
gelu,bd88eac9-f0d4-4d39-96a4-523dabf203fa,blocks.layers.1.linear2,3,rel_update,0.0015666672592270585
gelu,bd88eac9-f0d4-4d39-96a4-523dabf203fa,blocks.layers.1.linear1,3,grad_l2,0.03461177033662226
gelu,bd88eac9-f0d4-4d39-96a4-523dabf203fa,blocks.layers.1.linear1,3,rel_update,0.0016816087601297196
gelu,bd88eac9-f0d4-4d39-96a4-523dabf203fa,blocks.layers.1.norm2,3,grad_l2,0.00320292942684407
gelu,bd88eac9-f0d4-4d39-96a4-523dabf203fa,blocks.layers.1.norm2,3,rel_update,0.00012002951510189981
gelu,bd88eac9-f0d4-4d39-96a4-523dabf203fa,blocks.layers.1.self_attn,3,grad_l2,0.038919993643021546
gelu,bd88eac9-f0d4-4d39-96a4-523dabf203fa,blocks.layers.1.self_attn,3,rel_update,0.0019647780666542897
gelu,bd88eac9-f0d4-4d39-96a4-523dabf203fa,blocks.layers.1.norm1,3,grad_l2,0.004273840426659498
gelu,bd88eac9-f0d4-4d39-96a4-523dabf203fa,blocks.layers.1.norm1,3,rel_update,0.00012352923275712086
gelu,bd88eac9-f0d4-4d39-96a4-523dabf203fa,blocks.layers.0.linear2,3,grad_l2,0.06057054294843046
gelu,bd88eac9-f0d4-4d39-96a4-523dabf203fa,blocks.layers.0.linear2,3,rel_update,0.0029136063397766144
gelu,bd88eac9-f0d4-4d39-96a4-523dabf203fa,blocks.layers.0.linear1,3,grad_l2,0.05802658560398253
gelu,bd88eac9-f0d4-4d39-96a4-523dabf203fa,blocks.layers.0.linear1,3,rel_update,0.0027842777174950273
gelu,bd88eac9-f0d4-4d39-96a4-523dabf203fa,blocks.layers.0.norm2,3,grad_l2,0.0070758785738105215
gelu,bd88eac9-f0d4-4d39-96a4-523dabf203fa,blocks.layers.0.norm2,3,rel_update,0.0002505618438481053
gelu,bd88eac9-f0d4-4d39-96a4-523dabf203fa,blocks.layers.0.self_attn,3,grad_l2,0.1105055532880314
gelu,bd88eac9-f0d4-4d39-96a4-523dabf203fa,blocks.layers.0.self_attn,3,rel_update,0.005469657741791658
gelu,bd88eac9-f0d4-4d39-96a4-523dabf203fa,blocks.layers.0.norm1,3,grad_l2,0.021641401991466407
gelu,bd88eac9-f0d4-4d39-96a4-523dabf203fa,blocks.layers.0.norm1,3,rel_update,0.000344694876145073
gelu,bd88eac9-f0d4-4d39-96a4-523dabf203fa,lm_head,4,grad_l2,0.3905371250312948
gelu,bd88eac9-f0d4-4d39-96a4-523dabf203fa,lm_head,4,rel_update,0.00833572717503876
gelu,bd88eac9-f0d4-4d39-96a4-523dabf203fa,final_norm,4,grad_l2,0.028976768732062452
gelu,bd88eac9-f0d4-4d39-96a4-523dabf203fa,final_norm,4,rel_update,0.00133188694876271
gelu,bd88eac9-f0d4-4d39-96a4-523dabf203fa,blocks.layers.3.linear2,4,grad_l2,0.028748219874405748
gelu,bd88eac9-f0d4-4d39-96a4-523dabf203fa,blocks.layers.3.linear2,4,rel_update,0.0013944558613610883
gelu,bd88eac9-f0d4-4d39-96a4-523dabf203fa,blocks.layers.3.linear1,4,grad_l2,0.03540337341982714
gelu,bd88eac9-f0d4-4d39-96a4-523dabf203fa,blocks.layers.3.linear1,4,rel_update,0.001709325224415874
gelu,bd88eac9-f0d4-4d39-96a4-523dabf203fa,blocks.layers.3.norm2,4,grad_l2,0.004060573367595926
gelu,bd88eac9-f0d4-4d39-96a4-523dabf203fa,blocks.layers.3.norm2,4,rel_update,0.00016185214395167792
gelu,bd88eac9-f0d4-4d39-96a4-523dabf203fa,blocks.layers.3.self_attn,4,grad_l2,0.03243241350262109
gelu,bd88eac9-f0d4-4d39-96a4-523dabf203fa,blocks.layers.3.self_attn,4,rel_update,0.0016359060866928555
gelu,bd88eac9-f0d4-4d39-96a4-523dabf203fa,blocks.layers.3.norm1,4,grad_l2,0.0032486905011844735
gelu,bd88eac9-f0d4-4d39-96a4-523dabf203fa,blocks.layers.3.norm1,4,rel_update,0.00011049763349150969
gelu,bd88eac9-f0d4-4d39-96a4-523dabf203fa,blocks.layers.2.linear2,4,grad_l2,0.028466746459173985
gelu,bd88eac9-f0d4-4d39-96a4-523dabf203fa,blocks.layers.2.linear2,4,rel_update,0.001379804727900633
gelu,bd88eac9-f0d4-4d39-96a4-523dabf203fa,blocks.layers.2.linear1,4,grad_l2,0.031716038574345295
gelu,bd88eac9-f0d4-4d39-96a4-523dabf203fa,blocks.layers.2.linear1,4,rel_update,0.0015316298833215752
gelu,bd88eac9-f0d4-4d39-96a4-523dabf203fa,blocks.layers.2.norm2,4,grad_l2,0.002653947688873669
gelu,bd88eac9-f0d4-4d39-96a4-523dabf203fa,blocks.layers.2.norm2,4,rel_update,0.00010287980180985374
gelu,bd88eac9-f0d4-4d39-96a4-523dabf203fa,blocks.layers.2.self_attn,4,grad_l2,0.03446562076405616
gelu,bd88eac9-f0d4-4d39-96a4-523dabf203fa,blocks.layers.2.self_attn,4,rel_update,0.0017391073160331972
gelu,bd88eac9-f0d4-4d39-96a4-523dabf203fa,blocks.layers.2.norm1,4,grad_l2,0.0034612144124043986
gelu,bd88eac9-f0d4-4d39-96a4-523dabf203fa,blocks.layers.2.norm1,4,rel_update,0.0001072049319408543
gelu,bd88eac9-f0d4-4d39-96a4-523dabf203fa,blocks.layers.1.linear2,4,grad_l2,0.0344020821774838
gelu,bd88eac9-f0d4-4d39-96a4-523dabf203fa,blocks.layers.1.linear2,4,rel_update,0.0016691171292640577
gelu,bd88eac9-f0d4-4d39-96a4-523dabf203fa,blocks.layers.1.linear1,4,grad_l2,0.03753895170987691
gelu,bd88eac9-f0d4-4d39-96a4-523dabf203fa,blocks.layers.1.linear1,4,rel_update,0.001819824348963443
gelu,bd88eac9-f0d4-4d39-96a4-523dabf203fa,blocks.layers.1.norm2,4,grad_l2,0.003373967829779419
gelu,bd88eac9-f0d4-4d39-96a4-523dabf203fa,blocks.layers.1.norm2,4,rel_update,0.00012833284074058017
gelu,bd88eac9-f0d4-4d39-96a4-523dabf203fa,blocks.layers.1.self_attn,4,grad_l2,0.04298187299084091
gelu,bd88eac9-f0d4-4d39-96a4-523dabf203fa,blocks.layers.1.self_attn,4,rel_update,0.00216889856199423
gelu,bd88eac9-f0d4-4d39-96a4-523dabf203fa,blocks.layers.1.norm1,4,grad_l2,0.004626148528717052
gelu,bd88eac9-f0d4-4d39-96a4-523dabf203fa,blocks.layers.1.norm1,4,rel_update,0.00013881877152518244
gelu,bd88eac9-f0d4-4d39-96a4-523dabf203fa,blocks.layers.0.linear2,4,grad_l2,0.06664649591574211
gelu,bd88eac9-f0d4-4d39-96a4-523dabf203fa,blocks.layers.0.linear2,4,rel_update,0.0031949610748031863
gelu,bd88eac9-f0d4-4d39-96a4-523dabf203fa,blocks.layers.0.linear1,4,grad_l2,0.06536195071184228
gelu,bd88eac9-f0d4-4d39-96a4-523dabf203fa,blocks.layers.0.linear1,4,rel_update,0.0031245272630859204
gelu,bd88eac9-f0d4-4d39-96a4-523dabf203fa,blocks.layers.0.norm2,4,grad_l2,0.007731544849988239
gelu,bd88eac9-f0d4-4d39-96a4-523dabf203fa,blocks.layers.0.norm2,4,rel_update,0.00027974324783591617
gelu,bd88eac9-f0d4-4d39-96a4-523dabf203fa,blocks.layers.0.self_attn,4,grad_l2,0.12400041844588015
gelu,bd88eac9-f0d4-4d39-96a4-523dabf203fa,blocks.layers.0.self_attn,4,rel_update,0.006115822529801669
gelu,bd88eac9-f0d4-4d39-96a4-523dabf203fa,blocks.layers.0.norm1,4,grad_l2,0.02349475176766806
gelu,bd88eac9-f0d4-4d39-96a4-523dabf203fa,blocks.layers.0.norm1,4,rel_update,0.0003884802598317319
gelu,bd88eac9-f0d4-4d39-96a4-523dabf203fa,lm_head,5,grad_l2,0.3684851211337715
gelu,bd88eac9-f0d4-4d39-96a4-523dabf203fa,lm_head,5,rel_update,0.007170835290125995
gelu,bd88eac9-f0d4-4d39-96a4-523dabf203fa,final_norm,5,grad_l2,0.027860066396863798
gelu,bd88eac9-f0d4-4d39-96a4-523dabf203fa,final_norm,5,rel_update,0.0012693566194131507
gelu,bd88eac9-f0d4-4d39-96a4-523dabf203fa,blocks.layers.3.linear2,5,grad_l2,0.03119662697868576
gelu,bd88eac9-f0d4-4d39-96a4-523dabf203fa,blocks.layers.3.linear2,5,rel_update,0.0015110043769960386
gelu,bd88eac9-f0d4-4d39-96a4-523dabf203fa,blocks.layers.3.linear1,5,grad_l2,0.03826645985588908
gelu,bd88eac9-f0d4-4d39-96a4-523dabf203fa,blocks.layers.3.linear1,5,rel_update,0.0018422384560120915
gelu,bd88eac9-f0d4-4d39-96a4-523dabf203fa,blocks.layers.3.norm2,5,grad_l2,0.004487854798562013
gelu,bd88eac9-f0d4-4d39-96a4-523dabf203fa,blocks.layers.3.norm2,5,rel_update,0.00018003912595106607
gelu,bd88eac9-f0d4-4d39-96a4-523dabf203fa,blocks.layers.3.self_attn,5,grad_l2,0.03580346260714882
gelu,bd88eac9-f0d4-4d39-96a4-523dabf203fa,blocks.layers.3.self_attn,5,rel_update,0.0018021028781968383
gelu,bd88eac9-f0d4-4d39-96a4-523dabf203fa,blocks.layers.3.norm1,5,grad_l2,0.0036099234633936886
gelu,bd88eac9-f0d4-4d39-96a4-523dabf203fa,blocks.layers.3.norm1,5,rel_update,0.0001256736311870966
gelu,bd88eac9-f0d4-4d39-96a4-523dabf203fa,blocks.layers.2.linear2,5,grad_l2,0.030299722095883126
gelu,bd88eac9-f0d4-4d39-96a4-523dabf203fa,blocks.layers.2.linear2,5,rel_update,0.001465962283844067
gelu,bd88eac9-f0d4-4d39-96a4-523dabf203fa,blocks.layers.2.linear1,5,grad_l2,0.03397354984984942
gelu,bd88eac9-f0d4-4d39-96a4-523dabf203fa,blocks.layers.2.linear1,5,rel_update,0.0016353147755652439
gelu,bd88eac9-f0d4-4d39-96a4-523dabf203fa,blocks.layers.2.norm2,5,grad_l2,0.0027821587406741005
gelu,bd88eac9-f0d4-4d39-96a4-523dabf203fa,blocks.layers.2.norm2,5,rel_update,0.00010887789840072168
gelu,bd88eac9-f0d4-4d39-96a4-523dabf203fa,blocks.layers.2.self_attn,5,grad_l2,0.03815902502730632
gelu,bd88eac9-f0d4-4d39-96a4-523dabf203fa,blocks.layers.2.self_attn,5,rel_update,0.0019226811069200298
gelu,bd88eac9-f0d4-4d39-96a4-523dabf203fa,blocks.layers.2.norm1,5,grad_l2,0.0037836786263399226
gelu,bd88eac9-f0d4-4d39-96a4-523dabf203fa,blocks.layers.2.norm1,5,rel_update,0.00012135585692794498
gelu,bd88eac9-f0d4-4d39-96a4-523dabf203fa,blocks.layers.1.linear2,5,grad_l2,0.03625524974231805
gelu,bd88eac9-f0d4-4d39-96a4-523dabf203fa,blocks.layers.1.linear2,5,rel_update,0.0017576607192857476
gelu,bd88eac9-f0d4-4d39-96a4-523dabf203fa,blocks.layers.1.linear1,5,grad_l2,0.04012315994418616
gelu,bd88eac9-f0d4-4d39-96a4-523dabf203fa,blocks.layers.1.linear1,5,rel_update,0.001941730860136757
gelu,bd88eac9-f0d4-4d39-96a4-523dabf203fa,blocks.layers.1.norm2,5,grad_l2,0.0035023398887678455
gelu,bd88eac9-f0d4-4d39-96a4-523dabf203fa,blocks.layers.1.norm2,5,rel_update,0.00013508523135401777
gelu,bd88eac9-f0d4-4d39-96a4-523dabf203fa,blocks.layers.1.self_attn,5,grad_l2,0.04644431772352968
gelu,bd88eac9-f0d4-4d39-96a4-523dabf203fa,blocks.layers.1.self_attn,5,rel_update,0.002343193978469601
gelu,bd88eac9-f0d4-4d39-96a4-523dabf203fa,blocks.layers.1.norm1,5,grad_l2,0.0049169448916172535
gelu,bd88eac9-f0d4-4d39-96a4-523dabf203fa,blocks.layers.1.norm1,5,rel_update,0.00015095184770612166
gelu,bd88eac9-f0d4-4d39-96a4-523dabf203fa,blocks.layers.0.linear2,5,grad_l2,0.07160034471007479
gelu,bd88eac9-f0d4-4d39-96a4-523dabf203fa,blocks.layers.0.linear2,5,rel_update,0.0034243154023790743
gelu,bd88eac9-f0d4-4d39-96a4-523dabf203fa,blocks.layers.0.linear1,5,grad_l2,0.07170776173222962
gelu,bd88eac9-f0d4-4d39-96a4-523dabf203fa,blocks.layers.0.linear1,5,rel_update,0.0034190561131906315
gelu,bd88eac9-f0d4-4d39-96a4-523dabf203fa,blocks.layers.0.norm2,5,grad_l2,0.008219369480163476
gelu,bd88eac9-f0d4-4d39-96a4-523dabf203fa,blocks.layers.0.norm2,5,rel_update,0.0003031567515007005
gelu,bd88eac9-f0d4-4d39-96a4-523dabf203fa,blocks.layers.0.self_attn,5,grad_l2,0.1357543155363766
gelu,bd88eac9-f0d4-4d39-96a4-523dabf203fa,blocks.layers.0.self_attn,5,rel_update,0.006666433626684969
gelu,bd88eac9-f0d4-4d39-96a4-523dabf203fa,blocks.layers.0.norm1,5,grad_l2,0.024736346460244397
gelu,bd88eac9-f0d4-4d39-96a4-523dabf203fa,blocks.layers.0.norm1,5,rel_update,0.00042635211735907804
gelu,bd88eac9-f0d4-4d39-96a4-523dabf203fa,lm_head,6,grad_l2,0.3528781247490484
gelu,bd88eac9-f0d4-4d39-96a4-523dabf203fa,lm_head,6,rel_update,0.0063326839123725165
gelu,bd88eac9-f0d4-4d39-96a4-523dabf203fa,final_norm,6,grad_l2,0.02713467475759027
gelu,bd88eac9-f0d4-4d39-96a4-523dabf203fa,final_norm,6,rel_update,0.00122702744587709
gelu,bd88eac9-f0d4-4d39-96a4-523dabf203fa,blocks.layers.3.linear2,6,grad_l2,0.033227715673756306
gelu,bd88eac9-f0d4-4d39-96a4-523dabf203fa,blocks.layers.3.linear2,6,rel_update,0.0016078687829360588
gelu,bd88eac9-f0d4-4d39-96a4-523dabf203fa,blocks.layers.3.linear1,6,grad_l2,0.04065717041889292
gelu,bd88eac9-f0d4-4d39-96a4-523dabf203fa,blocks.layers.3.linear1,6,rel_update,0.0019528971884411582
gelu,bd88eac9-f0d4-4d39-96a4-523dabf203fa,blocks.layers.3.norm2,6,grad_l2,0.004802263037923082
gelu,bd88eac9-f0d4-4d39-96a4-523dabf203fa,blocks.layers.3.norm2,6,rel_update,0.00019457573837104353
gelu,bd88eac9-f0d4-4d39-96a4-523dabf203fa,blocks.layers.3.self_attn,6,grad_l2,0.03848651251978376
gelu,bd88eac9-f0d4-4d39-96a4-523dabf203fa,blocks.layers.3.self_attn,6,rel_update,0.001933652455968698
gelu,bd88eac9-f0d4-4d39-96a4-523dabf203fa,blocks.layers.3.norm1,6,grad_l2,0.0038755640128177522
gelu,bd88eac9-f0d4-4d39-96a4-523dabf203fa,blocks.layers.3.norm1,6,rel_update,0.00013751987237482836
gelu,bd88eac9-f0d4-4d39-96a4-523dabf203fa,blocks.layers.2.linear2,6,grad_l2,0.031887632866500294
gelu,bd88eac9-f0d4-4d39-96a4-523dabf203fa,blocks.layers.2.linear2,6,rel_update,0.001540735896479037
gelu,bd88eac9-f0d4-4d39-96a4-523dabf203fa,blocks.layers.2.linear1,6,grad_l2,0.035988123522105994
gelu,bd88eac9-f0d4-4d39-96a4-523dabf203fa,blocks.layers.2.linear1,6,rel_update,0.001727716039562166
gelu,bd88eac9-f0d4-4d39-96a4-523dabf203fa,blocks.layers.2.norm2,6,grad_l2,0.0028888914578225795
gelu,bd88eac9-f0d4-4d39-96a4-523dabf203fa,blocks.layers.2.norm2,6,rel_update,0.00011403648794312235
gelu,bd88eac9-f0d4-4d39-96a4-523dabf203fa,blocks.layers.2.self_attn,6,grad_l2,0.041425640375671556
gelu,bd88eac9-f0d4-4d39-96a4-523dabf203fa,blocks.layers.2.self_attn,6,rel_update,0.0020849180222753225
gelu,bd88eac9-f0d4-4d39-96a4-523dabf203fa,blocks.layers.2.norm1,6,grad_l2,0.004051048220827565
gelu,bd88eac9-f0d4-4d39-96a4-523dabf203fa,blocks.layers.2.norm1,6,rel_update,0.0001343088995555118
gelu,bd88eac9-f0d4-4d39-96a4-523dabf203fa,blocks.layers.1.linear2,6,grad_l2,0.03788835204371867
gelu,bd88eac9-f0d4-4d39-96a4-523dabf203fa,blocks.layers.1.linear2,6,rel_update,0.001836037442241826
gelu,bd88eac9-f0d4-4d39-96a4-523dabf203fa,blocks.layers.1.linear1,6,grad_l2,0.0424124395091834
gelu,bd88eac9-f0d4-4d39-96a4-523dabf203fa,blocks.layers.1.linear1,6,rel_update,0.0020498157161306435
gelu,bd88eac9-f0d4-4d39-96a4-523dabf203fa,blocks.layers.1.norm2,6,grad_l2,0.003611197276705936
gelu,bd88eac9-f0d4-4d39-96a4-523dabf203fa,blocks.layers.1.norm2,6,rel_update,0.0001410015228373118
gelu,bd88eac9-f0d4-4d39-96a4-523dabf203fa,blocks.layers.1.self_attn,6,grad_l2,0.049434756918171
gelu,bd88eac9-f0d4-4d39-96a4-523dabf203fa,blocks.layers.1.self_attn,6,rel_update,0.002493977223772741
gelu,bd88eac9-f0d4-4d39-96a4-523dabf203fa,blocks.layers.1.norm1,6,grad_l2,0.005163482297065377
gelu,bd88eac9-f0d4-4d39-96a4-523dabf203fa,blocks.layers.1.norm1,6,rel_update,0.0001612625463735512
gelu,bd88eac9-f0d4-4d39-96a4-523dabf203fa,blocks.layers.0.linear2,6,grad_l2,0.07566610900333882
gelu,bd88eac9-f0d4-4d39-96a4-523dabf203fa,blocks.layers.0.linear2,6,rel_update,0.0036129940900105637
gelu,bd88eac9-f0d4-4d39-96a4-523dabf203fa,blocks.layers.0.linear1,6,grad_l2,0.07719569262001344
gelu,bd88eac9-f0d4-4d39-96a4-523dabf203fa,blocks.layers.0.linear1,6,rel_update,0.0036744352872366305
gelu,bd88eac9-f0d4-4d39-96a4-523dabf203fa,blocks.layers.0.norm2,6,grad_l2,0.00861896325868904
gelu,bd88eac9-f0d4-4d39-96a4-523dabf203fa,blocks.layers.0.norm2,6,rel_update,0.00032289218698335043
gelu,bd88eac9-f0d4-4d39-96a4-523dabf203fa,blocks.layers.0.self_attn,6,grad_l2,0.14602253117188185
gelu,bd88eac9-f0d4-4d39-96a4-523dabf203fa,blocks.layers.0.self_attn,6,rel_update,0.007138770185956876
gelu,bd88eac9-f0d4-4d39-96a4-523dabf203fa,blocks.layers.0.norm1,6,grad_l2,0.025661972157673726
gelu,bd88eac9-f0d4-4d39-96a4-523dabf203fa,blocks.layers.0.norm1,6,rel_update,0.00045917672193781736
gelu,bd88eac9-f0d4-4d39-96a4-523dabf203fa,lm_head,7,grad_l2,0.3410888885635074
gelu,bd88eac9-f0d4-4d39-96a4-523dabf203fa,lm_head,7,rel_update,0.0057004153036522105
gelu,bd88eac9-f0d4-4d39-96a4-523dabf203fa,final_norm,7,grad_l2,0.026621689995197862
gelu,bd88eac9-f0d4-4d39-96a4-523dabf203fa,final_norm,7,rel_update,0.001197269251835006
gelu,bd88eac9-f0d4-4d39-96a4-523dabf203fa,blocks.layers.3.linear2,7,grad_l2,0.03480302353000928
gelu,bd88eac9-f0d4-4d39-96a4-523dabf203fa,blocks.layers.3.linear2,7,rel_update,0.001683213265589938
gelu,bd88eac9-f0d4-4d39-96a4-523dabf203fa,blocks.layers.3.linear1,7,grad_l2,0.042568177196575525
gelu,bd88eac9-f0d4-4d39-96a4-523dabf203fa,blocks.layers.3.linear1,7,rel_update,0.0020411737252723316
gelu,bd88eac9-f0d4-4d39-96a4-523dabf203fa,blocks.layers.3.norm2,7,grad_l2,0.004989066121247829
gelu,bd88eac9-f0d4-4d39-96a4-523dabf203fa,blocks.layers.3.norm2,7,rel_update,0.00020490291181294708
gelu,bd88eac9-f0d4-4d39-96a4-523dabf203fa,blocks.layers.3.self_attn,7,grad_l2,0.04062504056455449
gelu,bd88eac9-f0d4-4d39-96a4-523dabf203fa,blocks.layers.3.self_attn,7,rel_update,0.0020382305224572275
gelu,bd88eac9-f0d4-4d39-96a4-523dabf203fa,blocks.layers.3.norm1,7,grad_l2,0.0040582649402578245
gelu,bd88eac9-f0d4-4d39-96a4-523dabf203fa,blocks.layers.3.norm1,7,rel_update,0.0001465687040315852
gelu,bd88eac9-f0d4-4d39-96a4-523dabf203fa,blocks.layers.2.linear2,7,grad_l2,0.03321412838704654
gelu,bd88eac9-f0d4-4d39-96a4-523dabf203fa,blocks.layers.2.linear2,7,rel_update,0.0016033947794109184
gelu,bd88eac9-f0d4-4d39-96a4-523dabf203fa,blocks.layers.2.linear1,7,grad_l2,0.03771740853230977
gelu,bd88eac9-f0d4-4d39-96a4-523dabf203fa,blocks.layers.2.linear1,7,rel_update,0.0018070087437469821
gelu,bd88eac9-f0d4-4d39-96a4-523dabf203fa,blocks.layers.2.norm2,7,grad_l2,0.0029670824640061298
gelu,bd88eac9-f0d4-4d39-96a4-523dabf203fa,blocks.layers.2.norm2,7,rel_update,0.00011828550978713056
gelu,bd88eac9-f0d4-4d39-96a4-523dabf203fa,blocks.layers.2.self_attn,7,grad_l2,0.04406584618046538
gelu,bd88eac9-f0d4-4d39-96a4-523dabf203fa,blocks.layers.2.self_attn,7,rel_update,0.0022160362728981817
gelu,bd88eac9-f0d4-4d39-96a4-523dabf203fa,blocks.layers.2.norm1,7,grad_l2,0.0042356771124402925
gelu,bd88eac9-f0d4-4d39-96a4-523dabf203fa,blocks.layers.2.norm1,7,rel_update,0.0001444629855644472
gelu,bd88eac9-f0d4-4d39-96a4-523dabf203fa,blocks.layers.1.linear2,7,grad_l2,0.039256858762750695
gelu,bd88eac9-f0d4-4d39-96a4-523dabf203fa,blocks.layers.1.linear2,7,rel_update,0.0019021540719900553
gelu,bd88eac9-f0d4-4d39-96a4-523dabf203fa,blocks.layers.1.linear1,7,grad_l2,0.04435813166159568
gelu,bd88eac9-f0d4-4d39-96a4-523dabf203fa,blocks.layers.1.linear1,7,rel_update,0.0021418132369726292
gelu,bd88eac9-f0d4-4d39-96a4-523dabf203fa,blocks.layers.1.norm2,7,grad_l2,0.003689395335454672
gelu,bd88eac9-f0d4-4d39-96a4-523dabf203fa,blocks.layers.1.norm2,7,rel_update,0.00014587467069658775
gelu,bd88eac9-f0d4-4d39-96a4-523dabf203fa,blocks.layers.1.self_attn,7,grad_l2,0.05186719448197796
gelu,bd88eac9-f0d4-4d39-96a4-523dabf203fa,blocks.layers.1.self_attn,7,rel_update,0.002616986077384222
gelu,bd88eac9-f0d4-4d39-96a4-523dabf203fa,blocks.layers.1.norm1,7,grad_l2,0.0053371704301130125
gelu,bd88eac9-f0d4-4d39-96a4-523dabf203fa,blocks.layers.1.norm1,7,rel_update,0.00016938393370156992
gelu,bd88eac9-f0d4-4d39-96a4-523dabf203fa,blocks.layers.0.linear2,7,grad_l2,0.07882815248328079
gelu,bd88eac9-f0d4-4d39-96a4-523dabf203fa,blocks.layers.0.linear2,7,rel_update,0.0037601783247833793
gelu,bd88eac9-f0d4-4d39-96a4-523dabf203fa,blocks.layers.0.linear1,7,grad_l2,0.08175415276625579
gelu,bd88eac9-f0d4-4d39-96a4-523dabf203fa,blocks.layers.0.linear1,7,rel_update,0.003887171872241939
gelu,bd88eac9-f0d4-4d39-96a4-523dabf203fa,blocks.layers.0.norm2,7,grad_l2,0.008894103872958473
gelu,bd88eac9-f0d4-4d39-96a4-523dabf203fa,blocks.layers.0.norm2,7,rel_update,0.0003389044719229892
gelu,bd88eac9-f0d4-4d39-96a4-523dabf203fa,blocks.layers.0.self_attn,7,grad_l2,0.1545881753721927
gelu,bd88eac9-f0d4-4d39-96a4-523dabf203fa,blocks.layers.0.self_attn,7,rel_update,0.0075301581015842865
gelu,bd88eac9-f0d4-4d39-96a4-523dabf203fa,blocks.layers.0.norm1,7,grad_l2,0.026137576023384755
gelu,bd88eac9-f0d4-4d39-96a4-523dabf203fa,blocks.layers.0.norm1,7,rel_update,0.00048710171956289775
gelu,bd88eac9-f0d4-4d39-96a4-523dabf203fa,lm_head,8,grad_l2,0.33182552475710547
gelu,bd88eac9-f0d4-4d39-96a4-523dabf203fa,lm_head,8,rel_update,0.005206904107462373
gelu,bd88eac9-f0d4-4d39-96a4-523dabf203fa,final_norm,8,grad_l2,0.026258115118181095
gelu,bd88eac9-f0d4-4d39-96a4-523dabf203fa,final_norm,8,rel_update,0.0011759051772827882
gelu,bd88eac9-f0d4-4d39-96a4-523dabf203fa,blocks.layers.3.linear2,8,grad_l2,0.03604369556679962
gelu,bd88eac9-f0d4-4d39-96a4-523dabf203fa,blocks.layers.3.linear2,8,rel_update,0.0017426444794563835
gelu,bd88eac9-f0d4-4d39-96a4-523dabf203fa,blocks.layers.3.linear1,8,grad_l2,0.04408833848490554
gelu,bd88eac9-f0d4-4d39-96a4-523dabf203fa,blocks.layers.3.linear1,8,rel_update,0.0021113136137599865
gelu,bd88eac9-f0d4-4d39-96a4-523dabf203fa,blocks.layers.3.norm2,8,grad_l2,0.005112924806047942
gelu,bd88eac9-f0d4-4d39-96a4-523dabf203fa,blocks.layers.3.norm2,8,rel_update,0.00021244369160613278
gelu,bd88eac9-f0d4-4d39-96a4-523dabf203fa,blocks.layers.3.self_attn,8,grad_l2,0.04226675558462777
gelu,bd88eac9-f0d4-4d39-96a4-523dabf203fa,blocks.layers.3.self_attn,8,rel_update,0.002118354506692299
gelu,bd88eac9-f0d4-4d39-96a4-523dabf203fa,blocks.layers.3.norm1,8,grad_l2,0.004189139060089459
gelu,bd88eac9-f0d4-4d39-96a4-523dabf203fa,blocks.layers.3.norm1,8,rel_update,0.0001535827299885589
gelu,bd88eac9-f0d4-4d39-96a4-523dabf203fa,blocks.layers.2.linear2,8,grad_l2,0.03428420284295878
gelu,bd88eac9-f0d4-4d39-96a4-523dabf203fa,blocks.layers.2.linear2,8,rel_update,0.0016540405599290884
gelu,bd88eac9-f0d4-4d39-96a4-523dabf203fa,blocks.layers.2.linear1,8,grad_l2,0.039144749167642275
gelu,bd88eac9-f0d4-4d39-96a4-523dabf203fa,blocks.layers.2.linear1,8,rel_update,0.001872454675184739
gelu,bd88eac9-f0d4-4d39-96a4-523dabf203fa,blocks.layers.2.norm2,8,grad_l2,0.0030268058314218685
gelu,bd88eac9-f0d4-4d39-96a4-523dabf203fa,blocks.layers.2.norm2,8,rel_update,0.00012178348489025614
gelu,bd88eac9-f0d4-4d39-96a4-523dabf203fa,blocks.layers.2.self_attn,8,grad_l2,0.046190042399246525
gelu,bd88eac9-f0d4-4d39-96a4-523dabf203fa,blocks.layers.2.self_attn,8,rel_update,0.0023215636664195623
gelu,bd88eac9-f0d4-4d39-96a4-523dabf203fa,blocks.layers.2.norm1,8,grad_l2,0.004376120972755583
gelu,bd88eac9-f0d4-4d39-96a4-523dabf203fa,blocks.layers.2.norm1,8,rel_update,0.00015264396132253378
gelu,bd88eac9-f0d4-4d39-96a4-523dabf203fa,blocks.layers.1.linear2,8,grad_l2,0.0403754993378984
gelu,bd88eac9-f0d4-4d39-96a4-523dabf203fa,blocks.layers.1.linear2,8,rel_update,0.001956449961072414
gelu,bd88eac9-f0d4-4d39-96a4-523dabf203fa,blocks.layers.1.linear1,8,grad_l2,0.045958401130805196
gelu,bd88eac9-f0d4-4d39-96a4-523dabf203fa,blocks.layers.1.linear1,8,rel_update,0.0022175668858861997
gelu,bd88eac9-f0d4-4d39-96a4-523dabf203fa,blocks.layers.1.norm2,8,grad_l2,0.0037459315679910367
gelu,bd88eac9-f0d4-4d39-96a4-523dabf203fa,blocks.layers.1.norm2,8,rel_update,0.00014974538643880759
gelu,bd88eac9-f0d4-4d39-96a4-523dabf203fa,blocks.layers.1.self_attn,8,grad_l2,0.05380880238642791
gelu,bd88eac9-f0d4-4d39-96a4-523dabf203fa,blocks.layers.1.self_attn,8,rel_update,0.0027154064814429685
gelu,bd88eac9-f0d4-4d39-96a4-523dabf203fa,blocks.layers.1.norm1,8,grad_l2,0.0054572708588668745
gelu,bd88eac9-f0d4-4d39-96a4-523dabf203fa,blocks.layers.1.norm1,8,rel_update,0.0001757515462261721
gelu,bd88eac9-f0d4-4d39-96a4-523dabf203fa,blocks.layers.0.linear2,8,grad_l2,0.08129896340233167
gelu,bd88eac9-f0d4-4d39-96a4-523dabf203fa,blocks.layers.0.linear2,8,rel_update,0.0038754648758705765
gelu,bd88eac9-f0d4-4d39-96a4-523dabf203fa,blocks.layers.0.linear1,8,grad_l2,0.0854745364224154
gelu,bd88eac9-f0d4-4d39-96a4-523dabf203fa,blocks.layers.0.linear1,8,rel_update,0.004061122961894292
gelu,bd88eac9-f0d4-4d39-96a4-523dabf203fa,blocks.layers.0.norm2,8,grad_l2,0.009086746835764367
gelu,bd88eac9-f0d4-4d39-96a4-523dabf203fa,blocks.layers.0.norm2,8,rel_update,0.00035186969937394107
gelu,bd88eac9-f0d4-4d39-96a4-523dabf203fa,blocks.layers.0.self_attn,8,grad_l2,0.161491301047884
gelu,bd88eac9-f0d4-4d39-96a4-523dabf203fa,blocks.layers.0.self_attn,8,rel_update,0.007844543378703142
gelu,bd88eac9-f0d4-4d39-96a4-523dabf203fa,blocks.layers.0.norm1,8,grad_l2,0.02634689099375472
gelu,bd88eac9-f0d4-4d39-96a4-523dabf203fa,blocks.layers.0.norm1,8,rel_update,0.0005099848657850408
gelu,bd88eac9-f0d4-4d39-96a4-523dabf203fa,lm_head,9,grad_l2,0.3243020379776632
gelu,bd88eac9-f0d4-4d39-96a4-523dabf203fa,lm_head,9,rel_update,0.004811217140726164
gelu,bd88eac9-f0d4-4d39-96a4-523dabf203fa,final_norm,9,grad_l2,0.025980737425530205
gelu,bd88eac9-f0d4-4d39-96a4-523dabf203fa,final_norm,9,rel_update,0.0011599874011163352
gelu,bd88eac9-f0d4-4d39-96a4-523dabf203fa,blocks.layers.3.linear2,9,grad_l2,0.03700725807751616
gelu,bd88eac9-f0d4-4d39-96a4-523dabf203fa,blocks.layers.3.linear2,9,rel_update,0.0017889383608642186
gelu,bd88eac9-f0d4-4d39-96a4-523dabf203fa,blocks.layers.3.linear1,9,grad_l2,0.04527129507574095
gelu,bd88eac9-f0d4-4d39-96a4-523dabf203fa,blocks.layers.3.linear1,9,rel_update,0.0021658367763820584
gelu,bd88eac9-f0d4-4d39-96a4-523dabf203fa,blocks.layers.3.norm2,9,grad_l2,0.00518722245729631
gelu,bd88eac9-f0d4-4d39-96a4-523dabf203fa,blocks.layers.3.norm2,9,rel_update,0.00021815304789226305
gelu,bd88eac9-f0d4-4d39-96a4-523dabf203fa,blocks.layers.3.self_attn,9,grad_l2,0.043475862001106716
gelu,bd88eac9-f0d4-4d39-96a4-523dabf203fa,blocks.layers.3.self_attn,9,rel_update,0.0021772571620382974
gelu,bd88eac9-f0d4-4d39-96a4-523dabf203fa,blocks.layers.3.norm1,9,grad_l2,0.00427249903909078
gelu,bd88eac9-f0d4-4d39-96a4-523dabf203fa,blocks.layers.3.norm1,9,rel_update,0.00015856964865881482
gelu,bd88eac9-f0d4-4d39-96a4-523dabf203fa,blocks.layers.2.linear2,9,grad_l2,0.03511454721817824
gelu,bd88eac9-f0d4-4d39-96a4-523dabf203fa,blocks.layers.2.linear2,9,rel_update,0.0016934094462075085
gelu,bd88eac9-f0d4-4d39-96a4-523dabf203fa,blocks.layers.2.linear1,9,grad_l2,0.040271745278016476
gelu,bd88eac9-f0d4-4d39-96a4-523dabf203fa,blocks.layers.2.linear1,9,rel_update,0.0019240836833736522
gelu,bd88eac9-f0d4-4d39-96a4-523dabf203fa,blocks.layers.2.norm2,9,grad_l2,0.003070020176192504
gelu,bd88eac9-f0d4-4d39-96a4-523dabf203fa,blocks.layers.2.norm2,9,rel_update,0.00012459709153181495
gelu,bd88eac9-f0d4-4d39-96a4-523dabf203fa,blocks.layers.2.self_attn,9,grad_l2,0.04779238032967389
gelu,bd88eac9-f0d4-4d39-96a4-523dabf203fa,blocks.layers.2.self_attn,9,rel_update,0.0024011452199636614
gelu,bd88eac9-f0d4-4d39-96a4-523dabf203fa,blocks.layers.2.norm1,9,grad_l2,0.004474002018549028
gelu,bd88eac9-f0d4-4d39-96a4-523dabf203fa,blocks.layers.2.norm1,9,rel_update,0.00015890596828524578
gelu,bd88eac9-f0d4-4d39-96a4-523dabf203fa,blocks.layers.1.linear2,9,grad_l2,0.04124306872397538
gelu,bd88eac9-f0d4-4d39-96a4-523dabf203fa,blocks.layers.1.linear2,9,rel_update,0.0019986807758710884
gelu,bd88eac9-f0d4-4d39-96a4-523dabf203fa,blocks.layers.1.linear1,9,grad_l2,0.047218951319269876
gelu,bd88eac9-f0d4-4d39-96a4-523dabf203fa,blocks.layers.1.linear1,9,rel_update,0.0022772421559976307
gelu,bd88eac9-f0d4-4d39-96a4-523dabf203fa,blocks.layers.1.norm2,9,grad_l2,0.0037841858196926044
gelu,bd88eac9-f0d4-4d39-96a4-523dabf203fa,blocks.layers.1.norm2,9,rel_update,0.0001527167905019434
gelu,bd88eac9-f0d4-4d39-96a4-523dabf203fa,blocks.layers.1.self_attn,9,grad_l2,0.05529781001762605
gelu,bd88eac9-f0d4-4d39-96a4-523dabf203fa,blocks.layers.1.self_attn,9,rel_update,0.0027909967594972615
gelu,bd88eac9-f0d4-4d39-96a4-523dabf203fa,blocks.layers.1.norm1,9,grad_l2,0.005541564524109794
gelu,bd88eac9-f0d4-4d39-96a4-523dabf203fa,blocks.layers.1.norm1,9,rel_update,0.00018054534016471587
gelu,bd88eac9-f0d4-4d39-96a4-523dabf203fa,blocks.layers.0.linear2,9,grad_l2,0.08320521330521903
gelu,bd88eac9-f0d4-4d39-96a4-523dabf203fa,blocks.layers.0.linear2,9,rel_update,0.00396446444280999
gelu,bd88eac9-f0d4-4d39-96a4-523dabf203fa,blocks.layers.0.linear1,9,grad_l2,0.08844168063815769
gelu,bd88eac9-f0d4-4d39-96a4-523dabf203fa,blocks.layers.0.linear1,9,rel_update,0.004199934905181068
gelu,bd88eac9-f0d4-4d39-96a4-523dabf203fa,blocks.layers.0.norm2,9,grad_l2,0.009224884263638914
gelu,bd88eac9-f0d4-4d39-96a4-523dabf203fa,blocks.layers.0.norm2,9,rel_update,0.00036196356713223227
gelu,bd88eac9-f0d4-4d39-96a4-523dabf203fa,blocks.layers.0.self_attn,9,grad_l2,0.16697934016978125
gelu,bd88eac9-f0d4-4d39-96a4-523dabf203fa,blocks.layers.0.self_attn,9,rel_update,0.008094115411902733
gelu,bd88eac9-f0d4-4d39-96a4-523dabf203fa,blocks.layers.0.norm1,9,grad_l2,0.026444515084003844
gelu,bd88eac9-f0d4-4d39-96a4-523dabf203fa,blocks.layers.0.norm1,9,rel_update,0.0005288507205922899
gelu,7ca34ca9-1ff8-4ba6-9eae-30b83a5fdfeb,lm_head,0,grad_l2,0.9513806288140524
gelu,7ca34ca9-1ff8-4ba6-9eae-30b83a5fdfeb,lm_head,0,rel_update,0.034440986091040515
gelu,7ca34ca9-1ff8-4ba6-9eae-30b83a5fdfeb,final_norm,0,grad_l2,0.06253433109882763
gelu,7ca34ca9-1ff8-4ba6-9eae-30b83a5fdfeb,final_norm,0,rel_update,0.0028402214502097557
gelu,7ca34ca9-1ff8-4ba6-9eae-30b83a5fdfeb,blocks.layers.3.linear2,0,grad_l2,0.015364486799549909
gelu,7ca34ca9-1ff8-4ba6-9eae-30b83a5fdfeb,blocks.layers.3.linear2,0,rel_update,0.0007535649122161086
gelu,7ca34ca9-1ff8-4ba6-9eae-30b83a5fdfeb,blocks.layers.3.linear1,0,grad_l2,0.01671980177053906
gelu,7ca34ca9-1ff8-4ba6-9eae-30b83a5fdfeb,blocks.layers.3.linear1,0,rel_update,0.0008236514067727408
gelu,7ca34ca9-1ff8-4ba6-9eae-30b83a5fdfeb,blocks.layers.3.norm2,0,grad_l2,0.001206075659532586
gelu,7ca34ca9-1ff8-4ba6-9eae-30b83a5fdfeb,blocks.layers.3.norm2,0,rel_update,4.756597764933852e-05
gelu,7ca34ca9-1ff8-4ba6-9eae-30b83a5fdfeb,blocks.layers.3.self_attn,0,grad_l2,0.020091764601614086
gelu,7ca34ca9-1ff8-4ba6-9eae-30b83a5fdfeb,blocks.layers.3.self_attn,0,rel_update,0.001021021602848128
gelu,7ca34ca9-1ff8-4ba6-9eae-30b83a5fdfeb,blocks.layers.3.norm1,0,grad_l2,0.0017061800043256913
gelu,7ca34ca9-1ff8-4ba6-9eae-30b83a5fdfeb,blocks.layers.3.norm1,0,rel_update,6.121153371335925e-05
gelu,7ca34ca9-1ff8-4ba6-9eae-30b83a5fdfeb,blocks.layers.2.linear2,0,grad_l2,0.01780087556455203
gelu,7ca34ca9-1ff8-4ba6-9eae-30b83a5fdfeb,blocks.layers.2.linear2,0,rel_update,0.0008732258656580634
gelu,7ca34ca9-1ff8-4ba6-9eae-30b83a5fdfeb,blocks.layers.2.linear1,0,grad_l2,0.018280904380026292
gelu,7ca34ca9-1ff8-4ba6-9eae-30b83a5fdfeb,blocks.layers.2.linear1,0,rel_update,0.0008987005758016614
gelu,7ca34ca9-1ff8-4ba6-9eae-30b83a5fdfeb,blocks.layers.2.norm2,0,grad_l2,0.001441221044858186
gelu,7ca34ca9-1ff8-4ba6-9eae-30b83a5fdfeb,blocks.layers.2.norm2,0,rel_update,5.484377554113991e-05
gelu,7ca34ca9-1ff8-4ba6-9eae-30b83a5fdfeb,blocks.layers.2.self_attn,0,grad_l2,0.021332737029327288
gelu,7ca34ca9-1ff8-4ba6-9eae-30b83a5fdfeb,blocks.layers.2.self_attn,0,rel_update,0.0010827473834262072
gelu,7ca34ca9-1ff8-4ba6-9eae-30b83a5fdfeb,blocks.layers.2.norm1,0,grad_l2,0.0020297652893904216
gelu,7ca34ca9-1ff8-4ba6-9eae-30b83a5fdfeb,blocks.layers.2.norm1,0,rel_update,6.56334222586395e-05
gelu,7ca34ca9-1ff8-4ba6-9eae-30b83a5fdfeb,blocks.layers.1.linear2,0,grad_l2,0.022887236132989684
gelu,7ca34ca9-1ff8-4ba6-9eae-30b83a5fdfeb,blocks.layers.1.linear2,0,rel_update,0.0011208415937113865
gelu,7ca34ca9-1ff8-4ba6-9eae-30b83a5fdfeb,blocks.layers.1.linear1,0,grad_l2,0.021895318155122023
gelu,7ca34ca9-1ff8-4ba6-9eae-30b83a5fdfeb,blocks.layers.1.linear1,0,rel_update,0.0010751423084850585
gelu,7ca34ca9-1ff8-4ba6-9eae-30b83a5fdfeb,blocks.layers.1.norm2,0,grad_l2,0.001906744387472173
gelu,7ca34ca9-1ff8-4ba6-9eae-30b83a5fdfeb,blocks.layers.1.norm2,0,rel_update,6.772130859925181e-05
gelu,7ca34ca9-1ff8-4ba6-9eae-30b83a5fdfeb,blocks.layers.1.self_attn,0,grad_l2,0.025554839426859266
gelu,7ca34ca9-1ff8-4ba6-9eae-30b83a5fdfeb,blocks.layers.1.self_attn,0,rel_update,0.001293754527956222
gelu,7ca34ca9-1ff8-4ba6-9eae-30b83a5fdfeb,blocks.layers.1.norm1,0,grad_l2,0.0028195385776337016
gelu,7ca34ca9-1ff8-4ba6-9eae-30b83a5fdfeb,blocks.layers.1.norm1,0,rel_update,7.791654392545308e-05
gelu,7ca34ca9-1ff8-4ba6-9eae-30b83a5fdfeb,blocks.layers.0.linear2,0,grad_l2,0.03458252575829004
gelu,7ca34ca9-1ff8-4ba6-9eae-30b83a5fdfeb,blocks.layers.0.linear2,0,rel_update,0.0016880304326861585
gelu,7ca34ca9-1ff8-4ba6-9eae-30b83a5fdfeb,blocks.layers.0.linear1,0,grad_l2,0.028766504498950848
gelu,7ca34ca9-1ff8-4ba6-9eae-30b83a5fdfeb,blocks.layers.0.linear1,0,rel_update,0.0014067707521430697
gelu,7ca34ca9-1ff8-4ba6-9eae-30b83a5fdfeb,blocks.layers.0.norm2,0,grad_l2,0.003313083235855278
gelu,7ca34ca9-1ff8-4ba6-9eae-30b83a5fdfeb,blocks.layers.0.norm2,0,rel_update,0.00010379699273251407
gelu,7ca34ca9-1ff8-4ba6-9eae-30b83a5fdfeb,blocks.layers.0.self_attn,0,grad_l2,0.045305537751649506
gelu,7ca34ca9-1ff8-4ba6-9eae-30b83a5fdfeb,blocks.layers.0.self_attn,0,rel_update,0.002205386902348398
gelu,7ca34ca9-1ff8-4ba6-9eae-30b83a5fdfeb,blocks.layers.0.norm1,0,grad_l2,0.009639690612554937
gelu,7ca34ca9-1ff8-4ba6-9eae-30b83a5fdfeb,blocks.layers.0.norm1,0,rel_update,0.00014377454242852394
gelu,7ca34ca9-1ff8-4ba6-9eae-30b83a5fdfeb,lm_head,1,grad_l2,0.5989162755394322
gelu,7ca34ca9-1ff8-4ba6-9eae-30b83a5fdfeb,lm_head,1,rel_update,0.018579624078917095
gelu,7ca34ca9-1ff8-4ba6-9eae-30b83a5fdfeb,final_norm,1,grad_l2,0.04043825425140428
gelu,7ca34ca9-1ff8-4ba6-9eae-30b83a5fdfeb,final_norm,1,rel_update,0.0018775477625319692
gelu,7ca34ca9-1ff8-4ba6-9eae-30b83a5fdfeb,blocks.layers.3.linear2,1,grad_l2,0.018341854843053475
gelu,7ca34ca9-1ff8-4ba6-9eae-30b83a5fdfeb,blocks.layers.3.linear2,1,rel_update,0.0008952944894029458
gelu,7ca34ca9-1ff8-4ba6-9eae-30b83a5fdfeb,blocks.layers.3.linear1,1,grad_l2,0.02218761210543148
gelu,7ca34ca9-1ff8-4ba6-9eae-30b83a5fdfeb,blocks.layers.3.linear1,1,rel_update,0.001085368173286664
gelu,7ca34ca9-1ff8-4ba6-9eae-30b83a5fdfeb,blocks.layers.3.norm2,1,grad_l2,0.0017899917557757834
gelu,7ca34ca9-1ff8-4ba6-9eae-30b83a5fdfeb,blocks.layers.3.norm2,1,rel_update,7.189663197627294e-05
gelu,7ca34ca9-1ff8-4ba6-9eae-30b83a5fdfeb,blocks.layers.3.self_attn,1,grad_l2,0.022017391849237247
gelu,7ca34ca9-1ff8-4ba6-9eae-30b83a5fdfeb,blocks.layers.3.self_attn,1,rel_update,0.001117849701807793
gelu,7ca34ca9-1ff8-4ba6-9eae-30b83a5fdfeb,blocks.layers.3.norm1,1,grad_l2,0.0020538324116392563
gelu,7ca34ca9-1ff8-4ba6-9eae-30b83a5fdfeb,blocks.layers.3.norm1,1,rel_update,6.680549909309989e-05
gelu,7ca34ca9-1ff8-4ba6-9eae-30b83a5fdfeb,blocks.layers.2.linear2,1,grad_l2,0.02081310323069012
gelu,7ca34ca9-1ff8-4ba6-9eae-30b83a5fdfeb,blocks.layers.2.linear2,1,rel_update,0.0010164755667488505
gelu,7ca34ca9-1ff8-4ba6-9eae-30b83a5fdfeb,blocks.layers.2.linear1,1,grad_l2,0.02326800320639349
gelu,7ca34ca9-1ff8-4ba6-9eae-30b83a5fdfeb,blocks.layers.2.linear1,1,rel_update,0.0011368080657133289
gelu,7ca34ca9-1ff8-4ba6-9eae-30b83a5fdfeb,blocks.layers.2.norm2,1,grad_l2,0.0019286849343201412
gelu,7ca34ca9-1ff8-4ba6-9eae-30b83a5fdfeb,blocks.layers.2.norm2,1,rel_update,7.340532174207301e-05
gelu,7ca34ca9-1ff8-4ba6-9eae-30b83a5fdfeb,blocks.layers.2.self_attn,1,grad_l2,0.024261638090598836
gelu,7ca34ca9-1ff8-4ba6-9eae-30b83a5fdfeb,blocks.layers.2.self_attn,1,rel_update,0.001229791567375914
gelu,7ca34ca9-1ff8-4ba6-9eae-30b83a5fdfeb,blocks.layers.2.norm1,1,grad_l2,0.00247718464755734
gelu,7ca34ca9-1ff8-4ba6-9eae-30b83a5fdfeb,blocks.layers.2.norm1,1,rel_update,7.529251349394979e-05
gelu,7ca34ca9-1ff8-4ba6-9eae-30b83a5fdfeb,blocks.layers.1.linear2,1,grad_l2,0.026713307667182322
gelu,7ca34ca9-1ff8-4ba6-9eae-30b83a5fdfeb,blocks.layers.1.linear2,1,rel_update,0.0013032407725720398
gelu,7ca34ca9-1ff8-4ba6-9eae-30b83a5fdfeb,blocks.layers.1.linear1,1,grad_l2,0.02742028194935263
gelu,7ca34ca9-1ff8-4ba6-9eae-30b83a5fdfeb,blocks.layers.1.linear1,1,rel_update,0.0013397428772956666
gelu,7ca34ca9-1ff8-4ba6-9eae-30b83a5fdfeb,blocks.layers.1.norm2,1,grad_l2,0.0025620957802689895
gelu,7ca34ca9-1ff8-4ba6-9eae-30b83a5fdfeb,blocks.layers.1.norm2,1,rel_update,9.392461711229905e-05
gelu,7ca34ca9-1ff8-4ba6-9eae-30b83a5fdfeb,blocks.layers.1.self_attn,1,grad_l2,0.03100914268014793
gelu,7ca34ca9-1ff8-4ba6-9eae-30b83a5fdfeb,blocks.layers.1.self_attn,1,rel_update,0.0015700594496356845
gelu,7ca34ca9-1ff8-4ba6-9eae-30b83a5fdfeb,blocks.layers.1.norm1,1,grad_l2,0.0033626438035745465
gelu,7ca34ca9-1ff8-4ba6-9eae-30b83a5fdfeb,blocks.layers.1.norm1,1,rel_update,9.64450769122233e-05
gelu,7ca34ca9-1ff8-4ba6-9eae-30b83a5fdfeb,blocks.layers.0.linear2,1,grad_l2,0.04518035940150294
gelu,7ca34ca9-1ff8-4ba6-9eae-30b83a5fdfeb,blocks.layers.0.linear2,1,rel_update,0.002192240429686766
gelu,7ca34ca9-1ff8-4ba6-9eae-30b83a5fdfeb,blocks.layers.0.linear1,1,grad_l2,0.04164793962696736
gelu,7ca34ca9-1ff8-4ba6-9eae-30b83a5fdfeb,blocks.layers.0.linear1,1,rel_update,0.002021109395823557
gelu,7ca34ca9-1ff8-4ba6-9eae-30b83a5fdfeb,blocks.layers.0.norm2,1,grad_l2,0.005150421509077275
gelu,7ca34ca9-1ff8-4ba6-9eae-30b83a5fdfeb,blocks.layers.0.norm2,1,rel_update,0.00017491774275492386
gelu,7ca34ca9-1ff8-4ba6-9eae-30b83a5fdfeb,blocks.layers.0.self_attn,1,grad_l2,0.07852076976176219
gelu,7ca34ca9-1ff8-4ba6-9eae-30b83a5fdfeb,blocks.layers.0.self_attn,1,rel_update,0.00389481413967325
gelu,7ca34ca9-1ff8-4ba6-9eae-30b83a5fdfeb,blocks.layers.0.norm1,1,grad_l2,0.015082896153865216
gelu,7ca34ca9-1ff8-4ba6-9eae-30b83a5fdfeb,blocks.layers.0.norm1,1,rel_update,0.00024236194047611622
gelu,7ca34ca9-1ff8-4ba6-9eae-30b83a5fdfeb,lm_head,2,grad_l2,0.48297972432729896
gelu,7ca34ca9-1ff8-4ba6-9eae-30b83a5fdfeb,lm_head,2,rel_update,0.013001757678479988
gelu,7ca34ca9-1ff8-4ba6-9eae-30b83a5fdfeb,final_norm,2,grad_l2,0.03350959915304975
gelu,7ca34ca9-1ff8-4ba6-9eae-30b83a5fdfeb,final_norm,2,rel_update,0.0015607012338758575
gelu,7ca34ca9-1ff8-4ba6-9eae-30b83a5fdfeb,blocks.layers.3.linear2,2,grad_l2,0.022554962989353156
gelu,7ca34ca9-1ff8-4ba6-9eae-30b83a5fdfeb,blocks.layers.3.linear2,2,rel_update,0.0010966412964596396
gelu,7ca34ca9-1ff8-4ba6-9eae-30b83a5fdfeb,blocks.layers.3.linear1,2,grad_l2,0.02770401914248893
gelu,7ca34ca9-1ff8-4ba6-9eae-30b83a5fdfeb,blocks.layers.3.linear1,2,rel_update,0.001346379411539402
gelu,7ca34ca9-1ff8-4ba6-9eae-30b83a5fdfeb,blocks.layers.3.norm2,2,grad_l2,0.0026180379798402546
gelu,7ca34ca9-1ff8-4ba6-9eae-30b83a5fdfeb,blocks.layers.3.norm2,2,rel_update,0.00010403931879659395
gelu,7ca34ca9-1ff8-4ba6-9eae-30b83a5fdfeb,blocks.layers.3.self_attn,2,grad_l2,0.02533953733584039
gelu,7ca34ca9-1ff8-4ba6-9eae-30b83a5fdfeb,blocks.layers.3.self_attn,2,rel_update,0.001284700007048203
gelu,7ca34ca9-1ff8-4ba6-9eae-30b83a5fdfeb,blocks.layers.3.norm1,2,grad_l2,0.0024476591216767594
gelu,7ca34ca9-1ff8-4ba6-9eae-30b83a5fdfeb,blocks.layers.3.norm1,2,rel_update,7.846625903271934e-05
gelu,7ca34ca9-1ff8-4ba6-9eae-30b83a5fdfeb,blocks.layers.2.linear2,2,grad_l2,0.02368902092952925
gelu,7ca34ca9-1ff8-4ba6-9eae-30b83a5fdfeb,blocks.layers.2.linear2,2,rel_update,0.0011531139682057438
gelu,7ca34ca9-1ff8-4ba6-9eae-30b83a5fdfeb,blocks.layers.2.linear1,2,grad_l2,0.026715622707830122
gelu,7ca34ca9-1ff8-4ba6-9eae-30b83a5fdfeb,blocks.layers.2.linear1,2,rel_update,0.00129854664562584
gelu,7ca34ca9-1ff8-4ba6-9eae-30b83a5fdfeb,blocks.layers.2.norm2,2,grad_l2,0.0022518155284253993
gelu,7ca34ca9-1ff8-4ba6-9eae-30b83a5fdfeb,blocks.layers.2.norm2,2,rel_update,8.568009477100928e-05
gelu,7ca34ca9-1ff8-4ba6-9eae-30b83a5fdfeb,blocks.layers.2.self_attn,2,grad_l2,0.028047775877367113
gelu,7ca34ca9-1ff8-4ba6-9eae-30b83a5fdfeb,blocks.layers.2.self_attn,2,rel_update,0.0014204254541213262
gelu,7ca34ca9-1ff8-4ba6-9eae-30b83a5fdfeb,blocks.layers.2.norm1,2,grad_l2,0.002891369320382774
gelu,7ca34ca9-1ff8-4ba6-9eae-30b83a5fdfeb,blocks.layers.2.norm1,2,rel_update,8.853806758294911e-05
gelu,7ca34ca9-1ff8-4ba6-9eae-30b83a5fdfeb,blocks.layers.1.linear2,2,grad_l2,0.02969967655432412
gelu,7ca34ca9-1ff8-4ba6-9eae-30b83a5fdfeb,blocks.layers.1.linear2,2,rel_update,0.001445722890101784
gelu,7ca34ca9-1ff8-4ba6-9eae-30b83a5fdfeb,blocks.layers.1.linear1,2,grad_l2,0.031333858972135566
gelu,7ca34ca9-1ff8-4ba6-9eae-30b83a5fdfeb,blocks.layers.1.linear1,2,rel_update,0.0015260129522576096
gelu,7ca34ca9-1ff8-4ba6-9eae-30b83a5fdfeb,blocks.layers.1.norm2,2,grad_l2,0.002898176117339271
gelu,7ca34ca9-1ff8-4ba6-9eae-30b83a5fdfeb,blocks.layers.1.norm2,2,rel_update,0.00010835589573766784
gelu,7ca34ca9-1ff8-4ba6-9eae-30b83a5fdfeb,blocks.layers.1.self_attn,2,grad_l2,0.035811199278860326
gelu,7ca34ca9-1ff8-4ba6-9eae-30b83a5fdfeb,blocks.layers.1.self_attn,2,rel_update,0.0018135727179595708
gelu,7ca34ca9-1ff8-4ba6-9eae-30b83a5fdfeb,blocks.layers.1.norm1,2,grad_l2,0.003815609142043439
gelu,7ca34ca9-1ff8-4ba6-9eae-30b83a5fdfeb,blocks.layers.1.norm1,2,rel_update,0.00011371446317405181
gelu,7ca34ca9-1ff8-4ba6-9eae-30b83a5fdfeb,blocks.layers.0.linear2,2,grad_l2,0.05354435121964709
gelu,7ca34ca9-1ff8-4ba6-9eae-30b83a5fdfeb,blocks.layers.0.linear2,2,rel_update,0.0025837471591503166
gelu,7ca34ca9-1ff8-4ba6-9eae-30b83a5fdfeb,blocks.layers.0.linear1,2,grad_l2,0.051252415456614034
gelu,7ca34ca9-1ff8-4ba6-9eae-30b83a5fdfeb,blocks.layers.0.linear1,2,rel_update,0.002471980566843965
gelu,7ca34ca9-1ff8-4ba6-9eae-30b83a5fdfeb,blocks.layers.0.norm2,2,grad_l2,0.006284498192629214
gelu,7ca34ca9-1ff8-4ba6-9eae-30b83a5fdfeb,blocks.layers.0.norm2,2,rel_update,0.00022135171829783162
gelu,7ca34ca9-1ff8-4ba6-9eae-30b83a5fdfeb,blocks.layers.0.self_attn,2,grad_l2,0.09794118273296822
gelu,7ca34ca9-1ff8-4ba6-9eae-30b83a5fdfeb,blocks.layers.0.self_attn,2,rel_update,0.00487118791035887
gelu,7ca34ca9-1ff8-4ba6-9eae-30b83a5fdfeb,blocks.layers.0.norm1,2,grad_l2,0.01878857551538446
gelu,7ca34ca9-1ff8-4ba6-9eae-30b83a5fdfeb,blocks.layers.0.norm1,2,rel_update,0.000302915779354416
gelu,7ca34ca9-1ff8-4ba6-9eae-30b83a5fdfeb,lm_head,3,grad_l2,0.4257054604139192
gelu,7ca34ca9-1ff8-4ba6-9eae-30b83a5fdfeb,lm_head,3,rel_update,0.010141098882558293
gelu,7ca34ca9-1ff8-4ba6-9eae-30b83a5fdfeb,final_norm,3,grad_l2,0.030401304539297094
gelu,7ca34ca9-1ff8-4ba6-9eae-30b83a5fdfeb,final_norm,3,rel_update,0.001405652102799959
gelu,7ca34ca9-1ff8-4ba6-9eae-30b83a5fdfeb,blocks.layers.3.linear2,3,grad_l2,0.026084869178606748
gelu,7ca34ca9-1ff8-4ba6-9eae-30b83a5fdfeb,blocks.layers.3.linear2,3,rel_update,0.0012642622463652712
gelu,7ca34ca9-1ff8-4ba6-9eae-30b83a5fdfeb,blocks.layers.3.linear1,3,grad_l2,0.032257719156122584
gelu,7ca34ca9-1ff8-4ba6-9eae-30b83a5fdfeb,blocks.layers.3.linear1,3,rel_update,0.001560026355419095
gelu,7ca34ca9-1ff8-4ba6-9eae-30b83a5fdfeb,blocks.layers.3.norm2,3,grad_l2,0.0034047530554281113
gelu,7ca34ca9-1ff8-4ba6-9eae-30b83a5fdfeb,blocks.layers.3.norm2,3,rel_update,0.0001336350699107192
gelu,7ca34ca9-1ff8-4ba6-9eae-30b83a5fdfeb,blocks.layers.3.self_attn,3,grad_l2,0.029137315059580924
gelu,7ca34ca9-1ff8-4ba6-9eae-30b83a5fdfeb,blocks.layers.3.self_attn,3,rel_update,0.0014743280746680437
gelu,7ca34ca9-1ff8-4ba6-9eae-30b83a5fdfeb,blocks.layers.3.norm1,3,grad_l2,0.002885612868494962
gelu,7ca34ca9-1ff8-4ba6-9eae-30b83a5fdfeb,blocks.layers.3.norm1,3,rel_update,9.341479800712709e-05
gelu,7ca34ca9-1ff8-4ba6-9eae-30b83a5fdfeb,blocks.layers.2.linear2,3,grad_l2,0.026010462583718676
gelu,7ca34ca9-1ff8-4ba6-9eae-30b83a5fdfeb,blocks.layers.2.linear2,3,rel_update,0.0012624274980091177
gelu,7ca34ca9-1ff8-4ba6-9eae-30b83a5fdfeb,blocks.layers.2.linear1,3,grad_l2,0.029457760435816466
gelu,7ca34ca9-1ff8-4ba6-9eae-30b83a5fdfeb,blocks.layers.2.linear1,3,rel_update,0.0014254770917720891
gelu,7ca34ca9-1ff8-4ba6-9eae-30b83a5fdfeb,blocks.layers.2.norm2,3,grad_l2,0.002482202650848999
gelu,7ca34ca9-1ff8-4ba6-9eae-30b83a5fdfeb,blocks.layers.2.norm2,3,rel_update,9.454775400850642e-05
gelu,7ca34ca9-1ff8-4ba6-9eae-30b83a5fdfeb,blocks.layers.2.self_attn,3,grad_l2,0.03155971474794022
gelu,7ca34ca9-1ff8-4ba6-9eae-30b83a5fdfeb,blocks.layers.2.self_attn,3,rel_update,0.001596442885695138
gelu,7ca34ca9-1ff8-4ba6-9eae-30b83a5fdfeb,blocks.layers.2.norm1,3,grad_l2,0.0032615744681214155
gelu,7ca34ca9-1ff8-4ba6-9eae-30b83a5fdfeb,blocks.layers.2.norm1,3,rel_update,0.00010072950523634872
gelu,7ca34ca9-1ff8-4ba6-9eae-30b83a5fdfeb,blocks.layers.1.linear2,3,grad_l2,0.03204218335831135
gelu,7ca34ca9-1ff8-4ba6-9eae-30b83a5fdfeb,blocks.layers.1.linear2,3,rel_update,0.0015569210268082728
gelu,7ca34ca9-1ff8-4ba6-9eae-30b83a5fdfeb,blocks.layers.1.linear1,3,grad_l2,0.034515239045013774
gelu,7ca34ca9-1ff8-4ba6-9eae-30b83a5fdfeb,blocks.layers.1.linear1,3,rel_update,0.0016764663439689934
gelu,7ca34ca9-1ff8-4ba6-9eae-30b83a5fdfeb,blocks.layers.1.norm2,3,grad_l2,0.00313296231511772
gelu,7ca34ca9-1ff8-4ba6-9eae-30b83a5fdfeb,blocks.layers.1.norm2,3,rel_update,0.00011853103403174268
gelu,7ca34ca9-1ff8-4ba6-9eae-30b83a5fdfeb,blocks.layers.1.self_attn,3,grad_l2,0.04000035483957896
gelu,7ca34ca9-1ff8-4ba6-9eae-30b83a5fdfeb,blocks.layers.1.self_attn,3,rel_update,0.0020255582205833526
gelu,7ca34ca9-1ff8-4ba6-9eae-30b83a5fdfeb,blocks.layers.1.norm1,3,grad_l2,0.004215019971286554
gelu,7ca34ca9-1ff8-4ba6-9eae-30b83a5fdfeb,blocks.layers.1.norm1,3,rel_update,0.00012820964352623152
gelu,7ca34ca9-1ff8-4ba6-9eae-30b83a5fdfeb,blocks.layers.0.linear2,3,grad_l2,0.06057462346190371
gelu,7ca34ca9-1ff8-4ba6-9eae-30b83a5fdfeb,blocks.layers.0.linear2,3,rel_update,0.0029094089313875895
gelu,7ca34ca9-1ff8-4ba6-9eae-30b83a5fdfeb,blocks.layers.0.linear1,3,grad_l2,0.05937816347217852
gelu,7ca34ca9-1ff8-4ba6-9eae-30b83a5fdfeb,blocks.layers.0.linear1,3,rel_update,0.0028494957790971753
gelu,7ca34ca9-1ff8-4ba6-9eae-30b83a5fdfeb,blocks.layers.0.norm2,3,grad_l2,0.007157679844226483
gelu,7ca34ca9-1ff8-4ba6-9eae-30b83a5fdfeb,blocks.layers.0.norm2,3,rel_update,0.0002567277150732471
gelu,7ca34ca9-1ff8-4ba6-9eae-30b83a5fdfeb,blocks.layers.0.self_attn,3,grad_l2,0.11410272491671285
gelu,7ca34ca9-1ff8-4ba6-9eae-30b83a5fdfeb,blocks.layers.0.self_attn,3,rel_update,0.005662793177403137
gelu,7ca34ca9-1ff8-4ba6-9eae-30b83a5fdfeb,blocks.layers.0.norm1,3,grad_l2,0.021516173133642968
gelu,7ca34ca9-1ff8-4ba6-9eae-30b83a5fdfeb,blocks.layers.0.norm1,3,rel_update,0.00035374873409443837
gelu,7ca34ca9-1ff8-4ba6-9eae-30b83a5fdfeb,lm_head,4,grad_l2,0.3919502727077525
gelu,7ca34ca9-1ff8-4ba6-9eae-30b83a5fdfeb,lm_head,4,rel_update,0.008398192593315854
gelu,7ca34ca9-1ff8-4ba6-9eae-30b83a5fdfeb,final_norm,4,grad_l2,0.02862665671533598
gelu,7ca34ca9-1ff8-4ba6-9eae-30b83a5fdfeb,final_norm,4,rel_update,0.001313609000793343
gelu,7ca34ca9-1ff8-4ba6-9eae-30b83a5fdfeb,blocks.layers.3.linear2,4,grad_l2,0.029064718588668208
gelu,7ca34ca9-1ff8-4ba6-9eae-30b83a5fdfeb,blocks.layers.3.linear2,4,rel_update,0.0014059557104438448
gelu,7ca34ca9-1ff8-4ba6-9eae-30b83a5fdfeb,blocks.layers.3.linear1,4,grad_l2,0.03599965724616424
gelu,7ca34ca9-1ff8-4ba6-9eae-30b83a5fdfeb,blocks.layers.3.linear1,4,rel_update,0.0017346121519267257
gelu,7ca34ca9-1ff8-4ba6-9eae-30b83a5fdfeb,blocks.layers.3.norm2,4,grad_l2,0.003993494117346349
gelu,7ca34ca9-1ff8-4ba6-9eae-30b83a5fdfeb,blocks.layers.3.norm2,4,rel_update,0.0001586827928945309
gelu,7ca34ca9-1ff8-4ba6-9eae-30b83a5fdfeb,blocks.layers.3.self_attn,4,grad_l2,0.033216726029400616
gelu,7ca34ca9-1ff8-4ba6-9eae-30b83a5fdfeb,blocks.layers.3.self_attn,4,rel_update,0.0016770308295872092
gelu,7ca34ca9-1ff8-4ba6-9eae-30b83a5fdfeb,blocks.layers.3.norm1,4,grad_l2,0.00329642466399407
gelu,7ca34ca9-1ff8-4ba6-9eae-30b83a5fdfeb,blocks.layers.3.norm1,4,rel_update,0.00011022465970269653
gelu,7ca34ca9-1ff8-4ba6-9eae-30b83a5fdfeb,blocks.layers.2.linear2,4,grad_l2,0.02807846638034534
gelu,7ca34ca9-1ff8-4ba6-9eae-30b83a5fdfeb,blocks.layers.2.linear2,4,rel_update,0.0013595800171940769
gelu,7ca34ca9-1ff8-4ba6-9eae-30b83a5fdfeb,blocks.layers.2.linear1,4,grad_l2,0.03192287977961481
gelu,7ca34ca9-1ff8-4ba6-9eae-30b83a5fdfeb,blocks.layers.2.linear1,4,rel_update,0.00153866067577216
gelu,7ca34ca9-1ff8-4ba6-9eae-30b83a5fdfeb,blocks.layers.2.norm2,4,grad_l2,0.0026443721936340713
gelu,7ca34ca9-1ff8-4ba6-9eae-30b83a5fdfeb,blocks.layers.2.norm2,4,rel_update,0.00010151022579320368
gelu,7ca34ca9-1ff8-4ba6-9eae-30b83a5fdfeb,blocks.layers.2.self_attn,4,grad_l2,0.03522296870967438
gelu,7ca34ca9-1ff8-4ba6-9eae-30b83a5fdfeb,blocks.layers.2.self_attn,4,rel_update,0.0017794174968388387
gelu,7ca34ca9-1ff8-4ba6-9eae-30b83a5fdfeb,blocks.layers.2.norm1,4,grad_l2,0.0035892562000960897
gelu,7ca34ca9-1ff8-4ba6-9eae-30b83a5fdfeb,blocks.layers.2.norm1,4,rel_update,0.00011367634944412799
gelu,7ca34ca9-1ff8-4ba6-9eae-30b83a5fdfeb,blocks.layers.1.linear2,4,grad_l2,0.03406846192937479
gelu,7ca34ca9-1ff8-4ba6-9eae-30b83a5fdfeb,blocks.layers.1.linear2,4,rel_update,0.001653270103089855
gelu,7ca34ca9-1ff8-4ba6-9eae-30b83a5fdfeb,blocks.layers.1.linear1,4,grad_l2,0.03733993007747407
gelu,7ca34ca9-1ff8-4ba6-9eae-30b83a5fdfeb,blocks.layers.1.linear1,4,rel_update,0.0018095864534750327
gelu,7ca34ca9-1ff8-4ba6-9eae-30b83a5fdfeb,blocks.layers.1.norm2,4,grad_l2,0.0033100910607226494
gelu,7ca34ca9-1ff8-4ba6-9eae-30b83a5fdfeb,blocks.layers.1.norm2,4,rel_update,0.00012662410498315245
gelu,7ca34ca9-1ff8-4ba6-9eae-30b83a5fdfeb,blocks.layers.1.self_attn,4,grad_l2,0.04379279001271046
gelu,7ca34ca9-1ff8-4ba6-9eae-30b83a5fdfeb,blocks.layers.1.self_attn,4,rel_update,0.0022173297859850198
gelu,7ca34ca9-1ff8-4ba6-9eae-30b83a5fdfeb,blocks.layers.1.norm1,4,grad_l2,0.004559614097307452
gelu,7ca34ca9-1ff8-4ba6-9eae-30b83a5fdfeb,blocks.layers.1.norm1,4,rel_update,0.00014107836688695795
gelu,7ca34ca9-1ff8-4ba6-9eae-30b83a5fdfeb,blocks.layers.0.linear2,4,grad_l2,0.06653190876826026
gelu,7ca34ca9-1ff8-4ba6-9eae-30b83a5fdfeb,blocks.layers.0.linear2,4,rel_update,0.0031842568695794084
gelu,7ca34ca9-1ff8-4ba6-9eae-30b83a5fdfeb,blocks.layers.0.linear1,4,grad_l2,0.06663260832205888
gelu,7ca34ca9-1ff8-4ba6-9eae-30b83a5fdfeb,blocks.layers.0.linear1,4,rel_update,0.003185448491868311
gelu,7ca34ca9-1ff8-4ba6-9eae-30b83a5fdfeb,blocks.layers.0.norm2,4,grad_l2,0.00780873624428331
gelu,7ca34ca9-1ff8-4ba6-9eae-30b83a5fdfeb,blocks.layers.0.norm2,4,rel_update,0.0002850872363850269
gelu,7ca34ca9-1ff8-4ba6-9eae-30b83a5fdfeb,blocks.layers.0.self_attn,4,grad_l2,0.12784082583745654
gelu,7ca34ca9-1ff8-4ba6-9eae-30b83a5fdfeb,blocks.layers.0.self_attn,4,rel_update,0.006318210251838711
gelu,7ca34ca9-1ff8-4ba6-9eae-30b83a5fdfeb,blocks.layers.0.norm1,4,grad_l2,0.023464387135199945
gelu,7ca34ca9-1ff8-4ba6-9eae-30b83a5fdfeb,blocks.layers.0.norm1,4,rel_update,0.00039791353066052936
gelu,7ca34ca9-1ff8-4ba6-9eae-30b83a5fdfeb,lm_head,5,grad_l2,0.3697113417186205
gelu,7ca34ca9-1ff8-4ba6-9eae-30b83a5fdfeb,lm_head,5,rel_update,0.007224030055535109
gelu,7ca34ca9-1ff8-4ba6-9eae-30b83a5fdfeb,final_norm,5,grad_l2,0.02761169718766413
gelu,7ca34ca9-1ff8-4ba6-9eae-30b83a5fdfeb,final_norm,5,rel_update,0.001253062393318051
gelu,7ca34ca9-1ff8-4ba6-9eae-30b83a5fdfeb,blocks.layers.3.linear2,5,grad_l2,0.03157947693535931
gelu,7ca34ca9-1ff8-4ba6-9eae-30b83a5fdfeb,blocks.layers.3.linear2,5,rel_update,0.0015246962835655487
gelu,7ca34ca9-1ff8-4ba6-9eae-30b83a5fdfeb,blocks.layers.3.linear1,5,grad_l2,0.03910341641774549
gelu,7ca34ca9-1ff8-4ba6-9eae-30b83a5fdfeb,blocks.layers.3.linear1,5,rel_update,0.0018787020786962313
gelu,7ca34ca9-1ff8-4ba6-9eae-30b83a5fdfeb,blocks.layers.3.norm2,5,grad_l2,0.0045515084153979765
gelu,7ca34ca9-1ff8-4ba6-9eae-30b83a5fdfeb,blocks.layers.3.norm2,5,rel_update,0.0001787967788647786
gelu,7ca34ca9-1ff8-4ba6-9eae-30b83a5fdfeb,blocks.layers.3.self_attn,5,grad_l2,0.037039940670206765
gelu,7ca34ca9-1ff8-4ba6-9eae-30b83a5fdfeb,blocks.layers.3.self_attn,5,rel_update,0.0018656175985331256
gelu,7ca34ca9-1ff8-4ba6-9eae-30b83a5fdfeb,blocks.layers.3.norm1,5,grad_l2,0.0037063222966641843
gelu,7ca34ca9-1ff8-4ba6-9eae-30b83a5fdfeb,blocks.layers.3.norm1,5,rel_update,0.00012712873342873594
gelu,7ca34ca9-1ff8-4ba6-9eae-30b83a5fdfeb,blocks.layers.2.linear2,5,grad_l2,0.029992929108738766
gelu,7ca34ca9-1ff8-4ba6-9eae-30b83a5fdfeb,blocks.layers.2.linear2,5,rel_update,0.0014493362872955908
gelu,7ca34ca9-1ff8-4ba6-9eae-30b83a5fdfeb,blocks.layers.2.linear1,5,grad_l2,0.03425630518042935
gelu,7ca34ca9-1ff8-4ba6-9eae-30b83a5fdfeb,blocks.layers.2.linear1,5,rel_update,0.001645506863855458
gelu,7ca34ca9-1ff8-4ba6-9eae-30b83a5fdfeb,blocks.layers.2.norm2,5,grad_l2,0.002790955877593683
gelu,7ca34ca9-1ff8-4ba6-9eae-30b83a5fdfeb,blocks.layers.2.norm2,5,rel_update,0.00010803812380436881
gelu,7ca34ca9-1ff8-4ba6-9eae-30b83a5fdfeb,blocks.layers.2.self_attn,5,grad_l2,0.038838003054621165
gelu,7ca34ca9-1ff8-4ba6-9eae-30b83a5fdfeb,blocks.layers.2.self_attn,5,rel_update,0.0019596343268071317
gelu,7ca34ca9-1ff8-4ba6-9eae-30b83a5fdfeb,blocks.layers.2.norm1,5,grad_l2,0.0039008145297398196
gelu,7ca34ca9-1ff8-4ba6-9eae-30b83a5fdfeb,blocks.layers.2.norm1,5,rel_update,0.00012701720073455026
gelu,7ca34ca9-1ff8-4ba6-9eae-30b83a5fdfeb,blocks.layers.1.linear2,5,grad_l2,0.035983114818683125
gelu,7ca34ca9-1ff8-4ba6-9eae-30b83a5fdfeb,blocks.layers.1.linear2,5,rel_update,0.0017446440877852132
gelu,7ca34ca9-1ff8-4ba6-9eae-30b83a5fdfeb,blocks.layers.1.linear1,5,grad_l2,0.03998610770162462
gelu,7ca34ca9-1ff8-4ba6-9eae-30b83a5fdfeb,blocks.layers.1.linear1,5,rel_update,0.0019342606397819908
gelu,7ca34ca9-1ff8-4ba6-9eae-30b83a5fdfeb,blocks.layers.1.norm2,5,grad_l2,0.0034534623013724496
gelu,7ca34ca9-1ff8-4ba6-9eae-30b83a5fdfeb,blocks.layers.1.norm2,5,rel_update,0.0001338332778210138
gelu,7ca34ca9-1ff8-4ba6-9eae-30b83a5fdfeb,blocks.layers.1.self_attn,5,grad_l2,0.04735182510233448
gelu,7ca34ca9-1ff8-4ba6-9eae-30b83a5fdfeb,blocks.layers.1.self_attn,5,rel_update,0.0023975846118085074
gelu,7ca34ca9-1ff8-4ba6-9eae-30b83a5fdfeb,blocks.layers.1.norm1,5,grad_l2,0.0048677347608505886
gelu,7ca34ca9-1ff8-4ba6-9eae-30b83a5fdfeb,blocks.layers.1.norm1,5,rel_update,0.00015308833912913827
gelu,7ca34ca9-1ff8-4ba6-9eae-30b83a5fdfeb,blocks.layers.0.linear2,5,grad_l2,0.07161551760248273
gelu,7ca34ca9-1ff8-4ba6-9eae-30b83a5fdfeb,blocks.layers.0.linear2,5,rel_update,0.0034190332324853558
gelu,7ca34ca9-1ff8-4ba6-9eae-30b83a5fdfeb,blocks.layers.0.linear1,5,grad_l2,0.0731557596462314
gelu,7ca34ca9-1ff8-4ba6-9eae-30b83a5fdfeb,blocks.layers.0.linear1,5,rel_update,0.003488023819971001
gelu,7ca34ca9-1ff8-4ba6-9eae-30b83a5fdfeb,blocks.layers.0.norm2,5,grad_l2,0.008328640381394154
gelu,7ca34ca9-1ff8-4ba6-9eae-30b83a5fdfeb,blocks.layers.0.norm2,5,rel_update,0.0003093523585998785
gelu,7ca34ca9-1ff8-4ba6-9eae-30b83a5fdfeb,blocks.layers.0.self_attn,5,grad_l2,0.13977283601363538
gelu,7ca34ca9-1ff8-4ba6-9eae-30b83a5fdfeb,blocks.layers.0.self_attn,5,rel_update,0.006874448313038584
gelu,7ca34ca9-1ff8-4ba6-9eae-30b83a5fdfeb,blocks.layers.0.norm1,5,grad_l2,0.02480138008052207
gelu,7ca34ca9-1ff8-4ba6-9eae-30b83a5fdfeb,blocks.layers.0.norm1,5,rel_update,0.0004358452113452261
gelu,7ca34ca9-1ff8-4ba6-9eae-30b83a5fdfeb,lm_head,6,grad_l2,0.3540170734145039
gelu,7ca34ca9-1ff8-4ba6-9eae-30b83a5fdfeb,lm_head,6,rel_update,0.0063789997496167825
gelu,7ca34ca9-1ff8-4ba6-9eae-30b83a5fdfeb,final_norm,6,grad_l2,0.026910287439252157
gelu,7ca34ca9-1ff8-4ba6-9eae-30b83a5fdfeb,final_norm,6,rel_update,0.0012117903665379852
gelu,7ca34ca9-1ff8-4ba6-9eae-30b83a5fdfeb,blocks.layers.3.linear2,6,grad_l2,0.03358890548462372
gelu,7ca34ca9-1ff8-4ba6-9eae-30b83a5fdfeb,blocks.layers.3.linear2,6,rel_update,0.0016200337187892027
gelu,7ca34ca9-1ff8-4ba6-9eae-30b83a5fdfeb,blocks.layers.3.linear1,6,grad_l2,0.04160746560376505
gelu,7ca34ca9-1ff8-4ba6-9eae-30b83a5fdfeb,blocks.layers.3.linear1,6,rel_update,0.0019945924986922176
gelu,7ca34ca9-1ff8-4ba6-9eae-30b83a5fdfeb,blocks.layers.3.norm2,6,grad_l2,0.004897167668490796
gelu,7ca34ca9-1ff8-4ba6-9eae-30b83a5fdfeb,blocks.layers.3.norm2,6,rel_update,0.00019374511091798833
gelu,7ca34ca9-1ff8-4ba6-9eae-30b83a5fdfeb,blocks.layers.3.self_attn,6,grad_l2,0.04014358969184044
gelu,7ca34ca9-1ff8-4ba6-9eae-30b83a5fdfeb,blocks.layers.3.self_attn,6,rel_update,0.0020178689192065654
gelu,7ca34ca9-1ff8-4ba6-9eae-30b83a5fdfeb,blocks.layers.3.norm1,6,grad_l2,0.004012225480314759
gelu,7ca34ca9-1ff8-4ba6-9eae-30b83a5fdfeb,blocks.layers.3.norm1,6,rel_update,0.00014100624068482987
gelu,7ca34ca9-1ff8-4ba6-9eae-30b83a5fdfeb,blocks.layers.2.linear2,6,grad_l2,0.031662740610621
gelu,7ca34ca9-1ff8-4ba6-9eae-30b83a5fdfeb,blocks.layers.2.linear2,6,rel_update,0.001527697805146836
gelu,7ca34ca9-1ff8-4ba6-9eae-30b83a5fdfeb,blocks.layers.2.linear1,6,grad_l2,0.03637086803724793
gelu,7ca34ca9-1ff8-4ba6-9eae-30b83a5fdfeb,blocks.layers.2.linear1,6,rel_update,0.001742226951622753
gelu,7ca34ca9-1ff8-4ba6-9eae-30b83a5fdfeb,blocks.layers.2.norm2,6,grad_l2,0.0029065660866859667
gelu,7ca34ca9-1ff8-4ba6-9eae-30b83a5fdfeb,blocks.layers.2.norm2,6,rel_update,0.00011361069917957656
gelu,7ca34ca9-1ff8-4ba6-9eae-30b83a5fdfeb,blocks.layers.2.self_attn,6,grad_l2,0.04205910239581854
gelu,7ca34ca9-1ff8-4ba6-9eae-30b83a5fdfeb,blocks.layers.2.self_attn,6,rel_update,0.0021201075300292596
gelu,7ca34ca9-1ff8-4ba6-9eae-30b83a5fdfeb,blocks.layers.2.norm1,6,grad_l2,0.004164006309128835
gelu,7ca34ca9-1ff8-4ba6-9eae-30b83a5fdfeb,blocks.layers.2.norm1,6,rel_update,0.00013877134919941034
gelu,7ca34ca9-1ff8-4ba6-9eae-30b83a5fdfeb,blocks.layers.1.linear2,6,grad_l2,0.03766566934748594
gelu,7ca34ca9-1ff8-4ba6-9eae-30b83a5fdfeb,blocks.layers.1.linear2,6,rel_update,0.001825204767593729
gelu,7ca34ca9-1ff8-4ba6-9eae-30b83a5fdfeb,blocks.layers.1.linear1,6,grad_l2,0.04234524374837584
gelu,7ca34ca9-1ff8-4ba6-9eae-30b83a5fdfeb,blocks.layers.1.linear1,6,rel_update,0.0020454622284139337
gelu,7ca34ca9-1ff8-4ba6-9eae-30b83a5fdfeb,blocks.layers.1.norm2,6,grad_l2,0.003575251387559225
gelu,7ca34ca9-1ff8-4ba6-9eae-30b83a5fdfeb,blocks.layers.1.norm2,6,rel_update,0.0001400795345038067
gelu,7ca34ca9-1ff8-4ba6-9eae-30b83a5fdfeb,blocks.layers.1.self_attn,6,grad_l2,0.05046549910446109
gelu,7ca34ca9-1ff8-4ba6-9eae-30b83a5fdfeb,blocks.layers.1.self_attn,6,rel_update,0.002555601421261005
gelu,7ca34ca9-1ff8-4ba6-9eae-30b83a5fdfeb,blocks.layers.1.norm1,6,grad_l2,0.005136308388381581
gelu,7ca34ca9-1ff8-4ba6-9eae-30b83a5fdfeb,blocks.layers.1.norm1,6,rel_update,0.0001634842017307301
gelu,7ca34ca9-1ff8-4ba6-9eae-30b83a5fdfeb,blocks.layers.0.linear2,6,grad_l2,0.07577967994943942
gelu,7ca34ca9-1ff8-4ba6-9eae-30b83a5fdfeb,blocks.layers.0.linear2,6,rel_update,0.0036117553154855785
gelu,7ca34ca9-1ff8-4ba6-9eae-30b83a5fdfeb,blocks.layers.0.linear1,6,grad_l2,0.07875638700234179
gelu,7ca34ca9-1ff8-4ba6-9eae-30b83a5fdfeb,blocks.layers.0.linear1,6,rel_update,0.0037484996742357963
gelu,7ca34ca9-1ff8-4ba6-9eae-30b83a5fdfeb,blocks.layers.0.norm2,6,grad_l2,0.008749011118132394
gelu,7ca34ca9-1ff8-4ba6-9eae-30b83a5fdfeb,blocks.layers.0.norm2,6,rel_update,0.000329339906754302
gelu,7ca34ca9-1ff8-4ba6-9eae-30b83a5fdfeb,blocks.layers.0.self_attn,6,grad_l2,0.1502775615672197
gelu,7ca34ca9-1ff8-4ba6-9eae-30b83a5fdfeb,blocks.layers.0.self_attn,6,rel_update,0.0073556372099542
gelu,7ca34ca9-1ff8-4ba6-9eae-30b83a5fdfeb,blocks.layers.0.norm1,6,grad_l2,0.025827355854558063
gelu,7ca34ca9-1ff8-4ba6-9eae-30b83a5fdfeb,blocks.layers.0.norm1,6,rel_update,0.00046914663179208846
gelu,7ca34ca9-1ff8-4ba6-9eae-30b83a5fdfeb,lm_head,7,grad_l2,0.34210306978071925
gelu,7ca34ca9-1ff8-4ba6-9eae-30b83a5fdfeb,lm_head,7,rel_update,0.005741238105746932
gelu,7ca34ca9-1ff8-4ba6-9eae-30b83a5fdfeb,final_norm,7,grad_l2,0.026408676909848376
gelu,7ca34ca9-1ff8-4ba6-9eae-30b83a5fdfeb,final_norm,7,rel_update,0.0011825691816830595
gelu,7ca34ca9-1ff8-4ba6-9eae-30b83a5fdfeb,blocks.layers.3.linear2,7,grad_l2,0.035172392378533805
gelu,7ca34ca9-1ff8-4ba6-9eae-30b83a5fdfeb,blocks.layers.3.linear2,7,rel_update,0.0016954971140607407
gelu,7ca34ca9-1ff8-4ba6-9eae-30b83a5fdfeb,blocks.layers.3.linear1,7,grad_l2,0.04358887880205987
gelu,7ca34ca9-1ff8-4ba6-9eae-30b83a5fdfeb,blocks.layers.3.linear1,7,rel_update,0.0020861031624045292
gelu,7ca34ca9-1ff8-4ba6-9eae-30b83a5fdfeb,blocks.layers.3.norm2,7,grad_l2,0.00510815862658084
gelu,7ca34ca9-1ff8-4ba6-9eae-30b83a5fdfeb,blocks.layers.3.norm2,7,rel_update,0.00020480062877193466
gelu,7ca34ca9-1ff8-4ba6-9eae-30b83a5fdfeb,blocks.layers.3.self_attn,7,grad_l2,0.04245633982595558
gelu,7ca34ca9-1ff8-4ba6-9eae-30b83a5fdfeb,blocks.layers.3.self_attn,7,rel_update,0.0021308743840629542
gelu,7ca34ca9-1ff8-4ba6-9eae-30b83a5fdfeb,blocks.layers.3.norm1,7,grad_l2,0.0042062352265417585
gelu,7ca34ca9-1ff8-4ba6-9eae-30b83a5fdfeb,blocks.layers.3.norm1,7,rel_update,0.00015104815085387836
gelu,7ca34ca9-1ff8-4ba6-9eae-30b83a5fdfeb,blocks.layers.2.linear2,7,grad_l2,0.03304972008591468
gelu,7ca34ca9-1ff8-4ba6-9eae-30b83a5fdfeb,blocks.layers.2.linear2,7,rel_update,0.0015930683328125314
gelu,7ca34ca9-1ff8-4ba6-9eae-30b83a5fdfeb,blocks.layers.2.linear1,7,grad_l2,0.03816606306343084
gelu,7ca34ca9-1ff8-4ba6-9eae-30b83a5fdfeb,blocks.layers.2.linear1,7,rel_update,0.0018242804850498256
gelu,7ca34ca9-1ff8-4ba6-9eae-30b83a5fdfeb,blocks.layers.2.norm2,7,grad_l2,0.002993304661027705
gelu,7ca34ca9-1ff8-4ba6-9eae-30b83a5fdfeb,blocks.layers.2.norm2,7,rel_update,0.00011827342588298546
gelu,7ca34ca9-1ff8-4ba6-9eae-30b83a5fdfeb,blocks.layers.2.self_attn,7,grad_l2,0.04462220505340082
gelu,7ca34ca9-1ff8-4ba6-9eae-30b83a5fdfeb,blocks.layers.2.self_attn,7,rel_update,0.0022478845278741176
gelu,7ca34ca9-1ff8-4ba6-9eae-30b83a5fdfeb,blocks.layers.2.norm1,7,grad_l2,0.0043437302273682124
gelu,7ca34ca9-1ff8-4ba6-9eae-30b83a5fdfeb,blocks.layers.2.norm1,7,rel_update,0.00014795903941637514
gelu,7ca34ca9-1ff8-4ba6-9eae-30b83a5fdfeb,blocks.layers.1.linear2,7,grad_l2,0.03905869039746126
gelu,7ca34ca9-1ff8-4ba6-9eae-30b83a5fdfeb,blocks.layers.1.linear2,7,rel_update,0.0018924366844559396
gelu,7ca34ca9-1ff8-4ba6-9eae-30b83a5fdfeb,blocks.layers.1.linear1,7,grad_l2,0.04431290041214152
gelu,7ca34ca9-1ff8-4ba6-9eae-30b83a5fdfeb,blocks.layers.1.linear1,7,rel_update,0.0021383060610226812
gelu,7ca34ca9-1ff8-4ba6-9eae-30b83a5fdfeb,blocks.layers.1.norm2,7,grad_l2,0.003660030469396583
gelu,7ca34ca9-1ff8-4ba6-9eae-30b83a5fdfeb,blocks.layers.1.norm2,7,rel_update,0.00014509089273902226
gelu,7ca34ca9-1ff8-4ba6-9eae-30b83a5fdfeb,blocks.layers.1.self_attn,7,grad_l2,0.05293838122337954
gelu,7ca34ca9-1ff8-4ba6-9eae-30b83a5fdfeb,blocks.layers.1.self_attn,7,rel_update,0.0026815761094042463
gelu,7ca34ca9-1ff8-4ba6-9eae-30b83a5fdfeb,blocks.layers.1.norm1,7,grad_l2,0.00531523439397581
gelu,7ca34ca9-1ff8-4ba6-9eae-30b83a5fdfeb,blocks.layers.1.norm1,7,rel_update,0.00017155310607854391
gelu,7ca34ca9-1ff8-4ba6-9eae-30b83a5fdfeb,blocks.layers.0.linear2,7,grad_l2,0.07897058578630238
gelu,7ca34ca9-1ff8-4ba6-9eae-30b83a5fdfeb,blocks.layers.0.linear2,7,rel_update,0.0037598960261667792
gelu,7ca34ca9-1ff8-4ba6-9eae-30b83a5fdfeb,blocks.layers.0.linear1,7,grad_l2,0.08338180891929448
gelu,7ca34ca9-1ff8-4ba6-9eae-30b83a5fdfeb,blocks.layers.0.linear1,7,rel_update,0.003964253396003633
gelu,7ca34ca9-1ff8-4ba6-9eae-30b83a5fdfeb,blocks.layers.0.norm2,7,grad_l2,0.009020785994448787
gelu,7ca34ca9-1ff8-4ba6-9eae-30b83a5fdfeb,blocks.layers.0.norm2,7,rel_update,0.0003452311959238744
gelu,7ca34ca9-1ff8-4ba6-9eae-30b83a5fdfeb,blocks.layers.0.self_attn,7,grad_l2,0.15880929549532125
gelu,7ca34ca9-1ff8-4ba6-9eae-30b83a5fdfeb,blocks.layers.0.self_attn,7,rel_update,0.007743693434773874
gelu,7ca34ca9-1ff8-4ba6-9eae-30b83a5fdfeb,blocks.layers.0.norm1,7,grad_l2,0.026322061684317694
gelu,7ca34ca9-1ff8-4ba6-9eae-30b83a5fdfeb,blocks.layers.0.norm1,7,rel_update,0.0004964247723756425
gelu,7ca34ca9-1ff8-4ba6-9eae-30b83a5fdfeb,lm_head,8,grad_l2,0.3327465726422811
gelu,7ca34ca9-1ff8-4ba6-9eae-30b83a5fdfeb,lm_head,8,rel_update,0.005243402886119132
gelu,7ca34ca9-1ff8-4ba6-9eae-30b83a5fdfeb,final_norm,8,grad_l2,0.026048591770006894
gelu,7ca34ca9-1ff8-4ba6-9eae-30b83a5fdfeb,final_norm,8,rel_update,0.0011617316736913734
gelu,7ca34ca9-1ff8-4ba6-9eae-30b83a5fdfeb,blocks.layers.3.linear2,8,grad_l2,0.03637528705271009
gelu,7ca34ca9-1ff8-4ba6-9eae-30b83a5fdfeb,blocks.layers.3.linear2,8,rel_update,0.0017529622486836978
gelu,7ca34ca9-1ff8-4ba6-9eae-30b83a5fdfeb,blocks.layers.3.linear1,8,grad_l2,0.045132411742356875
gelu,7ca34ca9-1ff8-4ba6-9eae-30b83a5fdfeb,blocks.layers.3.linear1,8,rel_update,0.002157291944266866
gelu,7ca34ca9-1ff8-4ba6-9eae-30b83a5fdfeb,blocks.layers.3.norm2,8,grad_l2,0.005238652070098655
gelu,7ca34ca9-1ff8-4ba6-9eae-30b83a5fdfeb,blocks.layers.3.norm2,8,rel_update,0.00021277617939597388
gelu,7ca34ca9-1ff8-4ba6-9eae-30b83a5fdfeb,blocks.layers.3.self_attn,8,grad_l2,0.04428155282610259
gelu,7ca34ca9-1ff8-4ba6-9eae-30b83a5fdfeb,blocks.layers.3.self_attn,8,rel_update,0.0022199287655667145
gelu,7ca34ca9-1ff8-4ba6-9eae-30b83a5fdfeb,blocks.layers.3.norm1,8,grad_l2,0.004352562765998896
gelu,7ca34ca9-1ff8-4ba6-9eae-30b83a5fdfeb,blocks.layers.3.norm1,8,rel_update,0.00015918576644045185
gelu,7ca34ca9-1ff8-4ba6-9eae-30b83a5fdfeb,blocks.layers.2.linear2,8,grad_l2,0.034166022969501116
gelu,7ca34ca9-1ff8-4ba6-9eae-30b83a5fdfeb,blocks.layers.2.linear2,8,rel_update,0.001645783765057725
gelu,7ca34ca9-1ff8-4ba6-9eae-30b83a5fdfeb,blocks.layers.2.linear1,8,grad_l2,0.0396375326076705
gelu,7ca34ca9-1ff8-4ba6-9eae-30b83a5fdfeb,blocks.layers.2.linear1,8,rel_update,0.0018915217643914826
gelu,7ca34ca9-1ff8-4ba6-9eae-30b83a5fdfeb,blocks.layers.2.norm2,8,grad_l2,0.0030584021491214426
gelu,7ca34ca9-1ff8-4ba6-9eae-30b83a5fdfeb,blocks.layers.2.norm2,8,rel_update,0.00012212430473459716
gelu,7ca34ca9-1ff8-4ba6-9eae-30b83a5fdfeb,blocks.layers.2.self_attn,8,grad_l2,0.046664731625766676
gelu,7ca34ca9-1ff8-4ba6-9eae-30b83a5fdfeb,blocks.layers.2.self_attn,8,rel_update,0.0023497469884477956
gelu,7ca34ca9-1ff8-4ba6-9eae-30b83a5fdfeb,blocks.layers.2.norm1,8,grad_l2,0.004470949803315029
gelu,7ca34ca9-1ff8-4ba6-9eae-30b83a5fdfeb,blocks.layers.2.norm1,8,rel_update,0.00015526213390550846
gelu,7ca34ca9-1ff8-4ba6-9eae-30b83a5fdfeb,blocks.layers.1.linear2,8,grad_l2,0.040204388770515964
gelu,7ca34ca9-1ff8-4ba6-9eae-30b83a5fdfeb,blocks.layers.1.linear2,8,rel_update,0.0019480112869785095
gelu,7ca34ca9-1ff8-4ba6-9eae-30b83a5fdfeb,blocks.layers.1.linear1,8,grad_l2,0.04594313904466195
gelu,7ca34ca9-1ff8-4ba6-9eae-30b83a5fdfeb,blocks.layers.1.linear1,8,rel_update,0.002215316742525984
gelu,7ca34ca9-1ff8-4ba6-9eae-30b83a5fdfeb,blocks.layers.1.norm2,8,grad_l2,0.0037222838103417692
gelu,7ca34ca9-1ff8-4ba6-9eae-30b83a5fdfeb,blocks.layers.1.norm2,8,rel_update,0.0001492497797675245
gelu,7ca34ca9-1ff8-4ba6-9eae-30b83a5fdfeb,blocks.layers.1.self_attn,8,grad_l2,0.054885235697195
gelu,7ca34ca9-1ff8-4ba6-9eae-30b83a5fdfeb,blocks.layers.1.self_attn,8,rel_update,0.002780976658938478
gelu,7ca34ca9-1ff8-4ba6-9eae-30b83a5fdfeb,blocks.layers.1.norm1,8,grad_l2,0.005442453433956375
gelu,7ca34ca9-1ff8-4ba6-9eae-30b83a5fdfeb,blocks.layers.1.norm1,8,rel_update,0.00017799209354688996
gelu,7ca34ca9-1ff8-4ba6-9eae-30b83a5fdfeb,blocks.layers.0.linear2,8,grad_l2,0.08146684410333885
gelu,7ca34ca9-1ff8-4ba6-9eae-30b83a5fdfeb,blocks.layers.0.linear2,8,rel_update,0.00387606433943145
gelu,7ca34ca9-1ff8-4ba6-9eae-30b83a5fdfeb,blocks.layers.0.linear1,8,grad_l2,0.0871567349145695
gelu,7ca34ca9-1ff8-4ba6-9eae-30b83a5fdfeb,blocks.layers.0.linear1,8,rel_update,0.004140654773993525
gelu,7ca34ca9-1ff8-4ba6-9eae-30b83a5fdfeb,blocks.layers.0.norm2,8,grad_l2,0.009217187206969417
gelu,7ca34ca9-1ff8-4ba6-9eae-30b83a5fdfeb,blocks.layers.0.norm2,8,rel_update,0.00035804998286016103
gelu,7ca34ca9-1ff8-4ba6-9eae-30b83a5fdfeb,blocks.layers.0.self_attn,8,grad_l2,0.16573695339520095
gelu,7ca34ca9-1ff8-4ba6-9eae-30b83a5fdfeb,blocks.layers.0.self_attn,8,rel_update,0.00805735122511859
gelu,7ca34ca9-1ff8-4ba6-9eae-30b83a5fdfeb,blocks.layers.0.norm1,8,grad_l2,0.026601891709795617
gelu,7ca34ca9-1ff8-4ba6-9eae-30b83a5fdfeb,blocks.layers.0.norm1,8,rel_update,0.0005191896450254633
gelu,7ca34ca9-1ff8-4ba6-9eae-30b83a5fdfeb,lm_head,9,grad_l2,0.3251994934423538
gelu,7ca34ca9-1ff8-4ba6-9eae-30b83a5fdfeb,lm_head,9,rel_update,0.004844498424837278
gelu,7ca34ca9-1ff8-4ba6-9eae-30b83a5fdfeb,final_norm,9,grad_l2,0.025782362902433548
gelu,7ca34ca9-1ff8-4ba6-9eae-30b83a5fdfeb,final_norm,9,rel_update,0.001146874969060392
gelu,7ca34ca9-1ff8-4ba6-9eae-30b83a5fdfeb,blocks.layers.3.linear2,9,grad_l2,0.03729034524448298
gelu,7ca34ca9-1ff8-4ba6-9eae-30b83a5fdfeb,blocks.layers.3.linear2,9,rel_update,0.0017968947326318877
gelu,7ca34ca9-1ff8-4ba6-9eae-30b83a5fdfeb,blocks.layers.3.linear1,9,grad_l2,0.04632696852471667
gelu,7ca34ca9-1ff8-4ba6-9eae-30b83a5fdfeb,blocks.layers.3.linear1,9,rel_update,0.002212333254108954
gelu,7ca34ca9-1ff8-4ba6-9eae-30b83a5fdfeb,blocks.layers.3.norm2,9,grad_l2,0.005294553575491523
gelu,7ca34ca9-1ff8-4ba6-9eae-30b83a5fdfeb,blocks.layers.3.norm2,9,rel_update,0.00021841998478640812
gelu,7ca34ca9-1ff8-4ba6-9eae-30b83a5fdfeb,blocks.layers.3.self_attn,9,grad_l2,0.04561941460621633
gelu,7ca34ca9-1ff8-4ba6-9eae-30b83a5fdfeb,blocks.layers.3.self_attn,9,rel_update,0.0022850777779275717
gelu,7ca34ca9-1ff8-4ba6-9eae-30b83a5fdfeb,blocks.layers.3.norm1,9,grad_l2,0.004445487078980026
gelu,7ca34ca9-1ff8-4ba6-9eae-30b83a5fdfeb,blocks.layers.3.norm1,9,rel_update,0.00016493134060004483
gelu,7ca34ca9-1ff8-4ba6-9eae-30b83a5fdfeb,blocks.layers.2.linear2,9,grad_l2,0.03503032716147471
gelu,7ca34ca9-1ff8-4ba6-9eae-30b83a5fdfeb,blocks.layers.2.linear2,9,rel_update,0.001686670015284952
gelu,7ca34ca9-1ff8-4ba6-9eae-30b83a5fdfeb,blocks.layers.2.linear1,9,grad_l2,0.04080483673847
gelu,7ca34ca9-1ff8-4ba6-9eae-30b83a5fdfeb,blocks.layers.2.linear1,9,rel_update,0.0019448226101363214
gelu,7ca34ca9-1ff8-4ba6-9eae-30b83a5fdfeb,blocks.layers.2.norm2,9,grad_l2,0.0031029414999104226
gelu,7ca34ca9-1ff8-4ba6-9eae-30b83a5fdfeb,blocks.layers.2.norm2,9,rel_update,0.00012509856691114138
gelu,7ca34ca9-1ff8-4ba6-9eae-30b83a5fdfeb,blocks.layers.2.self_attn,9,grad_l2,0.048231047793614625
gelu,7ca34ca9-1ff8-4ba6-9eae-30b83a5fdfeb,blocks.layers.2.self_attn,9,rel_update,0.002427879317275798
gelu,7ca34ca9-1ff8-4ba6-9eae-30b83a5fdfeb,blocks.layers.2.norm1,9,grad_l2,0.0045599151025700595
gelu,7ca34ca9-1ff8-4ba6-9eae-30b83a5fdfeb,blocks.layers.2.norm1,9,rel_update,0.00016088289273723802
gelu,7ca34ca9-1ff8-4ba6-9eae-30b83a5fdfeb,blocks.layers.1.linear2,9,grad_l2,0.04109949035632607
gelu,7ca34ca9-1ff8-4ba6-9eae-30b83a5fdfeb,blocks.layers.1.linear2,9,rel_update,0.001991571136110841
gelu,7ca34ca9-1ff8-4ba6-9eae-30b83a5fdfeb,blocks.layers.1.linear1,9,grad_l2,0.04723040118445744
gelu,7ca34ca9-1ff8-4ba6-9eae-30b83a5fdfeb,blocks.layers.1.linear1,9,rel_update,0.002276127996590684
gelu,7ca34ca9-1ff8-4ba6-9eae-30b83a5fdfeb,blocks.layers.1.norm2,9,grad_l2,0.0037651226896034127
gelu,7ca34ca9-1ff8-4ba6-9eae-30b83a5fdfeb,blocks.layers.1.norm2,9,rel_update,0.0001524705148038046
gelu,7ca34ca9-1ff8-4ba6-9eae-30b83a5fdfeb,blocks.layers.1.self_attn,9,grad_l2,0.05635767555328882
gelu,7ca34ca9-1ff8-4ba6-9eae-30b83a5fdfeb,blocks.layers.1.self_attn,9,rel_update,0.0028562890834013858
gelu,7ca34ca9-1ff8-4ba6-9eae-30b83a5fdfeb,blocks.layers.1.norm1,9,grad_l2,0.005527055700362332
gelu,7ca34ca9-1ff8-4ba6-9eae-30b83a5fdfeb,blocks.layers.1.norm1,9,rel_update,0.0001825399491752458
gelu,7ca34ca9-1ff8-4ba6-9eae-30b83a5fdfeb,blocks.layers.0.linear2,9,grad_l2,0.08336891848584561
gelu,7ca34ca9-1ff8-4ba6-9eae-30b83a5fdfeb,blocks.layers.0.linear2,9,rel_update,0.0039646548857916785
gelu,7ca34ca9-1ff8-4ba6-9eae-30b83a5fdfeb,blocks.layers.0.linear1,9,grad_l2,0.09013965968161224
gelu,7ca34ca9-1ff8-4ba6-9eae-30b83a5fdfeb,blocks.layers.0.linear1,9,rel_update,0.004280126911329283
gelu,7ca34ca9-1ff8-4ba6-9eae-30b83a5fdfeb,blocks.layers.0.norm2,9,grad_l2,0.009344778483405758
gelu,7ca34ca9-1ff8-4ba6-9eae-30b83a5fdfeb,blocks.layers.0.norm2,9,rel_update,0.00036779754683915583
gelu,7ca34ca9-1ff8-4ba6-9eae-30b83a5fdfeb,blocks.layers.0.self_attn,9,grad_l2,0.17107019721954503
gelu,7ca34ca9-1ff8-4ba6-9eae-30b83a5fdfeb,blocks.layers.0.self_attn,9,rel_update,0.008298517417408906
gelu,7ca34ca9-1ff8-4ba6-9eae-30b83a5fdfeb,blocks.layers.0.norm1,9,grad_l2,0.026690849979178134
gelu,7ca34ca9-1ff8-4ba6-9eae-30b83a5fdfeb,blocks.layers.0.norm1,9,rel_update,0.0005374054782290588
gelu,8873c20a-b9e5-426f-aed2-999e7d96e971,lm_head,0,grad_l2,0.9497443625829398
gelu,8873c20a-b9e5-426f-aed2-999e7d96e971,lm_head,0,rel_update,0.034233855101958297
gelu,8873c20a-b9e5-426f-aed2-999e7d96e971,final_norm,0,grad_l2,0.06285604102644266
gelu,8873c20a-b9e5-426f-aed2-999e7d96e971,final_norm,0,rel_update,0.002867294633957722
gelu,8873c20a-b9e5-426f-aed2-999e7d96e971,blocks.layers.3.linear2,0,grad_l2,0.01633127188586692
gelu,8873c20a-b9e5-426f-aed2-999e7d96e971,blocks.layers.3.linear2,0,rel_update,0.0008026039717003348
gelu,8873c20a-b9e5-426f-aed2-999e7d96e971,blocks.layers.3.linear1,0,grad_l2,0.017459499621377227
gelu,8873c20a-b9e5-426f-aed2-999e7d96e971,blocks.layers.3.linear1,0,rel_update,0.0008588390465119417
gelu,8873c20a-b9e5-426f-aed2-999e7d96e971,blocks.layers.3.norm2,0,grad_l2,0.0012200816316871963
gelu,8873c20a-b9e5-426f-aed2-999e7d96e971,blocks.layers.3.norm2,0,rel_update,4.7047538450267153e-05
gelu,8873c20a-b9e5-426f-aed2-999e7d96e971,blocks.layers.3.self_attn,0,grad_l2,0.019775026533815458
gelu,8873c20a-b9e5-426f-aed2-999e7d96e971,blocks.layers.3.self_attn,0,rel_update,0.0010032384305024703
gelu,8873c20a-b9e5-426f-aed2-999e7d96e971,blocks.layers.3.norm1,0,grad_l2,0.0016950818094246367
gelu,8873c20a-b9e5-426f-aed2-999e7d96e971,blocks.layers.3.norm1,0,rel_update,6.011196500969562e-05
gelu,8873c20a-b9e5-426f-aed2-999e7d96e971,blocks.layers.2.linear2,0,grad_l2,0.01762248323133914
gelu,8873c20a-b9e5-426f-aed2-999e7d96e971,blocks.layers.2.linear2,0,rel_update,0.0008635717682366399
gelu,8873c20a-b9e5-426f-aed2-999e7d96e971,blocks.layers.2.linear1,0,grad_l2,0.018597432124185236
gelu,8873c20a-b9e5-426f-aed2-999e7d96e971,blocks.layers.2.linear1,0,rel_update,0.0009141217482852431
gelu,8873c20a-b9e5-426f-aed2-999e7d96e971,blocks.layers.2.norm2,0,grad_l2,0.0014679245567013532
gelu,8873c20a-b9e5-426f-aed2-999e7d96e971,blocks.layers.2.norm2,0,rel_update,5.583886632358322e-05
gelu,8873c20a-b9e5-426f-aed2-999e7d96e971,blocks.layers.2.self_attn,0,grad_l2,0.021039452498816596
gelu,8873c20a-b9e5-426f-aed2-999e7d96e971,blocks.layers.2.self_attn,0,rel_update,0.001066116062639192
gelu,8873c20a-b9e5-426f-aed2-999e7d96e971,blocks.layers.2.norm1,0,grad_l2,0.002036902197546749
gelu,8873c20a-b9e5-426f-aed2-999e7d96e971,blocks.layers.2.norm1,0,rel_update,6.627882060994221e-05
gelu,8873c20a-b9e5-426f-aed2-999e7d96e971,blocks.layers.1.linear2,0,grad_l2,0.02256020508712189
gelu,8873c20a-b9e5-426f-aed2-999e7d96e971,blocks.layers.1.linear2,0,rel_update,0.001106206091983737
gelu,8873c20a-b9e5-426f-aed2-999e7d96e971,blocks.layers.1.linear1,0,grad_l2,0.021250861459516407
gelu,8873c20a-b9e5-426f-aed2-999e7d96e971,blocks.layers.1.linear1,0,rel_update,0.0010433532020345576
gelu,8873c20a-b9e5-426f-aed2-999e7d96e971,blocks.layers.1.norm2,0,grad_l2,0.001953288688353685
gelu,8873c20a-b9e5-426f-aed2-999e7d96e971,blocks.layers.1.norm2,0,rel_update,6.837281380909305e-05
gelu,8873c20a-b9e5-426f-aed2-999e7d96e971,blocks.layers.1.self_attn,0,grad_l2,0.02644614279721539
gelu,8873c20a-b9e5-426f-aed2-999e7d96e971,blocks.layers.1.self_attn,0,rel_update,0.0013358020808495663
gelu,8873c20a-b9e5-426f-aed2-999e7d96e971,blocks.layers.1.norm1,0,grad_l2,0.0028663033132054778
gelu,8873c20a-b9e5-426f-aed2-999e7d96e971,blocks.layers.1.norm1,0,rel_update,7.873724210093444e-05
gelu,8873c20a-b9e5-426f-aed2-999e7d96e971,blocks.layers.0.linear2,0,grad_l2,0.034289842499320766
gelu,8873c20a-b9e5-426f-aed2-999e7d96e971,blocks.layers.0.linear2,0,rel_update,0.0016723739776447226
gelu,8873c20a-b9e5-426f-aed2-999e7d96e971,blocks.layers.0.linear1,0,grad_l2,0.027577104106922993
gelu,8873c20a-b9e5-426f-aed2-999e7d96e971,blocks.layers.0.linear1,0,rel_update,0.0013456447890605964
gelu,8873c20a-b9e5-426f-aed2-999e7d96e971,blocks.layers.0.norm2,0,grad_l2,0.003278603309750432
gelu,8873c20a-b9e5-426f-aed2-999e7d96e971,blocks.layers.0.norm2,0,rel_update,9.755308631435072e-05
gelu,8873c20a-b9e5-426f-aed2-999e7d96e971,blocks.layers.0.self_attn,0,grad_l2,0.044873737687183245
gelu,8873c20a-b9e5-426f-aed2-999e7d96e971,blocks.layers.0.self_attn,0,rel_update,0.002175528013030248
gelu,8873c20a-b9e5-426f-aed2-999e7d96e971,blocks.layers.0.norm1,0,grad_l2,0.009512450281716293
gelu,8873c20a-b9e5-426f-aed2-999e7d96e971,blocks.layers.0.norm1,0,rel_update,0.00013658301809803662
gelu,8873c20a-b9e5-426f-aed2-999e7d96e971,lm_head,1,grad_l2,0.5984077574519501
gelu,8873c20a-b9e5-426f-aed2-999e7d96e971,lm_head,1,rel_update,0.018470637577466732
gelu,8873c20a-b9e5-426f-aed2-999e7d96e971,final_norm,1,grad_l2,0.04083737359368175
gelu,8873c20a-b9e5-426f-aed2-999e7d96e971,final_norm,1,rel_update,0.00190398751603507
gelu,8873c20a-b9e5-426f-aed2-999e7d96e971,blocks.layers.3.linear2,1,grad_l2,0.018866343818310496
gelu,8873c20a-b9e5-426f-aed2-999e7d96e971,blocks.layers.3.linear2,1,rel_update,0.0009231774341886834
gelu,8873c20a-b9e5-426f-aed2-999e7d96e971,blocks.layers.3.linear1,1,grad_l2,0.02267181236542155
gelu,8873c20a-b9e5-426f-aed2-999e7d96e971,blocks.layers.3.linear1,1,rel_update,0.0011084516640660995
gelu,8873c20a-b9e5-426f-aed2-999e7d96e971,blocks.layers.3.norm2,1,grad_l2,0.0018153409193520473
gelu,8873c20a-b9e5-426f-aed2-999e7d96e971,blocks.layers.3.norm2,1,rel_update,7.214677287704568e-05
gelu,8873c20a-b9e5-426f-aed2-999e7d96e971,blocks.layers.3.self_attn,1,grad_l2,0.022056156974845104
gelu,8873c20a-b9e5-426f-aed2-999e7d96e971,blocks.layers.3.self_attn,1,rel_update,0.00111847160094151
gelu,8873c20a-b9e5-426f-aed2-999e7d96e971,blocks.layers.3.norm1,1,grad_l2,0.0020528369840857033
gelu,8873c20a-b9e5-426f-aed2-999e7d96e971,blocks.layers.3.norm1,1,rel_update,6.738580850973419e-05
gelu,8873c20a-b9e5-426f-aed2-999e7d96e971,blocks.layers.2.linear2,1,grad_l2,0.02060852101420338
gelu,8873c20a-b9e5-426f-aed2-999e7d96e971,blocks.layers.2.linear2,1,rel_update,0.0010061072405754287
gelu,8873c20a-b9e5-426f-aed2-999e7d96e971,blocks.layers.2.linear1,1,grad_l2,0.023306397263599284
gelu,8873c20a-b9e5-426f-aed2-999e7d96e971,blocks.layers.2.linear1,1,rel_update,0.0011395089098795034
gelu,8873c20a-b9e5-426f-aed2-999e7d96e971,blocks.layers.2.norm2,1,grad_l2,0.001947055414717249
gelu,8873c20a-b9e5-426f-aed2-999e7d96e971,blocks.layers.2.norm2,1,rel_update,7.503060804061081e-05
gelu,8873c20a-b9e5-426f-aed2-999e7d96e971,blocks.layers.2.self_attn,1,grad_l2,0.023733381347461883
gelu,8873c20a-b9e5-426f-aed2-999e7d96e971,blocks.layers.2.self_attn,1,rel_update,0.0012018360802959784
gelu,8873c20a-b9e5-426f-aed2-999e7d96e971,blocks.layers.2.norm1,1,grad_l2,0.002401122490454806
gelu,8873c20a-b9e5-426f-aed2-999e7d96e971,blocks.layers.2.norm1,1,rel_update,7.468580098606931e-05
gelu,8873c20a-b9e5-426f-aed2-999e7d96e971,blocks.layers.1.linear2,1,grad_l2,0.02667287244685565
gelu,8873c20a-b9e5-426f-aed2-999e7d96e971,blocks.layers.1.linear2,1,rel_update,0.0013039749212684847
gelu,8873c20a-b9e5-426f-aed2-999e7d96e971,blocks.layers.1.linear1,1,grad_l2,0.027210921656318214
gelu,8873c20a-b9e5-426f-aed2-999e7d96e971,blocks.layers.1.linear1,1,rel_update,0.0013304151418953377
gelu,8873c20a-b9e5-426f-aed2-999e7d96e971,blocks.layers.1.norm2,1,grad_l2,0.0025628876630117052
gelu,8873c20a-b9e5-426f-aed2-999e7d96e971,blocks.layers.1.norm2,1,rel_update,9.420231776950132e-05
gelu,8873c20a-b9e5-426f-aed2-999e7d96e971,blocks.layers.1.self_attn,1,grad_l2,0.030925500519750154
gelu,8873c20a-b9e5-426f-aed2-999e7d96e971,blocks.layers.1.self_attn,1,rel_update,0.0015628757979117107
gelu,8873c20a-b9e5-426f-aed2-999e7d96e971,blocks.layers.1.norm1,1,grad_l2,0.00333510433341507
gelu,8873c20a-b9e5-426f-aed2-999e7d96e971,blocks.layers.1.norm1,1,rel_update,9.302349498773069e-05
gelu,8873c20a-b9e5-426f-aed2-999e7d96e971,blocks.layers.0.linear2,1,grad_l2,0.044899339671012936
gelu,8873c20a-b9e5-426f-aed2-999e7d96e971,blocks.layers.0.linear2,1,rel_update,0.00217844401640721
gelu,8873c20a-b9e5-426f-aed2-999e7d96e971,blocks.layers.0.linear1,1,grad_l2,0.04115245998271413
gelu,8873c20a-b9e5-426f-aed2-999e7d96e971,blocks.layers.0.linear1,1,rel_update,0.001994710135624718
gelu,8873c20a-b9e5-426f-aed2-999e7d96e971,blocks.layers.0.norm2,1,grad_l2,0.005092472592836042
gelu,8873c20a-b9e5-426f-aed2-999e7d96e971,blocks.layers.0.norm2,1,rel_update,0.00017242832176649447
gelu,8873c20a-b9e5-426f-aed2-999e7d96e971,blocks.layers.0.self_attn,1,grad_l2,0.07844997892918762
gelu,8873c20a-b9e5-426f-aed2-999e7d96e971,blocks.layers.0.self_attn,1,rel_update,0.003887231828402478
gelu,8873c20a-b9e5-426f-aed2-999e7d96e971,blocks.layers.0.norm1,1,grad_l2,0.015014636256229697
gelu,8873c20a-b9e5-426f-aed2-999e7d96e971,blocks.layers.0.norm1,1,rel_update,0.0002393404580349246
gelu,8873c20a-b9e5-426f-aed2-999e7d96e971,lm_head,2,grad_l2,0.48249730464261054
gelu,8873c20a-b9e5-426f-aed2-999e7d96e971,lm_head,2,rel_update,0.012926363948355482
gelu,8873c20a-b9e5-426f-aed2-999e7d96e971,final_norm,2,grad_l2,0.033910817881753874
gelu,8873c20a-b9e5-426f-aed2-999e7d96e971,final_norm,2,rel_update,0.001581575014238609
gelu,8873c20a-b9e5-426f-aed2-999e7d96e971,blocks.layers.3.linear2,2,grad_l2,0.022966884886075158
gelu,8873c20a-b9e5-426f-aed2-999e7d96e971,blocks.layers.3.linear2,2,rel_update,0.0011194943752413518
gelu,8873c20a-b9e5-426f-aed2-999e7d96e971,blocks.layers.3.linear1,2,grad_l2,0.028065632051671452
gelu,8873c20a-b9e5-426f-aed2-999e7d96e971,blocks.layers.3.linear1,2,rel_update,0.0013641910729174493
gelu,8873c20a-b9e5-426f-aed2-999e7d96e971,blocks.layers.3.norm2,2,grad_l2,0.002657187849261009
gelu,8873c20a-b9e5-426f-aed2-999e7d96e971,blocks.layers.3.norm2,2,rel_update,0.00010446321254967025
gelu,8873c20a-b9e5-426f-aed2-999e7d96e971,blocks.layers.3.self_attn,2,grad_l2,0.02521896983156511
gelu,8873c20a-b9e5-426f-aed2-999e7d96e971,blocks.layers.3.self_attn,2,rel_update,0.0012772683435000201
gelu,8873c20a-b9e5-426f-aed2-999e7d96e971,blocks.layers.3.norm1,2,grad_l2,0.002460807540327712
gelu,8873c20a-b9e5-426f-aed2-999e7d96e971,blocks.layers.3.norm1,2,rel_update,7.860008945355985e-05
gelu,8873c20a-b9e5-426f-aed2-999e7d96e971,blocks.layers.2.linear2,2,grad_l2,0.02347798076344389
gelu,8873c20a-b9e5-426f-aed2-999e7d96e971,blocks.layers.2.linear2,2,rel_update,0.0011425075178361649
gelu,8873c20a-b9e5-426f-aed2-999e7d96e971,blocks.layers.2.linear1,2,grad_l2,0.026649990486592542
gelu,8873c20a-b9e5-426f-aed2-999e7d96e971,blocks.layers.2.linear1,2,rel_update,0.0012967809518426422
gelu,8873c20a-b9e5-426f-aed2-999e7d96e971,blocks.layers.2.norm2,2,grad_l2,0.0022816724713118353
gelu,8873c20a-b9e5-426f-aed2-999e7d96e971,blocks.layers.2.norm2,2,rel_update,8.756955104013914e-05
gelu,8873c20a-b9e5-426f-aed2-999e7d96e971,blocks.layers.2.self_attn,2,grad_l2,0.028025523312589933
gelu,8873c20a-b9e5-426f-aed2-999e7d96e971,blocks.layers.2.self_attn,2,rel_update,0.0014180349852924681
gelu,8873c20a-b9e5-426f-aed2-999e7d96e971,blocks.layers.2.norm1,2,grad_l2,0.0028437059555911186
gelu,8873c20a-b9e5-426f-aed2-999e7d96e971,blocks.layers.2.norm1,2,rel_update,9.0082962482179e-05
gelu,8873c20a-b9e5-426f-aed2-999e7d96e971,blocks.layers.1.linear2,2,grad_l2,0.03005508361794553
gelu,8873c20a-b9e5-426f-aed2-999e7d96e971,blocks.layers.1.linear2,2,rel_update,0.0014661673899104685
gelu,8873c20a-b9e5-426f-aed2-999e7d96e971,blocks.layers.1.linear1,2,grad_l2,0.031502877754654816
gelu,8873c20a-b9e5-426f-aed2-999e7d96e971,blocks.layers.1.linear1,2,rel_update,0.0015352476934708372
gelu,8873c20a-b9e5-426f-aed2-999e7d96e971,blocks.layers.1.norm2,2,grad_l2,0.002918123888531603
gelu,8873c20a-b9e5-426f-aed2-999e7d96e971,blocks.layers.1.norm2,2,rel_update,0.00010882317406852997
gelu,8873c20a-b9e5-426f-aed2-999e7d96e971,blocks.layers.1.self_attn,2,grad_l2,0.035359284780976566
gelu,8873c20a-b9e5-426f-aed2-999e7d96e971,blocks.layers.1.self_attn,2,rel_update,0.0017865617254941915
gelu,8873c20a-b9e5-426f-aed2-999e7d96e971,blocks.layers.1.norm1,2,grad_l2,0.0038257657665284476
gelu,8873c20a-b9e5-426f-aed2-999e7d96e971,blocks.layers.1.norm1,2,rel_update,0.0001084825517685951
gelu,8873c20a-b9e5-426f-aed2-999e7d96e971,blocks.layers.0.linear2,2,grad_l2,0.053682637096584655
gelu,8873c20a-b9e5-426f-aed2-999e7d96e971,blocks.layers.0.linear2,2,rel_update,0.002590676529988876
gelu,8873c20a-b9e5-426f-aed2-999e7d96e971,blocks.layers.0.linear1,2,grad_l2,0.05102582065135639
gelu,8873c20a-b9e5-426f-aed2-999e7d96e971,blocks.layers.0.linear1,2,rel_update,0.002458942191642785
gelu,8873c20a-b9e5-426f-aed2-999e7d96e971,blocks.layers.0.norm2,2,grad_l2,0.006306241121249057
gelu,8873c20a-b9e5-426f-aed2-999e7d96e971,blocks.layers.0.norm2,2,rel_update,0.00021977128617200139
gelu,8873c20a-b9e5-426f-aed2-999e7d96e971,blocks.layers.0.self_attn,2,grad_l2,0.09803287334998158
gelu,8873c20a-b9e5-426f-aed2-999e7d96e971,blocks.layers.0.self_attn,2,rel_update,0.004868858712720662
gelu,8873c20a-b9e5-426f-aed2-999e7d96e971,blocks.layers.0.norm1,2,grad_l2,0.018924363261790856
gelu,8873c20a-b9e5-426f-aed2-999e7d96e971,blocks.layers.0.norm1,2,rel_update,0.00030115158035525495
gelu,8873c20a-b9e5-426f-aed2-999e7d96e971,lm_head,3,grad_l2,0.4251956008904981
gelu,8873c20a-b9e5-426f-aed2-999e7d96e971,lm_head,3,rel_update,0.010081491384449292
gelu,8873c20a-b9e5-426f-aed2-999e7d96e971,final_norm,3,grad_l2,0.030646478747761774
gelu,8873c20a-b9e5-426f-aed2-999e7d96e971,final_norm,3,rel_update,0.001422243076911598
gelu,8873c20a-b9e5-426f-aed2-999e7d96e971,blocks.layers.3.linear2,3,grad_l2,0.02638386705059691
gelu,8873c20a-b9e5-426f-aed2-999e7d96e971,blocks.layers.3.linear2,3,rel_update,0.0012829305887684104
gelu,8873c20a-b9e5-426f-aed2-999e7d96e971,blocks.layers.3.linear1,3,grad_l2,0.032251110692645996
gelu,8873c20a-b9e5-426f-aed2-999e7d96e971,blocks.layers.3.linear1,3,rel_update,0.0015609878048294737
gelu,8873c20a-b9e5-426f-aed2-999e7d96e971,blocks.layers.3.norm2,3,grad_l2,0.003331592835448358
gelu,8873c20a-b9e5-426f-aed2-999e7d96e971,blocks.layers.3.norm2,3,rel_update,0.00013238948021946747
gelu,8873c20a-b9e5-426f-aed2-999e7d96e971,blocks.layers.3.self_attn,3,grad_l2,0.028457939396694786
gelu,8873c20a-b9e5-426f-aed2-999e7d96e971,blocks.layers.3.self_attn,3,rel_update,0.0014390473923922497
gelu,8873c20a-b9e5-426f-aed2-999e7d96e971,blocks.layers.3.norm1,3,grad_l2,0.002840667254674559
gelu,8873c20a-b9e5-426f-aed2-999e7d96e971,blocks.layers.3.norm1,3,rel_update,9.100821156509641e-05
gelu,8873c20a-b9e5-426f-aed2-999e7d96e971,blocks.layers.2.linear2,3,grad_l2,0.025850504776354317
gelu,8873c20a-b9e5-426f-aed2-999e7d96e971,blocks.layers.2.linear2,3,rel_update,0.001254621429694157
gelu,8873c20a-b9e5-426f-aed2-999e7d96e971,blocks.layers.2.linear1,3,grad_l2,0.02935230215108414
gelu,8873c20a-b9e5-426f-aed2-999e7d96e971,blocks.layers.2.linear1,3,rel_update,0.0014221667698757756
gelu,8873c20a-b9e5-426f-aed2-999e7d96e971,blocks.layers.2.norm2,3,grad_l2,0.0024914526681562295
gelu,8873c20a-b9e5-426f-aed2-999e7d96e971,blocks.layers.2.norm2,3,rel_update,9.620483100977025e-05
gelu,8873c20a-b9e5-426f-aed2-999e7d96e971,blocks.layers.2.self_attn,3,grad_l2,0.03265781341829106
gelu,8873c20a-b9e5-426f-aed2-999e7d96e971,blocks.layers.2.self_attn,3,rel_update,0.0016510595359700974
gelu,8873c20a-b9e5-426f-aed2-999e7d96e971,blocks.layers.2.norm1,3,grad_l2,0.003253841354214677
gelu,8873c20a-b9e5-426f-aed2-999e7d96e971,blocks.layers.2.norm1,3,rel_update,0.00010770411409131812
gelu,8873c20a-b9e5-426f-aed2-999e7d96e971,blocks.layers.1.linear2,3,grad_l2,0.03278020929383069
gelu,8873c20a-b9e5-426f-aed2-999e7d96e971,blocks.layers.1.linear2,3,rel_update,0.001596652455467461
gelu,8873c20a-b9e5-426f-aed2-999e7d96e971,blocks.layers.1.linear1,3,grad_l2,0.03510349516845638
gelu,8873c20a-b9e5-426f-aed2-999e7d96e971,blocks.layers.1.linear1,3,rel_update,0.001706305055352201
gelu,8873c20a-b9e5-426f-aed2-999e7d96e971,blocks.layers.1.norm2,3,grad_l2,0.0031598020842677535
gelu,8873c20a-b9e5-426f-aed2-999e7d96e971,blocks.layers.1.norm2,3,rel_update,0.00011947575376266386
gelu,8873c20a-b9e5-426f-aed2-999e7d96e971,blocks.layers.1.self_attn,3,grad_l2,0.039862334550247416
gelu,8873c20a-b9e5-426f-aed2-999e7d96e971,blocks.layers.1.self_attn,3,rel_update,0.0020136188259325264
gelu,8873c20a-b9e5-426f-aed2-999e7d96e971,blocks.layers.1.norm1,3,grad_l2,0.004253534903102396
gelu,8873c20a-b9e5-426f-aed2-999e7d96e971,blocks.layers.1.norm1,3,rel_update,0.0001250335862750405
gelu,8873c20a-b9e5-426f-aed2-999e7d96e971,blocks.layers.0.linear2,3,grad_l2,0.06103755368205821
gelu,8873c20a-b9e5-426f-aed2-999e7d96e971,blocks.layers.0.linear2,3,rel_update,0.002932539517592772
gelu,8873c20a-b9e5-426f-aed2-999e7d96e971,blocks.layers.0.linear1,3,grad_l2,0.059440314198732566
gelu,8873c20a-b9e5-426f-aed2-999e7d96e971,blocks.layers.0.linear1,3,rel_update,0.002850622280747275
gelu,8873c20a-b9e5-426f-aed2-999e7d96e971,blocks.layers.0.norm2,3,grad_l2,0.007187725937640121
gelu,8873c20a-b9e5-426f-aed2-999e7d96e971,blocks.layers.0.norm2,3,rel_update,0.00025583163667698786
gelu,8873c20a-b9e5-426f-aed2-999e7d96e971,blocks.layers.0.self_attn,3,grad_l2,0.11334822989856538
gelu,8873c20a-b9e5-426f-aed2-999e7d96e971,blocks.layers.0.self_attn,3,rel_update,0.005617514734536157
gelu,8873c20a-b9e5-426f-aed2-999e7d96e971,blocks.layers.0.norm1,3,grad_l2,0.021638773944871875
gelu,8873c20a-b9e5-426f-aed2-999e7d96e971,blocks.layers.0.norm1,3,rel_update,0.0003503256908573887
gelu,8873c20a-b9e5-426f-aed2-999e7d96e971,lm_head,4,grad_l2,0.3915179578328896
gelu,8873c20a-b9e5-426f-aed2-999e7d96e971,lm_head,4,rel_update,0.008349913355006853
gelu,8873c20a-b9e5-426f-aed2-999e7d96e971,final_norm,4,grad_l2,0.02885346195636948
gelu,8873c20a-b9e5-426f-aed2-999e7d96e971,final_norm,4,rel_update,0.0013278519906246029
gelu,8873c20a-b9e5-426f-aed2-999e7d96e971,blocks.layers.3.linear2,4,grad_l2,0.029356510535704337
gelu,8873c20a-b9e5-426f-aed2-999e7d96e971,blocks.layers.3.linear2,4,rel_update,0.001424693557800241
gelu,8873c20a-b9e5-426f-aed2-999e7d96e971,blocks.layers.3.linear1,4,grad_l2,0.035854497915983635
gelu,8873c20a-b9e5-426f-aed2-999e7d96e971,blocks.layers.3.linear1,4,rel_update,0.0017295042603721075
gelu,8873c20a-b9e5-426f-aed2-999e7d96e971,blocks.layers.3.norm2,4,grad_l2,0.003908539056297868
gelu,8873c20a-b9e5-426f-aed2-999e7d96e971,blocks.layers.3.norm2,4,rel_update,0.00015669426795720005
gelu,8873c20a-b9e5-426f-aed2-999e7d96e971,blocks.layers.3.self_attn,4,grad_l2,0.03225994194617408
gelu,8873c20a-b9e5-426f-aed2-999e7d96e971,blocks.layers.3.self_attn,4,rel_update,0.00162782311188857
gelu,8873c20a-b9e5-426f-aed2-999e7d96e971,blocks.layers.3.norm1,4,grad_l2,0.0032674067743600163
gelu,8873c20a-b9e5-426f-aed2-999e7d96e971,blocks.layers.3.norm1,4,rel_update,0.00010692003265085806
gelu,8873c20a-b9e5-426f-aed2-999e7d96e971,blocks.layers.2.linear2,4,grad_l2,0.027972808798061466
gelu,8873c20a-b9e5-426f-aed2-999e7d96e971,blocks.layers.2.linear2,4,rel_update,0.0013543816709824952
gelu,8873c20a-b9e5-426f-aed2-999e7d96e971,blocks.layers.2.linear1,4,grad_l2,0.03182572482105566
gelu,8873c20a-b9e5-426f-aed2-999e7d96e971,blocks.layers.2.linear1,4,rel_update,0.0015359418045799928
gelu,8873c20a-b9e5-426f-aed2-999e7d96e971,blocks.layers.2.norm2,4,grad_l2,0.002651897817756972
gelu,8873c20a-b9e5-426f-aed2-999e7d96e971,blocks.layers.2.norm2,4,rel_update,0.00010313788135198137
gelu,8873c20a-b9e5-426f-aed2-999e7d96e971,blocks.layers.2.self_attn,4,grad_l2,0.03673954961293386
gelu,8873c20a-b9e5-426f-aed2-999e7d96e971,blocks.layers.2.self_attn,4,rel_update,0.0018557076565262436
gelu,8873c20a-b9e5-426f-aed2-999e7d96e971,blocks.layers.2.norm1,4,grad_l2,0.0036013879114603744
gelu,8873c20a-b9e5-426f-aed2-999e7d96e971,blocks.layers.2.norm1,4,rel_update,0.00012268224728824648
gelu,8873c20a-b9e5-426f-aed2-999e7d96e971,blocks.layers.1.linear2,4,grad_l2,0.03499622775945025
gelu,8873c20a-b9e5-426f-aed2-999e7d96e971,blocks.layers.1.linear2,4,rel_update,0.001702677649727908
gelu,8873c20a-b9e5-426f-aed2-999e7d96e971,blocks.layers.1.linear1,4,grad_l2,0.03814114318157405
gelu,8873c20a-b9e5-426f-aed2-999e7d96e971,blocks.layers.1.linear1,4,rel_update,0.0018501156269601707
gelu,8873c20a-b9e5-426f-aed2-999e7d96e971,blocks.layers.1.norm2,4,grad_l2,0.0033333344850916503
gelu,8873c20a-b9e5-426f-aed2-999e7d96e971,blocks.layers.1.norm2,4,rel_update,0.00012780458371558487
gelu,8873c20a-b9e5-426f-aed2-999e7d96e971,blocks.layers.1.self_attn,4,grad_l2,0.043979063100440335
gelu,8873c20a-b9e5-426f-aed2-999e7d96e971,blocks.layers.1.self_attn,4,rel_update,0.002221113494141659
gelu,8873c20a-b9e5-426f-aed2-999e7d96e971,blocks.layers.1.norm1,4,grad_l2,0.004620350954805301
gelu,8873c20a-b9e5-426f-aed2-999e7d96e971,blocks.layers.1.norm1,4,rel_update,0.0001402108597056722
gelu,8873c20a-b9e5-426f-aed2-999e7d96e971,blocks.layers.0.linear2,4,grad_l2,0.06715186097194228
gelu,8873c20a-b9e5-426f-aed2-999e7d96e971,blocks.layers.0.linear2,4,rel_update,0.0032152161433572062
gelu,8873c20a-b9e5-426f-aed2-999e7d96e971,blocks.layers.0.linear1,4,grad_l2,0.06678968774419192
gelu,8873c20a-b9e5-426f-aed2-999e7d96e971,blocks.layers.0.linear1,4,rel_update,0.0031911009045770115
gelu,8873c20a-b9e5-426f-aed2-999e7d96e971,blocks.layers.0.norm2,4,grad_l2,0.007842703397799754
gelu,8873c20a-b9e5-426f-aed2-999e7d96e971,blocks.layers.0.norm2,4,rel_update,0.0002844000888041641
gelu,8873c20a-b9e5-426f-aed2-999e7d96e971,blocks.layers.0.self_attn,4,grad_l2,0.12630946207283444
gelu,8873c20a-b9e5-426f-aed2-999e7d96e971,blocks.layers.0.self_attn,4,rel_update,0.00623408967771191
gelu,8873c20a-b9e5-426f-aed2-999e7d96e971,blocks.layers.0.norm1,4,grad_l2,0.02356133675840653
gelu,8873c20a-b9e5-426f-aed2-999e7d96e971,blocks.layers.0.norm1,4,rel_update,0.0003932841011679115
gelu,8873c20a-b9e5-426f-aed2-999e7d96e971,lm_head,5,grad_l2,0.36947649659882803
gelu,8873c20a-b9e5-426f-aed2-999e7d96e971,lm_head,5,rel_update,0.007184648013192456
gelu,8873c20a-b9e5-426f-aed2-999e7d96e971,final_norm,5,grad_l2,0.027769420562300324
gelu,8873c20a-b9e5-426f-aed2-999e7d96e971,final_norm,5,rel_update,0.001266219025299227
gelu,8873c20a-b9e5-426f-aed2-999e7d96e971,blocks.layers.3.linear2,5,grad_l2,0.031878995291397955
gelu,8873c20a-b9e5-426f-aed2-999e7d96e971,blocks.layers.3.linear2,5,rel_update,0.0015447498922732162
gelu,8873c20a-b9e5-426f-aed2-999e7d96e971,blocks.layers.3.linear1,5,grad_l2,0.03890766371435421
gelu,8873c20a-b9e5-426f-aed2-999e7d96e971,blocks.layers.3.linear1,5,rel_update,0.0018716778122748316
gelu,8873c20a-b9e5-426f-aed2-999e7d96e971,blocks.layers.3.norm2,5,grad_l2,0.004382765181607489
gelu,8873c20a-b9e5-426f-aed2-999e7d96e971,blocks.layers.3.norm2,5,rel_update,0.00017622685944188973
gelu,8873c20a-b9e5-426f-aed2-999e7d96e971,blocks.layers.3.self_attn,5,grad_l2,0.035819206899734266
gelu,8873c20a-b9e5-426f-aed2-999e7d96e971,blocks.layers.3.self_attn,5,rel_update,0.0018034639471164779
gelu,8873c20a-b9e5-426f-aed2-999e7d96e971,blocks.layers.3.norm1,5,grad_l2,0.0036479961965236373
gelu,8873c20a-b9e5-426f-aed2-999e7d96e971,blocks.layers.3.norm1,5,rel_update,0.00012242750859803113
gelu,8873c20a-b9e5-426f-aed2-999e7d96e971,blocks.layers.2.linear2,5,grad_l2,0.02992312527990595
gelu,8873c20a-b9e5-426f-aed2-999e7d96e971,blocks.layers.2.linear2,5,rel_update,0.0014459283382990428
gelu,8873c20a-b9e5-426f-aed2-999e7d96e971,blocks.layers.2.linear1,5,grad_l2,0.034144977829812975
gelu,8873c20a-b9e5-426f-aed2-999e7d96e971,blocks.layers.2.linear1,5,rel_update,0.0016422561784893593
gelu,8873c20a-b9e5-426f-aed2-999e7d96e971,blocks.layers.2.norm2,5,grad_l2,0.002791144721273917
gelu,8873c20a-b9e5-426f-aed2-999e7d96e971,blocks.layers.2.norm2,5,rel_update,0.00010935685620609376
gelu,8873c20a-b9e5-426f-aed2-999e7d96e971,blocks.layers.2.self_attn,5,grad_l2,0.04028042603873145
gelu,8873c20a-b9e5-426f-aed2-999e7d96e971,blocks.layers.2.self_attn,5,rel_update,0.002032748215535991
gelu,8873c20a-b9e5-426f-aed2-999e7d96e971,blocks.layers.2.norm1,5,grad_l2,0.003905369802581853
gelu,8873c20a-b9e5-426f-aed2-999e7d96e971,blocks.layers.2.norm1,5,rel_update,0.0001354874003044421
gelu,8873c20a-b9e5-426f-aed2-999e7d96e971,blocks.layers.1.linear2,5,grad_l2,0.03690656991390835
gelu,8873c20a-b9e5-426f-aed2-999e7d96e971,blocks.layers.1.linear2,5,rel_update,0.0017941643384223323
gelu,8873c20a-b9e5-426f-aed2-999e7d96e971,blocks.layers.1.linear1,5,grad_l2,0.04081669629569694
gelu,8873c20a-b9e5-426f-aed2-999e7d96e971,blocks.layers.1.linear1,5,rel_update,0.0019766178734479923
gelu,8873c20a-b9e5-426f-aed2-999e7d96e971,blocks.layers.1.norm2,5,grad_l2,0.003478105118946238
gelu,8873c20a-b9e5-426f-aed2-999e7d96e971,blocks.layers.1.norm2,5,rel_update,0.00013488583795424918
gelu,8873c20a-b9e5-426f-aed2-999e7d96e971,blocks.layers.1.self_attn,5,grad_l2,0.04762336068592171
gelu,8873c20a-b9e5-426f-aed2-999e7d96e971,blocks.layers.1.self_attn,5,rel_update,0.002404934153411006
gelu,8873c20a-b9e5-426f-aed2-999e7d96e971,blocks.layers.1.norm1,5,grad_l2,0.004945534414980681
gelu,8873c20a-b9e5-426f-aed2-999e7d96e971,blocks.layers.1.norm1,5,rel_update,0.00015331256232101995
gelu,8873c20a-b9e5-426f-aed2-999e7d96e971,blocks.layers.0.linear2,5,grad_l2,0.0721819097065994
gelu,8873c20a-b9e5-426f-aed2-999e7d96e971,blocks.layers.0.linear2,5,rel_update,0.003447495595615355
gelu,8873c20a-b9e5-426f-aed2-999e7d96e971,blocks.layers.0.linear1,5,grad_l2,0.07320142949164671
gelu,8873c20a-b9e5-426f-aed2-999e7d96e971,blocks.layers.0.linear1,5,rel_update,0.0034881599043427025
gelu,8873c20a-b9e5-426f-aed2-999e7d96e971,blocks.layers.0.norm2,5,grad_l2,0.008360019644308807
gelu,8873c20a-b9e5-426f-aed2-999e7d96e971,blocks.layers.0.norm2,5,rel_update,0.00030856213930229644
gelu,8873c20a-b9e5-426f-aed2-999e7d96e971,blocks.layers.0.self_attn,5,grad_l2,0.13782941279060937
gelu,8873c20a-b9e5-426f-aed2-999e7d96e971,blocks.layers.0.self_attn,5,rel_update,0.006769236207446798
gelu,8873c20a-b9e5-426f-aed2-999e7d96e971,blocks.layers.0.norm1,5,grad_l2,0.02491799096901595
gelu,8873c20a-b9e5-426f-aed2-999e7d96e971,blocks.layers.0.norm1,5,rel_update,0.00043080603532247216
gelu,8873c20a-b9e5-426f-aed2-999e7d96e971,lm_head,6,grad_l2,0.35377794692039977
gelu,8873c20a-b9e5-426f-aed2-999e7d96e971,lm_head,6,rel_update,0.006345516876892031
gelu,8873c20a-b9e5-426f-aed2-999e7d96e971,final_norm,6,grad_l2,0.027023811741359705
gelu,8873c20a-b9e5-426f-aed2-999e7d96e971,final_norm,6,rel_update,0.0012234839072940388
gelu,8873c20a-b9e5-426f-aed2-999e7d96e971,blocks.layers.3.linear2,6,grad_l2,0.033936656799008445
gelu,8873c20a-b9e5-426f-aed2-999e7d96e971,blocks.layers.3.linear2,6,rel_update,0.0016430452611848755
gelu,8873c20a-b9e5-426f-aed2-999e7d96e971,blocks.layers.3.linear1,6,grad_l2,0.041387559657899864
gelu,8873c20a-b9e5-426f-aed2-999e7d96e971,blocks.layers.3.linear1,6,rel_update,0.0019868071711476227
gelu,8873c20a-b9e5-426f-aed2-999e7d96e971,blocks.layers.3.norm2,6,grad_l2,0.004690703049449633
gelu,8873c20a-b9e5-426f-aed2-999e7d96e971,blocks.layers.3.norm2,6,rel_update,0.00019124134403902116
gelu,8873c20a-b9e5-426f-aed2-999e7d96e971,blocks.layers.3.self_attn,6,grad_l2,0.038753488323853405
gelu,8873c20a-b9e5-426f-aed2-999e7d96e971,blocks.layers.3.self_attn,6,rel_update,0.0019476345852758802
gelu,8873c20a-b9e5-426f-aed2-999e7d96e971,blocks.layers.3.norm1,6,grad_l2,0.0039419450293610775
gelu,8873c20a-b9e5-426f-aed2-999e7d96e971,blocks.layers.3.norm1,6,rel_update,0.00013529625594617013
gelu,8873c20a-b9e5-426f-aed2-999e7d96e971,blocks.layers.2.linear2,6,grad_l2,0.031585831836624854
gelu,8873c20a-b9e5-426f-aed2-999e7d96e971,blocks.layers.2.linear2,6,rel_update,0.001524008564810954
gelu,8873c20a-b9e5-426f-aed2-999e7d96e971,blocks.layers.2.linear1,6,grad_l2,0.0361886969268561
gelu,8873c20a-b9e5-426f-aed2-999e7d96e971,blocks.layers.2.linear1,6,rel_update,0.001735738928934693
gelu,8873c20a-b9e5-426f-aed2-999e7d96e971,blocks.layers.2.norm2,6,grad_l2,0.0029009791712498296
gelu,8873c20a-b9e5-426f-aed2-999e7d96e971,blocks.layers.2.norm2,6,rel_update,0.00011466965257527388
gelu,8873c20a-b9e5-426f-aed2-999e7d96e971,blocks.layers.2.self_attn,6,grad_l2,0.043301306327535496
gelu,8873c20a-b9e5-426f-aed2-999e7d96e971,blocks.layers.2.self_attn,6,rel_update,0.0021836119461568974
gelu,8873c20a-b9e5-426f-aed2-999e7d96e971,blocks.layers.2.norm1,6,grad_l2,0.00415598454765633
gelu,8873c20a-b9e5-426f-aed2-999e7d96e971,blocks.layers.2.norm1,6,rel_update,0.0001466219378692814
gelu,8873c20a-b9e5-426f-aed2-999e7d96e971,blocks.layers.1.linear2,6,grad_l2,0.03854723435995983
gelu,8873c20a-b9e5-426f-aed2-999e7d96e971,blocks.layers.1.linear2,6,rel_update,0.001873084930057301
gelu,8873c20a-b9e5-426f-aed2-999e7d96e971,blocks.layers.1.linear1,6,grad_l2,0.04314336904403648
gelu,8873c20a-b9e5-426f-aed2-999e7d96e971,blocks.layers.1.linear1,6,rel_update,0.002086653006835631
gelu,8873c20a-b9e5-426f-aed2-999e7d96e971,blocks.layers.1.norm2,6,grad_l2,0.003591667743859212
gelu,8873c20a-b9e5-426f-aed2-999e7d96e971,blocks.layers.1.norm2,6,rel_update,0.00014079260145304082
gelu,8873c20a-b9e5-426f-aed2-999e7d96e971,blocks.layers.1.self_attn,6,grad_l2,0.050725255372716646
gelu,8873c20a-b9e5-426f-aed2-999e7d96e971,blocks.layers.1.self_attn,6,rel_update,0.0025617469743183198
gelu,8873c20a-b9e5-426f-aed2-999e7d96e971,blocks.layers.1.norm1,6,grad_l2,0.00520774902999339
gelu,8873c20a-b9e5-426f-aed2-999e7d96e971,blocks.layers.1.norm1,6,rel_update,0.00016381496103193331
gelu,8873c20a-b9e5-426f-aed2-999e7d96e971,blocks.layers.0.linear2,6,grad_l2,0.07618683586545914
gelu,8873c20a-b9e5-426f-aed2-999e7d96e971,blocks.layers.0.linear2,6,rel_update,0.0036326646314299668
gelu,8873c20a-b9e5-426f-aed2-999e7d96e971,blocks.layers.0.linear1,6,grad_l2,0.07864465555173922
gelu,8873c20a-b9e5-426f-aed2-999e7d96e971,blocks.layers.0.linear1,6,rel_update,0.003740835637726035
gelu,8873c20a-b9e5-426f-aed2-999e7d96e971,blocks.layers.0.norm2,6,grad_l2,0.008753037433993562
gelu,8873c20a-b9e5-426f-aed2-999e7d96e971,blocks.layers.0.norm2,6,rel_update,0.0003282607673773081
gelu,8873c20a-b9e5-426f-aed2-999e7d96e971,blocks.layers.0.self_attn,6,grad_l2,0.14784488377222466
gelu,8873c20a-b9e5-426f-aed2-999e7d96e971,blocks.layers.0.self_attn,6,rel_update,0.007227392670029027
gelu,8873c20a-b9e5-426f-aed2-999e7d96e971,blocks.layers.0.norm1,6,grad_l2,0.02580110715057198
gelu,8873c20a-b9e5-426f-aed2-999e7d96e971,blocks.layers.0.norm1,6,rel_update,0.00046312095965746344
gelu,8873c20a-b9e5-426f-aed2-999e7d96e971,lm_head,7,grad_l2,0.34191443126158144
gelu,8873c20a-b9e5-426f-aed2-999e7d96e971,lm_head,7,rel_update,0.0057123455265670016
gelu,8873c20a-b9e5-426f-aed2-999e7d96e971,final_norm,7,grad_l2,0.02650837215404321
gelu,8873c20a-b9e5-426f-aed2-999e7d96e971,final_norm,7,rel_update,0.0011936599053494537
gelu,8873c20a-b9e5-426f-aed2-999e7d96e971,blocks.layers.3.linear2,7,grad_l2,0.0355393602004236
gelu,8873c20a-b9e5-426f-aed2-999e7d96e971,blocks.layers.3.linear2,7,rel_update,0.001719828740578298
gelu,8873c20a-b9e5-426f-aed2-999e7d96e971,blocks.layers.3.linear1,7,grad_l2,0.04338159787011105
gelu,8873c20a-b9e5-426f-aed2-999e7d96e971,blocks.layers.3.linear1,7,rel_update,0.0020792275422795636
gelu,8873c20a-b9e5-426f-aed2-999e7d96e971,blocks.layers.3.norm2,7,grad_l2,0.004891364106703345
gelu,8873c20a-b9e5-426f-aed2-999e7d96e971,blocks.layers.3.norm2,7,rel_update,0.0002022816931327616
gelu,8873c20a-b9e5-426f-aed2-999e7d96e971,blocks.layers.3.self_attn,7,grad_l2,0.04099930088475771
gelu,8873c20a-b9e5-426f-aed2-999e7d96e971,blocks.layers.3.self_attn,7,rel_update,0.0020575911449595826
gelu,8873c20a-b9e5-426f-aed2-999e7d96e971,blocks.layers.3.norm1,7,grad_l2,0.004132149059285757
gelu,8873c20a-b9e5-426f-aed2-999e7d96e971,blocks.layers.3.norm1,7,rel_update,0.00014487393686878186
gelu,8873c20a-b9e5-426f-aed2-999e7d96e971,blocks.layers.2.linear2,7,grad_l2,0.03295974472843863
gelu,8873c20a-b9e5-426f-aed2-999e7d96e971,blocks.layers.2.linear2,7,rel_update,0.0015886663592357569
gelu,8873c20a-b9e5-426f-aed2-999e7d96e971,blocks.layers.2.linear1,7,grad_l2,0.0379316554502478
gelu,8873c20a-b9e5-426f-aed2-999e7d96e971,blocks.layers.2.linear1,7,rel_update,0.0018154085383988528
gelu,8873c20a-b9e5-426f-aed2-999e7d96e971,blocks.layers.2.norm2,7,grad_l2,0.002985162122530869
gelu,8873c20a-b9e5-426f-aed2-999e7d96e971,blocks.layers.2.norm2,7,rel_update,0.0001191311080948166
gelu,8873c20a-b9e5-426f-aed2-999e7d96e971,blocks.layers.2.self_attn,7,grad_l2,0.04580138009226479
gelu,8873c20a-b9e5-426f-aed2-999e7d96e971,blocks.layers.2.self_attn,7,rel_update,0.002308464303525775
gelu,8873c20a-b9e5-426f-aed2-999e7d96e971,blocks.layers.2.norm1,7,grad_l2,0.004344935645543378
gelu,8873c20a-b9e5-426f-aed2-999e7d96e971,blocks.layers.2.norm1,7,rel_update,0.00015594159637370638
gelu,8873c20a-b9e5-426f-aed2-999e7d96e971,blocks.layers.1.linear2,7,grad_l2,0.039937230282977514
gelu,8873c20a-b9e5-426f-aed2-999e7d96e971,blocks.layers.1.linear2,7,rel_update,0.0019403432182616598
gelu,8873c20a-b9e5-426f-aed2-999e7d96e971,blocks.layers.1.linear1,7,grad_l2,0.04513313525414428
gelu,8873c20a-b9e5-426f-aed2-999e7d96e971,blocks.layers.1.linear1,7,rel_update,0.0021808860509879824
gelu,8873c20a-b9e5-426f-aed2-999e7d96e971,blocks.layers.1.norm2,7,grad_l2,0.0036787125125635135
gelu,8873c20a-b9e5-426f-aed2-999e7d96e971,blocks.layers.1.norm2,7,rel_update,0.00014586312378487665
gelu,8873c20a-b9e5-426f-aed2-999e7d96e971,blocks.layers.1.self_attn,7,grad_l2,0.053262044043227125
gelu,8873c20a-b9e5-426f-aed2-999e7d96e971,blocks.layers.1.self_attn,7,rel_update,0.0026903591271647837
gelu,8873c20a-b9e5-426f-aed2-999e7d96e971,blocks.layers.1.norm1,7,grad_l2,0.005405237967319861
gelu,8873c20a-b9e5-426f-aed2-999e7d96e971,blocks.layers.1.norm1,7,rel_update,0.00017223818609048827
gelu,8873c20a-b9e5-426f-aed2-999e7d96e971,blocks.layers.0.linear2,7,grad_l2,0.0793711987632231
gelu,8873c20a-b9e5-426f-aed2-999e7d96e971,blocks.layers.0.linear2,7,rel_update,0.003780269764550075
gelu,8873c20a-b9e5-426f-aed2-999e7d96e971,blocks.layers.0.linear1,7,grad_l2,0.08319728545220181
gelu,8873c20a-b9e5-426f-aed2-999e7d96e971,blocks.layers.0.linear1,7,rel_update,0.00395269893793069
gelu,8873c20a-b9e5-426f-aed2-999e7d96e971,blocks.layers.0.norm2,7,grad_l2,0.009036844073639338
gelu,8873c20a-b9e5-426f-aed2-999e7d96e971,blocks.layers.0.norm2,7,rel_update,0.0003440776317984845
gelu,8873c20a-b9e5-426f-aed2-999e7d96e971,blocks.layers.0.self_attn,7,grad_l2,0.15623389255398615
gelu,8873c20a-b9e5-426f-aed2-999e7d96e971,blocks.layers.0.self_attn,7,rel_update,0.00760796819360726
gelu,8873c20a-b9e5-426f-aed2-999e7d96e971,blocks.layers.0.norm1,7,grad_l2,0.02630668548665794
gelu,8873c20a-b9e5-426f-aed2-999e7d96e971,blocks.layers.0.norm1,7,rel_update,0.0004902458646820463
gelu,8873c20a-b9e5-426f-aed2-999e7d96e971,lm_head,8,grad_l2,0.3325453934791108
gelu,8873c20a-b9e5-426f-aed2-999e7d96e971,lm_head,8,rel_update,0.005217810496476781
gelu,8873c20a-b9e5-426f-aed2-999e7d96e971,final_norm,8,grad_l2,0.026149446903248625
gelu,8873c20a-b9e5-426f-aed2-999e7d96e971,final_norm,8,rel_update,0.0011724370270457937
gelu,8873c20a-b9e5-426f-aed2-999e7d96e971,blocks.layers.3.linear2,8,grad_l2,0.03678389153739499
gelu,8873c20a-b9e5-426f-aed2-999e7d96e971,blocks.layers.3.linear2,8,rel_update,0.0017795203494821651
gelu,8873c20a-b9e5-426f-aed2-999e7d96e971,blocks.layers.3.linear1,8,grad_l2,0.0449559248915437
gelu,8873c20a-b9e5-426f-aed2-999e7d96e971,blocks.layers.3.linear1,8,rel_update,0.00215211027701902
gelu,8873c20a-b9e5-426f-aed2-999e7d96e971,blocks.layers.3.norm2,8,grad_l2,0.005032508073403495
gelu,8873c20a-b9e5-426f-aed2-999e7d96e971,blocks.layers.3.norm2,8,rel_update,0.00021055264698816245
gelu,8873c20a-b9e5-426f-aed2-999e7d96e971,blocks.layers.3.self_attn,8,grad_l2,0.04268778344148515
gelu,8873c20a-b9e5-426f-aed2-999e7d96e971,blocks.layers.3.self_attn,8,rel_update,0.002140057988404008
gelu,8873c20a-b9e5-426f-aed2-999e7d96e971,blocks.layers.3.norm1,8,grad_l2,0.004260326647954367
gelu,8873c20a-b9e5-426f-aed2-999e7d96e971,blocks.layers.3.norm1,8,rel_update,0.00015196573264840958
gelu,8873c20a-b9e5-426f-aed2-999e7d96e971,blocks.layers.2.linear2,8,grad_l2,0.03405594992890077
gelu,8873c20a-b9e5-426f-aed2-999e7d96e971,blocks.layers.2.linear2,8,rel_update,0.0016403744237120561
gelu,8873c20a-b9e5-426f-aed2-999e7d96e971,blocks.layers.2.linear1,8,grad_l2,0.03935870780651106
gelu,8873c20a-b9e5-426f-aed2-999e7d96e971,blocks.layers.2.linear1,8,rel_update,0.001880610189543391
gelu,8873c20a-b9e5-426f-aed2-999e7d96e971,blocks.layers.2.norm2,8,grad_l2,0.0030462770990868832
gelu,8873c20a-b9e5-426f-aed2-999e7d96e971,blocks.layers.2.norm2,8,rel_update,0.00012273269647578738
gelu,8873c20a-b9e5-426f-aed2-999e7d96e971,blocks.layers.2.self_attn,8,grad_l2,0.04772248526579868
gelu,8873c20a-b9e5-426f-aed2-999e7d96e971,blocks.layers.2.self_attn,8,rel_update,0.0024044152760821624
gelu,8873c20a-b9e5-426f-aed2-999e7d96e971,blocks.layers.2.norm1,8,grad_l2,0.004477310406485574
gelu,8873c20a-b9e5-426f-aed2-999e7d96e971,blocks.layers.2.norm1,8,rel_update,0.00016309301583597224
gelu,8873c20a-b9e5-426f-aed2-999e7d96e971,blocks.layers.1.linear2,8,grad_l2,0.0410638190614037
gelu,8873c20a-b9e5-426f-aed2-999e7d96e971,blocks.layers.1.linear2,8,rel_update,0.001995156951962138
gelu,8873c20a-b9e5-426f-aed2-999e7d96e971,blocks.layers.1.linear1,8,grad_l2,0.04675694819585291
gelu,8873c20a-b9e5-426f-aed2-999e7d96e971,blocks.layers.1.linear1,8,rel_update,0.0022578562382456033
gelu,8873c20a-b9e5-426f-aed2-999e7d96e971,blocks.layers.1.norm2,8,grad_l2,0.0037397570130255054
gelu,8873c20a-b9e5-426f-aed2-999e7d96e971,blocks.layers.1.norm2,8,rel_update,0.00014990024756390878
gelu,8873c20a-b9e5-426f-aed2-999e7d96e971,blocks.layers.1.self_attn,8,grad_l2,0.05522285702675325
gelu,8873c20a-b9e5-426f-aed2-999e7d96e971,blocks.layers.1.self_attn,8,rel_update,0.0027900348261073412
gelu,8873c20a-b9e5-426f-aed2-999e7d96e971,blocks.layers.1.norm1,8,grad_l2,0.005538931279870114
gelu,8873c20a-b9e5-426f-aed2-999e7d96e971,blocks.layers.1.norm1,8,rel_update,0.00017882497093132314
gelu,8873c20a-b9e5-426f-aed2-999e7d96e971,blocks.layers.0.linear2,8,grad_l2,0.08180261514120325
gelu,8873c20a-b9e5-426f-aed2-999e7d96e971,blocks.layers.0.linear2,8,rel_update,0.0038932201734459644
gelu,8873c20a-b9e5-426f-aed2-999e7d96e971,blocks.layers.0.linear1,8,grad_l2,0.0868945696996047
gelu,8873c20a-b9e5-426f-aed2-999e7d96e971,blocks.layers.0.linear1,8,rel_update,0.004125079880794229
gelu,8873c20a-b9e5-426f-aed2-999e7d96e971,blocks.layers.0.norm2,8,grad_l2,0.009223491596263659
gelu,8873c20a-b9e5-426f-aed2-999e7d96e971,blocks.layers.0.norm2,8,rel_update,0.0003564995166889024
gelu,8873c20a-b9e5-426f-aed2-999e7d96e971,blocks.layers.0.self_attn,8,grad_l2,0.162988055406
gelu,8873c20a-b9e5-426f-aed2-999e7d96e971,blocks.layers.0.self_attn,8,rel_update,0.007913270915507779
gelu,8873c20a-b9e5-426f-aed2-999e7d96e971,blocks.layers.0.norm1,8,grad_l2,0.026541285860183637
gelu,8873c20a-b9e5-426f-aed2-999e7d96e971,blocks.layers.0.norm1,8,rel_update,0.0005128667575342206
gelu,8873c20a-b9e5-426f-aed2-999e7d96e971,lm_head,9,grad_l2,0.3250380343866942
gelu,8873c20a-b9e5-426f-aed2-999e7d96e971,lm_head,9,rel_update,0.004821784808176208
gelu,8873c20a-b9e5-426f-aed2-999e7d96e971,final_norm,9,grad_l2,0.025889079964793955
gelu,8873c20a-b9e5-426f-aed2-999e7d96e971,final_norm,9,rel_update,0.0011568569214605929
gelu,8873c20a-b9e5-426f-aed2-999e7d96e971,blocks.layers.3.linear2,9,grad_l2,0.03775846156419067
gelu,8873c20a-b9e5-426f-aed2-999e7d96e971,blocks.layers.3.linear2,9,rel_update,0.001826329852773764
gelu,8873c20a-b9e5-426f-aed2-999e7d96e971,blocks.layers.3.linear1,9,grad_l2,0.04620218204502858
gelu,8873c20a-b9e5-426f-aed2-999e7d96e971,blocks.layers.3.linear1,9,rel_update,0.002209768372154783
gelu,8873c20a-b9e5-426f-aed2-999e7d96e971,blocks.layers.3.norm2,9,grad_l2,0.0051303555897532814
gelu,8873c20a-b9e5-426f-aed2-999e7d96e971,blocks.layers.3.norm2,9,rel_update,0.000217017371662779
gelu,8873c20a-b9e5-426f-aed2-999e7d96e971,blocks.layers.3.self_attn,9,grad_l2,0.04398959737647342
gelu,8873c20a-b9e5-426f-aed2-999e7d96e971,blocks.layers.3.self_attn,9,rel_update,0.0022035580511446545
gelu,8873c20a-b9e5-426f-aed2-999e7d96e971,blocks.layers.3.norm1,9,grad_l2,0.004350141054625757
gelu,8873c20a-b9e5-426f-aed2-999e7d96e971,blocks.layers.3.norm1,9,rel_update,0.00015739719237649593
gelu,8873c20a-b9e5-426f-aed2-999e7d96e971,blocks.layers.2.linear2,9,grad_l2,0.03492561731302583
gelu,8873c20a-b9e5-426f-aed2-999e7d96e971,blocks.layers.2.linear2,9,rel_update,0.001681430827891042
gelu,8873c20a-b9e5-426f-aed2-999e7d96e971,blocks.layers.2.linear1,9,grad_l2,0.0405028929448899
gelu,8873c20a-b9e5-426f-aed2-999e7d96e971,blocks.layers.2.linear1,9,rel_update,0.0019328662250669504
gelu,8873c20a-b9e5-426f-aed2-999e7d96e971,blocks.layers.2.norm2,9,grad_l2,0.003092062166608787
gelu,8873c20a-b9e5-426f-aed2-999e7d96e971,blocks.layers.2.norm2,9,rel_update,0.00012556869665702127
gelu,8873c20a-b9e5-426f-aed2-999e7d96e971,blocks.layers.2.self_attn,9,grad_l2,0.049230241361551276
gelu,8873c20a-b9e5-426f-aed2-999e7d96e971,blocks.layers.2.self_attn,9,rel_update,0.002479725568320765
gelu,8873c20a-b9e5-426f-aed2-999e7d96e971,blocks.layers.2.norm1,9,grad_l2,0.004574383288042209
gelu,8873c20a-b9e5-426f-aed2-999e7d96e971,blocks.layers.2.norm1,9,rel_update,0.00016874077141285467
gelu,8873c20a-b9e5-426f-aed2-999e7d96e971,blocks.layers.1.linear2,9,grad_l2,0.04195521957126293
gelu,8873c20a-b9e5-426f-aed2-999e7d96e971,blocks.layers.1.linear2,9,rel_update,0.0020386422673834507
gelu,8873c20a-b9e5-426f-aed2-999e7d96e971,blocks.layers.1.linear1,9,grad_l2,0.04805923168686799
gelu,8873c20a-b9e5-426f-aed2-999e7d96e971,blocks.layers.1.linear1,9,rel_update,0.0023196037267548828
gelu,8873c20a-b9e5-426f-aed2-999e7d96e971,blocks.layers.1.norm2,9,grad_l2,0.0037852856812974375
gelu,8873c20a-b9e5-426f-aed2-999e7d96e971,blocks.layers.1.norm2,9,rel_update,0.0001531625807470545
gelu,8873c20a-b9e5-426f-aed2-999e7d96e971,blocks.layers.1.self_attn,9,grad_l2,0.05673557614732506
gelu,8873c20a-b9e5-426f-aed2-999e7d96e971,blocks.layers.1.self_attn,9,rel_update,0.002867021849933174
gelu,8873c20a-b9e5-426f-aed2-999e7d96e971,blocks.layers.1.norm1,9,grad_l2,0.0056346833304101495
gelu,8873c20a-b9e5-426f-aed2-999e7d96e971,blocks.layers.1.norm1,9,rel_update,0.00018388777553223105
gelu,8873c20a-b9e5-426f-aed2-999e7d96e971,blocks.layers.0.linear2,9,grad_l2,0.08368156917882792
gelu,8873c20a-b9e5-426f-aed2-999e7d96e971,blocks.layers.0.linear2,9,rel_update,0.003980540731977457
gelu,8873c20a-b9e5-426f-aed2-999e7d96e971,blocks.layers.0.linear1,9,grad_l2,0.08983961195546816
gelu,8873c20a-b9e5-426f-aed2-999e7d96e971,blocks.layers.0.linear1,9,rel_update,0.004262454265596515
gelu,8873c20a-b9e5-426f-aed2-999e7d96e971,blocks.layers.0.norm2,9,grad_l2,0.009360101374517775
gelu,8873c20a-b9e5-426f-aed2-999e7d96e971,blocks.layers.0.norm2,9,rel_update,0.00036634757475847963
gelu,8873c20a-b9e5-426f-aed2-999e7d96e971,blocks.layers.0.self_attn,9,grad_l2,0.16835771924796622
gelu,8873c20a-b9e5-426f-aed2-999e7d96e971,blocks.layers.0.self_attn,9,rel_update,0.008155667164826394
gelu,8873c20a-b9e5-426f-aed2-999e7d96e971,blocks.layers.0.norm1,9,grad_l2,0.02666310432460854
gelu,8873c20a-b9e5-426f-aed2-999e7d96e971,blocks.layers.0.norm1,9,rel_update,0.0005312654045016787
leaky,d44b615a-9dc4-4db8-9202-527cb54cbd06,lm_head,0,grad_l2,0.9562543165004974
leaky,d44b615a-9dc4-4db8-9202-527cb54cbd06,lm_head,0,rel_update,0.03478916258524232
leaky,d44b615a-9dc4-4db8-9202-527cb54cbd06,final_norm,0,grad_l2,0.06372201742067371
leaky,d44b615a-9dc4-4db8-9202-527cb54cbd06,final_norm,0,rel_update,0.0029094838237509802
leaky,d44b615a-9dc4-4db8-9202-527cb54cbd06,blocks.layers.3.linear2,0,grad_l2,0.019247754760783036
leaky,d44b615a-9dc4-4db8-9202-527cb54cbd06,blocks.layers.3.linear2,0,rel_update,0.000946738302225743
leaky,d44b615a-9dc4-4db8-9202-527cb54cbd06,blocks.layers.3.linear1,0,grad_l2,0.017930913027876437
leaky,d44b615a-9dc4-4db8-9202-527cb54cbd06,blocks.layers.3.linear1,0,rel_update,0.0008825039317029912
leaky,d44b615a-9dc4-4db8-9202-527cb54cbd06,blocks.layers.3.norm2,0,grad_l2,0.0012468088128273049
leaky,d44b615a-9dc4-4db8-9202-527cb54cbd06,blocks.layers.3.norm2,0,rel_update,4.937821144694976e-05
leaky,d44b615a-9dc4-4db8-9202-527cb54cbd06,blocks.layers.3.self_attn,0,grad_l2,0.020832773590916943
leaky,d44b615a-9dc4-4db8-9202-527cb54cbd06,blocks.layers.3.self_attn,0,rel_update,0.001057864464041164
leaky,d44b615a-9dc4-4db8-9202-527cb54cbd06,blocks.layers.3.norm1,0,grad_l2,0.0016759135960657948
leaky,d44b615a-9dc4-4db8-9202-527cb54cbd06,blocks.layers.3.norm1,0,rel_update,6.222570657812309e-05
leaky,d44b615a-9dc4-4db8-9202-527cb54cbd06,blocks.layers.2.linear2,0,grad_l2,0.021922535828654728
leaky,d44b615a-9dc4-4db8-9202-527cb54cbd06,blocks.layers.2.linear2,0,rel_update,0.001077562278967046
leaky,d44b615a-9dc4-4db8-9202-527cb54cbd06,blocks.layers.2.linear1,0,grad_l2,0.01887121204413154
leaky,d44b615a-9dc4-4db8-9202-527cb54cbd06,blocks.layers.2.linear1,0,rel_update,0.000927646357979044
leaky,d44b615a-9dc4-4db8-9202-527cb54cbd06,blocks.layers.2.norm2,0,grad_l2,0.001460937058467734
leaky,d44b615a-9dc4-4db8-9202-527cb54cbd06,blocks.layers.2.norm2,0,rel_update,5.738681265803421e-05
leaky,d44b615a-9dc4-4db8-9202-527cb54cbd06,blocks.layers.2.self_attn,0,grad_l2,0.02182008809803512
leaky,d44b615a-9dc4-4db8-9202-527cb54cbd06,blocks.layers.2.self_attn,0,rel_update,0.0011070698444078664
leaky,d44b615a-9dc4-4db8-9202-527cb54cbd06,blocks.layers.2.norm1,0,grad_l2,0.0018885508974522734
leaky,d44b615a-9dc4-4db8-9202-527cb54cbd06,blocks.layers.2.norm1,0,rel_update,6.684886210724165e-05
leaky,d44b615a-9dc4-4db8-9202-527cb54cbd06,blocks.layers.1.linear2,0,grad_l2,0.026276096646488566
leaky,d44b615a-9dc4-4db8-9202-527cb54cbd06,blocks.layers.1.linear2,0,rel_update,0.0012908424710011772
leaky,d44b615a-9dc4-4db8-9202-527cb54cbd06,blocks.layers.1.linear1,0,grad_l2,0.021739651924161135
leaky,d44b615a-9dc4-4db8-9202-527cb54cbd06,blocks.layers.1.linear1,0,rel_update,0.0010679547991147473
leaky,d44b615a-9dc4-4db8-9202-527cb54cbd06,blocks.layers.1.norm2,0,grad_l2,0.0018800580025426913
leaky,d44b615a-9dc4-4db8-9202-527cb54cbd06,blocks.layers.1.norm2,0,rel_update,7.05214153371011e-05
leaky,d44b615a-9dc4-4db8-9202-527cb54cbd06,blocks.layers.1.self_attn,0,grad_l2,0.027448763104895923
leaky,d44b615a-9dc4-4db8-9202-527cb54cbd06,blocks.layers.1.self_attn,0,rel_update,0.0013896463005467724
leaky,d44b615a-9dc4-4db8-9202-527cb54cbd06,blocks.layers.1.norm1,0,grad_l2,0.0025882323329760905
leaky,d44b615a-9dc4-4db8-9202-527cb54cbd06,blocks.layers.1.norm1,0,rel_update,8.365526636107382e-05
leaky,d44b615a-9dc4-4db8-9202-527cb54cbd06,blocks.layers.0.linear2,0,grad_l2,0.04069832996594022
leaky,d44b615a-9dc4-4db8-9202-527cb54cbd06,blocks.layers.0.linear2,0,rel_update,0.001995576635962515
leaky,d44b615a-9dc4-4db8-9202-527cb54cbd06,blocks.layers.0.linear1,0,grad_l2,0.025981267145624633
leaky,d44b615a-9dc4-4db8-9202-527cb54cbd06,blocks.layers.0.linear1,0,rel_update,0.0012682582640926629
leaky,d44b615a-9dc4-4db8-9202-527cb54cbd06,blocks.layers.0.norm2,0,grad_l2,0.0031585470374390946
leaky,d44b615a-9dc4-4db8-9202-527cb54cbd06,blocks.layers.0.norm2,0,rel_update,9.717698095032193e-05
leaky,d44b615a-9dc4-4db8-9202-527cb54cbd06,blocks.layers.0.self_attn,0,grad_l2,0.04500749328407058
leaky,d44b615a-9dc4-4db8-9202-527cb54cbd06,blocks.layers.0.self_attn,0,rel_update,0.0022039853966550776
leaky,d44b615a-9dc4-4db8-9202-527cb54cbd06,blocks.layers.0.norm1,0,grad_l2,0.008553533743853139
leaky,d44b615a-9dc4-4db8-9202-527cb54cbd06,blocks.layers.0.norm1,0,rel_update,0.00013642313431678216
leaky,d44b615a-9dc4-4db8-9202-527cb54cbd06,lm_head,1,grad_l2,0.6028363621425799
leaky,d44b615a-9dc4-4db8-9202-527cb54cbd06,lm_head,1,rel_update,0.018760459937974074
leaky,d44b615a-9dc4-4db8-9202-527cb54cbd06,final_norm,1,grad_l2,0.041583153280584435
leaky,d44b615a-9dc4-4db8-9202-527cb54cbd06,final_norm,1,rel_update,0.0019217147511451703
leaky,d44b615a-9dc4-4db8-9202-527cb54cbd06,blocks.layers.3.linear2,1,grad_l2,0.02355609900836635
leaky,d44b615a-9dc4-4db8-9202-527cb54cbd06,blocks.layers.3.linear2,1,rel_update,0.0011523841699362504
leaky,d44b615a-9dc4-4db8-9202-527cb54cbd06,blocks.layers.3.linear1,1,grad_l2,0.02344895725050142
leaky,d44b615a-9dc4-4db8-9202-527cb54cbd06,blocks.layers.3.linear1,1,rel_update,0.0011474571412878162
leaky,d44b615a-9dc4-4db8-9202-527cb54cbd06,blocks.layers.3.norm2,1,grad_l2,0.0018974259481583787
leaky,d44b615a-9dc4-4db8-9202-527cb54cbd06,blocks.layers.3.norm2,1,rel_update,7.335876965485544e-05
leaky,d44b615a-9dc4-4db8-9202-527cb54cbd06,blocks.layers.3.self_attn,1,grad_l2,0.02285972528623583
leaky,d44b615a-9dc4-4db8-9202-527cb54cbd06,blocks.layers.3.self_attn,1,rel_update,0.0011582071518712038
leaky,d44b615a-9dc4-4db8-9202-527cb54cbd06,blocks.layers.3.norm1,1,grad_l2,0.0021278285086285807
leaky,d44b615a-9dc4-4db8-9202-527cb54cbd06,blocks.layers.3.norm1,1,rel_update,6.939960491426027e-05
leaky,d44b615a-9dc4-4db8-9202-527cb54cbd06,blocks.layers.2.linear2,1,grad_l2,0.025895207955821224
leaky,d44b615a-9dc4-4db8-9202-527cb54cbd06,blocks.layers.2.linear2,1,rel_update,0.0012671783421049387
leaky,d44b615a-9dc4-4db8-9202-527cb54cbd06,blocks.layers.2.linear1,1,grad_l2,0.023628865819479417
leaky,d44b615a-9dc4-4db8-9202-527cb54cbd06,blocks.layers.2.linear1,1,rel_update,0.001155857486438271
leaky,d44b615a-9dc4-4db8-9202-527cb54cbd06,blocks.layers.2.norm2,1,grad_l2,0.001974930485896945
leaky,d44b615a-9dc4-4db8-9202-527cb54cbd06,blocks.layers.2.norm2,1,rel_update,7.504548522411941e-05
leaky,d44b615a-9dc4-4db8-9202-527cb54cbd06,blocks.layers.2.self_attn,1,grad_l2,0.02342737383415885
leaky,d44b615a-9dc4-4db8-9202-527cb54cbd06,blocks.layers.2.self_attn,1,rel_update,0.0011859944291464546
leaky,d44b615a-9dc4-4db8-9202-527cb54cbd06,blocks.layers.2.norm1,1,grad_l2,0.0023158768911601423
leaky,d44b615a-9dc4-4db8-9202-527cb54cbd06,blocks.layers.2.norm1,1,rel_update,7.194490235151121e-05
leaky,d44b615a-9dc4-4db8-9202-527cb54cbd06,blocks.layers.1.linear2,1,grad_l2,0.03211860241144847
leaky,d44b615a-9dc4-4db8-9202-527cb54cbd06,blocks.layers.1.linear2,1,rel_update,0.0015725345614649585
leaky,d44b615a-9dc4-4db8-9202-527cb54cbd06,blocks.layers.1.linear1,1,grad_l2,0.027351061680550993
leaky,d44b615a-9dc4-4db8-9202-527cb54cbd06,blocks.layers.1.linear1,1,rel_update,0.0013375622103898588
leaky,d44b615a-9dc4-4db8-9202-527cb54cbd06,blocks.layers.1.norm2,1,grad_l2,0.0025117656054310525
leaky,d44b615a-9dc4-4db8-9202-527cb54cbd06,blocks.layers.1.norm2,1,rel_update,9.272901147216039e-05
leaky,d44b615a-9dc4-4db8-9202-527cb54cbd06,blocks.layers.1.self_attn,1,grad_l2,0.031166305251923057
leaky,d44b615a-9dc4-4db8-9202-527cb54cbd06,blocks.layers.1.self_attn,1,rel_update,0.0015753044434159735
leaky,d44b615a-9dc4-4db8-9202-527cb54cbd06,blocks.layers.1.norm1,1,grad_l2,0.003173198290232281
leaky,d44b615a-9dc4-4db8-9202-527cb54cbd06,blocks.layers.1.norm1,1,rel_update,9.473062968319248e-05
leaky,d44b615a-9dc4-4db8-9202-527cb54cbd06,blocks.layers.0.linear2,1,grad_l2,0.054428870357997705
leaky,d44b615a-9dc4-4db8-9202-527cb54cbd06,blocks.layers.0.linear2,1,rel_update,0.0026534451486402762
leaky,d44b615a-9dc4-4db8-9202-527cb54cbd06,blocks.layers.0.linear1,1,grad_l2,0.04050914439864791
leaky,d44b615a-9dc4-4db8-9202-527cb54cbd06,blocks.layers.0.linear1,1,rel_update,0.0019615330051911436
leaky,d44b615a-9dc4-4db8-9202-527cb54cbd06,blocks.layers.0.norm2,1,grad_l2,0.005183826075928438
leaky,d44b615a-9dc4-4db8-9202-527cb54cbd06,blocks.layers.0.norm2,1,rel_update,0.0001707317594047338
leaky,d44b615a-9dc4-4db8-9202-527cb54cbd06,blocks.layers.0.self_attn,1,grad_l2,0.07834332324390476
leaky,d44b615a-9dc4-4db8-9202-527cb54cbd06,blocks.layers.0.self_attn,1,rel_update,0.0038845551702097383
leaky,d44b615a-9dc4-4db8-9202-527cb54cbd06,blocks.layers.0.norm1,1,grad_l2,0.014837427931897938
leaky,d44b615a-9dc4-4db8-9202-527cb54cbd06,blocks.layers.0.norm1,1,rel_update,0.00023661405772889443
leaky,d44b615a-9dc4-4db8-9202-527cb54cbd06,lm_head,2,grad_l2,0.4854783920630866
leaky,d44b615a-9dc4-4db8-9202-527cb54cbd06,lm_head,2,rel_update,0.01311862591159989
leaky,d44b615a-9dc4-4db8-9202-527cb54cbd06,final_norm,2,grad_l2,0.03429752668221754
leaky,d44b615a-9dc4-4db8-9202-527cb54cbd06,final_norm,2,rel_update,0.0015838167215088779
leaky,d44b615a-9dc4-4db8-9202-527cb54cbd06,blocks.layers.3.linear2,2,grad_l2,0.028502296971196085
leaky,d44b615a-9dc4-4db8-9202-527cb54cbd06,blocks.layers.3.linear2,2,rel_update,0.0013897189379079064
leaky,d44b615a-9dc4-4db8-9202-527cb54cbd06,blocks.layers.3.linear1,2,grad_l2,0.02894846778713693
leaky,d44b615a-9dc4-4db8-9202-527cb54cbd06,blocks.layers.3.linear1,2,rel_update,0.0014105294282239845
leaky,d44b615a-9dc4-4db8-9202-527cb54cbd06,blocks.layers.3.norm2,2,grad_l2,0.002620102886883484
leaky,d44b615a-9dc4-4db8-9202-527cb54cbd06,blocks.layers.3.norm2,2,rel_update,0.00010104588805998513
leaky,d44b615a-9dc4-4db8-9202-527cb54cbd06,blocks.layers.3.self_attn,2,grad_l2,0.02591513891839177
leaky,d44b615a-9dc4-4db8-9202-527cb54cbd06,blocks.layers.3.self_attn,2,rel_update,0.0013103539337712177
leaky,d44b615a-9dc4-4db8-9202-527cb54cbd06,blocks.layers.3.norm1,2,grad_l2,0.00252417464241734
leaky,d44b615a-9dc4-4db8-9202-527cb54cbd06,blocks.layers.3.norm1,2,rel_update,8.13022545438233e-05
leaky,d44b615a-9dc4-4db8-9202-527cb54cbd06,blocks.layers.2.linear2,2,grad_l2,0.02932838697505319
leaky,d44b615a-9dc4-4db8-9202-527cb54cbd06,blocks.layers.2.linear2,2,rel_update,0.0014310526891207268
leaky,d44b615a-9dc4-4db8-9202-527cb54cbd06,blocks.layers.2.linear1,2,grad_l2,0.027311351871868346
leaky,d44b615a-9dc4-4db8-9202-527cb54cbd06,blocks.layers.2.linear1,2,rel_update,0.0013314668545856313
leaky,d44b615a-9dc4-4db8-9202-527cb54cbd06,blocks.layers.2.norm2,2,grad_l2,0.002308194938284457
leaky,d44b615a-9dc4-4db8-9202-527cb54cbd06,blocks.layers.2.norm2,2,rel_update,8.747196961280403e-05
leaky,d44b615a-9dc4-4db8-9202-527cb54cbd06,blocks.layers.2.self_attn,2,grad_l2,0.026033778763338553
leaky,d44b615a-9dc4-4db8-9202-527cb54cbd06,blocks.layers.2.self_attn,2,rel_update,0.0013155327674903578
leaky,d44b615a-9dc4-4db8-9202-527cb54cbd06,blocks.layers.2.norm1,2,grad_l2,0.0026921578850288086
leaky,d44b615a-9dc4-4db8-9202-527cb54cbd06,blocks.layers.2.norm1,2,rel_update,8.092026867093755e-05
leaky,d44b615a-9dc4-4db8-9202-527cb54cbd06,blocks.layers.1.linear2,2,grad_l2,0.0359793479773816
leaky,d44b615a-9dc4-4db8-9202-527cb54cbd06,blocks.layers.1.linear2,2,rel_update,0.0017581154805894478
leaky,d44b615a-9dc4-4db8-9202-527cb54cbd06,blocks.layers.1.linear1,2,grad_l2,0.03160360575076977
leaky,d44b615a-9dc4-4db8-9202-527cb54cbd06,blocks.layers.1.linear1,2,rel_update,0.0015414190217987813
leaky,d44b615a-9dc4-4db8-9202-527cb54cbd06,blocks.layers.1.norm2,2,grad_l2,0.0028819769279197346
leaky,d44b615a-9dc4-4db8-9202-527cb54cbd06,blocks.layers.1.norm2,2,rel_update,0.00010714262119763814
leaky,d44b615a-9dc4-4db8-9202-527cb54cbd06,blocks.layers.1.self_attn,2,grad_l2,0.034652856233624636
leaky,d44b615a-9dc4-4db8-9202-527cb54cbd06,blocks.layers.1.self_attn,2,rel_update,0.0017506246195924883
leaky,d44b615a-9dc4-4db8-9202-527cb54cbd06,blocks.layers.1.norm1,2,grad_l2,0.0036164508281350243
leaky,d44b615a-9dc4-4db8-9202-527cb54cbd06,blocks.layers.1.norm1,2,rel_update,0.00010593726800110515
leaky,d44b615a-9dc4-4db8-9202-527cb54cbd06,blocks.layers.0.linear2,2,grad_l2,0.06421331708181491
leaky,d44b615a-9dc4-4db8-9202-527cb54cbd06,blocks.layers.0.linear2,2,rel_update,0.003115258697484657
leaky,d44b615a-9dc4-4db8-9202-527cb54cbd06,blocks.layers.0.linear1,2,grad_l2,0.050392411394845085
leaky,d44b615a-9dc4-4db8-9202-527cb54cbd06,blocks.layers.0.linear1,2,rel_update,0.0024247404363051525
leaky,d44b615a-9dc4-4db8-9202-527cb54cbd06,blocks.layers.0.norm2,2,grad_l2,0.006369697184517108
leaky,d44b615a-9dc4-4db8-9202-527cb54cbd06,blocks.layers.0.norm2,2,rel_update,0.0002158150321128186
leaky,d44b615a-9dc4-4db8-9202-527cb54cbd06,blocks.layers.0.self_attn,2,grad_l2,0.09722690788758874
leaky,d44b615a-9dc4-4db8-9202-527cb54cbd06,blocks.layers.0.self_attn,2,rel_update,0.004825932475735474
leaky,d44b615a-9dc4-4db8-9202-527cb54cbd06,blocks.layers.0.norm1,2,grad_l2,0.018986662727856336
leaky,d44b615a-9dc4-4db8-9202-527cb54cbd06,blocks.layers.0.norm1,2,rel_update,0.0002952242159766518
leaky,d44b615a-9dc4-4db8-9202-527cb54cbd06,lm_head,3,grad_l2,0.42817810233483533
leaky,d44b615a-9dc4-4db8-9202-527cb54cbd06,lm_head,3,rel_update,0.01022872808593692
leaky,d44b615a-9dc4-4db8-9202-527cb54cbd06,final_norm,3,grad_l2,0.03101639318875495
leaky,d44b615a-9dc4-4db8-9202-527cb54cbd06,final_norm,3,rel_update,0.001419143709496893
leaky,d44b615a-9dc4-4db8-9202-527cb54cbd06,blocks.layers.3.linear2,3,grad_l2,0.033141241662899466
leaky,d44b615a-9dc4-4db8-9202-527cb54cbd06,blocks.layers.3.linear2,3,rel_update,0.0016122554711730309
leaky,d44b615a-9dc4-4db8-9202-527cb54cbd06,blocks.layers.3.linear1,3,grad_l2,0.03386383175302697
leaky,d44b615a-9dc4-4db8-9202-527cb54cbd06,blocks.layers.3.linear1,3,rel_update,0.0016452121456910884
leaky,d44b615a-9dc4-4db8-9202-527cb54cbd06,blocks.layers.3.norm2,3,grad_l2,0.003324803059220167
leaky,d44b615a-9dc4-4db8-9202-527cb54cbd06,blocks.layers.3.norm2,3,rel_update,0.00012714785288859407
leaky,d44b615a-9dc4-4db8-9202-527cb54cbd06,blocks.layers.3.self_attn,3,grad_l2,0.029583954952548702
leaky,d44b615a-9dc4-4db8-9202-527cb54cbd06,blocks.layers.3.self_attn,3,rel_update,0.0014926419836983256
leaky,d44b615a-9dc4-4db8-9202-527cb54cbd06,blocks.layers.3.norm1,3,grad_l2,0.002955521972442745
leaky,d44b615a-9dc4-4db8-9202-527cb54cbd06,blocks.layers.3.norm1,3,rel_update,9.608024340793662e-05
leaky,d44b615a-9dc4-4db8-9202-527cb54cbd06,blocks.layers.2.linear2,3,grad_l2,0.03232071837845599
leaky,d44b615a-9dc4-4db8-9202-527cb54cbd06,blocks.layers.2.linear2,3,rel_update,0.0015732018897060206
leaky,d44b615a-9dc4-4db8-9202-527cb54cbd06,blocks.layers.2.linear1,3,grad_l2,0.030545647402400695
leaky,d44b615a-9dc4-4db8-9202-527cb54cbd06,blocks.layers.2.linear1,3,rel_update,0.001485127070408104
leaky,d44b615a-9dc4-4db8-9202-527cb54cbd06,blocks.layers.2.norm2,3,grad_l2,0.002571523629028331
leaky,d44b615a-9dc4-4db8-9202-527cb54cbd06,blocks.layers.2.norm2,3,rel_update,9.748614314410267e-05
leaky,d44b615a-9dc4-4db8-9202-527cb54cbd06,blocks.layers.2.self_attn,3,grad_l2,0.029424221736247834
leaky,d44b615a-9dc4-4db8-9202-527cb54cbd06,blocks.layers.2.self_attn,3,rel_update,0.0014842298509710234
leaky,d44b615a-9dc4-4db8-9202-527cb54cbd06,blocks.layers.2.norm1,3,grad_l2,0.003089369190928014
leaky,d44b615a-9dc4-4db8-9202-527cb54cbd06,blocks.layers.2.norm1,3,rel_update,9.295324961961673e-05
leaky,d44b615a-9dc4-4db8-9202-527cb54cbd06,blocks.layers.1.linear2,3,grad_l2,0.038970043844947386
leaky,d44b615a-9dc4-4db8-9202-527cb54cbd06,blocks.layers.1.linear2,3,rel_update,0.0019014121535709232
leaky,d44b615a-9dc4-4db8-9202-527cb54cbd06,blocks.layers.1.linear1,3,grad_l2,0.03518583713954225
leaky,d44b615a-9dc4-4db8-9202-527cb54cbd06,blocks.layers.1.linear1,3,rel_update,0.001713173189483688
leaky,d44b615a-9dc4-4db8-9202-527cb54cbd06,blocks.layers.1.norm2,3,grad_l2,0.0031557099242567736
leaky,d44b615a-9dc4-4db8-9202-527cb54cbd06,blocks.layers.1.norm2,3,rel_update,0.00011782566678813944
leaky,d44b615a-9dc4-4db8-9202-527cb54cbd06,blocks.layers.1.self_attn,3,grad_l2,0.0382810797658598
leaky,d44b615a-9dc4-4db8-9202-527cb54cbd06,blocks.layers.1.self_attn,3,rel_update,0.001932770442397821
leaky,d44b615a-9dc4-4db8-9202-527cb54cbd06,blocks.layers.1.norm1,3,grad_l2,0.0040447538279471075
leaky,d44b615a-9dc4-4db8-9202-527cb54cbd06,blocks.layers.1.norm1,3,rel_update,0.0001186198523590663
leaky,d44b615a-9dc4-4db8-9202-527cb54cbd06,blocks.layers.0.linear2,3,grad_l2,0.07256906013288084
leaky,d44b615a-9dc4-4db8-9202-527cb54cbd06,blocks.layers.0.linear2,3,rel_update,0.0035060524680687083
leaky,d44b615a-9dc4-4db8-9202-527cb54cbd06,blocks.layers.0.linear1,3,grad_l2,0.05868529739343668
leaky,d44b615a-9dc4-4db8-9202-527cb54cbd06,blocks.layers.0.linear1,3,rel_update,0.0028090972180037873
leaky,d44b615a-9dc4-4db8-9202-527cb54cbd06,blocks.layers.0.norm2,3,grad_l2,0.00729624721742135
leaky,d44b615a-9dc4-4db8-9202-527cb54cbd06,blocks.layers.0.norm2,3,rel_update,0.0002506963647170231
leaky,d44b615a-9dc4-4db8-9202-527cb54cbd06,blocks.layers.0.self_attn,3,grad_l2,0.11283340387500353
leaky,d44b615a-9dc4-4db8-9202-527cb54cbd06,blocks.layers.0.self_attn,3,rel_update,0.005583000124991501
leaky,d44b615a-9dc4-4db8-9202-527cb54cbd06,blocks.layers.0.norm1,3,grad_l2,0.022093392656729712
leaky,d44b615a-9dc4-4db8-9202-527cb54cbd06,blocks.layers.0.norm1,3,rel_update,0.00034394330164276457
leaky,d44b615a-9dc4-4db8-9202-527cb54cbd06,lm_head,4,grad_l2,0.3941759703952647
leaky,d44b615a-9dc4-4db8-9202-527cb54cbd06,lm_head,4,rel_update,0.008466431622363683
leaky,d44b615a-9dc4-4db8-9202-527cb54cbd06,final_norm,4,grad_l2,0.029251431237149506
leaky,d44b615a-9dc4-4db8-9202-527cb54cbd06,final_norm,4,rel_update,0.0013219432428951134
leaky,d44b615a-9dc4-4db8-9202-527cb54cbd06,blocks.layers.3.linear2,4,grad_l2,0.03705546103171813
leaky,d44b615a-9dc4-4db8-9202-527cb54cbd06,blocks.layers.3.linear2,4,rel_update,0.0017997831696257714
leaky,d44b615a-9dc4-4db8-9202-527cb54cbd06,blocks.layers.3.linear1,4,grad_l2,0.03806406817341684
leaky,d44b615a-9dc4-4db8-9202-527cb54cbd06,blocks.layers.3.linear1,4,rel_update,0.0018454581419561362
leaky,d44b615a-9dc4-4db8-9202-527cb54cbd06,blocks.layers.3.norm2,4,grad_l2,0.003946698196204694
leaky,d44b615a-9dc4-4db8-9202-527cb54cbd06,blocks.layers.3.norm2,4,rel_update,0.00014960785971361695
leaky,d44b615a-9dc4-4db8-9202-527cb54cbd06,blocks.layers.3.self_attn,4,grad_l2,0.033616638804603485
leaky,d44b615a-9dc4-4db8-9202-527cb54cbd06,blocks.layers.3.self_attn,4,rel_update,0.001692323052435988
leaky,d44b615a-9dc4-4db8-9202-527cb54cbd06,blocks.layers.3.norm1,4,grad_l2,0.003400061307913401
leaky,d44b615a-9dc4-4db8-9202-527cb54cbd06,blocks.layers.3.norm1,4,rel_update,0.00011383238340096364
leaky,d44b615a-9dc4-4db8-9202-527cb54cbd06,blocks.layers.2.linear2,4,grad_l2,0.03481090282490186
leaky,d44b615a-9dc4-4db8-9202-527cb54cbd06,blocks.layers.2.linear2,4,rel_update,0.0016909276346689342
leaky,d44b615a-9dc4-4db8-9202-527cb54cbd06,blocks.layers.2.linear1,4,grad_l2,0.03347055159356025
leaky,d44b615a-9dc4-4db8-9202-527cb54cbd06,blocks.layers.2.linear1,4,rel_update,0.0016237660711548925
leaky,d44b615a-9dc4-4db8-9202-527cb54cbd06,blocks.layers.2.norm2,4,grad_l2,0.0027778700431518124
leaky,d44b615a-9dc4-4db8-9202-527cb54cbd06,blocks.layers.2.norm2,4,rel_update,0.00010580341603321682
leaky,d44b615a-9dc4-4db8-9202-527cb54cbd06,blocks.layers.2.self_attn,4,grad_l2,0.03313924718282528
leaky,d44b615a-9dc4-4db8-9202-527cb54cbd06,blocks.layers.2.self_attn,4,rel_update,0.0016688595801424514
leaky,d44b615a-9dc4-4db8-9202-527cb54cbd06,blocks.layers.2.norm1,4,grad_l2,0.0034694253477448047
leaky,d44b615a-9dc4-4db8-9202-527cb54cbd06,blocks.layers.2.norm1,4,rel_update,0.00010682401999416033
leaky,d44b615a-9dc4-4db8-9202-527cb54cbd06,blocks.layers.1.linear2,4,grad_l2,0.04137324407201722
leaky,d44b615a-9dc4-4db8-9202-527cb54cbd06,blocks.layers.1.linear2,4,rel_update,0.002016440454057685
leaky,d44b615a-9dc4-4db8-9202-527cb54cbd06,blocks.layers.1.linear1,4,grad_l2,0.03838543235779246
leaky,d44b615a-9dc4-4db8-9202-527cb54cbd06,blocks.layers.1.linear1,4,rel_update,0.0018668198832098254
leaky,d44b615a-9dc4-4db8-9202-527cb54cbd06,blocks.layers.1.norm2,4,grad_l2,0.003367444653844717
leaky,d44b615a-9dc4-4db8-9202-527cb54cbd06,blocks.layers.1.norm2,4,rel_update,0.00012693838060030845
leaky,d44b615a-9dc4-4db8-9202-527cb54cbd06,blocks.layers.1.self_attn,4,grad_l2,0.04172897554186861
leaky,d44b615a-9dc4-4db8-9202-527cb54cbd06,blocks.layers.1.self_attn,4,rel_update,0.0021057330851377326
leaky,d44b615a-9dc4-4db8-9202-527cb54cbd06,blocks.layers.1.norm1,4,grad_l2,0.004436949334043155
leaky,d44b615a-9dc4-4db8-9202-527cb54cbd06,blocks.layers.1.norm1,4,rel_update,0.0001310725789318033
leaky,d44b615a-9dc4-4db8-9202-527cb54cbd06,blocks.layers.0.linear2,4,grad_l2,0.07981774301846725
leaky,d44b615a-9dc4-4db8-9202-527cb54cbd06,blocks.layers.0.linear2,4,rel_update,0.0038437619358703792
leaky,d44b615a-9dc4-4db8-9202-527cb54cbd06,blocks.layers.0.linear1,4,grad_l2,0.06614956173992627
leaky,d44b615a-9dc4-4db8-9202-527cb54cbd06,blocks.layers.0.linear1,4,rel_update,0.003153821704811793
leaky,d44b615a-9dc4-4db8-9202-527cb54cbd06,blocks.layers.0.norm2,4,grad_l2,0.008043041231467447
leaky,d44b615a-9dc4-4db8-9202-527cb54cbd06,blocks.layers.0.norm2,4,rel_update,0.0002800070426244545
leaky,d44b615a-9dc4-4db8-9202-527cb54cbd06,blocks.layers.0.self_attn,4,grad_l2,0.12656903373147338
leaky,d44b615a-9dc4-4db8-9202-527cb54cbd06,blocks.layers.0.self_attn,4,rel_update,0.006231682435181409
leaky,d44b615a-9dc4-4db8-9202-527cb54cbd06,blocks.layers.0.norm1,4,grad_l2,0.02450526114038563
leaky,d44b615a-9dc4-4db8-9202-527cb54cbd06,blocks.layers.0.norm1,4,rel_update,0.00038790801670096425
leaky,d44b615a-9dc4-4db8-9202-527cb54cbd06,lm_head,5,grad_l2,0.37171386759440955
leaky,d44b615a-9dc4-4db8-9202-527cb54cbd06,lm_head,5,rel_update,0.007278575645095811
leaky,d44b615a-9dc4-4db8-9202-527cb54cbd06,final_norm,5,grad_l2,0.02808422850863414
leaky,d44b615a-9dc4-4db8-9202-527cb54cbd06,final_norm,5,rel_update,0.0012573457772864372
leaky,d44b615a-9dc4-4db8-9202-527cb54cbd06,blocks.layers.3.linear2,5,grad_l2,0.03992450523714367
leaky,d44b615a-9dc4-4db8-9202-527cb54cbd06,blocks.layers.3.linear2,5,rel_update,0.001937135195445925
leaky,d44b615a-9dc4-4db8-9202-527cb54cbd06,blocks.layers.3.linear1,5,grad_l2,0.04142857000296851
leaky,d44b615a-9dc4-4db8-9202-527cb54cbd06,blocks.layers.3.linear1,5,rel_update,0.0020057356139813525
leaky,d44b615a-9dc4-4db8-9202-527cb54cbd06,blocks.layers.3.norm2,5,grad_l2,0.004361381831936647
leaky,d44b615a-9dc4-4db8-9202-527cb54cbd06,blocks.layers.3.norm2,5,rel_update,0.00016666728621863664
leaky,d44b615a-9dc4-4db8-9202-527cb54cbd06,blocks.layers.3.self_attn,5,grad_l2,0.037220982885000635
leaky,d44b615a-9dc4-4db8-9202-527cb54cbd06,blocks.layers.3.self_attn,5,rel_update,0.001869605443500586
leaky,d44b615a-9dc4-4db8-9202-527cb54cbd06,blocks.layers.3.norm1,5,grad_l2,0.0037748899146602243
leaky,d44b615a-9dc4-4db8-9202-527cb54cbd06,blocks.layers.3.norm1,5,rel_update,0.00013002677185357519
leaky,d44b615a-9dc4-4db8-9202-527cb54cbd06,blocks.layers.2.linear2,5,grad_l2,0.03681404278561119
leaky,d44b615a-9dc4-4db8-9202-527cb54cbd06,blocks.layers.2.linear2,5,rel_update,0.0017853651037382583
leaky,d44b615a-9dc4-4db8-9202-527cb54cbd06,blocks.layers.2.linear1,5,grad_l2,0.03612169683810619
leaky,d44b615a-9dc4-4db8-9202-527cb54cbd06,blocks.layers.2.linear1,5,rel_update,0.0017493608947890607
leaky,d44b615a-9dc4-4db8-9202-527cb54cbd06,blocks.layers.2.norm2,5,grad_l2,0.002934546254855574
leaky,d44b615a-9dc4-4db8-9202-527cb54cbd06,blocks.layers.2.norm2,5,rel_update,0.00011291696930259853
leaky,d44b615a-9dc4-4db8-9202-527cb54cbd06,blocks.layers.2.self_attn,5,grad_l2,0.03659798229595212
leaky,d44b615a-9dc4-4db8-9202-527cb54cbd06,blocks.layers.2.self_attn,5,rel_update,0.0018404139846980468
leaky,d44b615a-9dc4-4db8-9202-527cb54cbd06,blocks.layers.2.norm1,5,grad_l2,0.0037738619763830875
leaky,d44b615a-9dc4-4db8-9202-527cb54cbd06,blocks.layers.2.norm1,5,rel_update,0.00011934498063492519
leaky,d44b615a-9dc4-4db8-9202-527cb54cbd06,blocks.layers.1.linear2,5,grad_l2,0.04321474735319431
leaky,d44b615a-9dc4-4db8-9202-527cb54cbd06,blocks.layers.1.linear2,5,rel_update,0.0021046872586137876
leaky,d44b615a-9dc4-4db8-9202-527cb54cbd06,blocks.layers.1.linear1,5,grad_l2,0.04123791233978043
leaky,d44b615a-9dc4-4db8-9202-527cb54cbd06,blocks.layers.1.linear1,5,rel_update,0.002004162010708812
leaky,d44b615a-9dc4-4db8-9202-527cb54cbd06,blocks.layers.1.norm2,5,grad_l2,0.003520255627486214
leaky,d44b615a-9dc4-4db8-9202-527cb54cbd06,blocks.layers.1.norm2,5,rel_update,0.00013447453074667094
leaky,d44b615a-9dc4-4db8-9202-527cb54cbd06,blocks.layers.1.self_attn,5,grad_l2,0.04482424707710722
leaky,d44b615a-9dc4-4db8-9202-527cb54cbd06,blocks.layers.1.self_attn,5,rel_update,0.002261334443229349
leaky,d44b615a-9dc4-4db8-9202-527cb54cbd06,blocks.layers.1.norm1,5,grad_l2,0.004741657459607872
leaky,d44b615a-9dc4-4db8-9202-527cb54cbd06,blocks.layers.1.norm1,5,rel_update,0.0001425406663218613
leaky,d44b615a-9dc4-4db8-9202-527cb54cbd06,blocks.layers.0.linear2,5,grad_l2,0.0855000819509046
leaky,d44b615a-9dc4-4db8-9202-527cb54cbd06,blocks.layers.0.linear2,5,rel_update,0.004108151270485371
leaky,d44b615a-9dc4-4db8-9202-527cb54cbd06,blocks.layers.0.linear1,5,grad_l2,0.072754783820344
leaky,d44b615a-9dc4-4db8-9202-527cb54cbd06,blocks.layers.0.linear1,5,rel_update,0.003459391158932959
leaky,d44b615a-9dc4-4db8-9202-527cb54cbd06,blocks.layers.0.norm2,5,grad_l2,0.008570772641175877
leaky,d44b615a-9dc4-4db8-9202-527cb54cbd06,blocks.layers.0.norm2,5,rel_update,0.0003043431429193534
leaky,d44b615a-9dc4-4db8-9202-527cb54cbd06,blocks.layers.0.self_attn,5,grad_l2,0.13816331822487954
leaky,d44b615a-9dc4-4db8-9202-527cb54cbd06,blocks.layers.0.self_attn,5,rel_update,0.0067699693057550634
leaky,d44b615a-9dc4-4db8-9202-527cb54cbd06,blocks.layers.0.norm1,5,grad_l2,0.025916449563447862
leaky,d44b615a-9dc4-4db8-9202-527cb54cbd06,blocks.layers.0.norm1,5,rel_update,0.0004245541866936201
leaky,d44b615a-9dc4-4db8-9202-527cb54cbd06,lm_head,6,grad_l2,0.355638295889325
leaky,d44b615a-9dc4-4db8-9202-527cb54cbd06,lm_head,6,rel_update,0.006423337238743229
leaky,d44b615a-9dc4-4db8-9202-527cb54cbd06,final_norm,6,grad_l2,0.027279371020865594
leaky,d44b615a-9dc4-4db8-9202-527cb54cbd06,final_norm,6,rel_update,0.0012127519907840446
leaky,d44b615a-9dc4-4db8-9202-527cb54cbd06,blocks.layers.3.linear2,6,grad_l2,0.04205957956278788
leaky,d44b615a-9dc4-4db8-9202-527cb54cbd06,blocks.layers.3.linear2,6,rel_update,0.002039344849221358
leaky,d44b615a-9dc4-4db8-9202-527cb54cbd06,blocks.layers.3.linear1,6,grad_l2,0.04417311022618559
leaky,d44b615a-9dc4-4db8-9202-527cb54cbd06,blocks.layers.3.linear1,6,rel_update,0.002136493678256441
leaky,d44b615a-9dc4-4db8-9202-527cb54cbd06,blocks.layers.3.norm2,6,grad_l2,0.00464566932174761
leaky,d44b615a-9dc4-4db8-9202-527cb54cbd06,blocks.layers.3.norm2,6,rel_update,0.00018004216898359832
leaky,d44b615a-9dc4-4db8-9202-527cb54cbd06,blocks.layers.3.self_attn,6,grad_l2,0.04008351663763612
leaky,d44b615a-9dc4-4db8-9202-527cb54cbd06,blocks.layers.3.self_attn,6,rel_update,0.00200942396051362
leaky,d44b615a-9dc4-4db8-9202-527cb54cbd06,blocks.layers.3.norm1,6,grad_l2,0.004050366325165521
leaky,d44b615a-9dc4-4db8-9202-527cb54cbd06,blocks.layers.3.norm1,6,rel_update,0.00014332065188453816
leaky,d44b615a-9dc4-4db8-9202-527cb54cbd06,blocks.layers.2.linear2,6,grad_l2,0.038343304211627675
leaky,d44b615a-9dc4-4db8-9202-527cb54cbd06,blocks.layers.2.linear2,6,rel_update,0.001857367892993671
leaky,d44b615a-9dc4-4db8-9202-527cb54cbd06,blocks.layers.2.linear1,6,grad_l2,0.0384168009537786
leaky,d44b615a-9dc4-4db8-9202-527cb54cbd06,blocks.layers.2.linear1,6,rel_update,0.0018581434965846406
leaky,d44b615a-9dc4-4db8-9202-527cb54cbd06,blocks.layers.2.norm2,6,grad_l2,0.003045838831965067
leaky,d44b615a-9dc4-4db8-9202-527cb54cbd06,blocks.layers.2.norm2,6,rel_update,0.00011883178384297839
leaky,d44b615a-9dc4-4db8-9202-527cb54cbd06,blocks.layers.2.self_attn,6,grad_l2,0.039501772656484815
leaky,d44b615a-9dc4-4db8-9202-527cb54cbd06,blocks.layers.2.self_attn,6,rel_update,0.0019843945958928273
leaky,d44b615a-9dc4-4db8-9202-527cb54cbd06,blocks.layers.2.norm1,6,grad_l2,0.00399260208508635
leaky,d44b615a-9dc4-4db8-9202-527cb54cbd06,blocks.layers.2.norm1,6,rel_update,0.00012974253006280015
leaky,d44b615a-9dc4-4db8-9202-527cb54cbd06,blocks.layers.1.linear2,6,grad_l2,0.044592136886508406
leaky,d44b615a-9dc4-4db8-9202-527cb54cbd06,blocks.layers.1.linear2,6,rel_update,0.0021709814281601508
leaky,d44b615a-9dc4-4db8-9202-527cb54cbd06,blocks.layers.1.linear1,6,grad_l2,0.043684704462547644
leaky,d44b615a-9dc4-4db8-9202-527cb54cbd06,blocks.layers.1.linear1,6,rel_update,0.002122326139687703
leaky,d44b615a-9dc4-4db8-9202-527cb54cbd06,blocks.layers.1.norm2,6,grad_l2,0.003630546064989462
leaky,d44b615a-9dc4-4db8-9202-527cb54cbd06,blocks.layers.1.norm2,6,rel_update,0.000140718732521454
leaky,d44b615a-9dc4-4db8-9202-527cb54cbd06,blocks.layers.1.self_attn,6,grad_l2,0.047362080694125945
leaky,d44b615a-9dc4-4db8-9202-527cb54cbd06,blocks.layers.1.self_attn,6,rel_update,0.0023892385433739146
leaky,d44b615a-9dc4-4db8-9202-527cb54cbd06,blocks.layers.1.norm1,6,grad_l2,0.004962716070635097
leaky,d44b615a-9dc4-4db8-9202-527cb54cbd06,blocks.layers.1.norm1,6,rel_update,0.00015173668541679442
leaky,d44b615a-9dc4-4db8-9202-527cb54cbd06,blocks.layers.0.linear2,6,grad_l2,0.08976225111049956
leaky,d44b615a-9dc4-4db8-9202-527cb54cbd06,blocks.layers.0.linear2,6,rel_update,0.004306561341541368
leaky,d44b615a-9dc4-4db8-9202-527cb54cbd06,blocks.layers.0.linear1,6,grad_l2,0.07839080468854116
leaky,d44b615a-9dc4-4db8-9202-527cb54cbd06,blocks.layers.0.linear1,6,rel_update,0.0037209340645377714
leaky,d44b615a-9dc4-4db8-9202-527cb54cbd06,blocks.layers.0.norm2,6,grad_l2,0.008937717850145506
leaky,d44b615a-9dc4-4db8-9202-527cb54cbd06,blocks.layers.0.norm2,6,rel_update,0.0003244038275040037
leaky,d44b615a-9dc4-4db8-9202-527cb54cbd06,blocks.layers.0.self_attn,6,grad_l2,0.14799665983376334
leaky,d44b615a-9dc4-4db8-9202-527cb54cbd06,blocks.layers.0.self_attn,6,rel_update,0.0072210348716016046
leaky,d44b615a-9dc4-4db8-9202-527cb54cbd06,blocks.layers.0.norm1,6,grad_l2,0.026686065441952997
leaky,d44b615a-9dc4-4db8-9202-527cb54cbd06,blocks.layers.0.norm1,6,rel_update,0.0004566627804498122
leaky,d44b615a-9dc4-4db8-9202-527cb54cbd06,lm_head,7,grad_l2,0.343623544245269
leaky,d44b615a-9dc4-4db8-9202-527cb54cbd06,lm_head,7,rel_update,0.005778934031201544
leaky,d44b615a-9dc4-4db8-9202-527cb54cbd06,final_norm,7,grad_l2,0.026704174311719963
leaky,d44b615a-9dc4-4db8-9202-527cb54cbd06,final_norm,7,rel_update,0.001181313803553434
leaky,d44b615a-9dc4-4db8-9202-527cb54cbd06,blocks.layers.3.linear2,7,grad_l2,0.04360803655680462
leaky,d44b615a-9dc4-4db8-9202-527cb54cbd06,blocks.layers.3.linear2,7,rel_update,0.002113547197651847
leaky,d44b615a-9dc4-4db8-9202-527cb54cbd06,blocks.layers.3.linear1,7,grad_l2,0.0463819164681457
leaky,d44b615a-9dc4-4db8-9202-527cb54cbd06,blocks.layers.3.linear1,7,rel_update,0.0022417910782945786
leaky,d44b615a-9dc4-4db8-9202-527cb54cbd06,blocks.layers.3.norm2,7,grad_l2,0.004836047457827909
leaky,d44b615a-9dc4-4db8-9202-527cb54cbd06,blocks.layers.3.norm2,7,rel_update,0.0001902435717883513
leaky,d44b615a-9dc4-4db8-9202-527cb54cbd06,blocks.layers.3.self_attn,7,grad_l2,0.04241968380987572
leaky,d44b615a-9dc4-4db8-9202-527cb54cbd06,blocks.layers.3.self_attn,7,rel_update,0.002123104899166191
leaky,d44b615a-9dc4-4db8-9202-527cb54cbd06,blocks.layers.3.norm1,7,grad_l2,0.00425588491782397
leaky,d44b615a-9dc4-4db8-9202-527cb54cbd06,blocks.layers.3.norm1,7,rel_update,0.00015418589473757948
leaky,d44b615a-9dc4-4db8-9202-527cb54cbd06,blocks.layers.2.linear2,7,grad_l2,0.0395499666848701
leaky,d44b615a-9dc4-4db8-9202-527cb54cbd06,blocks.layers.2.linear2,7,rel_update,0.0019142782729112552
leaky,d44b615a-9dc4-4db8-9202-527cb54cbd06,blocks.layers.2.linear1,7,grad_l2,0.04039319460135861
leaky,d44b615a-9dc4-4db8-9202-527cb54cbd06,blocks.layers.2.linear1,7,rel_update,0.0019519322142913294
leaky,d44b615a-9dc4-4db8-9202-527cb54cbd06,blocks.layers.2.norm2,7,grad_l2,0.003128883174423222
leaky,d44b615a-9dc4-4db8-9202-527cb54cbd06,blocks.layers.2.norm2,7,rel_update,0.00012386559365438744
leaky,d44b615a-9dc4-4db8-9202-527cb54cbd06,blocks.layers.2.self_attn,7,grad_l2,0.04195734766039811
leaky,d44b615a-9dc4-4db8-9202-527cb54cbd06,blocks.layers.2.self_attn,7,rel_update,0.0021061858520215466
leaky,d44b615a-9dc4-4db8-9202-527cb54cbd06,blocks.layers.2.norm1,7,grad_l2,0.004156846070122851
leaky,d44b615a-9dc4-4db8-9202-527cb54cbd06,blocks.layers.2.norm1,7,rel_update,0.00013872167664654518
leaky,d44b615a-9dc4-4db8-9202-527cb54cbd06,blocks.layers.1.linear2,7,grad_l2,0.04567767852905629
leaky,d44b615a-9dc4-4db8-9202-527cb54cbd06,blocks.layers.1.linear2,7,rel_update,0.002223541672657429
leaky,d44b615a-9dc4-4db8-9202-527cb54cbd06,blocks.layers.1.linear1,7,grad_l2,0.04578453768001682
leaky,d44b615a-9dc4-4db8-9202-527cb54cbd06,blocks.layers.1.linear1,7,rel_update,0.002223996570825205
leaky,d44b615a-9dc4-4db8-9202-527cb54cbd06,blocks.layers.1.norm2,7,grad_l2,0.0037140800016381595
leaky,d44b615a-9dc4-4db8-9202-527cb54cbd06,blocks.layers.1.norm2,7,rel_update,0.00014608659774319196
leaky,d44b615a-9dc4-4db8-9202-527cb54cbd06,blocks.layers.1.self_attn,7,grad_l2,0.049395595410883036
leaky,d44b615a-9dc4-4db8-9202-527cb54cbd06,blocks.layers.1.self_attn,7,rel_update,0.0024920347037050263
leaky,d44b615a-9dc4-4db8-9202-527cb54cbd06,blocks.layers.1.norm1,7,grad_l2,0.005115185564758375
leaky,d44b615a-9dc4-4db8-9202-527cb54cbd06,blocks.layers.1.norm1,7,rel_update,0.0001586901938641186
leaky,d44b615a-9dc4-4db8-9202-527cb54cbd06,blocks.layers.0.linear2,7,grad_l2,0.09294300113632809
leaky,d44b615a-9dc4-4db8-9202-527cb54cbd06,blocks.layers.0.linear2,7,rel_update,0.004454849174875191
leaky,d44b615a-9dc4-4db8-9202-527cb54cbd06,blocks.layers.0.linear1,7,grad_l2,0.0831159406831727
leaky,d44b615a-9dc4-4db8-9202-527cb54cbd06,blocks.layers.0.linear1,7,rel_update,0.0039409078738757335
leaky,d44b615a-9dc4-4db8-9202-527cb54cbd06,blocks.layers.0.norm2,7,grad_l2,0.009192178338165945
leaky,d44b615a-9dc4-4db8-9202-527cb54cbd06,blocks.layers.0.norm2,7,rel_update,0.0003402356770862024
leaky,d44b615a-9dc4-4db8-9202-527cb54cbd06,blocks.layers.0.self_attn,7,grad_l2,0.15625669602740827
leaky,d44b615a-9dc4-4db8-9202-527cb54cbd06,blocks.layers.0.self_attn,7,rel_update,0.007596831181119055
leaky,d44b615a-9dc4-4db8-9202-527cb54cbd06,blocks.layers.0.norm1,7,grad_l2,0.02710411151874356
leaky,d44b615a-9dc4-4db8-9202-527cb54cbd06,blocks.layers.0.norm1,7,rel_update,0.0004839162731681132
leaky,d44b615a-9dc4-4db8-9202-527cb54cbd06,lm_head,8,grad_l2,0.3340739544529649
leaky,d44b615a-9dc4-4db8-9202-527cb54cbd06,lm_head,8,rel_update,0.005275506877575789
leaky,d44b615a-9dc4-4db8-9202-527cb54cbd06,final_norm,8,grad_l2,0.026267633365796402
leaky,d44b615a-9dc4-4db8-9202-527cb54cbd06,final_norm,8,rel_update,0.0011586789570216358
leaky,d44b615a-9dc4-4db8-9202-527cb54cbd06,blocks.layers.3.linear2,8,grad_l2,0.04461290825522675
leaky,d44b615a-9dc4-4db8-9202-527cb54cbd06,blocks.layers.3.linear2,8,rel_update,0.0021617729536343782
leaky,d44b615a-9dc4-4db8-9202-527cb54cbd06,blocks.layers.3.linear1,8,grad_l2,0.04809692659577654
leaky,d44b615a-9dc4-4db8-9202-527cb54cbd06,blocks.layers.3.linear1,8,rel_update,0.002323611017411305
leaky,d44b615a-9dc4-4db8-9202-527cb54cbd06,blocks.layers.3.norm2,8,grad_l2,0.004932578707406705
leaky,d44b615a-9dc4-4db8-9202-527cb54cbd06,blocks.layers.3.norm2,8,rel_update,0.0001976306305160451
leaky,d44b615a-9dc4-4db8-9202-527cb54cbd06,blocks.layers.3.self_attn,8,grad_l2,0.04409989286644179
leaky,d44b615a-9dc4-4db8-9202-527cb54cbd06,blocks.layers.3.self_attn,8,rel_update,0.002204559304245403
leaky,d44b615a-9dc4-4db8-9202-527cb54cbd06,blocks.layers.3.norm1,8,grad_l2,0.004382931310388649
leaky,d44b615a-9dc4-4db8-9202-527cb54cbd06,blocks.layers.3.norm1,8,rel_update,0.00016177476501129376
leaky,d44b615a-9dc4-4db8-9202-527cb54cbd06,blocks.layers.2.linear2,8,grad_l2,0.04040083565263279
leaky,d44b615a-9dc4-4db8-9202-527cb54cbd06,blocks.layers.2.linear2,8,rel_update,0.0019543893215657657
leaky,d44b615a-9dc4-4db8-9202-527cb54cbd06,blocks.layers.2.linear1,8,grad_l2,0.04197903682127462
leaky,d44b615a-9dc4-4db8-9202-527cb54cbd06,blocks.layers.2.linear1,8,rel_update,0.002027217902111908
leaky,d44b615a-9dc4-4db8-9202-527cb54cbd06,blocks.layers.2.norm2,8,grad_l2,0.0031885798715835514
leaky,d44b615a-9dc4-4db8-9202-527cb54cbd06,blocks.layers.2.norm2,8,rel_update,0.00012789883780742648
leaky,d44b615a-9dc4-4db8-9202-527cb54cbd06,blocks.layers.2.self_attn,8,grad_l2,0.043847903782882953
leaky,d44b615a-9dc4-4db8-9202-527cb54cbd06,blocks.layers.2.self_attn,8,rel_update,0.00219997818657324
leaky,d44b615a-9dc4-4db8-9202-527cb54cbd06,blocks.layers.2.norm1,8,grad_l2,0.004269644583272821
leaky,d44b615a-9dc4-4db8-9202-527cb54cbd06,blocks.layers.2.norm1,8,rel_update,0.0001457028944603196
leaky,d44b615a-9dc4-4db8-9202-527cb54cbd06,blocks.layers.1.linear2,8,grad_l2,0.04644069721005739
leaky,d44b615a-9dc4-4db8-9202-527cb54cbd06,blocks.layers.1.linear2,8,rel_update,0.002260682931112368
leaky,d44b615a-9dc4-4db8-9202-527cb54cbd06,blocks.layers.1.linear1,8,grad_l2,0.04747379932982858
leaky,d44b615a-9dc4-4db8-9202-527cb54cbd06,blocks.layers.1.linear1,8,rel_update,0.0023059354745894253
leaky,d44b615a-9dc4-4db8-9202-527cb54cbd06,blocks.layers.1.norm2,8,grad_l2,0.0037697077932676857
leaky,d44b615a-9dc4-4db8-9202-527cb54cbd06,blocks.layers.1.norm2,8,rel_update,0.0001503120850329367
leaky,d44b615a-9dc4-4db8-9202-527cb54cbd06,blocks.layers.1.self_attn,8,grad_l2,0.05097374309918836
leaky,d44b615a-9dc4-4db8-9202-527cb54cbd06,blocks.layers.1.self_attn,8,rel_update,0.0025720299545740257
leaky,d44b615a-9dc4-4db8-9202-527cb54cbd06,blocks.layers.1.norm1,8,grad_l2,0.0052121963454939595
leaky,d44b615a-9dc4-4db8-9202-527cb54cbd06,blocks.layers.1.norm1,8,rel_update,0.00016407670870758327
leaky,d44b615a-9dc4-4db8-9202-527cb54cbd06,blocks.layers.0.linear2,8,grad_l2,0.09523114084751895
leaky,d44b615a-9dc4-4db8-9202-527cb54cbd06,blocks.layers.0.linear2,8,rel_update,0.004561574377533311
leaky,d44b615a-9dc4-4db8-9202-527cb54cbd06,blocks.layers.0.linear1,8,grad_l2,0.08695397823448238
leaky,d44b615a-9dc4-4db8-9202-527cb54cbd06,blocks.layers.0.linear1,8,rel_update,0.004119947653586064
leaky,d44b615a-9dc4-4db8-9202-527cb54cbd06,blocks.layers.0.norm2,8,grad_l2,0.00936527812942887
leaky,d44b615a-9dc4-4db8-9202-527cb54cbd06,blocks.layers.0.norm2,8,rel_update,0.00035301401211880365
leaky,d44b615a-9dc4-4db8-9202-527cb54cbd06,blocks.layers.0.self_attn,8,grad_l2,0.16289821742441682
leaky,d44b615a-9dc4-4db8-9202-527cb54cbd06,blocks.layers.0.self_attn,8,rel_update,0.007898081598318554
leaky,d44b615a-9dc4-4db8-9202-527cb54cbd06,blocks.layers.0.norm1,8,grad_l2,0.027265037067990428
leaky,d44b615a-9dc4-4db8-9202-527cb54cbd06,blocks.layers.0.norm1,8,rel_update,0.0005062768542681979
leaky,d44b615a-9dc4-4db8-9202-527cb54cbd06,lm_head,9,grad_l2,0.3264036027350035
leaky,d44b615a-9dc4-4db8-9202-527cb54cbd06,lm_head,9,rel_update,0.00487229638425638
leaky,d44b615a-9dc4-4db8-9202-527cb54cbd06,final_norm,9,grad_l2,0.02593827760021215
leaky,d44b615a-9dc4-4db8-9202-527cb54cbd06,final_norm,9,rel_update,0.0011419557336423637
leaky,d44b615a-9dc4-4db8-9202-527cb54cbd06,blocks.layers.3.linear2,9,grad_l2,0.04533222448732625
leaky,d44b615a-9dc4-4db8-9202-527cb54cbd06,blocks.layers.3.linear2,9,rel_update,0.002196332899081431
leaky,d44b615a-9dc4-4db8-9202-527cb54cbd06,blocks.layers.3.linear1,9,grad_l2,0.04944461751612937
leaky,d44b615a-9dc4-4db8-9202-527cb54cbd06,blocks.layers.3.linear1,9,rel_update,0.0023879104141355
leaky,d44b615a-9dc4-4db8-9202-527cb54cbd06,blocks.layers.3.norm2,9,grad_l2,0.004993387204373898
leaky,d44b615a-9dc4-4db8-9202-527cb54cbd06,blocks.layers.3.norm2,9,rel_update,0.00020304042190271468
leaky,d44b615a-9dc4-4db8-9202-527cb54cbd06,blocks.layers.3.self_attn,9,grad_l2,0.04535734152630353
leaky,d44b615a-9dc4-4db8-9202-527cb54cbd06,blocks.layers.3.self_attn,9,rel_update,0.0022654248150613494
leaky,d44b615a-9dc4-4db8-9202-527cb54cbd06,blocks.layers.3.norm1,9,grad_l2,0.004455049590516529
leaky,d44b615a-9dc4-4db8-9202-527cb54cbd06,blocks.layers.3.norm1,9,rel_update,0.0001673016426259321
leaky,d44b615a-9dc4-4db8-9202-527cb54cbd06,blocks.layers.2.linear2,9,grad_l2,0.04102450538796848
leaky,d44b615a-9dc4-4db8-9202-527cb54cbd06,blocks.layers.2.linear2,9,rel_update,0.0019838064263688737
leaky,d44b615a-9dc4-4db8-9202-527cb54cbd06,blocks.layers.2.linear1,9,grad_l2,0.043244440665748805
leaky,d44b615a-9dc4-4db8-9202-527cb54cbd06,blocks.layers.2.linear1,9,rel_update,0.0020873053975229714
leaky,d44b615a-9dc4-4db8-9202-527cb54cbd06,blocks.layers.2.norm2,9,grad_l2,0.003230066400929876
leaky,d44b615a-9dc4-4db8-9202-527cb54cbd06,blocks.layers.2.norm2,9,rel_update,0.00013100884501410603
leaky,d44b615a-9dc4-4db8-9202-527cb54cbd06,blocks.layers.2.self_attn,9,grad_l2,0.04532568627298666
leaky,d44b615a-9dc4-4db8-9202-527cb54cbd06,blocks.layers.2.self_attn,9,rel_update,0.002273334485975183
leaky,d44b615a-9dc4-4db8-9202-527cb54cbd06,blocks.layers.2.norm1,9,grad_l2,0.004340730773450187
leaky,d44b615a-9dc4-4db8-9202-527cb54cbd06,blocks.layers.2.norm1,9,rel_update,0.00015107628740341125
leaky,d44b615a-9dc4-4db8-9202-527cb54cbd06,blocks.layers.1.linear2,9,grad_l2,0.04699956236023255
leaky,d44b615a-9dc4-4db8-9202-527cb54cbd06,blocks.layers.1.linear2,9,rel_update,0.0022880282726689288
leaky,d44b615a-9dc4-4db8-9202-527cb54cbd06,blocks.layers.1.linear1,9,grad_l2,0.04883840850943005
leaky,d44b615a-9dc4-4db8-9202-527cb54cbd06,blocks.layers.1.linear1,9,rel_update,0.0023721809002757613
leaky,d44b615a-9dc4-4db8-9202-527cb54cbd06,blocks.layers.1.norm2,9,grad_l2,0.0038090137302316347
leaky,d44b615a-9dc4-4db8-9202-527cb54cbd06,blocks.layers.1.norm2,9,rel_update,0.00015369649549772942
leaky,d44b615a-9dc4-4db8-9202-527cb54cbd06,blocks.layers.1.self_attn,9,grad_l2,0.052159792537286226
leaky,d44b615a-9dc4-4db8-9202-527cb54cbd06,blocks.layers.1.self_attn,9,rel_update,0.0026323294276462423
leaky,d44b615a-9dc4-4db8-9202-527cb54cbd06,blocks.layers.1.norm1,9,grad_l2,0.005263260878389189
leaky,d44b615a-9dc4-4db8-9202-527cb54cbd06,blocks.layers.1.norm1,9,rel_update,0.0001681327532939
leaky,d44b615a-9dc4-4db8-9202-527cb54cbd06,blocks.layers.0.linear2,9,grad_l2,0.09685471829879722
leaky,d44b615a-9dc4-4db8-9202-527cb54cbd06,blocks.layers.0.linear2,9,rel_update,0.004637243522341533
leaky,d44b615a-9dc4-4db8-9202-527cb54cbd06,blocks.layers.0.linear1,9,grad_l2,0.09003943274524619
leaky,d44b615a-9dc4-4db8-9202-527cb54cbd06,blocks.layers.0.linear1,9,rel_update,0.004264037598881382
leaky,d44b615a-9dc4-4db8-9202-527cb54cbd06,blocks.layers.0.norm2,9,grad_l2,0.009472017348240224
leaky,d44b615a-9dc4-4db8-9202-527cb54cbd06,blocks.layers.0.norm2,9,rel_update,0.0003631718196520598
leaky,d44b615a-9dc4-4db8-9202-527cb54cbd06,blocks.layers.0.self_attn,9,grad_l2,0.1681598584581482
leaky,d44b615a-9dc4-4db8-9202-527cb54cbd06,blocks.layers.0.self_attn,9,rel_update,0.008137052506208558
leaky,d44b615a-9dc4-4db8-9202-527cb54cbd06,blocks.layers.0.norm1,9,grad_l2,0.02726495518555769
leaky,d44b615a-9dc4-4db8-9202-527cb54cbd06,blocks.layers.0.norm1,9,rel_update,0.000524814401943674
leaky,6f584f1d-b3fd-4d8b-82e4-d62fa3efb3dc,lm_head,0,grad_l2,0.9707536929654905
leaky,6f584f1d-b3fd-4d8b-82e4-d62fa3efb3dc,lm_head,0,rel_update,0.035143215151907686
leaky,6f584f1d-b3fd-4d8b-82e4-d62fa3efb3dc,final_norm,0,grad_l2,0.06335352625978713
leaky,6f584f1d-b3fd-4d8b-82e4-d62fa3efb3dc,final_norm,0,rel_update,0.002900967688037162
leaky,6f584f1d-b3fd-4d8b-82e4-d62fa3efb3dc,blocks.layers.3.linear2,0,grad_l2,0.018509520843684766
leaky,6f584f1d-b3fd-4d8b-82e4-d62fa3efb3dc,blocks.layers.3.linear2,0,rel_update,0.0009119428987224659
leaky,6f584f1d-b3fd-4d8b-82e4-d62fa3efb3dc,blocks.layers.3.linear1,0,grad_l2,0.016997984144558647
leaky,6f584f1d-b3fd-4d8b-82e4-d62fa3efb3dc,blocks.layers.3.linear1,0,rel_update,0.0008367793146990739
leaky,6f584f1d-b3fd-4d8b-82e4-d62fa3efb3dc,blocks.layers.3.norm2,0,grad_l2,0.0010994652997010257
leaky,6f584f1d-b3fd-4d8b-82e4-d62fa3efb3dc,blocks.layers.3.norm2,0,rel_update,4.4062201521678684e-05
leaky,6f584f1d-b3fd-4d8b-82e4-d62fa3efb3dc,blocks.layers.3.self_attn,0,grad_l2,0.019326834335919755
leaky,6f584f1d-b3fd-4d8b-82e4-d62fa3efb3dc,blocks.layers.3.self_attn,0,rel_update,0.0009814752601221698
leaky,6f584f1d-b3fd-4d8b-82e4-d62fa3efb3dc,blocks.layers.3.norm1,0,grad_l2,0.001526743916302701
leaky,6f584f1d-b3fd-4d8b-82e4-d62fa3efb3dc,blocks.layers.3.norm1,0,rel_update,5.644942259728838e-05
leaky,6f584f1d-b3fd-4d8b-82e4-d62fa3efb3dc,blocks.layers.2.linear2,0,grad_l2,0.019870904972748463
leaky,6f584f1d-b3fd-4d8b-82e4-d62fa3efb3dc,blocks.layers.2.linear2,0,rel_update,0.000976718794516892
leaky,6f584f1d-b3fd-4d8b-82e4-d62fa3efb3dc,blocks.layers.2.linear1,0,grad_l2,0.01799112911207544
leaky,6f584f1d-b3fd-4d8b-82e4-d62fa3efb3dc,blocks.layers.2.linear1,0,rel_update,0.0008851495418903945
leaky,6f584f1d-b3fd-4d8b-82e4-d62fa3efb3dc,blocks.layers.2.norm2,0,grad_l2,0.0013041409374495215
leaky,6f584f1d-b3fd-4d8b-82e4-d62fa3efb3dc,blocks.layers.2.norm2,0,rel_update,5.149806750635137e-05
leaky,6f584f1d-b3fd-4d8b-82e4-d62fa3efb3dc,blocks.layers.2.self_attn,0,grad_l2,0.01980416302084019
leaky,6f584f1d-b3fd-4d8b-82e4-d62fa3efb3dc,blocks.layers.2.self_attn,0,rel_update,0.0010048146533654337
leaky,6f584f1d-b3fd-4d8b-82e4-d62fa3efb3dc,blocks.layers.2.norm1,0,grad_l2,0.001714083722448805
leaky,6f584f1d-b3fd-4d8b-82e4-d62fa3efb3dc,blocks.layers.2.norm1,0,rel_update,5.958090069799434e-05
leaky,6f584f1d-b3fd-4d8b-82e4-d62fa3efb3dc,blocks.layers.1.linear2,0,grad_l2,0.024462027721590143
leaky,6f584f1d-b3fd-4d8b-82e4-d62fa3efb3dc,blocks.layers.1.linear2,0,rel_update,0.0012037804038928532
leaky,6f584f1d-b3fd-4d8b-82e4-d62fa3efb3dc,blocks.layers.1.linear1,0,grad_l2,0.019770904667999415
leaky,6f584f1d-b3fd-4d8b-82e4-d62fa3efb3dc,blocks.layers.1.linear1,0,rel_update,0.0009718803901409383
leaky,6f584f1d-b3fd-4d8b-82e4-d62fa3efb3dc,blocks.layers.1.norm2,0,grad_l2,0.0016849684338981928
leaky,6f584f1d-b3fd-4d8b-82e4-d62fa3efb3dc,blocks.layers.1.norm2,0,rel_update,6.272336090798831e-05
leaky,6f584f1d-b3fd-4d8b-82e4-d62fa3efb3dc,blocks.layers.1.self_attn,0,grad_l2,0.02473727716998241
leaky,6f584f1d-b3fd-4d8b-82e4-d62fa3efb3dc,blocks.layers.1.self_attn,0,rel_update,0.0012520888758792992
leaky,6f584f1d-b3fd-4d8b-82e4-d62fa3efb3dc,blocks.layers.1.norm1,0,grad_l2,0.0023218307422921917
leaky,6f584f1d-b3fd-4d8b-82e4-d62fa3efb3dc,blocks.layers.1.norm1,0,rel_update,7.132277927376873e-05
leaky,6f584f1d-b3fd-4d8b-82e4-d62fa3efb3dc,blocks.layers.0.linear2,0,grad_l2,0.03605874195922356
leaky,6f584f1d-b3fd-4d8b-82e4-d62fa3efb3dc,blocks.layers.0.linear2,0,rel_update,0.0017673221411702701
leaky,6f584f1d-b3fd-4d8b-82e4-d62fa3efb3dc,blocks.layers.0.linear1,0,grad_l2,0.023610047686169342
leaky,6f584f1d-b3fd-4d8b-82e4-d62fa3efb3dc,blocks.layers.0.linear1,0,rel_update,0.001152396231114442
leaky,6f584f1d-b3fd-4d8b-82e4-d62fa3efb3dc,blocks.layers.0.norm2,0,grad_l2,0.0028114382825895276
leaky,6f584f1d-b3fd-4d8b-82e4-d62fa3efb3dc,blocks.layers.0.norm2,0,rel_update,8.734319060553752e-05
leaky,6f584f1d-b3fd-4d8b-82e4-d62fa3efb3dc,blocks.layers.0.self_attn,0,grad_l2,0.04036305453899145
leaky,6f584f1d-b3fd-4d8b-82e4-d62fa3efb3dc,blocks.layers.0.self_attn,0,rel_update,0.0019699025167114453
leaky,6f584f1d-b3fd-4d8b-82e4-d62fa3efb3dc,blocks.layers.0.norm1,0,grad_l2,0.008093016495163847
leaky,6f584f1d-b3fd-4d8b-82e4-d62fa3efb3dc,blocks.layers.0.norm1,0,rel_update,0.00012452606718345608
leaky,6f584f1d-b3fd-4d8b-82e4-d62fa3efb3dc,lm_head,1,grad_l2,0.6096716972591614
leaky,6f584f1d-b3fd-4d8b-82e4-d62fa3efb3dc,lm_head,1,rel_update,0.018930338235909287
leaky,6f584f1d-b3fd-4d8b-82e4-d62fa3efb3dc,final_norm,1,grad_l2,0.04125992315498737
leaky,6f584f1d-b3fd-4d8b-82e4-d62fa3efb3dc,final_norm,1,rel_update,0.001916713027300495
leaky,6f584f1d-b3fd-4d8b-82e4-d62fa3efb3dc,blocks.layers.3.linear2,1,grad_l2,0.022155577711600403
leaky,6f584f1d-b3fd-4d8b-82e4-d62fa3efb3dc,blocks.layers.3.linear2,1,rel_update,0.0010854848049868197
leaky,6f584f1d-b3fd-4d8b-82e4-d62fa3efb3dc,blocks.layers.3.linear1,1,grad_l2,0.022327389929148567
leaky,6f584f1d-b3fd-4d8b-82e4-d62fa3efb3dc,blocks.layers.3.linear1,1,rel_update,0.0010931797081087911
leaky,6f584f1d-b3fd-4d8b-82e4-d62fa3efb3dc,blocks.layers.3.norm2,1,grad_l2,0.0017858766029136997
leaky,6f584f1d-b3fd-4d8b-82e4-d62fa3efb3dc,blocks.layers.3.norm2,1,rel_update,6.922264981380739e-05
leaky,6f584f1d-b3fd-4d8b-82e4-d62fa3efb3dc,blocks.layers.3.self_attn,1,grad_l2,0.02198454044437308
leaky,6f584f1d-b3fd-4d8b-82e4-d62fa3efb3dc,blocks.layers.3.self_attn,1,rel_update,0.0011147017288629948
leaky,6f584f1d-b3fd-4d8b-82e4-d62fa3efb3dc,blocks.layers.3.norm1,1,grad_l2,0.002003892128668145
leaky,6f584f1d-b3fd-4d8b-82e4-d62fa3efb3dc,blocks.layers.3.norm1,1,rel_update,6.545195812755029e-05
leaky,6f584f1d-b3fd-4d8b-82e4-d62fa3efb3dc,blocks.layers.2.linear2,1,grad_l2,0.02440709202439315
leaky,6f584f1d-b3fd-4d8b-82e4-d62fa3efb3dc,blocks.layers.2.linear2,1,rel_update,0.0011941112346409005
leaky,6f584f1d-b3fd-4d8b-82e4-d62fa3efb3dc,blocks.layers.2.linear1,1,grad_l2,0.023023495840787014
leaky,6f584f1d-b3fd-4d8b-82e4-d62fa3efb3dc,blocks.layers.2.linear1,1,rel_update,0.0011270824898705824
leaky,6f584f1d-b3fd-4d8b-82e4-d62fa3efb3dc,blocks.layers.2.norm2,1,grad_l2,0.001886178961141259
leaky,6f584f1d-b3fd-4d8b-82e4-d62fa3efb3dc,blocks.layers.2.norm2,1,rel_update,7.195714207745293e-05
leaky,6f584f1d-b3fd-4d8b-82e4-d62fa3efb3dc,blocks.layers.2.self_attn,1,grad_l2,0.023068299363609858
leaky,6f584f1d-b3fd-4d8b-82e4-d62fa3efb3dc,blocks.layers.2.self_attn,1,rel_update,0.0011682020763431969
leaky,6f584f1d-b3fd-4d8b-82e4-d62fa3efb3dc,blocks.layers.2.norm1,1,grad_l2,0.002260094347668284
leaky,6f584f1d-b3fd-4d8b-82e4-d62fa3efb3dc,blocks.layers.2.norm1,1,rel_update,7.07195150274153e-05
leaky,6f584f1d-b3fd-4d8b-82e4-d62fa3efb3dc,blocks.layers.1.linear2,1,grad_l2,0.030472428893305467
leaky,6f584f1d-b3fd-4d8b-82e4-d62fa3efb3dc,blocks.layers.1.linear2,1,rel_update,0.001494061021208721
leaky,6f584f1d-b3fd-4d8b-82e4-d62fa3efb3dc,blocks.layers.1.linear1,1,grad_l2,0.02638883826268171
leaky,6f584f1d-b3fd-4d8b-82e4-d62fa3efb3dc,blocks.layers.1.linear1,1,rel_update,0.001291545710606458
leaky,6f584f1d-b3fd-4d8b-82e4-d62fa3efb3dc,blocks.layers.1.norm2,1,grad_l2,0.0024257936059984735
leaky,6f584f1d-b3fd-4d8b-82e4-d62fa3efb3dc,blocks.layers.1.norm2,1,rel_update,9.027643951606688e-05
leaky,6f584f1d-b3fd-4d8b-82e4-d62fa3efb3dc,blocks.layers.1.self_attn,1,grad_l2,0.02996880111892082
leaky,6f584f1d-b3fd-4d8b-82e4-d62fa3efb3dc,blocks.layers.1.self_attn,1,rel_update,0.0015145784443294725
leaky,6f584f1d-b3fd-4d8b-82e4-d62fa3efb3dc,blocks.layers.1.norm1,1,grad_l2,0.00306959302724377
leaky,6f584f1d-b3fd-4d8b-82e4-d62fa3efb3dc,blocks.layers.1.norm1,1,rel_update,8.868157685714006e-05
leaky,6f584f1d-b3fd-4d8b-82e4-d62fa3efb3dc,blocks.layers.0.linear2,1,grad_l2,0.05115295792067134
leaky,6f584f1d-b3fd-4d8b-82e4-d62fa3efb3dc,blocks.layers.0.linear2,1,rel_update,0.0024920061110034783
leaky,6f584f1d-b3fd-4d8b-82e4-d62fa3efb3dc,blocks.layers.0.linear1,1,grad_l2,0.039329673963603595
leaky,6f584f1d-b3fd-4d8b-82e4-d62fa3efb3dc,blocks.layers.0.linear1,1,rel_update,0.001904053507043638
leaky,6f584f1d-b3fd-4d8b-82e4-d62fa3efb3dc,blocks.layers.0.norm2,1,grad_l2,0.00492576104043975
leaky,6f584f1d-b3fd-4d8b-82e4-d62fa3efb3dc,blocks.layers.0.norm2,1,rel_update,0.00016565291263418667
leaky,6f584f1d-b3fd-4d8b-82e4-d62fa3efb3dc,blocks.layers.0.self_attn,1,grad_l2,0.07569138920736379
leaky,6f584f1d-b3fd-4d8b-82e4-d62fa3efb3dc,blocks.layers.0.self_attn,1,rel_update,0.0037513418328182007
leaky,6f584f1d-b3fd-4d8b-82e4-d62fa3efb3dc,blocks.layers.0.norm1,1,grad_l2,0.014638964145180159
leaky,6f584f1d-b3fd-4d8b-82e4-d62fa3efb3dc,blocks.layers.0.norm1,1,rel_update,0.00023271903504162603
leaky,6f584f1d-b3fd-4d8b-82e4-d62fa3efb3dc,lm_head,2,grad_l2,0.48994517683417205
leaky,6f584f1d-b3fd-4d8b-82e4-d62fa3efb3dc,lm_head,2,rel_update,0.01323143470888834
leaky,6f584f1d-b3fd-4d8b-82e4-d62fa3efb3dc,final_norm,2,grad_l2,0.034171388683176075
leaky,6f584f1d-b3fd-4d8b-82e4-d62fa3efb3dc,final_norm,2,rel_update,0.0015844069897969272
leaky,6f584f1d-b3fd-4d8b-82e4-d62fa3efb3dc,blocks.layers.3.linear2,2,grad_l2,0.027248395799888307
leaky,6f584f1d-b3fd-4d8b-82e4-d62fa3efb3dc,blocks.layers.3.linear2,2,rel_update,0.0013300245234103955
leaky,6f584f1d-b3fd-4d8b-82e4-d62fa3efb3dc,blocks.layers.3.linear1,2,grad_l2,0.028147633050537184
leaky,6f584f1d-b3fd-4d8b-82e4-d62fa3efb3dc,blocks.layers.3.linear1,2,rel_update,0.0013719761464205595
leaky,6f584f1d-b3fd-4d8b-82e4-d62fa3efb3dc,blocks.layers.3.norm2,2,grad_l2,0.002588973409327253
leaky,6f584f1d-b3fd-4d8b-82e4-d62fa3efb3dc,blocks.layers.3.norm2,2,rel_update,9.918077440788967e-05
leaky,6f584f1d-b3fd-4d8b-82e4-d62fa3efb3dc,blocks.layers.3.self_attn,2,grad_l2,0.024997242580522213
leaky,6f584f1d-b3fd-4d8b-82e4-d62fa3efb3dc,blocks.layers.3.self_attn,2,rel_update,0.0012654702023426308
leaky,6f584f1d-b3fd-4d8b-82e4-d62fa3efb3dc,blocks.layers.3.norm1,2,grad_l2,0.0024118909931063783
leaky,6f584f1d-b3fd-4d8b-82e4-d62fa3efb3dc,blocks.layers.3.norm1,2,rel_update,7.653055133322624e-05
leaky,6f584f1d-b3fd-4d8b-82e4-d62fa3efb3dc,blocks.layers.2.linear2,2,grad_l2,0.02826127573669064
leaky,6f584f1d-b3fd-4d8b-82e4-d62fa3efb3dc,blocks.layers.2.linear2,2,rel_update,0.001378211096830426
leaky,6f584f1d-b3fd-4d8b-82e4-d62fa3efb3dc,blocks.layers.2.linear1,2,grad_l2,0.02702526500415422
leaky,6f584f1d-b3fd-4d8b-82e4-d62fa3efb3dc,blocks.layers.2.linear1,2,rel_update,0.0013180739686826269
leaky,6f584f1d-b3fd-4d8b-82e4-d62fa3efb3dc,blocks.layers.2.norm2,2,grad_l2,0.002265367943513403
leaky,6f584f1d-b3fd-4d8b-82e4-d62fa3efb3dc,blocks.layers.2.norm2,2,rel_update,8.592335660243176e-05
leaky,6f584f1d-b3fd-4d8b-82e4-d62fa3efb3dc,blocks.layers.2.self_attn,2,grad_l2,0.027515129170955183
leaky,6f584f1d-b3fd-4d8b-82e4-d62fa3efb3dc,blocks.layers.2.self_attn,2,rel_update,0.0013918138607169604
leaky,6f584f1d-b3fd-4d8b-82e4-d62fa3efb3dc,blocks.layers.2.norm1,2,grad_l2,0.0027600372684659638
leaky,6f584f1d-b3fd-4d8b-82e4-d62fa3efb3dc,blocks.layers.2.norm1,2,rel_update,8.706929702093072e-05
leaky,6f584f1d-b3fd-4d8b-82e4-d62fa3efb3dc,blocks.layers.1.linear2,2,grad_l2,0.03476304282011132
leaky,6f584f1d-b3fd-4d8b-82e4-d62fa3efb3dc,blocks.layers.1.linear2,2,rel_update,0.001700620460822827
leaky,6f584f1d-b3fd-4d8b-82e4-d62fa3efb3dc,blocks.layers.1.linear1,2,grad_l2,0.03127082930924764
leaky,6f584f1d-b3fd-4d8b-82e4-d62fa3efb3dc,blocks.layers.1.linear1,2,rel_update,0.0015263595889141528
leaky,6f584f1d-b3fd-4d8b-82e4-d62fa3efb3dc,blocks.layers.1.norm2,2,grad_l2,0.0028354344012851813
leaky,6f584f1d-b3fd-4d8b-82e4-d62fa3efb3dc,blocks.layers.1.norm2,2,rel_update,0.00010609331946898442
leaky,6f584f1d-b3fd-4d8b-82e4-d62fa3efb3dc,blocks.layers.1.self_attn,2,grad_l2,0.03447814177815105
leaky,6f584f1d-b3fd-4d8b-82e4-d62fa3efb3dc,blocks.layers.1.self_attn,2,rel_update,0.0017411192873432245
leaky,6f584f1d-b3fd-4d8b-82e4-d62fa3efb3dc,blocks.layers.1.norm1,2,grad_l2,0.0036207877187316197
leaky,6f584f1d-b3fd-4d8b-82e4-d62fa3efb3dc,blocks.layers.1.norm1,2,rel_update,0.0001040468128908076
leaky,6f584f1d-b3fd-4d8b-82e4-d62fa3efb3dc,blocks.layers.0.linear2,2,grad_l2,0.062337149529749315
leaky,6f584f1d-b3fd-4d8b-82e4-d62fa3efb3dc,blocks.layers.0.linear2,2,rel_update,0.0030223731209767807
leaky,6f584f1d-b3fd-4d8b-82e4-d62fa3efb3dc,blocks.layers.0.linear1,2,grad_l2,0.050031992415872854
leaky,6f584f1d-b3fd-4d8b-82e4-d62fa3efb3dc,blocks.layers.0.linear1,2,rel_update,0.0024074560999191334
leaky,6f584f1d-b3fd-4d8b-82e4-d62fa3efb3dc,blocks.layers.0.norm2,2,grad_l2,0.00623281829666231
leaky,6f584f1d-b3fd-4d8b-82e4-d62fa3efb3dc,blocks.layers.0.norm2,2,rel_update,0.0002135242565605275
leaky,6f584f1d-b3fd-4d8b-82e4-d62fa3efb3dc,blocks.layers.0.self_attn,2,grad_l2,0.09599341089051376
leaky,6f584f1d-b3fd-4d8b-82e4-d62fa3efb3dc,blocks.layers.0.self_attn,2,rel_update,0.0047622835468727155
leaky,6f584f1d-b3fd-4d8b-82e4-d62fa3efb3dc,blocks.layers.0.norm1,2,grad_l2,0.018964657104097157
leaky,6f584f1d-b3fd-4d8b-82e4-d62fa3efb3dc,blocks.layers.0.norm1,2,rel_update,0.00029596855696782556
leaky,6f584f1d-b3fd-4d8b-82e4-d62fa3efb3dc,lm_head,3,grad_l2,0.4310994934675108
leaky,6f584f1d-b3fd-4d8b-82e4-d62fa3efb3dc,lm_head,3,rel_update,0.010310776926635524
leaky,6f584f1d-b3fd-4d8b-82e4-d62fa3efb3dc,final_norm,3,grad_l2,0.03103143536316822
leaky,6f584f1d-b3fd-4d8b-82e4-d62fa3efb3dc,final_norm,3,rel_update,0.0014214806860533503
leaky,6f584f1d-b3fd-4d8b-82e4-d62fa3efb3dc,blocks.layers.3.linear2,3,grad_l2,0.03217954559148584
leaky,6f584f1d-b3fd-4d8b-82e4-d62fa3efb3dc,blocks.layers.3.linear2,3,rel_update,0.0015665099663274389
leaky,6f584f1d-b3fd-4d8b-82e4-d62fa3efb3dc,blocks.layers.3.linear1,3,grad_l2,0.033461837728979406
leaky,6f584f1d-b3fd-4d8b-82e4-d62fa3efb3dc,blocks.layers.3.linear1,3,rel_update,0.00162567772740402
leaky,6f584f1d-b3fd-4d8b-82e4-d62fa3efb3dc,blocks.layers.3.norm2,3,grad_l2,0.003410296459831037
leaky,6f584f1d-b3fd-4d8b-82e4-d62fa3efb3dc,blocks.layers.3.norm2,3,rel_update,0.00012799888224629107
leaky,6f584f1d-b3fd-4d8b-82e4-d62fa3efb3dc,blocks.layers.3.self_attn,3,grad_l2,0.028613277073948045
leaky,6f584f1d-b3fd-4d8b-82e4-d62fa3efb3dc,blocks.layers.3.self_attn,3,rel_update,0.001445879029464932
leaky,6f584f1d-b3fd-4d8b-82e4-d62fa3efb3dc,blocks.layers.3.norm1,3,grad_l2,0.0028562293040201277
leaky,6f584f1d-b3fd-4d8b-82e4-d62fa3efb3dc,blocks.layers.3.norm1,3,rel_update,9.060799167420764e-05
leaky,6f584f1d-b3fd-4d8b-82e4-d62fa3efb3dc,blocks.layers.2.linear2,3,grad_l2,0.03156386100075655
leaky,6f584f1d-b3fd-4d8b-82e4-d62fa3efb3dc,blocks.layers.2.linear2,3,rel_update,0.0015349309384596966
leaky,6f584f1d-b3fd-4d8b-82e4-d62fa3efb3dc,blocks.layers.2.linear1,3,grad_l2,0.03047905519403657
leaky,6f584f1d-b3fd-4d8b-82e4-d62fa3efb3dc,blocks.layers.2.linear1,3,rel_update,0.0014819779549969617
leaky,6f584f1d-b3fd-4d8b-82e4-d62fa3efb3dc,blocks.layers.2.norm2,3,grad_l2,0.0025608083444117703
leaky,6f584f1d-b3fd-4d8b-82e4-d62fa3efb3dc,blocks.layers.2.norm2,3,rel_update,9.703358544513007e-05
leaky,6f584f1d-b3fd-4d8b-82e4-d62fa3efb3dc,blocks.layers.2.self_attn,3,grad_l2,0.03234488390348407
leaky,6f584f1d-b3fd-4d8b-82e4-d62fa3efb3dc,blocks.layers.2.self_attn,3,rel_update,0.0016341463888426145
leaky,6f584f1d-b3fd-4d8b-82e4-d62fa3efb3dc,blocks.layers.2.norm1,3,grad_l2,0.0032502688221273945
leaky,6f584f1d-b3fd-4d8b-82e4-d62fa3efb3dc,blocks.layers.2.norm1,3,rel_update,0.00010523414033206533
leaky,6f584f1d-b3fd-4d8b-82e4-d62fa3efb3dc,blocks.layers.1.linear2,3,grad_l2,0.03812904012576064
leaky,6f584f1d-b3fd-4d8b-82e4-d62fa3efb3dc,blocks.layers.1.linear2,3,rel_update,0.0018620277481000824
leaky,6f584f1d-b3fd-4d8b-82e4-d62fa3efb3dc,blocks.layers.1.linear1,3,grad_l2,0.0353446992302506
leaky,6f584f1d-b3fd-4d8b-82e4-d62fa3efb3dc,blocks.layers.1.linear1,3,rel_update,0.0017219627631071069
leaky,6f584f1d-b3fd-4d8b-82e4-d62fa3efb3dc,blocks.layers.1.norm2,3,grad_l2,0.0031414672484712442
leaky,6f584f1d-b3fd-4d8b-82e4-d62fa3efb3dc,blocks.layers.1.norm2,3,rel_update,0.00011809331174184388
leaky,6f584f1d-b3fd-4d8b-82e4-d62fa3efb3dc,blocks.layers.1.self_attn,3,grad_l2,0.03921888183804558
leaky,6f584f1d-b3fd-4d8b-82e4-d62fa3efb3dc,blocks.layers.1.self_attn,3,rel_update,0.0019789043822246587
leaky,6f584f1d-b3fd-4d8b-82e4-d62fa3efb3dc,blocks.layers.1.norm1,3,grad_l2,0.004135429170211497
leaky,6f584f1d-b3fd-4d8b-82e4-d62fa3efb3dc,blocks.layers.1.norm1,3,rel_update,0.00012127769418958297
leaky,6f584f1d-b3fd-4d8b-82e4-d62fa3efb3dc,blocks.layers.0.linear2,3,grad_l2,0.07174119687527873
leaky,6f584f1d-b3fd-4d8b-82e4-d62fa3efb3dc,blocks.layers.0.linear2,3,rel_update,0.003464741690005484
leaky,6f584f1d-b3fd-4d8b-82e4-d62fa3efb3dc,blocks.layers.0.linear1,3,grad_l2,0.05896116597374341
leaky,6f584f1d-b3fd-4d8b-82e4-d62fa3efb3dc,blocks.layers.0.linear1,3,rel_update,0.0028233524823128796
leaky,6f584f1d-b3fd-4d8b-82e4-d62fa3efb3dc,blocks.layers.0.norm2,3,grad_l2,0.007235469237647834
leaky,6f584f1d-b3fd-4d8b-82e4-d62fa3efb3dc,blocks.layers.0.norm2,3,rel_update,0.00025052615112323187
leaky,6f584f1d-b3fd-4d8b-82e4-d62fa3efb3dc,blocks.layers.0.self_attn,3,grad_l2,0.11236562630930068
leaky,6f584f1d-b3fd-4d8b-82e4-d62fa3efb3dc,blocks.layers.0.self_attn,3,rel_update,0.005557382709298935
leaky,6f584f1d-b3fd-4d8b-82e4-d62fa3efb3dc,blocks.layers.0.norm1,3,grad_l2,0.02220710518264707
leaky,6f584f1d-b3fd-4d8b-82e4-d62fa3efb3dc,blocks.layers.0.norm1,3,rel_update,0.00034801137307186595
leaky,6f584f1d-b3fd-4d8b-82e4-d62fa3efb3dc,lm_head,4,grad_l2,0.3965584088368772
leaky,6f584f1d-b3fd-4d8b-82e4-d62fa3efb3dc,lm_head,4,rel_update,0.008532281237399937
leaky,6f584f1d-b3fd-4d8b-82e4-d62fa3efb3dc,final_norm,4,grad_l2,0.02927423764957359
leaky,6f584f1d-b3fd-4d8b-82e4-d62fa3efb3dc,final_norm,4,rel_update,0.0013240257821151246
leaky,6f584f1d-b3fd-4d8b-82e4-d62fa3efb3dc,blocks.layers.3.linear2,4,grad_l2,0.036128189020655996
leaky,6f584f1d-b3fd-4d8b-82e4-d62fa3efb3dc,blocks.layers.3.linear2,4,rel_update,0.0017555658171164432
leaky,6f584f1d-b3fd-4d8b-82e4-d62fa3efb3dc,blocks.layers.3.linear1,4,grad_l2,0.03781720521417833
leaky,6f584f1d-b3fd-4d8b-82e4-d62fa3efb3dc,blocks.layers.3.linear1,4,rel_update,0.001833135839117062
leaky,6f584f1d-b3fd-4d8b-82e4-d62fa3efb3dc,blocks.layers.3.norm2,4,grad_l2,0.0040488277128525665
leaky,6f584f1d-b3fd-4d8b-82e4-d62fa3efb3dc,blocks.layers.3.norm2,4,rel_update,0.00015140666525048359
leaky,6f584f1d-b3fd-4d8b-82e4-d62fa3efb3dc,blocks.layers.3.self_attn,4,grad_l2,0.03240867425658696
leaky,6f584f1d-b3fd-4d8b-82e4-d62fa3efb3dc,blocks.layers.3.self_attn,4,rel_update,0.00163425519080004
leaky,6f584f1d-b3fd-4d8b-82e4-d62fa3efb3dc,blocks.layers.3.norm1,4,grad_l2,0.0032989091996616757
leaky,6f584f1d-b3fd-4d8b-82e4-d62fa3efb3dc,blocks.layers.3.norm1,4,rel_update,0.00010641852328354239
leaky,6f584f1d-b3fd-4d8b-82e4-d62fa3efb3dc,blocks.layers.2.linear2,4,grad_l2,0.03410535919487933
leaky,6f584f1d-b3fd-4d8b-82e4-d62fa3efb3dc,blocks.layers.2.linear2,4,rel_update,0.0016547142026558498
leaky,6f584f1d-b3fd-4d8b-82e4-d62fa3efb3dc,blocks.layers.2.linear1,4,grad_l2,0.03347386538175087
leaky,6f584f1d-b3fd-4d8b-82e4-d62fa3efb3dc,blocks.layers.2.linear1,4,rel_update,0.001623566401969001
leaky,6f584f1d-b3fd-4d8b-82e4-d62fa3efb3dc,blocks.layers.2.norm2,4,grad_l2,0.002761893597793154
leaky,6f584f1d-b3fd-4d8b-82e4-d62fa3efb3dc,blocks.layers.2.norm2,4,rel_update,0.00010545330969084564
leaky,6f584f1d-b3fd-4d8b-82e4-d62fa3efb3dc,blocks.layers.2.self_attn,4,grad_l2,0.03650382594114245
leaky,6f584f1d-b3fd-4d8b-82e4-d62fa3efb3dc,blocks.layers.2.self_attn,4,rel_update,0.0018421927640347804
leaky,6f584f1d-b3fd-4d8b-82e4-d62fa3efb3dc,blocks.layers.2.norm1,4,grad_l2,0.0036395742769001036
leaky,6f584f1d-b3fd-4d8b-82e4-d62fa3efb3dc,blocks.layers.2.norm1,4,rel_update,0.00012096811503645672
leaky,6f584f1d-b3fd-4d8b-82e4-d62fa3efb3dc,blocks.layers.1.linear2,4,grad_l2,0.04058905355345143
leaky,6f584f1d-b3fd-4d8b-82e4-d62fa3efb3dc,blocks.layers.1.linear2,4,rel_update,0.0019796914965130334
leaky,6f584f1d-b3fd-4d8b-82e4-d62fa3efb3dc,blocks.layers.1.linear1,4,grad_l2,0.03877098373225002
leaky,6f584f1d-b3fd-4d8b-82e4-d62fa3efb3dc,blocks.layers.1.linear1,4,rel_update,0.001886484093048163
leaky,6f584f1d-b3fd-4d8b-82e4-d62fa3efb3dc,blocks.layers.1.norm2,4,grad_l2,0.0033471982365822863
leaky,6f584f1d-b3fd-4d8b-82e4-d62fa3efb3dc,blocks.layers.1.norm2,4,rel_update,0.00012743025420638282
leaky,6f584f1d-b3fd-4d8b-82e4-d62fa3efb3dc,blocks.layers.1.self_attn,4,grad_l2,0.043389234037852664
leaky,6f584f1d-b3fd-4d8b-82e4-d62fa3efb3dc,blocks.layers.1.self_attn,4,rel_update,0.002188399395379241
leaky,6f584f1d-b3fd-4d8b-82e4-d62fa3efb3dc,blocks.layers.1.norm1,4,grad_l2,0.0045343633311626256
leaky,6f584f1d-b3fd-4d8b-82e4-d62fa3efb3dc,blocks.layers.1.norm1,4,rel_update,0.00013704517231064587
leaky,6f584f1d-b3fd-4d8b-82e4-d62fa3efb3dc,blocks.layers.0.linear2,4,grad_l2,0.07909661580566679
leaky,6f584f1d-b3fd-4d8b-82e4-d62fa3efb3dc,blocks.layers.0.linear2,4,rel_update,0.0038087465874252495
leaky,6f584f1d-b3fd-4d8b-82e4-d62fa3efb3dc,blocks.layers.0.linear1,4,grad_l2,0.06665982637357583
leaky,6f584f1d-b3fd-4d8b-82e4-d62fa3efb3dc,blocks.layers.0.linear1,4,rel_update,0.0031805202012188914
leaky,6f584f1d-b3fd-4d8b-82e4-d62fa3efb3dc,blocks.layers.0.norm2,4,grad_l2,0.007942072080791663
leaky,6f584f1d-b3fd-4d8b-82e4-d62fa3efb3dc,blocks.layers.0.norm2,4,rel_update,0.0002799647370260891
leaky,6f584f1d-b3fd-4d8b-82e4-d62fa3efb3dc,blocks.layers.0.self_attn,4,grad_l2,0.1260171012563962
leaky,6f584f1d-b3fd-4d8b-82e4-d62fa3efb3dc,blocks.layers.0.self_attn,4,rel_update,0.00620572074357095
leaky,6f584f1d-b3fd-4d8b-82e4-d62fa3efb3dc,blocks.layers.0.norm1,4,grad_l2,0.02438899072592643
leaky,6f584f1d-b3fd-4d8b-82e4-d62fa3efb3dc,blocks.layers.0.norm1,4,rel_update,0.0003920552290834814
leaky,6f584f1d-b3fd-4d8b-82e4-d62fa3efb3dc,lm_head,5,grad_l2,0.37383040170652587
leaky,6f584f1d-b3fd-4d8b-82e4-d62fa3efb3dc,lm_head,5,rel_update,0.007334951731746683
leaky,6f584f1d-b3fd-4d8b-82e4-d62fa3efb3dc,final_norm,5,grad_l2,0.028155808840506186
leaky,6f584f1d-b3fd-4d8b-82e4-d62fa3efb3dc,final_norm,5,rel_update,0.0012597669196930952
leaky,6f584f1d-b3fd-4d8b-82e4-d62fa3efb3dc,blocks.layers.3.linear2,5,grad_l2,0.0392554013283666
leaky,6f584f1d-b3fd-4d8b-82e4-d62fa3efb3dc,blocks.layers.3.linear2,5,rel_update,0.0019052184907435603
leaky,6f584f1d-b3fd-4d8b-82e4-d62fa3efb3dc,blocks.layers.3.linear1,5,grad_l2,0.04138597056047081
leaky,6f584f1d-b3fd-4d8b-82e4-d62fa3efb3dc,blocks.layers.3.linear1,5,rel_update,0.002002932665012338
leaky,6f584f1d-b3fd-4d8b-82e4-d62fa3efb3dc,blocks.layers.3.norm2,5,grad_l2,0.004516887504572621
leaky,6f584f1d-b3fd-4d8b-82e4-d62fa3efb3dc,blocks.layers.3.norm2,5,rel_update,0.00016969014534736076
leaky,6f584f1d-b3fd-4d8b-82e4-d62fa3efb3dc,blocks.layers.3.self_attn,5,grad_l2,0.035886901644176634
leaky,6f584f1d-b3fd-4d8b-82e4-d62fa3efb3dc,blocks.layers.3.self_attn,5,rel_update,0.0018059156608815751
leaky,6f584f1d-b3fd-4d8b-82e4-d62fa3efb3dc,blocks.layers.3.norm1,5,grad_l2,0.0036864425357469675
leaky,6f584f1d-b3fd-4d8b-82e4-d62fa3efb3dc,blocks.layers.3.norm1,5,rel_update,0.00012166518592245965
leaky,6f584f1d-b3fd-4d8b-82e4-d62fa3efb3dc,blocks.layers.2.linear2,5,grad_l2,0.036194229697340825
leaky,6f584f1d-b3fd-4d8b-82e4-d62fa3efb3dc,blocks.layers.2.linear2,5,rel_update,0.0017528328556965663
leaky,6f584f1d-b3fd-4d8b-82e4-d62fa3efb3dc,blocks.layers.2.linear1,5,grad_l2,0.03616041369047627
leaky,6f584f1d-b3fd-4d8b-82e4-d62fa3efb3dc,blocks.layers.2.linear1,5,rel_update,0.001750400298535775
leaky,6f584f1d-b3fd-4d8b-82e4-d62fa3efb3dc,blocks.layers.2.norm2,5,grad_l2,0.0029213519987918045
leaky,6f584f1d-b3fd-4d8b-82e4-d62fa3efb3dc,blocks.layers.2.norm2,5,rel_update,0.00011263100858065114
leaky,6f584f1d-b3fd-4d8b-82e4-d62fa3efb3dc,blocks.layers.2.self_attn,5,grad_l2,0.03992970497517001
leaky,6f584f1d-b3fd-4d8b-82e4-d62fa3efb3dc,blocks.layers.2.self_attn,5,rel_update,0.002013056824792463
leaky,6f584f1d-b3fd-4d8b-82e4-d62fa3efb3dc,blocks.layers.2.norm1,5,grad_l2,0.0039550478686889955
leaky,6f584f1d-b3fd-4d8b-82e4-d62fa3efb3dc,blocks.layers.2.norm1,5,rel_update,0.00013377416011269448
leaky,6f584f1d-b3fd-4d8b-82e4-d62fa3efb3dc,blocks.layers.1.linear2,5,grad_l2,0.042543826864473513
leaky,6f584f1d-b3fd-4d8b-82e4-d62fa3efb3dc,blocks.layers.1.linear2,5,rel_update,0.0020732337452835786
leaky,6f584f1d-b3fd-4d8b-82e4-d62fa3efb3dc,blocks.layers.1.linear1,5,grad_l2,0.04173496954912866
leaky,6f584f1d-b3fd-4d8b-82e4-d62fa3efb3dc,blocks.layers.1.linear1,5,rel_update,0.0020290351860131005
leaky,6f584f1d-b3fd-4d8b-82e4-d62fa3efb3dc,blocks.layers.1.norm2,5,grad_l2,0.0035116227860707513
leaky,6f584f1d-b3fd-4d8b-82e4-d62fa3efb3dc,blocks.layers.1.norm2,5,rel_update,0.00013538889600735532
leaky,6f584f1d-b3fd-4d8b-82e4-d62fa3efb3dc,blocks.layers.1.self_attn,5,grad_l2,0.04699438892649522
leaky,6f584f1d-b3fd-4d8b-82e4-d62fa3efb3dc,blocks.layers.1.self_attn,5,rel_update,0.0023698573036592856
leaky,6f584f1d-b3fd-4d8b-82e4-d62fa3efb3dc,blocks.layers.1.norm1,5,grad_l2,0.004864841450053454
leaky,6f584f1d-b3fd-4d8b-82e4-d62fa3efb3dc,blocks.layers.1.norm1,5,rel_update,0.00015037711199911277
leaky,6f584f1d-b3fd-4d8b-82e4-d62fa3efb3dc,blocks.layers.0.linear2,5,grad_l2,0.08498618318440115
leaky,6f584f1d-b3fd-4d8b-82e4-d62fa3efb3dc,blocks.layers.0.linear2,5,rel_update,0.00408378331990874
leaky,6f584f1d-b3fd-4d8b-82e4-d62fa3efb3dc,blocks.layers.0.linear1,5,grad_l2,0.07338483958890686
leaky,6f584f1d-b3fd-4d8b-82e4-d62fa3efb3dc,blocks.layers.0.linear1,5,rel_update,0.0034926491502783926
leaky,6f584f1d-b3fd-4d8b-82e4-d62fa3efb3dc,blocks.layers.0.norm2,5,grad_l2,0.008487028675362402
leaky,6f584f1d-b3fd-4d8b-82e4-d62fa3efb3dc,blocks.layers.0.norm2,5,rel_update,0.0003046856987914659
leaky,6f584f1d-b3fd-4d8b-82e4-d62fa3efb3dc,blocks.layers.0.self_attn,5,grad_l2,0.13796967697468351
leaky,6f584f1d-b3fd-4d8b-82e4-d62fa3efb3dc,blocks.layers.0.self_attn,5,rel_update,0.006761817225195762
leaky,6f584f1d-b3fd-4d8b-82e4-d62fa3efb3dc,blocks.layers.0.norm1,5,grad_l2,0.02585595065259645
leaky,6f584f1d-b3fd-4d8b-82e4-d62fa3efb3dc,blocks.layers.0.norm1,5,rel_update,0.0004306924249025448
leaky,6f584f1d-b3fd-4d8b-82e4-d62fa3efb3dc,lm_head,6,grad_l2,0.3575553251861253
leaky,6f584f1d-b3fd-4d8b-82e4-d62fa3efb3dc,lm_head,6,rel_update,0.006472677360068341
leaky,6f584f1d-b3fd-4d8b-82e4-d62fa3efb3dc,final_norm,6,grad_l2,0.027362579979417233
leaky,6f584f1d-b3fd-4d8b-82e4-d62fa3efb3dc,final_norm,6,rel_update,0.0012152110234293005
leaky,6f584f1d-b3fd-4d8b-82e4-d62fa3efb3dc,blocks.layers.3.linear2,6,grad_l2,0.0414725079217027
leaky,6f584f1d-b3fd-4d8b-82e4-d62fa3efb3dc,blocks.layers.3.linear2,6,rel_update,0.0020113280814208555
leaky,6f584f1d-b3fd-4d8b-82e4-d62fa3efb3dc,blocks.layers.3.linear1,6,grad_l2,0.04424597254260838
leaky,6f584f1d-b3fd-4d8b-82e4-d62fa3efb3dc,blocks.layers.3.linear1,6,rel_update,0.0021390267214285545
leaky,6f584f1d-b3fd-4d8b-82e4-d62fa3efb3dc,blocks.layers.3.norm2,6,grad_l2,0.004824656328861279
leaky,6f584f1d-b3fd-4d8b-82e4-d62fa3efb3dc,blocks.layers.3.norm2,6,rel_update,0.0001836191769932233
leaky,6f584f1d-b3fd-4d8b-82e4-d62fa3efb3dc,blocks.layers.3.self_attn,6,grad_l2,0.038509517873203024
leaky,6f584f1d-b3fd-4d8b-82e4-d62fa3efb3dc,blocks.layers.3.self_attn,6,rel_update,0.0019345877209997668
leaky,6f584f1d-b3fd-4d8b-82e4-d62fa3efb3dc,blocks.layers.3.norm1,6,grad_l2,0.003947111809043053
leaky,6f584f1d-b3fd-4d8b-82e4-d62fa3efb3dc,blocks.layers.3.norm1,6,rel_update,0.0001330754032223548
leaky,6f584f1d-b3fd-4d8b-82e4-d62fa3efb3dc,blocks.layers.2.linear2,6,grad_l2,0.03773934060969757
leaky,6f584f1d-b3fd-4d8b-82e4-d62fa3efb3dc,blocks.layers.2.linear2,6,rel_update,0.0018251841712806948
leaky,6f584f1d-b3fd-4d8b-82e4-d62fa3efb3dc,blocks.layers.2.linear1,6,grad_l2,0.03842474193535863
leaky,6f584f1d-b3fd-4d8b-82e4-d62fa3efb3dc,blocks.layers.2.linear1,6,rel_update,0.0018572608608483298
leaky,6f584f1d-b3fd-4d8b-82e4-d62fa3efb3dc,blocks.layers.2.norm2,6,grad_l2,0.003041157629712585
leaky,6f584f1d-b3fd-4d8b-82e4-d62fa3efb3dc,blocks.layers.2.norm2,6,rel_update,0.00011871475065347338
leaky,6f584f1d-b3fd-4d8b-82e4-d62fa3efb3dc,blocks.layers.2.self_attn,6,grad_l2,0.04262192281401771
leaky,6f584f1d-b3fd-4d8b-82e4-d62fa3efb3dc,blocks.layers.2.self_attn,6,rel_update,0.002147042602273396
leaky,6f584f1d-b3fd-4d8b-82e4-d62fa3efb3dc,blocks.layers.2.norm1,6,grad_l2,0.004191181880377631
leaky,6f584f1d-b3fd-4d8b-82e4-d62fa3efb3dc,blocks.layers.2.norm1,6,rel_update,0.0001436454603692423
leaky,6f584f1d-b3fd-4d8b-82e4-d62fa3efb3dc,blocks.layers.1.linear2,6,grad_l2,0.043981285774175156
leaky,6f584f1d-b3fd-4d8b-82e4-d62fa3efb3dc,blocks.layers.1.linear2,6,rel_update,0.0021421442121846504
leaky,6f584f1d-b3fd-4d8b-82e4-d62fa3efb3dc,blocks.layers.1.linear1,6,grad_l2,0.04423782838398079
leaky,6f584f1d-b3fd-4d8b-82e4-d62fa3efb3dc,blocks.layers.1.linear1,6,rel_update,0.002149671968312555
leaky,6f584f1d-b3fd-4d8b-82e4-d62fa3efb3dc,blocks.layers.1.norm2,6,grad_l2,0.0036369999879890956
leaky,6f584f1d-b3fd-4d8b-82e4-d62fa3efb3dc,blocks.layers.1.norm2,6,rel_update,0.00014198996828920232
leaky,6f584f1d-b3fd-4d8b-82e4-d62fa3efb3dc,blocks.layers.1.self_attn,6,grad_l2,0.04988353674731104
leaky,6f584f1d-b3fd-4d8b-82e4-d62fa3efb3dc,blocks.layers.1.self_attn,6,rel_update,0.0025155430400958085
leaky,6f584f1d-b3fd-4d8b-82e4-d62fa3efb3dc,blocks.layers.1.norm1,6,grad_l2,0.00512287304237004
leaky,6f584f1d-b3fd-4d8b-82e4-d62fa3efb3dc,blocks.layers.1.norm1,6,rel_update,0.00016070703640819095
leaky,6f584f1d-b3fd-4d8b-82e4-d62fa3efb3dc,blocks.layers.0.linear2,6,grad_l2,0.08943813443002685
leaky,6f584f1d-b3fd-4d8b-82e4-d62fa3efb3dc,blocks.layers.0.linear2,6,rel_update,0.00429172923363852
leaky,6f584f1d-b3fd-4d8b-82e4-d62fa3efb3dc,blocks.layers.0.linear1,6,grad_l2,0.07907000305049565
leaky,6f584f1d-b3fd-4d8b-82e4-d62fa3efb3dc,blocks.layers.0.linear1,6,rel_update,0.003757145663047885
leaky,6f584f1d-b3fd-4d8b-82e4-d62fa3efb3dc,blocks.layers.0.norm2,6,grad_l2,0.008895497531919492
leaky,6f584f1d-b3fd-4d8b-82e4-d62fa3efb3dc,blocks.layers.0.norm2,6,rel_update,0.0003250487384623599
leaky,6f584f1d-b3fd-4d8b-82e4-d62fa3efb3dc,blocks.layers.0.self_attn,6,grad_l2,0.1481959570569399
leaky,6f584f1d-b3fd-4d8b-82e4-d62fa3efb3dc,blocks.layers.0.self_attn,6,rel_update,0.007230849733365897
leaky,6f584f1d-b3fd-4d8b-82e4-d62fa3efb3dc,blocks.layers.0.norm1,6,grad_l2,0.026814440507878356
leaky,6f584f1d-b3fd-4d8b-82e4-d62fa3efb3dc,blocks.layers.0.norm1,6,rel_update,0.000463546604370717
leaky,6f584f1d-b3fd-4d8b-82e4-d62fa3efb3dc,lm_head,7,grad_l2,0.3452657264693776
leaky,6f584f1d-b3fd-4d8b-82e4-d62fa3efb3dc,lm_head,7,rel_update,0.0058222857382963945
leaky,6f584f1d-b3fd-4d8b-82e4-d62fa3efb3dc,final_norm,7,grad_l2,0.026787505758321065
leaky,6f584f1d-b3fd-4d8b-82e4-d62fa3efb3dc,final_norm,7,rel_update,0.0011837380987218741
leaky,6f584f1d-b3fd-4d8b-82e4-d62fa3efb3dc,blocks.layers.3.linear2,7,grad_l2,0.04302766849483446
leaky,6f584f1d-b3fd-4d8b-82e4-d62fa3efb3dc,blocks.layers.3.linear2,7,rel_update,0.0020858378610214396
leaky,6f584f1d-b3fd-4d8b-82e4-d62fa3efb3dc,blocks.layers.3.linear1,7,grad_l2,0.0465161659617498
leaky,6f584f1d-b3fd-4d8b-82e4-d62fa3efb3dc,blocks.layers.3.linear1,7,rel_update,0.0022471543668167128
leaky,6f584f1d-b3fd-4d8b-82e4-d62fa3efb3dc,blocks.layers.3.norm2,7,grad_l2,0.0050101674338067365
leaky,6f584f1d-b3fd-4d8b-82e4-d62fa3efb3dc,blocks.layers.3.norm2,7,rel_update,0.00019378522559209332
leaky,6f584f1d-b3fd-4d8b-82e4-d62fa3efb3dc,blocks.layers.3.self_attn,7,grad_l2,0.040572478881735666
leaky,6f584f1d-b3fd-4d8b-82e4-d62fa3efb3dc,blocks.layers.3.self_attn,7,rel_update,0.0020355177327653754
leaky,6f584f1d-b3fd-4d8b-82e4-d62fa3efb3dc,blocks.layers.3.norm1,7,grad_l2,0.004128086206044088
leaky,6f584f1d-b3fd-4d8b-82e4-d62fa3efb3dc,blocks.layers.3.norm1,7,rel_update,0.0001420430020638554
leaky,6f584f1d-b3fd-4d8b-82e4-d62fa3efb3dc,blocks.layers.2.linear2,7,grad_l2,0.03894164139741985
leaky,6f584f1d-b3fd-4d8b-82e4-d62fa3efb3dc,blocks.layers.2.linear2,7,rel_update,0.0018815278886743412
leaky,6f584f1d-b3fd-4d8b-82e4-d62fa3efb3dc,blocks.layers.2.linear1,7,grad_l2,0.04034990046737756
leaky,6f584f1d-b3fd-4d8b-82e4-d62fa3efb3dc,blocks.layers.2.linear1,7,rel_update,0.0019481996135650719
leaky,6f584f1d-b3fd-4d8b-82e4-d62fa3efb3dc,blocks.layers.2.norm2,7,grad_l2,0.0031295276602850653
leaky,6f584f1d-b3fd-4d8b-82e4-d62fa3efb3dc,blocks.layers.2.norm2,7,rel_update,0.00012373687973330446
leaky,6f584f1d-b3fd-4d8b-82e4-d62fa3efb3dc,blocks.layers.2.self_attn,7,grad_l2,0.0447972574074976
leaky,6f584f1d-b3fd-4d8b-82e4-d62fa3efb3dc,blocks.layers.2.self_attn,7,rel_update,0.0022553239252253313
leaky,6f584f1d-b3fd-4d8b-82e4-d62fa3efb3dc,blocks.layers.2.norm1,7,grad_l2,0.004355231841913604
leaky,6f584f1d-b3fd-4d8b-82e4-d62fa3efb3dc,blocks.layers.2.norm1,7,rel_update,0.00015167346622943866
leaky,6f584f1d-b3fd-4d8b-82e4-d62fa3efb3dc,blocks.layers.1.linear2,7,grad_l2,0.04507959254186853
leaky,6f584f1d-b3fd-4d8b-82e4-d62fa3efb3dc,blocks.layers.1.linear2,7,rel_update,0.002195062282496697
leaky,6f584f1d-b3fd-4d8b-82e4-d62fa3efb3dc,blocks.layers.1.linear1,7,grad_l2,0.04635794292407381
leaky,6f584f1d-b3fd-4d8b-82e4-d62fa3efb3dc,blocks.layers.1.linear1,7,rel_update,0.0022521092401062283
leaky,6f584f1d-b3fd-4d8b-82e4-d62fa3efb3dc,blocks.layers.1.norm2,7,grad_l2,0.0037275887695153043
leaky,6f584f1d-b3fd-4d8b-82e4-d62fa3efb3dc,blocks.layers.1.norm2,7,rel_update,0.00014738985299051573
leaky,6f584f1d-b3fd-4d8b-82e4-d62fa3efb3dc,blocks.layers.1.self_attn,7,grad_l2,0.05220375389301548
leaky,6f584f1d-b3fd-4d8b-82e4-d62fa3efb3dc,blocks.layers.1.self_attn,7,rel_update,0.002632947607088625
leaky,6f584f1d-b3fd-4d8b-82e4-d62fa3efb3dc,blocks.layers.1.norm1,7,grad_l2,0.005298837201857993
leaky,6f584f1d-b3fd-4d8b-82e4-d62fa3efb3dc,blocks.layers.1.norm1,7,rel_update,0.00016890045049209034
leaky,6f584f1d-b3fd-4d8b-82e4-d62fa3efb3dc,blocks.layers.0.linear2,7,grad_l2,0.09276911372419736
leaky,6f584f1d-b3fd-4d8b-82e4-d62fa3efb3dc,blocks.layers.0.linear2,7,rel_update,0.0044475343885248125
leaky,6f584f1d-b3fd-4d8b-82e4-d62fa3efb3dc,blocks.layers.0.linear1,7,grad_l2,0.08386052978595021
leaky,6f584f1d-b3fd-4d8b-82e4-d62fa3efb3dc,blocks.layers.0.linear1,7,rel_update,0.003980696356615843
leaky,6f584f1d-b3fd-4d8b-82e4-d62fa3efb3dc,blocks.layers.0.norm2,7,grad_l2,0.009186276283970443
leaky,6f584f1d-b3fd-4d8b-82e4-d62fa3efb3dc,blocks.layers.0.norm2,7,rel_update,0.00034184034451089897
leaky,6f584f1d-b3fd-4d8b-82e4-d62fa3efb3dc,blocks.layers.0.self_attn,7,grad_l2,0.15673085606702003
leaky,6f584f1d-b3fd-4d8b-82e4-d62fa3efb3dc,blocks.layers.0.self_attn,7,rel_update,0.007619478857692877
leaky,6f584f1d-b3fd-4d8b-82e4-d62fa3efb3dc,blocks.layers.0.norm1,7,grad_l2,0.027334032472343107
leaky,6f584f1d-b3fd-4d8b-82e4-d62fa3efb3dc,blocks.layers.0.norm1,7,rel_update,0.0004912135348158361
leaky,6f584f1d-b3fd-4d8b-82e4-d62fa3efb3dc,lm_head,8,grad_l2,0.33557631948593813
leaky,6f584f1d-b3fd-4d8b-82e4-d62fa3efb3dc,lm_head,8,rel_update,0.005314490694449072
leaky,6f584f1d-b3fd-4d8b-82e4-d62fa3efb3dc,final_norm,8,grad_l2,0.026355198272569574
leaky,6f584f1d-b3fd-4d8b-82e4-d62fa3efb3dc,final_norm,8,rel_update,0.0011612839103399464
leaky,6f584f1d-b3fd-4d8b-82e4-d62fa3efb3dc,blocks.layers.3.linear2,8,grad_l2,0.04402531239599533
leaky,6f584f1d-b3fd-4d8b-82e4-d62fa3efb3dc,blocks.layers.3.linear2,8,rel_update,0.0021337508730975368
leaky,6f584f1d-b3fd-4d8b-82e4-d62fa3efb3dc,blocks.layers.3.linear1,8,grad_l2,0.04827711370590248
leaky,6f584f1d-b3fd-4d8b-82e4-d62fa3efb3dc,blocks.layers.3.linear1,8,rel_update,0.002331085778382204
leaky,6f584f1d-b3fd-4d8b-82e4-d62fa3efb3dc,blocks.layers.3.norm2,8,grad_l2,0.005104386579429485
leaky,6f584f1d-b3fd-4d8b-82e4-d62fa3efb3dc,blocks.layers.3.norm2,8,rel_update,0.00020126336654283813
leaky,6f584f1d-b3fd-4d8b-82e4-d62fa3efb3dc,blocks.layers.3.self_attn,8,grad_l2,0.04205653011356825
leaky,6f584f1d-b3fd-4d8b-82e4-d62fa3efb3dc,blocks.layers.3.self_attn,8,rel_update,0.002107930773913867
leaky,6f584f1d-b3fd-4d8b-82e4-d62fa3efb3dc,blocks.layers.3.norm1,8,grad_l2,0.004231192375312009
leaky,6f584f1d-b3fd-4d8b-82e4-d62fa3efb3dc,blocks.layers.3.norm1,8,rel_update,0.0001482529152265293
leaky,6f584f1d-b3fd-4d8b-82e4-d62fa3efb3dc,blocks.layers.2.linear2,8,grad_l2,0.03979542412816535
leaky,6f584f1d-b3fd-4d8b-82e4-d62fa3efb3dc,blocks.layers.2.linear2,8,rel_update,0.0019215517647440453
leaky,6f584f1d-b3fd-4d8b-82e4-d62fa3efb3dc,blocks.layers.2.linear1,8,grad_l2,0.04190795307710621
leaky,6f584f1d-b3fd-4d8b-82e4-d62fa3efb3dc,blocks.layers.2.linear1,8,rel_update,0.002021837265375381
leaky,6f584f1d-b3fd-4d8b-82e4-d62fa3efb3dc,blocks.layers.2.norm2,8,grad_l2,0.0031894875431869784
leaky,6f584f1d-b3fd-4d8b-82e4-d62fa3efb3dc,blocks.layers.2.norm2,8,rel_update,0.00012762288479141663
leaky,6f584f1d-b3fd-4d8b-82e4-d62fa3efb3dc,blocks.layers.2.self_attn,8,grad_l2,0.046406270163863304
leaky,6f584f1d-b3fd-4d8b-82e4-d62fa3efb3dc,blocks.layers.2.self_attn,8,rel_update,0.0023354578906148045
leaky,6f584f1d-b3fd-4d8b-82e4-d62fa3efb3dc,blocks.layers.2.norm1,8,grad_l2,0.004457157896297529
leaky,6f584f1d-b3fd-4d8b-82e4-d62fa3efb3dc,blocks.layers.2.norm1,8,rel_update,0.00015765035445585286
leaky,6f584f1d-b3fd-4d8b-82e4-d62fa3efb3dc,blocks.layers.1.linear2,8,grad_l2,0.04588910200144947
leaky,6f584f1d-b3fd-4d8b-82e4-d62fa3efb3dc,blocks.layers.1.linear2,8,rel_update,0.0022343319432997608
leaky,6f584f1d-b3fd-4d8b-82e4-d62fa3efb3dc,blocks.layers.1.linear1,8,grad_l2,0.04809088386304094
leaky,6f584f1d-b3fd-4d8b-82e4-d62fa3efb3dc,blocks.layers.1.linear1,8,rel_update,0.0023359883613355455
leaky,6f584f1d-b3fd-4d8b-82e4-d62fa3efb3dc,blocks.layers.1.norm2,8,grad_l2,0.003788908294157409
leaky,6f584f1d-b3fd-4d8b-82e4-d62fa3efb3dc,blocks.layers.1.norm2,8,rel_update,0.00015173809780344333
leaky,6f584f1d-b3fd-4d8b-82e4-d62fa3efb3dc,blocks.layers.1.self_attn,8,grad_l2,0.05396780468144089
leaky,6f584f1d-b3fd-4d8b-82e4-d62fa3efb3dc,blocks.layers.1.self_attn,8,rel_update,0.002722515676777564
leaky,6f584f1d-b3fd-4d8b-82e4-d62fa3efb3dc,blocks.layers.1.norm1,8,grad_l2,0.005403929826754465
leaky,6f584f1d-b3fd-4d8b-82e4-d62fa3efb3dc,blocks.layers.1.norm1,8,rel_update,0.00017518639989637497
leaky,6f584f1d-b3fd-4d8b-82e4-d62fa3efb3dc,blocks.layers.0.linear2,8,grad_l2,0.09506782339127562
leaky,6f584f1d-b3fd-4d8b-82e4-d62fa3efb3dc,blocks.layers.0.linear2,8,rel_update,0.004555081872090951
leaky,6f584f1d-b3fd-4d8b-82e4-d62fa3efb3dc,blocks.layers.0.linear1,8,grad_l2,0.08777682296850801
leaky,6f584f1d-b3fd-4d8b-82e4-d62fa3efb3dc,blocks.layers.0.linear1,8,rel_update,0.0041638783055889285
leaky,6f584f1d-b3fd-4d8b-82e4-d62fa3efb3dc,blocks.layers.0.norm2,8,grad_l2,0.009364666966563405
leaky,6f584f1d-b3fd-4d8b-82e4-d62fa3efb3dc,blocks.layers.0.norm2,8,rel_update,0.00035493508604193005
leaky,6f584f1d-b3fd-4d8b-82e4-d62fa3efb3dc,blocks.layers.0.self_attn,8,grad_l2,0.16353893570707603
leaky,6f584f1d-b3fd-4d8b-82e4-d62fa3efb3dc,blocks.layers.0.self_attn,8,rel_update,0.00792915941994843
leaky,6f584f1d-b3fd-4d8b-82e4-d62fa3efb3dc,blocks.layers.0.norm1,8,grad_l2,0.02750780813413002
leaky,6f584f1d-b3fd-4d8b-82e4-d62fa3efb3dc,blocks.layers.0.norm1,8,rel_update,0.0005138183721655092
leaky,6f584f1d-b3fd-4d8b-82e4-d62fa3efb3dc,lm_head,9,grad_l2,0.3277950867798405
leaky,6f584f1d-b3fd-4d8b-82e4-d62fa3efb3dc,lm_head,9,rel_update,0.00490778947033766
leaky,6f584f1d-b3fd-4d8b-82e4-d62fa3efb3dc,final_norm,9,grad_l2,0.026022851394630824
leaky,6f584f1d-b3fd-4d8b-82e4-d62fa3efb3dc,final_norm,9,rel_update,0.0011445097976383691
leaky,6f584f1d-b3fd-4d8b-82e4-d62fa3efb3dc,blocks.layers.3.linear2,9,grad_l2,0.044742227854498814
leaky,6f584f1d-b3fd-4d8b-82e4-d62fa3efb3dc,blocks.layers.3.linear2,9,rel_update,0.0021682527163830946
leaky,6f584f1d-b3fd-4d8b-82e4-d62fa3efb3dc,blocks.layers.3.linear1,9,grad_l2,0.04966234199719531
leaky,6f584f1d-b3fd-4d8b-82e4-d62fa3efb3dc,blocks.layers.3.linear1,9,rel_update,0.002397131145464457
leaky,6f584f1d-b3fd-4d8b-82e4-d62fa3efb3dc,blocks.layers.3.norm2,9,grad_l2,0.005156717825469541
leaky,6f584f1d-b3fd-4d8b-82e4-d62fa3efb3dc,blocks.layers.3.norm2,9,rel_update,0.0002069442863437012
leaky,6f584f1d-b3fd-4d8b-82e4-d62fa3efb3dc,blocks.layers.3.self_attn,9,grad_l2,0.04315809357209807
leaky,6f584f1d-b3fd-4d8b-82e4-d62fa3efb3dc,blocks.layers.3.self_attn,9,rel_update,0.0021616013241065263
leaky,6f584f1d-b3fd-4d8b-82e4-d62fa3efb3dc,blocks.layers.3.norm1,9,grad_l2,0.0042921271554597785
leaky,6f584f1d-b3fd-4d8b-82e4-d62fa3efb3dc,blocks.layers.3.norm1,9,rel_update,0.00015288893119900636
leaky,6f584f1d-b3fd-4d8b-82e4-d62fa3efb3dc,blocks.layers.2.linear2,9,grad_l2,0.0404272945348641
leaky,6f584f1d-b3fd-4d8b-82e4-d62fa3efb3dc,blocks.layers.2.linear2,9,rel_update,0.001951169127638935
leaky,6f584f1d-b3fd-4d8b-82e4-d62fa3efb3dc,blocks.layers.2.linear1,9,grad_l2,0.0431516760197042
leaky,6f584f1d-b3fd-4d8b-82e4-d62fa3efb3dc,blocks.layers.2.linear1,9,rel_update,0.0020806276343236126
leaky,6f584f1d-b3fd-4d8b-82e4-d62fa3efb3dc,blocks.layers.2.norm2,9,grad_l2,0.003232973927713057
leaky,6f584f1d-b3fd-4d8b-82e4-d62fa3efb3dc,blocks.layers.2.norm2,9,rel_update,0.0001307421687219066
leaky,6f584f1d-b3fd-4d8b-82e4-d62fa3efb3dc,blocks.layers.2.self_attn,9,grad_l2,0.04764381829824085
leaky,6f584f1d-b3fd-4d8b-82e4-d62fa3efb3dc,blocks.layers.2.self_attn,9,rel_update,0.002397108747284293
leaky,6f584f1d-b3fd-4d8b-82e4-d62fa3efb3dc,blocks.layers.2.norm1,9,grad_l2,0.004523831276712179
leaky,6f584f1d-b3fd-4d8b-82e4-d62fa3efb3dc,blocks.layers.2.norm1,9,rel_update,0.00016222366901298558
leaky,6f584f1d-b3fd-4d8b-82e4-d62fa3efb3dc,blocks.layers.1.linear2,9,grad_l2,0.04647849514665162
leaky,6f584f1d-b3fd-4d8b-82e4-d62fa3efb3dc,blocks.layers.1.linear2,9,rel_update,0.0022630235199598225
leaky,6f584f1d-b3fd-4d8b-82e4-d62fa3efb3dc,blocks.layers.1.linear1,9,grad_l2,0.0494757267068966
leaky,6f584f1d-b3fd-4d8b-82e4-d62fa3efb3dc,blocks.layers.1.linear1,9,rel_update,0.0024030656841117913
leaky,6f584f1d-b3fd-4d8b-82e4-d62fa3efb3dc,blocks.layers.1.norm2,9,grad_l2,0.003831698761709555
leaky,6f584f1d-b3fd-4d8b-82e4-d62fa3efb3dc,blocks.layers.1.norm2,9,rel_update,0.000155119096864213
leaky,6f584f1d-b3fd-4d8b-82e4-d62fa3efb3dc,blocks.layers.1.self_attn,9,grad_l2,0.05530962326322065
leaky,6f584f1d-b3fd-4d8b-82e4-d62fa3efb3dc,blocks.layers.1.self_attn,9,rel_update,0.002790756360587209
leaky,6f584f1d-b3fd-4d8b-82e4-d62fa3efb3dc,blocks.layers.1.norm1,9,grad_l2,0.00547170029148744
leaky,6f584f1d-b3fd-4d8b-82e4-d62fa3efb3dc,blocks.layers.1.norm1,9,rel_update,0.00017994776959847256
leaky,6f584f1d-b3fd-4d8b-82e4-d62fa3efb3dc,blocks.layers.0.linear2,9,grad_l2,0.09676092539907608
leaky,6f584f1d-b3fd-4d8b-82e4-d62fa3efb3dc,blocks.layers.0.linear2,9,rel_update,0.00463425780060088
leaky,6f584f1d-b3fd-4d8b-82e4-d62fa3efb3dc,blocks.layers.0.linear1,9,grad_l2,0.09090608714124465
leaky,6f584f1d-b3fd-4d8b-82e4-d62fa3efb3dc,blocks.layers.0.linear1,9,rel_update,0.0043103509118768155
leaky,6f584f1d-b3fd-4d8b-82e4-d62fa3efb3dc,blocks.layers.0.norm2,9,grad_l2,0.009487937537515015
leaky,6f584f1d-b3fd-4d8b-82e4-d62fa3efb3dc,blocks.layers.0.norm2,9,rel_update,0.00036514980623287045
leaky,6f584f1d-b3fd-4d8b-82e4-d62fa3efb3dc,blocks.layers.0.self_attn,9,grad_l2,0.16891050869191088
leaky,6f584f1d-b3fd-4d8b-82e4-d62fa3efb3dc,blocks.layers.0.self_attn,9,rel_update,0.00817323680589001
leaky,6f584f1d-b3fd-4d8b-82e4-d62fa3efb3dc,blocks.layers.0.norm1,9,grad_l2,0.027559716088280797
leaky,6f584f1d-b3fd-4d8b-82e4-d62fa3efb3dc,blocks.layers.0.norm1,9,rel_update,0.0005322396464067036
leaky,b8849c0b-dd3c-4291-a15c-75064557f0ae,lm_head,0,grad_l2,0.9714843343373295
leaky,b8849c0b-dd3c-4291-a15c-75064557f0ae,lm_head,0,rel_update,0.03526496630333922
leaky,b8849c0b-dd3c-4291-a15c-75064557f0ae,final_norm,0,grad_l2,0.062828615224435
leaky,b8849c0b-dd3c-4291-a15c-75064557f0ae,final_norm,0,rel_update,0.0028637083225959647
leaky,b8849c0b-dd3c-4291-a15c-75064557f0ae,blocks.layers.3.linear2,0,grad_l2,0.017270806695310673
leaky,b8849c0b-dd3c-4291-a15c-75064557f0ae,blocks.layers.3.linear2,0,rel_update,0.0008490426170674903
leaky,b8849c0b-dd3c-4291-a15c-75064557f0ae,blocks.layers.3.linear1,0,grad_l2,0.016426548314130783
leaky,b8849c0b-dd3c-4291-a15c-75064557f0ae,blocks.layers.3.linear1,0,rel_update,0.0008099383890503659
leaky,b8849c0b-dd3c-4291-a15c-75064557f0ae,blocks.layers.3.norm2,0,grad_l2,0.0010985719024324775
leaky,b8849c0b-dd3c-4291-a15c-75064557f0ae,blocks.layers.3.norm2,0,rel_update,4.4447481110671365e-05
leaky,b8849c0b-dd3c-4291-a15c-75064557f0ae,blocks.layers.3.self_attn,0,grad_l2,0.019249765036648662
leaky,b8849c0b-dd3c-4291-a15c-75064557f0ae,blocks.layers.3.self_attn,0,rel_update,0.0009788958329469753
leaky,b8849c0b-dd3c-4291-a15c-75064557f0ae,blocks.layers.3.norm1,0,grad_l2,0.0015331884338246266
leaky,b8849c0b-dd3c-4291-a15c-75064557f0ae,blocks.layers.3.norm1,0,rel_update,5.796102638145591e-05
leaky,b8849c0b-dd3c-4291-a15c-75064557f0ae,blocks.layers.2.linear2,0,grad_l2,0.01967474719397412
leaky,b8849c0b-dd3c-4291-a15c-75064557f0ae,blocks.layers.2.linear2,0,rel_update,0.0009677133964202337
leaky,b8849c0b-dd3c-4291-a15c-75064557f0ae,blocks.layers.2.linear1,0,grad_l2,0.01764438272487074
leaky,b8849c0b-dd3c-4291-a15c-75064557f0ae,blocks.layers.2.linear1,0,rel_update,0.0008682483355469275
leaky,b8849c0b-dd3c-4291-a15c-75064557f0ae,blocks.layers.2.norm2,0,grad_l2,0.0012708598640462378
leaky,b8849c0b-dd3c-4291-a15c-75064557f0ae,blocks.layers.2.norm2,0,rel_update,4.924094876441761e-05
leaky,b8849c0b-dd3c-4291-a15c-75064557f0ae,blocks.layers.2.self_attn,0,grad_l2,0.020041615800360537
leaky,b8849c0b-dd3c-4291-a15c-75064557f0ae,blocks.layers.2.self_attn,0,rel_update,0.0010183240995036303
leaky,b8849c0b-dd3c-4291-a15c-75064557f0ae,blocks.layers.2.norm1,0,grad_l2,0.001741155359360738
leaky,b8849c0b-dd3c-4291-a15c-75064557f0ae,blocks.layers.2.norm1,0,rel_update,6.052537218530172e-05
leaky,b8849c0b-dd3c-4291-a15c-75064557f0ae,blocks.layers.1.linear2,0,grad_l2,0.02464070146714551
leaky,b8849c0b-dd3c-4291-a15c-75064557f0ae,blocks.layers.1.linear2,0,rel_update,0.0012103280504658805
leaky,b8849c0b-dd3c-4291-a15c-75064557f0ae,blocks.layers.1.linear1,0,grad_l2,0.02027216187705046
leaky,b8849c0b-dd3c-4291-a15c-75064557f0ae,blocks.layers.1.linear1,0,rel_update,0.0009964644576884573
leaky,b8849c0b-dd3c-4291-a15c-75064557f0ae,blocks.layers.1.norm2,0,grad_l2,0.0016335994594477963
leaky,b8849c0b-dd3c-4291-a15c-75064557f0ae,blocks.layers.1.norm2,0,rel_update,6.149860240223198e-05
leaky,b8849c0b-dd3c-4291-a15c-75064557f0ae,blocks.layers.1.self_attn,0,grad_l2,0.024290487444832885
leaky,b8849c0b-dd3c-4291-a15c-75064557f0ae,blocks.layers.1.self_attn,0,rel_update,0.0012322316048538565
leaky,b8849c0b-dd3c-4291-a15c-75064557f0ae,blocks.layers.1.norm1,0,grad_l2,0.002302465160478482
leaky,b8849c0b-dd3c-4291-a15c-75064557f0ae,blocks.layers.1.norm1,0,rel_update,7.202939251743862e-05
leaky,b8849c0b-dd3c-4291-a15c-75064557f0ae,blocks.layers.0.linear2,0,grad_l2,0.036230869161384474
leaky,b8849c0b-dd3c-4291-a15c-75064557f0ae,blocks.layers.0.linear2,0,rel_update,0.0017769444353801938
leaky,b8849c0b-dd3c-4291-a15c-75064557f0ae,blocks.layers.0.linear1,0,grad_l2,0.024392562357280153
leaky,b8849c0b-dd3c-4291-a15c-75064557f0ae,blocks.layers.0.linear1,0,rel_update,0.001192885372779631
leaky,b8849c0b-dd3c-4291-a15c-75064557f0ae,blocks.layers.0.norm2,0,grad_l2,0.0027877164602474
leaky,b8849c0b-dd3c-4291-a15c-75064557f0ae,blocks.layers.0.norm2,0,rel_update,9.208114036875033e-05
leaky,b8849c0b-dd3c-4291-a15c-75064557f0ae,blocks.layers.0.self_attn,0,grad_l2,0.039449305165841525
leaky,b8849c0b-dd3c-4291-a15c-75064557f0ae,blocks.layers.0.self_attn,0,rel_update,0.0019304915476751295
leaky,b8849c0b-dd3c-4291-a15c-75064557f0ae,blocks.layers.0.norm1,0,grad_l2,0.008116807845951797
leaky,b8849c0b-dd3c-4291-a15c-75064557f0ae,blocks.layers.0.norm1,0,rel_update,0.0001269562789357314
leaky,b8849c0b-dd3c-4291-a15c-75064557f0ae,lm_head,1,grad_l2,0.6092477693782582
leaky,b8849c0b-dd3c-4291-a15c-75064557f0ae,lm_head,1,rel_update,0.018991365256710482
leaky,b8849c0b-dd3c-4291-a15c-75064557f0ae,final_norm,1,grad_l2,0.04059112529724395
leaky,b8849c0b-dd3c-4291-a15c-75064557f0ae,final_norm,1,rel_update,0.0018846786858797337
leaky,b8849c0b-dd3c-4291-a15c-75064557f0ae,blocks.layers.3.linear2,1,grad_l2,0.021209515577358593
leaky,b8849c0b-dd3c-4291-a15c-75064557f0ae,blocks.layers.3.linear2,1,rel_update,0.0010368122075110394
leaky,b8849c0b-dd3c-4291-a15c-75064557f0ae,blocks.layers.3.linear1,1,grad_l2,0.021853050585821578
leaky,b8849c0b-dd3c-4291-a15c-75064557f0ae,blocks.layers.3.linear1,1,rel_update,0.0010714752888643312
leaky,b8849c0b-dd3c-4291-a15c-75064557f0ae,blocks.layers.3.norm2,1,grad_l2,0.0017340898967634405
leaky,b8849c0b-dd3c-4291-a15c-75064557f0ae,blocks.layers.3.norm2,1,rel_update,6.934342071202235e-05
leaky,b8849c0b-dd3c-4291-a15c-75064557f0ae,blocks.layers.3.self_attn,1,grad_l2,0.02118812122581697
leaky,b8849c0b-dd3c-4291-a15c-75064557f0ae,blocks.layers.3.self_attn,1,rel_update,0.0010751823113796998
leaky,b8849c0b-dd3c-4291-a15c-75064557f0ae,blocks.layers.3.norm1,1,grad_l2,0.001951321867522478
leaky,b8849c0b-dd3c-4291-a15c-75064557f0ae,blocks.layers.3.norm1,1,rel_update,6.442261288926957e-05
leaky,b8849c0b-dd3c-4291-a15c-75064557f0ae,blocks.layers.2.linear2,1,grad_l2,0.024035381297001973
leaky,b8849c0b-dd3c-4291-a15c-75064557f0ae,blocks.layers.2.linear2,1,rel_update,0.0011761805985724962
leaky,b8849c0b-dd3c-4291-a15c-75064557f0ae,blocks.layers.2.linear1,1,grad_l2,0.023013828425395413
leaky,b8849c0b-dd3c-4291-a15c-75064557f0ae,blocks.layers.2.linear1,1,rel_update,0.0011263363444535724
leaky,b8849c0b-dd3c-4291-a15c-75064557f0ae,blocks.layers.2.norm2,1,grad_l2,0.001848113014329417
leaky,b8849c0b-dd3c-4291-a15c-75064557f0ae,blocks.layers.2.norm2,1,rel_update,7.032212871404628e-05
leaky,b8849c0b-dd3c-4291-a15c-75064557f0ae,blocks.layers.2.self_attn,1,grad_l2,0.02313425098042189
leaky,b8849c0b-dd3c-4291-a15c-75064557f0ae,blocks.layers.2.self_attn,1,rel_update,0.0011726534479512608
leaky,b8849c0b-dd3c-4291-a15c-75064557f0ae,blocks.layers.2.norm1,1,grad_l2,0.0022588630986829085
leaky,b8849c0b-dd3c-4291-a15c-75064557f0ae,blocks.layers.2.norm1,1,rel_update,7.017855457616017e-05
leaky,b8849c0b-dd3c-4291-a15c-75064557f0ae,blocks.layers.1.linear2,1,grad_l2,0.030028801827989324
leaky,b8849c0b-dd3c-4291-a15c-75064557f0ae,blocks.layers.1.linear2,1,rel_update,0.0014688712422705748
leaky,b8849c0b-dd3c-4291-a15c-75064557f0ae,blocks.layers.1.linear1,1,grad_l2,0.026540706384789232
leaky,b8849c0b-dd3c-4291-a15c-75064557f0ae,blocks.layers.1.linear1,1,rel_update,0.001297966526630193
leaky,b8849c0b-dd3c-4291-a15c-75064557f0ae,blocks.layers.1.norm2,1,grad_l2,0.0023949805828557555
leaky,b8849c0b-dd3c-4291-a15c-75064557f0ae,blocks.layers.1.norm2,1,rel_update,8.909638102574813e-05
leaky,b8849c0b-dd3c-4291-a15c-75064557f0ae,blocks.layers.1.self_attn,1,grad_l2,0.030015675473224337
leaky,b8849c0b-dd3c-4291-a15c-75064557f0ae,blocks.layers.1.self_attn,1,rel_update,0.0015204894571191712
leaky,b8849c0b-dd3c-4291-a15c-75064557f0ae,blocks.layers.1.norm1,1,grad_l2,0.0030277438417737473
leaky,b8849c0b-dd3c-4291-a15c-75064557f0ae,blocks.layers.1.norm1,1,rel_update,9.129941114899538e-05
leaky,b8849c0b-dd3c-4291-a15c-75064557f0ae,blocks.layers.0.linear2,1,grad_l2,0.05097965121600443
leaky,b8849c0b-dd3c-4291-a15c-75064557f0ae,blocks.layers.0.linear2,1,rel_update,0.0024841946279008146
leaky,b8849c0b-dd3c-4291-a15c-75064557f0ae,blocks.layers.0.linear1,1,grad_l2,0.03953983781858206
leaky,b8849c0b-dd3c-4291-a15c-75064557f0ae,blocks.layers.0.linear1,1,rel_update,0.0019166987042084683
leaky,b8849c0b-dd3c-4291-a15c-75064557f0ae,blocks.layers.0.norm2,1,grad_l2,0.004875261185068679
leaky,b8849c0b-dd3c-4291-a15c-75064557f0ae,blocks.layers.0.norm2,1,rel_update,0.0001664558975782643
leaky,b8849c0b-dd3c-4291-a15c-75064557f0ae,blocks.layers.0.self_attn,1,grad_l2,0.07542357371261678
leaky,b8849c0b-dd3c-4291-a15c-75064557f0ae,blocks.layers.0.self_attn,1,rel_update,0.003747281580367936
leaky,b8849c0b-dd3c-4291-a15c-75064557f0ae,blocks.layers.0.norm1,1,grad_l2,0.014507122582386551
leaky,b8849c0b-dd3c-4291-a15c-75064557f0ae,blocks.layers.0.norm1,1,rel_update,0.0002356200025207148
leaky,b8849c0b-dd3c-4291-a15c-75064557f0ae,lm_head,2,grad_l2,0.4901342872941197
leaky,b8849c0b-dd3c-4291-a15c-75064557f0ae,lm_head,2,rel_update,0.0132769795588843
leaky,b8849c0b-dd3c-4291-a15c-75064557f0ae,final_norm,2,grad_l2,0.03377949896596892
leaky,b8849c0b-dd3c-4291-a15c-75064557f0ae,final_norm,2,rel_update,0.0015618250798346439
leaky,b8849c0b-dd3c-4291-a15c-75064557f0ae,blocks.layers.3.linear2,2,grad_l2,0.02718655274765181
leaky,b8849c0b-dd3c-4291-a15c-75064557f0ae,blocks.layers.3.linear2,2,rel_update,0.001323778847810817
leaky,b8849c0b-dd3c-4291-a15c-75064557f0ae,blocks.layers.3.linear1,2,grad_l2,0.028106382093599936
leaky,b8849c0b-dd3c-4291-a15c-75064557f0ae,blocks.layers.3.linear1,2,rel_update,0.0013716757253301474
leaky,b8849c0b-dd3c-4291-a15c-75064557f0ae,blocks.layers.3.norm2,2,grad_l2,0.0026261181661533504
leaky,b8849c0b-dd3c-4291-a15c-75064557f0ae,blocks.layers.3.norm2,2,rel_update,0.0001010476705169325
leaky,b8849c0b-dd3c-4291-a15c-75064557f0ae,blocks.layers.3.self_attn,2,grad_l2,0.024823207426519955
leaky,b8849c0b-dd3c-4291-a15c-75064557f0ae,blocks.layers.3.self_attn,2,rel_update,0.0012568506600530787
leaky,b8849c0b-dd3c-4291-a15c-75064557f0ae,blocks.layers.3.norm1,2,grad_l2,0.0024386341455584454
leaky,b8849c0b-dd3c-4291-a15c-75064557f0ae,blocks.layers.3.norm1,2,rel_update,7.743651753194623e-05
leaky,b8849c0b-dd3c-4291-a15c-75064557f0ae,blocks.layers.2.linear2,2,grad_l2,0.02830248373805252
leaky,b8849c0b-dd3c-4291-a15c-75064557f0ae,blocks.layers.2.linear2,2,rel_update,0.0013801521336567302
leaky,b8849c0b-dd3c-4291-a15c-75064557f0ae,blocks.layers.2.linear1,2,grad_l2,0.027395925259105912
leaky,b8849c0b-dd3c-4291-a15c-75064557f0ae,blocks.layers.2.linear1,2,rel_update,0.0013354865911920396
leaky,b8849c0b-dd3c-4291-a15c-75064557f0ae,blocks.layers.2.norm2,2,grad_l2,0.0022815730765596764
leaky,b8849c0b-dd3c-4291-a15c-75064557f0ae,blocks.layers.2.norm2,2,rel_update,8.574804228596361e-05
leaky,b8849c0b-dd3c-4291-a15c-75064557f0ae,blocks.layers.2.self_attn,2,grad_l2,0.027062840480790308
leaky,b8849c0b-dd3c-4291-a15c-75064557f0ae,blocks.layers.2.self_attn,2,rel_update,0.001369108721246616
leaky,b8849c0b-dd3c-4291-a15c-75064557f0ae,blocks.layers.2.norm1,2,grad_l2,0.0027711181734202672
leaky,b8849c0b-dd3c-4291-a15c-75064557f0ae,blocks.layers.2.norm1,2,rel_update,8.361765496535174e-05
leaky,b8849c0b-dd3c-4291-a15c-75064557f0ae,blocks.layers.1.linear2,2,grad_l2,0.03435194806019307
leaky,b8849c0b-dd3c-4291-a15c-75064557f0ae,blocks.layers.1.linear2,2,rel_update,0.0016763167168719615
leaky,b8849c0b-dd3c-4291-a15c-75064557f0ae,blocks.layers.1.linear1,2,grad_l2,0.031256329597945824
leaky,b8849c0b-dd3c-4291-a15c-75064557f0ae,blocks.layers.1.linear1,2,rel_update,0.0015241061609477305
leaky,b8849c0b-dd3c-4291-a15c-75064557f0ae,blocks.layers.1.norm2,2,grad_l2,0.0028325066442270353
leaky,b8849c0b-dd3c-4291-a15c-75064557f0ae,blocks.layers.1.norm2,2,rel_update,0.00010556448868921877
leaky,b8849c0b-dd3c-4291-a15c-75064557f0ae,blocks.layers.1.self_attn,2,grad_l2,0.035496485211426156
leaky,b8849c0b-dd3c-4291-a15c-75064557f0ae,blocks.layers.1.self_attn,2,rel_update,0.0017974962929750288
leaky,b8849c0b-dd3c-4291-a15c-75064557f0ae,blocks.layers.1.norm1,2,grad_l2,0.0036149890516792827
leaky,b8849c0b-dd3c-4291-a15c-75064557f0ae,blocks.layers.1.norm1,2,rel_update,0.00011172818355396978
leaky,b8849c0b-dd3c-4291-a15c-75064557f0ae,blocks.layers.0.linear2,2,grad_l2,0.06214482723363051
leaky,b8849c0b-dd3c-4291-a15c-75064557f0ae,blocks.layers.0.linear2,2,rel_update,0.003013237661135499
leaky,b8849c0b-dd3c-4291-a15c-75064557f0ae,blocks.layers.0.linear1,2,grad_l2,0.050265481728281054
leaky,b8849c0b-dd3c-4291-a15c-75064557f0ae,blocks.layers.0.linear1,2,rel_update,0.0024212553433663906
leaky,b8849c0b-dd3c-4291-a15c-75064557f0ae,blocks.layers.0.norm2,2,grad_l2,0.006174691927185208
leaky,b8849c0b-dd3c-4291-a15c-75064557f0ae,blocks.layers.0.norm2,2,rel_update,0.00021414366985647386
leaky,b8849c0b-dd3c-4291-a15c-75064557f0ae,blocks.layers.0.self_attn,2,grad_l2,0.09653704901129104
leaky,b8849c0b-dd3c-4291-a15c-75064557f0ae,blocks.layers.0.self_attn,2,rel_update,0.004800186399894697
leaky,b8849c0b-dd3c-4291-a15c-75064557f0ae,blocks.layers.0.norm1,2,grad_l2,0.018808635185894502
leaky,b8849c0b-dd3c-4291-a15c-75064557f0ae,blocks.layers.0.norm1,2,rel_update,0.00029959319636984504
leaky,b8849c0b-dd3c-4291-a15c-75064557f0ae,lm_head,3,grad_l2,0.431411332281777
leaky,b8849c0b-dd3c-4291-a15c-75064557f0ae,lm_head,3,rel_update,0.010346668874432318
leaky,b8849c0b-dd3c-4291-a15c-75064557f0ae,final_norm,3,grad_l2,0.030854986070259844
leaky,b8849c0b-dd3c-4291-a15c-75064557f0ae,final_norm,3,rel_update,0.0014031960660857113
leaky,b8849c0b-dd3c-4291-a15c-75064557f0ae,blocks.layers.3.linear2,3,grad_l2,0.03268622472785597
leaky,b8849c0b-dd3c-4291-a15c-75064557f0ae,blocks.layers.3.linear2,3,rel_update,0.0015871408755121661
leaky,b8849c0b-dd3c-4291-a15c-75064557f0ae,blocks.layers.3.linear1,3,grad_l2,0.03350583179724201
leaky,b8849c0b-dd3c-4291-a15c-75064557f0ae,blocks.layers.3.linear1,3,rel_update,0.0016298517357206902
leaky,b8849c0b-dd3c-4291-a15c-75064557f0ae,blocks.layers.3.norm2,3,grad_l2,0.0035414350974701334
leaky,b8849c0b-dd3c-4291-a15c-75064557f0ae,blocks.layers.3.norm2,3,rel_update,0.0001298593012274061
leaky,b8849c0b-dd3c-4291-a15c-75064557f0ae,blocks.layers.3.self_attn,3,grad_l2,0.028866572995615215
leaky,b8849c0b-dd3c-4291-a15c-75064557f0ae,blocks.layers.3.self_attn,3,rel_update,0.0014582967339140187
leaky,b8849c0b-dd3c-4291-a15c-75064557f0ae,blocks.layers.3.norm1,3,grad_l2,0.002954989865897971
leaky,b8849c0b-dd3c-4291-a15c-75064557f0ae,blocks.layers.3.norm1,3,rel_update,9.291353031217378e-05
leaky,b8849c0b-dd3c-4291-a15c-75064557f0ae,blocks.layers.2.linear2,3,grad_l2,0.031634289645864164
leaky,b8849c0b-dd3c-4291-a15c-75064557f0ae,blocks.layers.2.linear2,3,rel_update,0.0015382874606293415
leaky,b8849c0b-dd3c-4291-a15c-75064557f0ae,blocks.layers.2.linear1,3,grad_l2,0.0309164307997594
leaky,b8849c0b-dd3c-4291-a15c-75064557f0ae,blocks.layers.2.linear1,3,rel_update,0.0015026081946240663
leaky,b8849c0b-dd3c-4291-a15c-75064557f0ae,blocks.layers.2.norm2,3,grad_l2,0.0025947345078750892
leaky,b8849c0b-dd3c-4291-a15c-75064557f0ae,blocks.layers.2.norm2,3,rel_update,9.681925846364233e-05
leaky,b8849c0b-dd3c-4291-a15c-75064557f0ae,blocks.layers.2.self_attn,3,grad_l2,0.031156605919741634
leaky,b8849c0b-dd3c-4291-a15c-75064557f0ae,blocks.layers.2.self_attn,3,rel_update,0.0015733245749534684
leaky,b8849c0b-dd3c-4291-a15c-75064557f0ae,blocks.layers.2.norm1,3,grad_l2,0.0032280763232478854
leaky,b8849c0b-dd3c-4291-a15c-75064557f0ae,blocks.layers.2.norm1,3,rel_update,9.801198452583094e-05
leaky,b8849c0b-dd3c-4291-a15c-75064557f0ae,blocks.layers.1.linear2,3,grad_l2,0.03743507371991359
leaky,b8849c0b-dd3c-4291-a15c-75064557f0ae,blocks.layers.1.linear2,3,rel_update,0.0018232962175877322
leaky,b8849c0b-dd3c-4291-a15c-75064557f0ae,blocks.layers.1.linear1,3,grad_l2,0.0350199050991491
leaky,b8849c0b-dd3c-4291-a15c-75064557f0ae,blocks.layers.1.linear1,3,rel_update,0.0017041163301137166
leaky,b8849c0b-dd3c-4291-a15c-75064557f0ae,blocks.layers.1.norm2,3,grad_l2,0.003128030483423585
leaky,b8849c0b-dd3c-4291-a15c-75064557f0ae,blocks.layers.1.norm2,3,rel_update,0.0001171164756672802
leaky,b8849c0b-dd3c-4291-a15c-75064557f0ae,blocks.layers.1.self_attn,3,grad_l2,0.0402365318572023
leaky,b8849c0b-dd3c-4291-a15c-75064557f0ae,blocks.layers.1.self_attn,3,rel_update,0.0020369559115610237
leaky,b8849c0b-dd3c-4291-a15c-75064557f0ae,blocks.layers.1.norm1,3,grad_l2,0.004105972273730183
leaky,b8849c0b-dd3c-4291-a15c-75064557f0ae,blocks.layers.1.norm1,3,rel_update,0.00012917160063989833
leaky,b8849c0b-dd3c-4291-a15c-75064557f0ae,blocks.layers.0.linear2,3,grad_l2,0.07112924106651107
leaky,b8849c0b-dd3c-4291-a15c-75064557f0ae,blocks.layers.0.linear2,3,rel_update,0.0034350031292192176
leaky,b8849c0b-dd3c-4291-a15c-75064557f0ae,blocks.layers.0.linear1,3,grad_l2,0.05901929211470061
leaky,b8849c0b-dd3c-4291-a15c-75064557f0ae,blocks.layers.0.linear1,3,rel_update,0.0028289329628448587
leaky,b8849c0b-dd3c-4291-a15c-75064557f0ae,blocks.layers.0.norm2,3,grad_l2,0.007127113676869704
leaky,b8849c0b-dd3c-4291-a15c-75064557f0ae,blocks.layers.0.norm2,3,rel_update,0.0002504595552874462
leaky,b8849c0b-dd3c-4291-a15c-75064557f0ae,blocks.layers.0.self_attn,3,grad_l2,0.11322890336086418
leaky,b8849c0b-dd3c-4291-a15c-75064557f0ae,blocks.layers.0.self_attn,3,rel_update,0.005612965228244895
leaky,b8849c0b-dd3c-4291-a15c-75064557f0ae,blocks.layers.0.norm1,3,grad_l2,0.021854196054116207
leaky,b8849c0b-dd3c-4291-a15c-75064557f0ae,blocks.layers.0.norm1,3,rel_update,0.00035183216100935163
leaky,b8849c0b-dd3c-4291-a15c-75064557f0ae,lm_head,4,grad_l2,0.39664783127791514
leaky,b8849c0b-dd3c-4291-a15c-75064557f0ae,lm_head,4,rel_update,0.008559804006955232
leaky,b8849c0b-dd3c-4291-a15c-75064557f0ae,final_norm,4,grad_l2,0.029026220622801312
leaky,b8849c0b-dd3c-4291-a15c-75064557f0ae,final_norm,4,rel_update,0.0013078465108733908
leaky,b8849c0b-dd3c-4291-a15c-75064557f0ae,blocks.layers.3.linear2,4,grad_l2,0.036469671039436546
leaky,b8849c0b-dd3c-4291-a15c-75064557f0ae,blocks.layers.3.linear2,4,rel_update,0.0017685270421181785
leaky,b8849c0b-dd3c-4291-a15c-75064557f0ae,blocks.layers.3.linear1,4,grad_l2,0.03774056994835462
leaky,b8849c0b-dd3c-4291-a15c-75064557f0ae,blocks.layers.3.linear1,4,rel_update,0.0018322359932205791
leaky,b8849c0b-dd3c-4291-a15c-75064557f0ae,blocks.layers.3.norm2,4,grad_l2,0.004085191623050456
leaky,b8849c0b-dd3c-4291-a15c-75064557f0ae,blocks.layers.3.norm2,4,rel_update,0.00015236447925434698
leaky,b8849c0b-dd3c-4291-a15c-75064557f0ae,blocks.layers.3.self_attn,4,grad_l2,0.03241417823219204
leaky,b8849c0b-dd3c-4291-a15c-75064557f0ae,blocks.layers.3.self_attn,4,rel_update,0.0016345306183203976
leaky,b8849c0b-dd3c-4291-a15c-75064557f0ae,blocks.layers.3.norm1,4,grad_l2,0.0033206720010348755
leaky,b8849c0b-dd3c-4291-a15c-75064557f0ae,blocks.layers.3.norm1,4,rel_update,0.00010660581927589477
leaky,b8849c0b-dd3c-4291-a15c-75064557f0ae,blocks.layers.2.linear2,4,grad_l2,0.0339558368612467
leaky,b8849c0b-dd3c-4291-a15c-75064557f0ae,blocks.layers.2.linear2,4,rel_update,0.0016477953634831306
leaky,b8849c0b-dd3c-4291-a15c-75064557f0ae,blocks.layers.2.linear1,4,grad_l2,0.03381904670935946
leaky,b8849c0b-dd3c-4291-a15c-75064557f0ae,blocks.layers.2.linear1,4,rel_update,0.0016398934104046017
leaky,b8849c0b-dd3c-4291-a15c-75064557f0ae,blocks.layers.2.norm2,4,grad_l2,0.0027874896833630625
leaky,b8849c0b-dd3c-4291-a15c-75064557f0ae,blocks.layers.2.norm2,4,rel_update,0.0001050613557927463
leaky,b8849c0b-dd3c-4291-a15c-75064557f0ae,blocks.layers.2.self_attn,4,grad_l2,0.03493484898414091
leaky,b8849c0b-dd3c-4291-a15c-75064557f0ae,blocks.layers.2.self_attn,4,rel_update,0.0017612321880310234
leaky,b8849c0b-dd3c-4291-a15c-75064557f0ae,blocks.layers.2.norm1,4,grad_l2,0.003574329704923895
leaky,b8849c0b-dd3c-4291-a15c-75064557f0ae,blocks.layers.2.norm1,4,rel_update,0.00011186064328728512
leaky,b8849c0b-dd3c-4291-a15c-75064557f0ae,blocks.layers.1.linear2,4,grad_l2,0.039648703685100734
leaky,b8849c0b-dd3c-4291-a15c-75064557f0ae,blocks.layers.1.linear2,4,rel_update,0.001928509009187687
leaky,b8849c0b-dd3c-4291-a15c-75064557f0ae,blocks.layers.1.linear1,4,grad_l2,0.03820157049177044
leaky,b8849c0b-dd3c-4291-a15c-75064557f0ae,blocks.layers.1.linear1,4,rel_update,0.0018562100895827595
leaky,b8849c0b-dd3c-4291-a15c-75064557f0ae,blocks.layers.1.norm2,4,grad_l2,0.0033381975719630375
leaky,b8849c0b-dd3c-4291-a15c-75064557f0ae,blocks.layers.1.norm2,4,rel_update,0.00012635299849017386
leaky,b8849c0b-dd3c-4291-a15c-75064557f0ae,blocks.layers.1.self_attn,4,grad_l2,0.044162658928589386
leaky,b8849c0b-dd3c-4291-a15c-75064557f0ae,blocks.layers.1.self_attn,4,rel_update,0.002235525926912601
leaky,b8849c0b-dd3c-4291-a15c-75064557f0ae,blocks.layers.1.norm1,4,grad_l2,0.004482349483897051
leaky,b8849c0b-dd3c-4291-a15c-75064557f0ae,blocks.layers.1.norm1,4,rel_update,0.0001432050028763399
leaky,b8849c0b-dd3c-4291-a15c-75064557f0ae,blocks.layers.0.linear2,4,grad_l2,0.07825172589933448
leaky,b8849c0b-dd3c-4291-a15c-75064557f0ae,blocks.layers.0.linear2,4,rel_update,0.003767595590903656
leaky,b8849c0b-dd3c-4291-a15c-75064557f0ae,blocks.layers.0.linear1,4,grad_l2,0.06659978856031581
leaky,b8849c0b-dd3c-4291-a15c-75064557f0ae,blocks.layers.0.linear1,4,rel_update,0.0031806171743240306
leaky,b8849c0b-dd3c-4291-a15c-75064557f0ae,blocks.layers.0.norm2,4,grad_l2,0.007841939169216867
leaky,b8849c0b-dd3c-4291-a15c-75064557f0ae,blocks.layers.0.norm2,4,rel_update,0.0002796819955623426
leaky,b8849c0b-dd3c-4291-a15c-75064557f0ae,blocks.layers.0.self_attn,4,grad_l2,0.12736731130578471
leaky,b8849c0b-dd3c-4291-a15c-75064557f0ae,blocks.layers.0.self_attn,4,rel_update,0.00628470171159247
leaky,b8849c0b-dd3c-4291-a15c-75064557f0ae,blocks.layers.0.norm1,4,grad_l2,0.024035166878220972
leaky,b8849c0b-dd3c-4291-a15c-75064557f0ae,blocks.layers.0.norm1,4,rel_update,0.00039584986988849775
leaky,b8849c0b-dd3c-4291-a15c-75064557f0ae,lm_head,5,grad_l2,0.3737627210831303
leaky,b8849c0b-dd3c-4291-a15c-75064557f0ae,lm_head,5,rel_update,0.007356278045815754
leaky,b8849c0b-dd3c-4291-a15c-75064557f0ae,final_norm,5,grad_l2,0.02790396745725376
leaky,b8849c0b-dd3c-4291-a15c-75064557f0ae,final_norm,5,rel_update,0.0012447603583669441
leaky,b8849c0b-dd3c-4291-a15c-75064557f0ae,blocks.layers.3.linear2,5,grad_l2,0.039581069945523586
leaky,b8849c0b-dd3c-4291-a15c-75064557f0ae,blocks.layers.3.linear2,5,rel_update,0.0019175070641366157
leaky,b8849c0b-dd3c-4291-a15c-75064557f0ae,blocks.layers.3.linear1,5,grad_l2,0.04126156823849935
leaky,b8849c0b-dd3c-4291-a15c-75064557f0ae,blocks.layers.3.linear1,5,rel_update,0.0020004151189341635
leaky,b8849c0b-dd3c-4291-a15c-75064557f0ae,blocks.layers.3.norm2,5,grad_l2,0.004548463504993685
leaky,b8849c0b-dd3c-4291-a15c-75064557f0ae,blocks.layers.3.norm2,5,rel_update,0.00017058246790378355
leaky,b8849c0b-dd3c-4291-a15c-75064557f0ae,blocks.layers.3.self_attn,5,grad_l2,0.0356180486243408
leaky,b8849c0b-dd3c-4291-a15c-75064557f0ae,blocks.layers.3.self_attn,5,rel_update,0.0017926045793028402
leaky,b8849c0b-dd3c-4291-a15c-75064557f0ae,blocks.layers.3.norm1,5,grad_l2,0.0036655677949338685
leaky,b8849c0b-dd3c-4291-a15c-75064557f0ae,blocks.layers.3.norm1,5,rel_update,0.00012004709710696664
leaky,b8849c0b-dd3c-4291-a15c-75064557f0ae,blocks.layers.2.linear2,5,grad_l2,0.03590014661827632
leaky,b8849c0b-dd3c-4291-a15c-75064557f0ae,blocks.layers.2.linear2,5,rel_update,0.0017391413963013056
leaky,b8849c0b-dd3c-4291-a15c-75064557f0ae,blocks.layers.2.linear1,5,grad_l2,0.0364153742678762
leaky,b8849c0b-dd3c-4291-a15c-75064557f0ae,blocks.layers.2.linear1,5,rel_update,0.0017625304725434813
leaky,b8849c0b-dd3c-4291-a15c-75064557f0ae,blocks.layers.2.norm2,5,grad_l2,0.0029449076401301625
leaky,b8849c0b-dd3c-4291-a15c-75064557f0ae,blocks.layers.2.norm2,5,rel_update,0.00011243077954023063
leaky,b8849c0b-dd3c-4291-a15c-75064557f0ae,blocks.layers.2.self_attn,5,grad_l2,0.038519656844967325
leaky,b8849c0b-dd3c-4291-a15c-75064557f0ae,blocks.layers.2.self_attn,5,rel_update,0.0019390971816132753
leaky,b8849c0b-dd3c-4291-a15c-75064557f0ae,blocks.layers.2.norm1,5,grad_l2,0.003880559007660277
leaky,b8849c0b-dd3c-4291-a15c-75064557f0ae,blocks.layers.2.norm1,5,rel_update,0.00012539362767580175
leaky,b8849c0b-dd3c-4291-a15c-75064557f0ae,blocks.layers.1.linear2,5,grad_l2,0.04148391914415478
leaky,b8849c0b-dd3c-4291-a15c-75064557f0ae,blocks.layers.1.linear2,5,rel_update,0.002015751759000243
leaky,b8849c0b-dd3c-4291-a15c-75064557f0ae,blocks.layers.1.linear1,5,grad_l2,0.04107107994957869
leaky,b8849c0b-dd3c-4291-a15c-75064557f0ae,blocks.layers.1.linear1,5,rel_update,0.001993617660645507
leaky,b8849c0b-dd3c-4291-a15c-75064557f0ae,blocks.layers.1.norm2,5,grad_l2,0.0034986631409536255
leaky,b8849c0b-dd3c-4291-a15c-75064557f0ae,blocks.layers.1.norm2,5,rel_update,0.00013424114182282264
leaky,b8849c0b-dd3c-4291-a15c-75064557f0ae,blocks.layers.1.self_attn,5,grad_l2,0.047620570182578606
leaky,b8849c0b-dd3c-4291-a15c-75064557f0ae,blocks.layers.1.self_attn,5,rel_update,0.0024107443895118636
leaky,b8849c0b-dd3c-4291-a15c-75064557f0ae,blocks.layers.1.norm1,5,grad_l2,0.0048072159893474365
leaky,b8849c0b-dd3c-4291-a15c-75064557f0ae,blocks.layers.1.norm1,5,rel_update,0.00015575950610102255
leaky,b8849c0b-dd3c-4291-a15c-75064557f0ae,blocks.layers.0.linear2,5,grad_l2,0.08402791782348909
leaky,b8849c0b-dd3c-4291-a15c-75064557f0ae,blocks.layers.0.linear2,5,rel_update,0.004037165351839537
leaky,b8849c0b-dd3c-4291-a15c-75064557f0ae,blocks.layers.0.linear1,5,grad_l2,0.07331845301333491
leaky,b8849c0b-dd3c-4291-a15c-75064557f0ae,blocks.layers.0.linear1,5,rel_update,0.0034927274495995496
leaky,b8849c0b-dd3c-4291-a15c-75064557f0ae,blocks.layers.0.norm2,5,grad_l2,0.00838858508047453
leaky,b8849c0b-dd3c-4291-a15c-75064557f0ae,blocks.layers.0.norm2,5,rel_update,0.00030428513651683706
leaky,b8849c0b-dd3c-4291-a15c-75064557f0ae,blocks.layers.0.self_attn,5,grad_l2,0.13949807181916724
leaky,b8849c0b-dd3c-4291-a15c-75064557f0ae,blocks.layers.0.self_attn,5,rel_update,0.006850027256844053
leaky,b8849c0b-dd3c-4291-a15c-75064557f0ae,blocks.layers.0.norm1,5,grad_l2,0.02541679281927592
leaky,b8849c0b-dd3c-4291-a15c-75064557f0ae,blocks.layers.0.norm1,5,rel_update,0.00043429678430058176
leaky,b8849c0b-dd3c-4291-a15c-75064557f0ae,lm_head,6,grad_l2,0.35754095071696607
leaky,b8849c0b-dd3c-4291-a15c-75064557f0ae,lm_head,6,rel_update,0.006490047979768342
leaky,b8849c0b-dd3c-4291-a15c-75064557f0ae,final_norm,6,grad_l2,0.027148549262282884
leaky,b8849c0b-dd3c-4291-a15c-75064557f0ae,final_norm,6,rel_update,0.0012018901342630394
leaky,b8849c0b-dd3c-4291-a15c-75064557f0ae,blocks.layers.3.linear2,6,grad_l2,0.041893441565399266
leaky,b8849c0b-dd3c-4291-a15c-75064557f0ae,blocks.layers.3.linear2,6,rel_update,0.0020282724370752118
leaky,b8849c0b-dd3c-4291-a15c-75064557f0ae,blocks.layers.3.linear1,6,grad_l2,0.044107638585347955
leaky,b8849c0b-dd3c-4291-a15c-75064557f0ae,blocks.layers.3.linear1,6,rel_update,0.0021364137331066624
leaky,b8849c0b-dd3c-4291-a15c-75064557f0ae,blocks.layers.3.norm2,6,grad_l2,0.004854428147537671
leaky,b8849c0b-dd3c-4291-a15c-75064557f0ae,blocks.layers.3.norm2,6,rel_update,0.00018406007424441446
leaky,b8849c0b-dd3c-4291-a15c-75064557f0ae,blocks.layers.3.self_attn,6,grad_l2,0.03831556096475608
leaky,b8849c0b-dd3c-4291-a15c-75064557f0ae,blocks.layers.3.self_attn,6,rel_update,0.0019250183872996647
leaky,b8849c0b-dd3c-4291-a15c-75064557f0ae,blocks.layers.3.norm1,6,grad_l2,0.003938857402535485
leaky,b8849c0b-dd3c-4291-a15c-75064557f0ae,blocks.layers.3.norm1,6,rel_update,0.00013148107041308606
leaky,b8849c0b-dd3c-4291-a15c-75064557f0ae,blocks.layers.2.linear2,6,grad_l2,0.03747472512415098
leaky,b8849c0b-dd3c-4291-a15c-75064557f0ae,blocks.layers.2.linear2,6,rel_update,0.0018130249041213985
leaky,b8849c0b-dd3c-4291-a15c-75064557f0ae,blocks.layers.2.linear1,6,grad_l2,0.03869064892080988
leaky,b8849c0b-dd3c-4291-a15c-75064557f0ae,blocks.layers.2.linear1,6,rel_update,0.0018700191766638956
leaky,b8849c0b-dd3c-4291-a15c-75064557f0ae,blocks.layers.2.norm2,6,grad_l2,0.0030681521367604326
leaky,b8849c0b-dd3c-4291-a15c-75064557f0ae,blocks.layers.2.norm2,6,rel_update,0.00011864216563664332
leaky,b8849c0b-dd3c-4291-a15c-75064557f0ae,blocks.layers.2.self_attn,6,grad_l2,0.04163761394377585
leaky,b8849c0b-dd3c-4291-a15c-75064557f0ae,blocks.layers.2.self_attn,6,rel_update,0.0020936748862298658
leaky,b8849c0b-dd3c-4291-a15c-75064557f0ae,blocks.layers.2.norm1,6,grad_l2,0.00412162030436689
leaky,b8849c0b-dd3c-4291-a15c-75064557f0ae,blocks.layers.2.norm1,6,rel_update,0.0001371675231059041
leaky,b8849c0b-dd3c-4291-a15c-75064557f0ae,blocks.layers.1.linear2,6,grad_l2,0.042970079337527035
leaky,b8849c0b-dd3c-4291-a15c-75064557f0ae,blocks.layers.1.linear2,6,rel_update,0.0020865429001625108
leaky,b8849c0b-dd3c-4291-a15c-75064557f0ae,blocks.layers.1.linear1,6,grad_l2,0.043597165577368195
leaky,b8849c0b-dd3c-4291-a15c-75064557f0ae,blocks.layers.1.linear1,6,rel_update,0.002114857390143968
leaky,b8849c0b-dd3c-4291-a15c-75064557f0ae,blocks.layers.1.norm2,6,grad_l2,0.0036286875092057464
leaky,b8849c0b-dd3c-4291-a15c-75064557f0ae,blocks.layers.1.norm2,6,rel_update,0.0001410198437084981
leaky,b8849c0b-dd3c-4291-a15c-75064557f0ae,blocks.layers.1.self_attn,6,grad_l2,0.05053769382008948
leaky,b8849c0b-dd3c-4291-a15c-75064557f0ae,blocks.layers.1.self_attn,6,rel_update,0.0025587871125245173
leaky,b8849c0b-dd3c-4291-a15c-75064557f0ae,blocks.layers.1.norm1,6,grad_l2,0.005065461927357499
leaky,b8849c0b-dd3c-4291-a15c-75064557f0ae,blocks.layers.1.norm1,6,rel_update,0.00016573935090954709
leaky,b8849c0b-dd3c-4291-a15c-75064557f0ae,blocks.layers.0.linear2,6,grad_l2,0.08865943031148228
leaky,b8849c0b-dd3c-4291-a15c-75064557f0ae,blocks.layers.0.linear2,6,rel_update,0.004253719146374183
leaky,b8849c0b-dd3c-4291-a15c-75064557f0ae,blocks.layers.0.linear1,6,grad_l2,0.07912439854700054
leaky,b8849c0b-dd3c-4291-a15c-75064557f0ae,blocks.layers.0.linear1,6,rel_update,0.003763251452341335
leaky,b8849c0b-dd3c-4291-a15c-75064557f0ae,blocks.layers.0.norm2,6,grad_l2,0.008815670788316519
leaky,b8849c0b-dd3c-4291-a15c-75064557f0ae,blocks.layers.0.norm2,6,rel_update,0.00032494475533653716
leaky,b8849c0b-dd3c-4291-a15c-75064557f0ae,blocks.layers.0.self_attn,6,grad_l2,0.15012422786289598
leaky,b8849c0b-dd3c-4291-a15c-75064557f0ae,blocks.layers.0.self_attn,6,rel_update,0.00733734348175138
leaky,b8849c0b-dd3c-4291-a15c-75064557f0ae,blocks.layers.0.norm1,6,grad_l2,0.026449723118714533
leaky,b8849c0b-dd3c-4291-a15c-75064557f0ae,blocks.layers.0.norm1,6,rel_update,0.0004672843174957561
leaky,b8849c0b-dd3c-4291-a15c-75064557f0ae,lm_head,7,grad_l2,0.34526953026917484
leaky,b8849c0b-dd3c-4291-a15c-75064557f0ae,lm_head,7,rel_update,0.005836609933262845
leaky,b8849c0b-dd3c-4291-a15c-75064557f0ae,final_norm,7,grad_l2,0.026619615320523645
leaky,b8849c0b-dd3c-4291-a15c-75064557f0ae,final_norm,7,rel_update,0.001171301896616509
leaky,b8849c0b-dd3c-4291-a15c-75064557f0ae,blocks.layers.3.linear2,7,grad_l2,0.04365350972970368
leaky,b8849c0b-dd3c-4291-a15c-75064557f0ae,blocks.layers.3.linear2,7,rel_update,0.0021126454681611355
leaky,b8849c0b-dd3c-4291-a15c-75064557f0ae,blocks.layers.3.linear1,7,grad_l2,0.04639231109251546
leaky,b8849c0b-dd3c-4291-a15c-75064557f0ae,blocks.layers.3.linear1,7,rel_update,0.002245655347943909
leaky,b8849c0b-dd3c-4291-a15c-75064557f0ae,blocks.layers.3.norm2,7,grad_l2,0.0050777199559286805
leaky,b8849c0b-dd3c-4291-a15c-75064557f0ae,blocks.layers.3.norm2,7,rel_update,0.0001942455315820586
leaky,b8849c0b-dd3c-4291-a15c-75064557f0ae,blocks.layers.3.self_attn,7,grad_l2,0.040391167106010165
leaky,b8849c0b-dd3c-4291-a15c-75064557f0ae,blocks.layers.3.self_attn,7,rel_update,0.002026522131908001
leaky,b8849c0b-dd3c-4291-a15c-75064557f0ae,blocks.layers.3.norm1,7,grad_l2,0.004130208575011927
leaky,b8849c0b-dd3c-4291-a15c-75064557f0ae,blocks.layers.3.norm1,7,rel_update,0.00014047029898632836
leaky,b8849c0b-dd3c-4291-a15c-75064557f0ae,blocks.layers.2.linear2,7,grad_l2,0.038681610797635164
leaky,b8849c0b-dd3c-4291-a15c-75064557f0ae,blocks.layers.2.linear2,7,rel_update,0.0018696730211602362
leaky,b8849c0b-dd3c-4291-a15c-75064557f0ae,blocks.layers.2.linear1,7,grad_l2,0.04061120581350989
leaky,b8849c0b-dd3c-4291-a15c-75064557f0ae,blocks.layers.2.linear1,7,rel_update,0.001960814819279324
leaky,b8849c0b-dd3c-4291-a15c-75064557f0ae,blocks.layers.2.norm2,7,grad_l2,0.003160424040823642
leaky,b8849c0b-dd3c-4291-a15c-75064557f0ae,blocks.layers.2.norm2,7,rel_update,0.00012367990950394838
leaky,b8849c0b-dd3c-4291-a15c-75064557f0ae,blocks.layers.2.self_attn,7,grad_l2,0.044083533545374184
leaky,b8849c0b-dd3c-4291-a15c-75064557f0ae,blocks.layers.2.self_attn,7,rel_update,0.002214917488973053
leaky,b8849c0b-dd3c-4291-a15c-75064557f0ae,blocks.layers.2.norm1,7,grad_l2,0.004288983977939591
leaky,b8849c0b-dd3c-4291-a15c-75064557f0ae,blocks.layers.2.norm1,7,rel_update,0.00014631262469114766
leaky,b8849c0b-dd3c-4291-a15c-75064557f0ae,blocks.layers.1.linear2,7,grad_l2,0.0441032897321799
leaky,b8849c0b-dd3c-4291-a15c-75064557f0ae,blocks.layers.1.linear2,7,rel_update,0.002140819647988884
leaky,b8849c0b-dd3c-4291-a15c-75064557f0ae,blocks.layers.1.linear1,7,grad_l2,0.04573758332875383
leaky,b8849c0b-dd3c-4291-a15c-75064557f0ae,blocks.layers.1.linear1,7,rel_update,0.002217846926409952
leaky,b8849c0b-dd3c-4291-a15c-75064557f0ae,blocks.layers.1.norm2,7,grad_l2,0.003721986969010274
leaky,b8849c0b-dd3c-4291-a15c-75064557f0ae,blocks.layers.1.norm2,7,rel_update,0.00014660986598631935
leaky,b8849c0b-dd3c-4291-a15c-75064557f0ae,blocks.layers.1.self_attn,7,grad_l2,0.052811314318226554
leaky,b8849c0b-dd3c-4291-a15c-75064557f0ae,blocks.layers.1.self_attn,7,rel_update,0.0026745935200020955
leaky,b8849c0b-dd3c-4291-a15c-75064557f0ae,blocks.layers.1.norm1,7,grad_l2,0.0052397226363372715
leaky,b8849c0b-dd3c-4291-a15c-75064557f0ae,blocks.layers.1.norm1,7,rel_update,0.0001735413034614638
leaky,b8849c0b-dd3c-4291-a15c-75064557f0ae,blocks.layers.0.linear2,7,grad_l2,0.09201646262183556
leaky,b8849c0b-dd3c-4291-a15c-75064557f0ae,blocks.layers.0.linear2,7,rel_update,0.004410917401402541
leaky,b8849c0b-dd3c-4291-a15c-75064557f0ae,blocks.layers.0.linear1,7,grad_l2,0.08397590699354424
leaky,b8849c0b-dd3c-4291-a15c-75064557f0ae,blocks.layers.0.linear1,7,rel_update,0.003990067831342901
leaky,b8849c0b-dd3c-4291-a15c-75064557f0ae,blocks.layers.0.norm2,7,grad_l2,0.009101015557833575
leaky,b8849c0b-dd3c-4291-a15c-75064557f0ae,blocks.layers.0.norm2,7,rel_update,0.0003418287414323104
leaky,b8849c0b-dd3c-4291-a15c-75064557f0ae,blocks.layers.0.self_attn,7,grad_l2,0.1587997593777196
leaky,b8849c0b-dd3c-4291-a15c-75064557f0ae,blocks.layers.0.self_attn,7,rel_update,0.007732510742712973
leaky,b8849c0b-dd3c-4291-a15c-75064557f0ae,blocks.layers.0.norm1,7,grad_l2,0.026959888665833525
leaky,b8849c0b-dd3c-4291-a15c-75064557f0ae,blocks.layers.0.norm1,7,rel_update,0.0004947595506551678
leaky,b8849c0b-dd3c-4291-a15c-75064557f0ae,lm_head,8,grad_l2,0.3356002722452544
leaky,b8849c0b-dd3c-4291-a15c-75064557f0ae,lm_head,8,rel_update,0.0053264782348351695
leaky,b8849c0b-dd3c-4291-a15c-75064557f0ae,final_norm,8,grad_l2,0.026191031539045336
leaky,b8849c0b-dd3c-4291-a15c-75064557f0ae,final_norm,8,rel_update,0.0011491803687704047
leaky,b8849c0b-dd3c-4291-a15c-75064557f0ae,blocks.layers.3.linear2,8,grad_l2,0.044725305303460625
leaky,b8849c0b-dd3c-4291-a15c-75064557f0ae,blocks.layers.3.linear2,8,rel_update,0.0021641851270600082
leaky,b8849c0b-dd3c-4291-a15c-75064557f0ae,blocks.layers.3.linear1,8,grad_l2,0.04815012864366236
leaky,b8849c0b-dd3c-4291-a15c-75064557f0ae,blocks.layers.3.linear1,8,rel_update,0.0023298004610174264
leaky,b8849c0b-dd3c-4291-a15c-75064557f0ae,blocks.layers.3.norm2,8,grad_l2,0.005174440095668636
leaky,b8849c0b-dd3c-4291-a15c-75064557f0ae,blocks.layers.3.norm2,8,rel_update,0.0002014328944313169
leaky,b8849c0b-dd3c-4291-a15c-75064557f0ae,blocks.layers.3.self_attn,8,grad_l2,0.04188990541538644
leaky,b8849c0b-dd3c-4291-a15c-75064557f0ae,blocks.layers.3.self_attn,8,rel_update,0.0020996631327543456
leaky,b8849c0b-dd3c-4291-a15c-75064557f0ae,blocks.layers.3.norm1,8,grad_l2,0.004239143907389024
leaky,b8849c0b-dd3c-4291-a15c-75064557f0ae,blocks.layers.3.norm1,8,rel_update,0.00014686889598652196
leaky,b8849c0b-dd3c-4291-a15c-75064557f0ae,blocks.layers.2.linear2,8,grad_l2,0.03952892459501291
leaky,b8849c0b-dd3c-4291-a15c-75064557f0ae,blocks.layers.2.linear2,8,rel_update,0.0019094512928145412
leaky,b8849c0b-dd3c-4291-a15c-75064557f0ae,blocks.layers.2.linear1,8,grad_l2,0.04215523686401335
leaky,b8849c0b-dd3c-4291-a15c-75064557f0ae,blocks.layers.2.linear1,8,rel_update,0.002033850797395825
leaky,b8849c0b-dd3c-4291-a15c-75064557f0ae,blocks.layers.2.norm2,8,grad_l2,0.0032212536441702574
leaky,b8849c0b-dd3c-4291-a15c-75064557f0ae,blocks.layers.2.norm2,8,rel_update,0.00012774963677367386
leaky,b8849c0b-dd3c-4291-a15c-75064557f0ae,blocks.layers.2.self_attn,8,grad_l2,0.04594909241275122
leaky,b8849c0b-dd3c-4291-a15c-75064557f0ae,blocks.layers.2.self_attn,8,rel_update,0.0023073921083970267
leaky,b8849c0b-dd3c-4291-a15c-75064557f0ae,blocks.layers.2.norm1,8,grad_l2,0.004395572903326677
leaky,b8849c0b-dd3c-4291-a15c-75064557f0ae,blocks.layers.2.norm1,8,rel_update,0.0001532238961912371
leaky,b8849c0b-dd3c-4291-a15c-75064557f0ae,blocks.layers.1.linear2,8,grad_l2,0.04491720709146351
leaky,b8849c0b-dd3c-4291-a15c-75064557f0ae,blocks.layers.1.linear2,8,rel_update,0.002179994063840948
leaky,b8849c0b-dd3c-4291-a15c-75064557f0ae,blocks.layers.1.linear1,8,grad_l2,0.047482967610497966
leaky,b8849c0b-dd3c-4291-a15c-75064557f0ae,blocks.layers.1.linear1,8,rel_update,0.002301964671457425
leaky,b8849c0b-dd3c-4291-a15c-75064557f0ae,blocks.layers.1.norm2,8,grad_l2,0.003787609465531636
leaky,b8849c0b-dd3c-4291-a15c-75064557f0ae,blocks.layers.1.norm2,8,rel_update,0.0001511443445526029
leaky,b8849c0b-dd3c-4291-a15c-75064557f0ae,blocks.layers.1.self_attn,8,grad_l2,0.05451167311198629
leaky,b8849c0b-dd3c-4291-a15c-75064557f0ae,blocks.layers.1.self_attn,8,rel_update,0.0027614587101595575
leaky,b8849c0b-dd3c-4291-a15c-75064557f0ae,blocks.layers.1.norm1,8,grad_l2,0.005346428238575112
leaky,b8849c0b-dd3c-4291-a15c-75064557f0ae,blocks.layers.1.norm1,8,rel_update,0.0001793392842632628
leaky,b8849c0b-dd3c-4291-a15c-75064557f0ae,blocks.layers.0.linear2,8,grad_l2,0.09442096505985889
leaky,b8849c0b-dd3c-4291-a15c-75064557f0ae,blocks.layers.0.linear2,8,rel_update,0.004523622114770717
leaky,b8849c0b-dd3c-4291-a15c-75064557f0ae,blocks.layers.0.linear1,8,grad_l2,0.0879305701160635
leaky,b8849c0b-dd3c-4291-a15c-75064557f0ae,blocks.layers.0.linear1,8,rel_update,0.00417536262335544
leaky,b8849c0b-dd3c-4291-a15c-75064557f0ae,blocks.layers.0.norm2,8,grad_l2,0.009297316516298037
leaky,b8849c0b-dd3c-4291-a15c-75064557f0ae,blocks.layers.0.norm2,8,rel_update,0.00035517318498824637
leaky,b8849c0b-dd3c-4291-a15c-75064557f0ae,blocks.layers.0.self_attn,8,grad_l2,0.16577080354186716
leaky,b8849c0b-dd3c-4291-a15c-75064557f0ae,blocks.layers.0.self_attn,8,rel_update,0.008049039406453717
leaky,b8849c0b-dd3c-4291-a15c-75064557f0ae,blocks.layers.0.norm1,8,grad_l2,0.027218931341705225
leaky,b8849c0b-dd3c-4291-a15c-75064557f0ae,blocks.layers.0.norm1,8,rel_update,0.0005178875984911798
leaky,b8849c0b-dd3c-4291-a15c-75064557f0ae,lm_head,9,grad_l2,0.32779069017897294
leaky,b8849c0b-dd3c-4291-a15c-75064557f0ae,lm_head,9,rel_update,0.004917693854298963
leaky,b8849c0b-dd3c-4291-a15c-75064557f0ae,final_norm,9,grad_l2,0.025856199038649164
leaky,b8849c0b-dd3c-4291-a15c-75064557f0ae,final_norm,9,rel_update,0.0011332290016922827
leaky,b8849c0b-dd3c-4291-a15c-75064557f0ae,blocks.layers.3.linear2,9,grad_l2,0.045384805750136155
leaky,b8849c0b-dd3c-4291-a15c-75064557f0ae,blocks.layers.3.linear2,9,rel_update,0.002196054565357352
leaky,b8849c0b-dd3c-4291-a15c-75064557f0ae,blocks.layers.3.linear1,9,grad_l2,0.049500705007270086
leaky,b8849c0b-dd3c-4291-a15c-75064557f0ae,blocks.layers.3.linear1,9,rel_update,0.002394494090538884
leaky,b8849c0b-dd3c-4291-a15c-75064557f0ae,blocks.layers.3.norm2,9,grad_l2,0.005199647911913666
leaky,b8849c0b-dd3c-4291-a15c-75064557f0ae,blocks.layers.3.norm2,9,rel_update,0.00020653525375266565
leaky,b8849c0b-dd3c-4291-a15c-75064557f0ae,blocks.layers.3.self_attn,9,grad_l2,0.042948247876549224
leaky,b8849c0b-dd3c-4291-a15c-75064557f0ae,blocks.layers.3.self_attn,9,rel_update,0.0021512186063936756
leaky,b8849c0b-dd3c-4291-a15c-75064557f0ae,blocks.layers.3.norm1,9,grad_l2,0.004293408905202936
leaky,b8849c0b-dd3c-4291-a15c-75064557f0ae,blocks.layers.3.norm1,9,rel_update,0.00015135150134162648
leaky,b8849c0b-dd3c-4291-a15c-75064557f0ae,blocks.layers.2.linear2,9,grad_l2,0.040119958438107915
leaky,b8849c0b-dd3c-4291-a15c-75064557f0ae,blocks.layers.2.linear2,9,rel_update,0.0019372102908439012
leaky,b8849c0b-dd3c-4291-a15c-75064557f0ae,blocks.layers.2.linear1,9,grad_l2,0.043374387458497775
leaky,b8849c0b-dd3c-4291-a15c-75064557f0ae,blocks.layers.2.linear1,9,rel_update,0.0020915305785205204
leaky,b8849c0b-dd3c-4291-a15c-75064557f0ae,blocks.layers.2.norm2,9,grad_l2,0.0032596158816726793
leaky,b8849c0b-dd3c-4291-a15c-75064557f0ae,blocks.layers.2.norm2,9,rel_update,0.0001309240734734028
leaky,b8849c0b-dd3c-4291-a15c-75064557f0ae,blocks.layers.2.self_attn,9,grad_l2,0.04733940545348776
leaky,b8849c0b-dd3c-4291-a15c-75064557f0ae,blocks.layers.2.self_attn,9,rel_update,0.0023763278129570074
leaky,b8849c0b-dd3c-4291-a15c-75064557f0ae,blocks.layers.2.norm1,9,grad_l2,0.004459074959887185
leaky,b8849c0b-dd3c-4291-a15c-75064557f0ae,blocks.layers.2.norm1,9,rel_update,0.00015831944659953182
leaky,b8849c0b-dd3c-4291-a15c-75064557f0ae,blocks.layers.1.linear2,9,grad_l2,0.04548634821657984
leaky,b8849c0b-dd3c-4291-a15c-75064557f0ae,blocks.layers.1.linear2,9,rel_update,0.0022075133238156817
leaky,b8849c0b-dd3c-4291-a15c-75064557f0ae,blocks.layers.1.linear1,9,grad_l2,0.048868588118323314
leaky,b8849c0b-dd3c-4291-a15c-75064557f0ae,blocks.layers.1.linear1,9,rel_update,0.0023687884602786977
leaky,b8849c0b-dd3c-4291-a15c-75064557f0ae,blocks.layers.1.norm2,9,grad_l2,0.0038306426129416592
leaky,b8849c0b-dd3c-4291-a15c-75064557f0ae,blocks.layers.1.norm2,9,rel_update,0.00015460299226579567
leaky,b8849c0b-dd3c-4291-a15c-75064557f0ae,blocks.layers.1.self_attn,9,grad_l2,0.05575707776651235
leaky,b8849c0b-dd3c-4291-a15c-75064557f0ae,blocks.layers.1.self_attn,9,rel_update,0.0028252740423270277
leaky,b8849c0b-dd3c-4291-a15c-75064557f0ae,blocks.layers.1.norm1,9,grad_l2,0.00540783717777265
leaky,b8849c0b-dd3c-4291-a15c-75064557f0ae,blocks.layers.1.norm1,9,rel_update,0.00018346073624678645
leaky,b8849c0b-dd3c-4291-a15c-75064557f0ae,blocks.layers.0.linear2,9,grad_l2,0.09613862751127257
leaky,b8849c0b-dd3c-4291-a15c-75064557f0ae,blocks.layers.0.linear2,9,rel_update,0.004604097278365266
leaky,b8849c0b-dd3c-4291-a15c-75064557f0ae,blocks.layers.0.linear1,9,grad_l2,0.0910757261974119
leaky,b8849c0b-dd3c-4291-a15c-75064557f0ae,blocks.layers.0.linear1,9,rel_update,0.004322851165245479
leaky,b8849c0b-dd3c-4291-a15c-75064557f0ae,blocks.layers.0.norm2,9,grad_l2,0.009418557856450448
leaky,b8849c0b-dd3c-4291-a15c-75064557f0ae,blocks.layers.0.norm2,9,rel_update,0.0003654783810556087
leaky,b8849c0b-dd3c-4291-a15c-75064557f0ae,blocks.layers.0.self_attn,9,grad_l2,0.17111692341618093
leaky,b8849c0b-dd3c-4291-a15c-75064557f0ae,blocks.layers.0.self_attn,9,rel_update,0.008291921133444345
leaky,b8849c0b-dd3c-4291-a15c-75064557f0ae,blocks.layers.0.norm1,9,grad_l2,0.02724536381501849
leaky,b8849c0b-dd3c-4291-a15c-75064557f0ae,blocks.layers.0.norm1,9,rel_update,0.0005362670228572292
leaky,9a53af31-0a85-4158-bb69-566e9bdfb09e,lm_head,0,grad_l2,0.9657269823911776
leaky,9a53af31-0a85-4158-bb69-566e9bdfb09e,lm_head,0,rel_update,0.0350634731479748
leaky,9a53af31-0a85-4158-bb69-566e9bdfb09e,final_norm,0,grad_l2,0.06350144165608362
leaky,9a53af31-0a85-4158-bb69-566e9bdfb09e,final_norm,0,rel_update,0.002910099586328362
leaky,9a53af31-0a85-4158-bb69-566e9bdfb09e,blocks.layers.3.linear2,0,grad_l2,0.01794060151206633
leaky,9a53af31-0a85-4158-bb69-566e9bdfb09e,blocks.layers.3.linear2,0,rel_update,0.000882961443479569
leaky,9a53af31-0a85-4158-bb69-566e9bdfb09e,blocks.layers.3.linear1,0,grad_l2,0.017110399473630963
leaky,9a53af31-0a85-4158-bb69-566e9bdfb09e,blocks.layers.3.linear1,0,rel_update,0.0008434145087474782
leaky,9a53af31-0a85-4158-bb69-566e9bdfb09e,blocks.layers.3.norm2,0,grad_l2,0.00122543797554077
leaky,9a53af31-0a85-4158-bb69-566e9bdfb09e,blocks.layers.3.norm2,0,rel_update,5.027074308353459e-05
leaky,9a53af31-0a85-4158-bb69-566e9bdfb09e,blocks.layers.3.self_attn,0,grad_l2,0.019891360285855933
leaky,9a53af31-0a85-4158-bb69-566e9bdfb09e,blocks.layers.3.self_attn,0,rel_update,0.001010794534526436
leaky,9a53af31-0a85-4158-bb69-566e9bdfb09e,blocks.layers.3.norm1,0,grad_l2,0.0015627310512386534
leaky,9a53af31-0a85-4158-bb69-566e9bdfb09e,blocks.layers.3.norm1,0,rel_update,5.952016165165725e-05
leaky,9a53af31-0a85-4158-bb69-566e9bdfb09e,blocks.layers.2.linear2,0,grad_l2,0.021111313335293796
leaky,9a53af31-0a85-4158-bb69-566e9bdfb09e,blocks.layers.2.linear2,0,rel_update,0.0010378390993958666
leaky,9a53af31-0a85-4158-bb69-566e9bdfb09e,blocks.layers.2.linear1,0,grad_l2,0.018152867263437934
leaky,9a53af31-0a85-4158-bb69-566e9bdfb09e,blocks.layers.2.linear1,0,rel_update,0.0008928445830547711
leaky,9a53af31-0a85-4158-bb69-566e9bdfb09e,blocks.layers.2.norm2,0,grad_l2,0.001307127174775841
leaky,9a53af31-0a85-4158-bb69-566e9bdfb09e,blocks.layers.2.norm2,0,rel_update,5.083579281589123e-05
leaky,9a53af31-0a85-4158-bb69-566e9bdfb09e,blocks.layers.2.self_attn,0,grad_l2,0.02145237247182042
leaky,9a53af31-0a85-4158-bb69-566e9bdfb09e,blocks.layers.2.self_attn,0,rel_update,0.0010893502560584225
leaky,9a53af31-0a85-4158-bb69-566e9bdfb09e,blocks.layers.2.norm1,0,grad_l2,0.0017481093044362855
leaky,9a53af31-0a85-4158-bb69-566e9bdfb09e,blocks.layers.2.norm1,0,rel_update,6.247507824096664e-05
leaky,9a53af31-0a85-4158-bb69-566e9bdfb09e,blocks.layers.1.linear2,0,grad_l2,0.024586678361405098
leaky,9a53af31-0a85-4158-bb69-566e9bdfb09e,blocks.layers.1.linear2,0,rel_update,0.0012073545144398233
leaky,9a53af31-0a85-4158-bb69-566e9bdfb09e,blocks.layers.1.linear1,0,grad_l2,0.019998767122253885
leaky,9a53af31-0a85-4158-bb69-566e9bdfb09e,blocks.layers.1.linear1,0,rel_update,0.0009836318830692978
leaky,9a53af31-0a85-4158-bb69-566e9bdfb09e,blocks.layers.1.norm2,0,grad_l2,0.001657310675288232
leaky,9a53af31-0a85-4158-bb69-566e9bdfb09e,blocks.layers.1.norm2,0,rel_update,6.289931882846135e-05
leaky,9a53af31-0a85-4158-bb69-566e9bdfb09e,blocks.layers.1.self_attn,0,grad_l2,0.02500589731343889
leaky,9a53af31-0a85-4158-bb69-566e9bdfb09e,blocks.layers.1.self_attn,0,rel_update,0.0012675752272903425
leaky,9a53af31-0a85-4158-bb69-566e9bdfb09e,blocks.layers.1.norm1,0,grad_l2,0.002362381933490119
leaky,9a53af31-0a85-4158-bb69-566e9bdfb09e,blocks.layers.1.norm1,0,rel_update,7.099019779828293e-05
leaky,9a53af31-0a85-4158-bb69-566e9bdfb09e,blocks.layers.0.linear2,0,grad_l2,0.03675340523436545
leaky,9a53af31-0a85-4158-bb69-566e9bdfb09e,blocks.layers.0.linear2,0,rel_update,0.001803383355643029
leaky,9a53af31-0a85-4158-bb69-566e9bdfb09e,blocks.layers.0.linear1,0,grad_l2,0.02334329844798199
leaky,9a53af31-0a85-4158-bb69-566e9bdfb09e,blocks.layers.0.linear1,0,rel_update,0.001139914807572334
leaky,9a53af31-0a85-4158-bb69-566e9bdfb09e,blocks.layers.0.norm2,0,grad_l2,0.002707704389902302
leaky,9a53af31-0a85-4158-bb69-566e9bdfb09e,blocks.layers.0.norm2,0,rel_update,8.775793404770041e-05
leaky,9a53af31-0a85-4158-bb69-566e9bdfb09e,blocks.layers.0.self_attn,0,grad_l2,0.039282165703473225
leaky,9a53af31-0a85-4158-bb69-566e9bdfb09e,blocks.layers.0.self_attn,0,rel_update,0.0019093061620388827
leaky,9a53af31-0a85-4158-bb69-566e9bdfb09e,blocks.layers.0.norm1,0,grad_l2,0.008439703879904217
leaky,9a53af31-0a85-4158-bb69-566e9bdfb09e,blocks.layers.0.norm1,0,rel_update,0.0001228388772818437
leaky,9a53af31-0a85-4158-bb69-566e9bdfb09e,lm_head,1,grad_l2,0.6067439751480822
leaky,9a53af31-0a85-4158-bb69-566e9bdfb09e,lm_head,1,rel_update,0.01889116565301054
leaky,9a53af31-0a85-4158-bb69-566e9bdfb09e,final_norm,1,grad_l2,0.04140101232804398
leaky,9a53af31-0a85-4158-bb69-566e9bdfb09e,final_norm,1,rel_update,0.0019245474958591341
leaky,9a53af31-0a85-4158-bb69-566e9bdfb09e,blocks.layers.3.linear2,1,grad_l2,0.022166697637505256
leaky,9a53af31-0a85-4158-bb69-566e9bdfb09e,blocks.layers.3.linear2,1,rel_update,0.0010853293177922945
leaky,9a53af31-0a85-4158-bb69-566e9bdfb09e,blocks.layers.3.linear1,1,grad_l2,0.022831679706983403
leaky,9a53af31-0a85-4158-bb69-566e9bdfb09e,blocks.layers.3.linear1,1,rel_update,0.001119468577036916
leaky,9a53af31-0a85-4158-bb69-566e9bdfb09e,blocks.layers.3.norm2,1,grad_l2,0.0018879599636560402
leaky,9a53af31-0a85-4158-bb69-566e9bdfb09e,blocks.layers.3.norm2,1,rel_update,7.437879641923153e-05
leaky,9a53af31-0a85-4158-bb69-566e9bdfb09e,blocks.layers.3.self_attn,1,grad_l2,0.02201198312554841
leaky,9a53af31-0a85-4158-bb69-566e9bdfb09e,blocks.layers.3.self_attn,1,rel_update,0.001116256717589634
leaky,9a53af31-0a85-4158-bb69-566e9bdfb09e,blocks.layers.3.norm1,1,grad_l2,0.0020119245222979653
leaky,9a53af31-0a85-4158-bb69-566e9bdfb09e,blocks.layers.3.norm1,1,rel_update,6.646494927796006e-05
leaky,9a53af31-0a85-4158-bb69-566e9bdfb09e,blocks.layers.2.linear2,1,grad_l2,0.025010915641114153
leaky,9a53af31-0a85-4158-bb69-566e9bdfb09e,blocks.layers.2.linear2,1,rel_update,0.0012238597833094571
leaky,9a53af31-0a85-4158-bb69-566e9bdfb09e,blocks.layers.2.linear1,1,grad_l2,0.023011817609936043
leaky,9a53af31-0a85-4158-bb69-566e9bdfb09e,blocks.layers.2.linear1,1,rel_update,0.0011260048228504903
leaky,9a53af31-0a85-4158-bb69-566e9bdfb09e,blocks.layers.2.norm2,1,grad_l2,0.0018730334226887725
leaky,9a53af31-0a85-4158-bb69-566e9bdfb09e,blocks.layers.2.norm2,1,rel_update,7.128324773048179e-05
leaky,9a53af31-0a85-4158-bb69-566e9bdfb09e,blocks.layers.2.self_attn,1,grad_l2,0.02379290914325513
leaky,9a53af31-0a85-4158-bb69-566e9bdfb09e,blocks.layers.2.self_attn,1,rel_update,0.0012053293175101302
leaky,9a53af31-0a85-4158-bb69-566e9bdfb09e,blocks.layers.2.norm1,1,grad_l2,0.002225049854304634
leaky,9a53af31-0a85-4158-bb69-566e9bdfb09e,blocks.layers.2.norm1,1,rel_update,6.942020127500785e-05
leaky,9a53af31-0a85-4158-bb69-566e9bdfb09e,blocks.layers.1.linear2,1,grad_l2,0.030498811585383326
leaky,9a53af31-0a85-4158-bb69-566e9bdfb09e,blocks.layers.1.linear2,1,rel_update,0.0014923242844379018
leaky,9a53af31-0a85-4158-bb69-566e9bdfb09e,blocks.layers.1.linear1,1,grad_l2,0.026430476846406085
leaky,9a53af31-0a85-4158-bb69-566e9bdfb09e,blocks.layers.1.linear1,1,rel_update,0.0012935400817490701
leaky,9a53af31-0a85-4158-bb69-566e9bdfb09e,blocks.layers.1.norm2,1,grad_l2,0.0024400745724043305
leaky,9a53af31-0a85-4158-bb69-566e9bdfb09e,blocks.layers.1.norm2,1,rel_update,9.067689322401595e-05
leaky,9a53af31-0a85-4158-bb69-566e9bdfb09e,blocks.layers.1.self_attn,1,grad_l2,0.028426716174554757
leaky,9a53af31-0a85-4158-bb69-566e9bdfb09e,blocks.layers.1.self_attn,1,rel_update,0.0014372179929982467
leaky,9a53af31-0a85-4158-bb69-566e9bdfb09e,blocks.layers.1.norm1,1,grad_l2,0.003037036787020686
leaky,9a53af31-0a85-4158-bb69-566e9bdfb09e,blocks.layers.1.norm1,1,rel_update,8.395152121284374e-05
leaky,9a53af31-0a85-4158-bb69-566e9bdfb09e,blocks.layers.0.linear2,1,grad_l2,0.051430310574559726
leaky,9a53af31-0a85-4158-bb69-566e9bdfb09e,blocks.layers.0.linear2,1,rel_update,0.002508050520681948
leaky,9a53af31-0a85-4158-bb69-566e9bdfb09e,blocks.layers.0.linear1,1,grad_l2,0.03866671988582248
leaky,9a53af31-0a85-4158-bb69-566e9bdfb09e,blocks.layers.0.linear1,1,rel_update,0.0018723058055437041
leaky,9a53af31-0a85-4158-bb69-566e9bdfb09e,blocks.layers.0.norm2,1,grad_l2,0.004823985679321779
leaky,9a53af31-0a85-4158-bb69-566e9bdfb09e,blocks.layers.0.norm2,1,rel_update,0.0001641308785867637
leaky,9a53af31-0a85-4158-bb69-566e9bdfb09e,blocks.layers.0.self_attn,1,grad_l2,0.07462592868784886
leaky,9a53af31-0a85-4158-bb69-566e9bdfb09e,blocks.layers.0.self_attn,1,rel_update,0.003695498519581568
leaky,9a53af31-0a85-4158-bb69-566e9bdfb09e,blocks.layers.0.norm1,1,grad_l2,0.014737401865076483
leaky,9a53af31-0a85-4158-bb69-566e9bdfb09e,blocks.layers.0.norm1,1,rel_update,0.00023217446703224445
leaky,9a53af31-0a85-4158-bb69-566e9bdfb09e,lm_head,2,grad_l2,0.48776549231680827
leaky,9a53af31-0a85-4158-bb69-566e9bdfb09e,lm_head,2,rel_update,0.013203289930697712
leaky,9a53af31-0a85-4158-bb69-566e9bdfb09e,final_norm,2,grad_l2,0.03417107390094997
leaky,9a53af31-0a85-4158-bb69-566e9bdfb09e,final_norm,2,rel_update,0.0015884042015373912
leaky,9a53af31-0a85-4158-bb69-566e9bdfb09e,blocks.layers.3.linear2,2,grad_l2,0.027265514226420928
leaky,9a53af31-0a85-4158-bb69-566e9bdfb09e,blocks.layers.3.linear2,2,rel_update,0.0013305322959542196
leaky,9a53af31-0a85-4158-bb69-566e9bdfb09e,blocks.layers.3.linear1,2,grad_l2,0.028444532760013207
leaky,9a53af31-0a85-4158-bb69-566e9bdfb09e,blocks.layers.3.linear1,2,rel_update,0.001388867335321796
leaky,9a53af31-0a85-4158-bb69-566e9bdfb09e,blocks.layers.3.norm2,2,grad_l2,0.0026503535469277585
leaky,9a53af31-0a85-4158-bb69-566e9bdfb09e,blocks.layers.3.norm2,2,rel_update,0.0001035208557354922
leaky,9a53af31-0a85-4158-bb69-566e9bdfb09e,blocks.layers.3.self_attn,2,grad_l2,0.024928642594813654
leaky,9a53af31-0a85-4158-bb69-566e9bdfb09e,blocks.layers.3.self_attn,2,rel_update,0.0012616749965220252
leaky,9a53af31-0a85-4158-bb69-566e9bdfb09e,blocks.layers.3.norm1,2,grad_l2,0.0024179921784025318
leaky,9a53af31-0a85-4158-bb69-566e9bdfb09e,blocks.layers.3.norm1,2,rel_update,7.716901431529407e-05
leaky,9a53af31-0a85-4158-bb69-566e9bdfb09e,blocks.layers.2.linear2,2,grad_l2,0.028431165369183633
leaky,9a53af31-0a85-4158-bb69-566e9bdfb09e,blocks.layers.2.linear2,2,rel_update,0.001386676392535451
leaky,9a53af31-0a85-4158-bb69-566e9bdfb09e,blocks.layers.2.linear1,2,grad_l2,0.02692717978589668
leaky,9a53af31-0a85-4158-bb69-566e9bdfb09e,blocks.layers.2.linear1,2,rel_update,0.0013126161412152545
leaky,9a53af31-0a85-4158-bb69-566e9bdfb09e,blocks.layers.2.norm2,2,grad_l2,0.002235337128873569
leaky,9a53af31-0a85-4158-bb69-566e9bdfb09e,blocks.layers.2.norm2,2,rel_update,8.523505647320324e-05
leaky,9a53af31-0a85-4158-bb69-566e9bdfb09e,blocks.layers.2.self_attn,2,grad_l2,0.027087137956796004
leaky,9a53af31-0a85-4158-bb69-566e9bdfb09e,blocks.layers.2.self_attn,2,rel_update,0.0013701373335639453
leaky,9a53af31-0a85-4158-bb69-566e9bdfb09e,blocks.layers.2.norm1,2,grad_l2,0.0026369325266977824
leaky,9a53af31-0a85-4158-bb69-566e9bdfb09e,blocks.layers.2.norm1,2,rel_update,8.073592320488529e-05
leaky,9a53af31-0a85-4158-bb69-566e9bdfb09e,blocks.layers.1.linear2,2,grad_l2,0.03456660843206122
leaky,9a53af31-0a85-4158-bb69-566e9bdfb09e,blocks.layers.1.linear2,2,rel_update,0.0016879914346000441
leaky,9a53af31-0a85-4158-bb69-566e9bdfb09e,blocks.layers.1.linear1,2,grad_l2,0.031075534364044574
leaky,9a53af31-0a85-4158-bb69-566e9bdfb09e,blocks.layers.1.linear1,2,rel_update,0.001516800190398339
leaky,9a53af31-0a85-4158-bb69-566e9bdfb09e,blocks.layers.1.norm2,2,grad_l2,0.0028592979519667765
leaky,9a53af31-0a85-4158-bb69-566e9bdfb09e,blocks.layers.1.norm2,2,rel_update,0.0001064502140857278
leaky,9a53af31-0a85-4158-bb69-566e9bdfb09e,blocks.layers.1.self_attn,2,grad_l2,0.033170755250929725
leaky,9a53af31-0a85-4158-bb69-566e9bdfb09e,blocks.layers.1.self_attn,2,rel_update,0.0016747161185856297
leaky,9a53af31-0a85-4158-bb69-566e9bdfb09e,blocks.layers.1.norm1,2,grad_l2,0.003599593059064979
leaky,9a53af31-0a85-4158-bb69-566e9bdfb09e,blocks.layers.1.norm1,2,rel_update,0.00010197420613004093
leaky,9a53af31-0a85-4158-bb69-566e9bdfb09e,blocks.layers.0.linear2,2,grad_l2,0.0622861210353614
leaky,9a53af31-0a85-4158-bb69-566e9bdfb09e,blocks.layers.0.linear2,2,rel_update,0.0030224166796529416
leaky,9a53af31-0a85-4158-bb69-566e9bdfb09e,blocks.layers.0.linear1,2,grad_l2,0.04930866547140552
leaky,9a53af31-0a85-4158-bb69-566e9bdfb09e,blocks.layers.0.linear1,2,rel_update,0.002372669183410293
leaky,9a53af31-0a85-4158-bb69-566e9bdfb09e,blocks.layers.0.norm2,2,grad_l2,0.006130795075291156
leaky,9a53af31-0a85-4158-bb69-566e9bdfb09e,blocks.layers.0.norm2,2,rel_update,0.0002119798260565636
leaky,9a53af31-0a85-4158-bb69-566e9bdfb09e,blocks.layers.0.self_attn,2,grad_l2,0.09467539122069536
leaky,9a53af31-0a85-4158-bb69-566e9bdfb09e,blocks.layers.0.self_attn,2,rel_update,0.0046950967061159
leaky,9a53af31-0a85-4158-bb69-566e9bdfb09e,blocks.layers.0.norm1,2,grad_l2,0.01902803318784168
leaky,9a53af31-0a85-4158-bb69-566e9bdfb09e,blocks.layers.0.norm1,2,rel_update,0.0002934490551064119
leaky,9a53af31-0a85-4158-bb69-566e9bdfb09e,lm_head,3,grad_l2,0.4297907741017825
leaky,9a53af31-0a85-4158-bb69-566e9bdfb09e,lm_head,3,rel_update,0.010291914937389715
leaky,9a53af31-0a85-4158-bb69-566e9bdfb09e,final_norm,3,grad_l2,0.030976442112386433
leaky,9a53af31-0a85-4158-bb69-566e9bdfb09e,final_norm,3,rel_update,0.0014243240804989936
leaky,9a53af31-0a85-4158-bb69-566e9bdfb09e,blocks.layers.3.linear2,3,grad_l2,0.03233350042514701
leaky,9a53af31-0a85-4158-bb69-566e9bdfb09e,blocks.layers.3.linear2,3,rel_update,0.0015742582391687209
leaky,9a53af31-0a85-4158-bb69-566e9bdfb09e,blocks.layers.3.linear1,3,grad_l2,0.033657201827942386
leaky,9a53af31-0a85-4158-bb69-566e9bdfb09e,blocks.layers.3.linear1,3,rel_update,0.0016384991966314107
leaky,9a53af31-0a85-4158-bb69-566e9bdfb09e,blocks.layers.3.norm2,3,grad_l2,0.003448726126971201
leaky,9a53af31-0a85-4158-bb69-566e9bdfb09e,blocks.layers.3.norm2,3,rel_update,0.00013196862750585755
leaky,9a53af31-0a85-4158-bb69-566e9bdfb09e,blocks.layers.3.self_attn,3,grad_l2,0.028688783555897875
leaky,9a53af31-0a85-4158-bb69-566e9bdfb09e,blocks.layers.3.self_attn,3,rel_update,0.001448805553767306
leaky,9a53af31-0a85-4158-bb69-566e9bdfb09e,blocks.layers.3.norm1,3,grad_l2,0.002876002371553331
leaky,9a53af31-0a85-4158-bb69-566e9bdfb09e,blocks.layers.3.norm1,3,rel_update,9.20888625173514e-05
leaky,9a53af31-0a85-4158-bb69-566e9bdfb09e,blocks.layers.2.linear2,3,grad_l2,0.03155296184781105
leaky,9a53af31-0a85-4158-bb69-566e9bdfb09e,blocks.layers.2.linear2,3,rel_update,0.001534745135062267
leaky,9a53af31-0a85-4158-bb69-566e9bdfb09e,blocks.layers.2.linear1,3,grad_l2,0.030397642141848653
leaky,9a53af31-0a85-4158-bb69-566e9bdfb09e,blocks.layers.2.linear1,3,rel_update,0.0014773774118041166
leaky,9a53af31-0a85-4158-bb69-566e9bdfb09e,blocks.layers.2.norm2,3,grad_l2,0.002519975614197062
leaky,9a53af31-0a85-4158-bb69-566e9bdfb09e,blocks.layers.2.norm2,3,rel_update,9.5988528640443e-05
leaky,9a53af31-0a85-4158-bb69-566e9bdfb09e,blocks.layers.2.self_attn,3,grad_l2,0.03107028920228038
leaky,9a53af31-0a85-4158-bb69-566e9bdfb09e,blocks.layers.2.self_attn,3,rel_update,0.0015693020978766652
leaky,9a53af31-0a85-4158-bb69-566e9bdfb09e,blocks.layers.2.norm1,3,grad_l2,0.0030789677224419896
leaky,9a53af31-0a85-4158-bb69-566e9bdfb09e,blocks.layers.2.norm1,3,rel_update,9.489052919630194e-05
leaky,9a53af31-0a85-4158-bb69-566e9bdfb09e,blocks.layers.1.linear2,3,grad_l2,0.03781266519434769
leaky,9a53af31-0a85-4158-bb69-566e9bdfb09e,blocks.layers.1.linear2,3,rel_update,0.001843593922857859
leaky,9a53af31-0a85-4158-bb69-566e9bdfb09e,blocks.layers.1.linear1,3,grad_l2,0.0350133833025799
leaky,9a53af31-0a85-4158-bb69-566e9bdfb09e,blocks.layers.1.linear1,3,rel_update,0.001705858184055052
leaky,9a53af31-0a85-4158-bb69-566e9bdfb09e,blocks.layers.1.norm2,3,grad_l2,0.003160613986150208
leaky,9a53af31-0a85-4158-bb69-566e9bdfb09e,blocks.layers.1.norm2,3,rel_update,0.00011850660418157935
leaky,9a53af31-0a85-4158-bb69-566e9bdfb09e,blocks.layers.1.self_attn,3,grad_l2,0.038442976829845134
leaky,9a53af31-0a85-4158-bb69-566e9bdfb09e,blocks.layers.1.self_attn,3,rel_update,0.001939038109221488
leaky,9a53af31-0a85-4158-bb69-566e9bdfb09e,blocks.layers.1.norm1,3,grad_l2,0.004138044003006553
leaky,9a53af31-0a85-4158-bb69-566e9bdfb09e,blocks.layers.1.norm1,3,rel_update,0.00012230947139035882
leaky,9a53af31-0a85-4158-bb69-566e9bdfb09e,blocks.layers.0.linear2,3,grad_l2,0.07167050611683894
leaky,9a53af31-0a85-4158-bb69-566e9bdfb09e,blocks.layers.0.linear2,3,rel_update,0.003463565761267851
leaky,9a53af31-0a85-4158-bb69-566e9bdfb09e,blocks.layers.0.linear1,3,grad_l2,0.058364594734254954
leaky,9a53af31-0a85-4158-bb69-566e9bdfb09e,blocks.layers.0.linear1,3,rel_update,0.0027943446809373814
leaky,9a53af31-0a85-4158-bb69-566e9bdfb09e,blocks.layers.0.norm2,3,grad_l2,0.007102774180918436
leaky,9a53af31-0a85-4158-bb69-566e9bdfb09e,blocks.layers.0.norm2,3,rel_update,0.00024863757638398986
leaky,9a53af31-0a85-4158-bb69-566e9bdfb09e,blocks.layers.0.self_attn,3,grad_l2,0.11089824511224151
leaky,9a53af31-0a85-4158-bb69-566e9bdfb09e,blocks.layers.0.self_attn,3,rel_update,0.00548496516587147
leaky,9a53af31-0a85-4158-bb69-566e9bdfb09e,blocks.layers.0.norm1,3,grad_l2,0.022185773801500774
leaky,9a53af31-0a85-4158-bb69-566e9bdfb09e,blocks.layers.0.norm1,3,rel_update,0.00034513746925361245
leaky,9a53af31-0a85-4158-bb69-566e9bdfb09e,lm_head,4,grad_l2,0.3955872229621928
leaky,9a53af31-0a85-4158-bb69-566e9bdfb09e,lm_head,4,rel_update,0.008517899319873365
leaky,9a53af31-0a85-4158-bb69-566e9bdfb09e,final_norm,4,grad_l2,0.029220378978724905
leaky,9a53af31-0a85-4158-bb69-566e9bdfb09e,final_norm,4,rel_update,0.001326977985773794
leaky,9a53af31-0a85-4158-bb69-566e9bdfb09e,blocks.layers.3.linear2,4,grad_l2,0.03650136927447445
leaky,9a53af31-0a85-4158-bb69-566e9bdfb09e,blocks.layers.3.linear2,4,rel_update,0.0017745251862490898
leaky,9a53af31-0a85-4158-bb69-566e9bdfb09e,blocks.layers.3.linear1,4,grad_l2,0.03794866819155593
leaky,9a53af31-0a85-4158-bb69-566e9bdfb09e,blocks.layers.3.linear1,4,rel_update,0.0018436126650535215
leaky,9a53af31-0a85-4158-bb69-566e9bdfb09e,blocks.layers.3.norm2,4,grad_l2,0.004076800985120966
leaky,9a53af31-0a85-4158-bb69-566e9bdfb09e,blocks.layers.3.norm2,4,rel_update,0.0001555091238075192
leaky,9a53af31-0a85-4158-bb69-566e9bdfb09e,blocks.layers.3.self_attn,4,grad_l2,0.03270080863114836
leaky,9a53af31-0a85-4158-bb69-566e9bdfb09e,blocks.layers.3.self_attn,4,rel_update,0.001647686934842469
leaky,9a53af31-0a85-4158-bb69-566e9bdfb09e,blocks.layers.3.norm1,4,grad_l2,0.003341575825579169
leaky,9a53af31-0a85-4158-bb69-566e9bdfb09e,blocks.layers.3.norm1,4,rel_update,0.00011001396211042512
leaky,9a53af31-0a85-4158-bb69-566e9bdfb09e,blocks.layers.2.linear2,4,grad_l2,0.03406921633214748
leaky,9a53af31-0a85-4158-bb69-566e9bdfb09e,blocks.layers.2.linear2,4,rel_update,0.0016533981939410615
leaky,9a53af31-0a85-4158-bb69-566e9bdfb09e,blocks.layers.2.linear1,4,grad_l2,0.033414966395663194
leaky,9a53af31-0a85-4158-bb69-566e9bdfb09e,blocks.layers.2.linear1,4,rel_update,0.001620152233114053
leaky,9a53af31-0a85-4158-bb69-566e9bdfb09e,blocks.layers.2.norm2,4,grad_l2,0.0027270140215448274
leaky,9a53af31-0a85-4158-bb69-566e9bdfb09e,blocks.layers.2.norm2,4,rel_update,0.0001045078658300795
leaky,9a53af31-0a85-4158-bb69-566e9bdfb09e,blocks.layers.2.self_attn,4,grad_l2,0.03517175375568506
leaky,9a53af31-0a85-4158-bb69-566e9bdfb09e,blocks.layers.2.self_attn,4,rel_update,0.0017736928343483204
leaky,9a53af31-0a85-4158-bb69-566e9bdfb09e,blocks.layers.2.norm1,4,grad_l2,0.003481062746310671
leaky,9a53af31-0a85-4158-bb69-566e9bdfb09e,blocks.layers.2.norm1,4,rel_update,0.00011038949306926186
leaky,9a53af31-0a85-4158-bb69-566e9bdfb09e,blocks.layers.1.linear2,4,grad_l2,0.04033346272963197
leaky,9a53af31-0a85-4158-bb69-566e9bdfb09e,blocks.layers.1.linear2,4,rel_update,0.0019641252332558
leaky,9a53af31-0a85-4158-bb69-566e9bdfb09e,blocks.layers.1.linear1,4,grad_l2,0.0384685363306637
leaky,9a53af31-0a85-4158-bb69-566e9bdfb09e,blocks.layers.1.linear1,4,rel_update,0.001871826332220943
leaky,9a53af31-0a85-4158-bb69-566e9bdfb09e,blocks.layers.1.norm2,4,grad_l2,0.0033934029436487614
leaky,9a53af31-0a85-4158-bb69-566e9bdfb09e,blocks.layers.1.norm2,4,rel_update,0.0001286467976498561
leaky,9a53af31-0a85-4158-bb69-566e9bdfb09e,blocks.layers.1.self_attn,4,grad_l2,0.04299013320225699
leaky,9a53af31-0a85-4158-bb69-566e9bdfb09e,blocks.layers.1.self_attn,4,rel_update,0.002166865579455377
leaky,9a53af31-0a85-4158-bb69-566e9bdfb09e,blocks.layers.1.norm1,4,grad_l2,0.004580987891233828
leaky,9a53af31-0a85-4158-bb69-566e9bdfb09e,blocks.layers.1.norm1,4,rel_update,0.0001390980137832601
leaky,9a53af31-0a85-4158-bb69-566e9bdfb09e,blocks.layers.0.linear2,4,grad_l2,0.07929790472758826
leaky,9a53af31-0a85-4158-bb69-566e9bdfb09e,blocks.layers.0.linear2,4,rel_update,0.0038203468013596796
leaky,9a53af31-0a85-4158-bb69-566e9bdfb09e,blocks.layers.0.linear1,4,grad_l2,0.06628589624434011
leaky,9a53af31-0a85-4158-bb69-566e9bdfb09e,blocks.layers.0.linear1,4,rel_update,0.003161847083563761
leaky,9a53af31-0a85-4158-bb69-566e9bdfb09e,blocks.layers.0.norm2,4,grad_l2,0.007855940347102516
leaky,9a53af31-0a85-4158-bb69-566e9bdfb09e,blocks.layers.0.norm2,4,rel_update,0.0002786655905972837
leaky,9a53af31-0a85-4158-bb69-566e9bdfb09e,blocks.layers.0.self_attn,4,grad_l2,0.1246586627932737
leaky,9a53af31-0a85-4158-bb69-566e9bdfb09e,blocks.layers.0.self_attn,4,rel_update,0.006138593342851821
leaky,9a53af31-0a85-4158-bb69-566e9bdfb09e,blocks.layers.0.norm1,4,grad_l2,0.024365263489830043
leaky,9a53af31-0a85-4158-bb69-566e9bdfb09e,blocks.layers.0.norm1,4,rel_update,0.00038899892343167574
leaky,9a53af31-0a85-4158-bb69-566e9bdfb09e,lm_head,5,grad_l2,0.3728570043598771
leaky,9a53af31-0a85-4158-bb69-566e9bdfb09e,lm_head,5,rel_update,0.007321498753980525
leaky,9a53af31-0a85-4158-bb69-566e9bdfb09e,final_norm,5,grad_l2,0.028211487596676372
leaky,9a53af31-0a85-4158-bb69-566e9bdfb09e,final_norm,5,rel_update,0.0012630718337816238
leaky,9a53af31-0a85-4158-bb69-566e9bdfb09e,blocks.layers.3.linear2,5,grad_l2,0.04005668934792075
leaky,9a53af31-0a85-4158-bb69-566e9bdfb09e,blocks.layers.3.linear2,5,rel_update,0.0019449631487326719
leaky,9a53af31-0a85-4158-bb69-566e9bdfb09e,blocks.layers.3.linear1,5,grad_l2,0.04154880999670555
leaky,9a53af31-0a85-4158-bb69-566e9bdfb09e,blocks.layers.3.linear1,5,rel_update,0.0020154189156030415
leaky,9a53af31-0a85-4158-bb69-566e9bdfb09e,blocks.layers.3.norm2,5,grad_l2,0.004630461504639813
leaky,9a53af31-0a85-4158-bb69-566e9bdfb09e,blocks.layers.3.norm2,5,rel_update,0.00017418086682673245
leaky,9a53af31-0a85-4158-bb69-566e9bdfb09e,blocks.layers.3.self_attn,5,grad_l2,0.036356726237082235
leaky,9a53af31-0a85-4158-bb69-566e9bdfb09e,blocks.layers.3.self_attn,5,rel_update,0.0018276985156044276
leaky,9a53af31-0a85-4158-bb69-566e9bdfb09e,blocks.layers.3.norm1,5,grad_l2,0.003763768035531158
leaky,9a53af31-0a85-4158-bb69-566e9bdfb09e,blocks.layers.3.norm1,5,rel_update,0.00012699004136777702
leaky,9a53af31-0a85-4158-bb69-566e9bdfb09e,blocks.layers.2.linear2,5,grad_l2,0.03618958580411236
leaky,9a53af31-0a85-4158-bb69-566e9bdfb09e,blocks.layers.2.linear2,5,rel_update,0.001753005938132318
leaky,9a53af31-0a85-4158-bb69-566e9bdfb09e,blocks.layers.2.linear1,5,grad_l2,0.0360847791839727
leaky,9a53af31-0a85-4158-bb69-566e9bdfb09e,blocks.layers.2.linear1,5,rel_update,0.001746253090621036
leaky,9a53af31-0a85-4158-bb69-566e9bdfb09e,blocks.layers.2.norm2,5,grad_l2,0.002888816163605909
leaky,9a53af31-0a85-4158-bb69-566e9bdfb09e,blocks.layers.2.norm2,5,rel_update,0.00011162396632847674
leaky,9a53af31-0a85-4158-bb69-566e9bdfb09e,blocks.layers.2.self_attn,5,grad_l2,0.038942236656727136
leaky,9a53af31-0a85-4158-bb69-566e9bdfb09e,blocks.layers.2.self_attn,5,rel_update,0.0019609966309030555
leaky,9a53af31-0a85-4158-bb69-566e9bdfb09e,blocks.layers.2.norm1,5,grad_l2,0.003819906369694138
leaky,9a53af31-0a85-4158-bb69-566e9bdfb09e,blocks.layers.2.norm1,5,rel_update,0.00012493885148729628
leaky,9a53af31-0a85-4158-bb69-566e9bdfb09e,blocks.layers.1.linear2,5,grad_l2,0.04230186619615852
leaky,9a53af31-0a85-4158-bb69-566e9bdfb09e,blocks.layers.1.linear2,5,rel_update,0.0020582953712461687
leaky,9a53af31-0a85-4158-bb69-566e9bdfb09e,blocks.layers.1.linear1,5,grad_l2,0.04148165124214829
leaky,9a53af31-0a85-4158-bb69-566e9bdfb09e,blocks.layers.1.linear1,5,rel_update,0.0020168537362977254
leaky,9a53af31-0a85-4158-bb69-566e9bdfb09e,blocks.layers.1.norm2,5,grad_l2,0.0035609084564095774
leaky,9a53af31-0a85-4158-bb69-566e9bdfb09e,blocks.layers.1.norm2,5,rel_update,0.0001368116313979555
leaky,9a53af31-0a85-4158-bb69-566e9bdfb09e,blocks.layers.1.self_attn,5,grad_l2,0.046577265898174486
leaky,9a53af31-0a85-4158-bb69-566e9bdfb09e,blocks.layers.1.self_attn,5,rel_update,0.0023468301562241628
leaky,9a53af31-0a85-4158-bb69-566e9bdfb09e,blocks.layers.1.norm1,5,grad_l2,0.004915177273254124
leaky,9a53af31-0a85-4158-bb69-566e9bdfb09e,blocks.layers.1.norm1,5,rel_update,0.00015173249583474494
leaky,9a53af31-0a85-4158-bb69-566e9bdfb09e,blocks.layers.0.linear2,5,grad_l2,0.0852019991132792
leaky,9a53af31-0a85-4158-bb69-566e9bdfb09e,blocks.layers.0.linear2,5,rel_update,0.004096091267958979
leaky,9a53af31-0a85-4158-bb69-566e9bdfb09e,blocks.layers.0.linear1,5,grad_l2,0.07302981050825116
leaky,9a53af31-0a85-4158-bb69-566e9bdfb09e,blocks.layers.0.linear1,5,rel_update,0.003474925815060459
leaky,9a53af31-0a85-4158-bb69-566e9bdfb09e,blocks.layers.0.norm2,5,grad_l2,0.008409159171073285
leaky,9a53af31-0a85-4158-bb69-566e9bdfb09e,blocks.layers.0.norm2,5,rel_update,0.00030314381391187824
leaky,9a53af31-0a85-4158-bb69-566e9bdfb09e,blocks.layers.0.self_attn,5,grad_l2,0.1364533154359905
leaky,9a53af31-0a85-4158-bb69-566e9bdfb09e,blocks.layers.0.self_attn,5,rel_update,0.006687493625997622
leaky,9a53af31-0a85-4158-bb69-566e9bdfb09e,blocks.layers.0.norm1,5,grad_l2,0.025792389697065748
leaky,9a53af31-0a85-4158-bb69-566e9bdfb09e,blocks.layers.0.norm1,5,rel_update,0.0004259147869714492
leaky,9a53af31-0a85-4158-bb69-566e9bdfb09e,lm_head,6,grad_l2,0.35665877671731444
leaky,9a53af31-0a85-4158-bb69-566e9bdfb09e,lm_head,6,rel_update,0.006460287680235114
leaky,9a53af31-0a85-4158-bb69-566e9bdfb09e,final_norm,6,grad_l2,0.02742095724702275
leaky,9a53af31-0a85-4158-bb69-566e9bdfb09e,final_norm,6,rel_update,0.0012186290478190499
leaky,9a53af31-0a85-4158-bb69-566e9bdfb09e,blocks.layers.3.linear2,6,grad_l2,0.042315016241064145
leaky,9a53af31-0a85-4158-bb69-566e9bdfb09e,blocks.layers.3.linear2,6,rel_update,0.002053377224517263
leaky,9a53af31-0a85-4158-bb69-566e9bdfb09e,blocks.layers.3.linear1,6,grad_l2,0.0443641178837069
leaky,9a53af31-0a85-4158-bb69-566e9bdfb09e,blocks.layers.3.linear1,6,rel_update,0.0021498759230628665
leaky,9a53af31-0a85-4158-bb69-566e9bdfb09e,blocks.layers.3.norm2,6,grad_l2,0.004912876281278549
leaky,9a53af31-0a85-4158-bb69-566e9bdfb09e,blocks.layers.3.norm2,6,rel_update,0.00018741325330400802
leaky,9a53af31-0a85-4158-bb69-566e9bdfb09e,blocks.layers.3.self_attn,6,grad_l2,0.03914509273720322
leaky,9a53af31-0a85-4158-bb69-566e9bdfb09e,blocks.layers.3.self_attn,6,rel_update,0.0019644327951396914
leaky,9a53af31-0a85-4158-bb69-566e9bdfb09e,blocks.layers.3.norm1,6,grad_l2,0.0040402876270057295
leaky,9a53af31-0a85-4158-bb69-566e9bdfb09e,blocks.layers.3.norm1,6,rel_update,0.00013986853077522612
leaky,9a53af31-0a85-4158-bb69-566e9bdfb09e,blocks.layers.2.linear2,6,grad_l2,0.037755431009484995
leaky,9a53af31-0a85-4158-bb69-566e9bdfb09e,blocks.layers.2.linear2,6,rel_update,0.0018265360822786701
leaky,9a53af31-0a85-4158-bb69-566e9bdfb09e,blocks.layers.2.linear1,6,grad_l2,0.03836459895122255
leaky,9a53af31-0a85-4158-bb69-566e9bdfb09e,blocks.layers.2.linear1,6,rel_update,0.001853952903116702
leaky,9a53af31-0a85-4158-bb69-566e9bdfb09e,blocks.layers.2.norm2,6,grad_l2,0.0030074452075507427
leaky,9a53af31-0a85-4158-bb69-566e9bdfb09e,blocks.layers.2.norm2,6,rel_update,0.00011771084070903582
leaky,9a53af31-0a85-4158-bb69-566e9bdfb09e,blocks.layers.2.self_attn,6,grad_l2,0.042039172543151065
leaky,9a53af31-0a85-4158-bb69-566e9bdfb09e,blocks.layers.2.self_attn,6,rel_update,0.0021145823357992368
leaky,9a53af31-0a85-4158-bb69-566e9bdfb09e,blocks.layers.2.norm1,6,grad_l2,0.004068282812857262
leaky,9a53af31-0a85-4158-bb69-566e9bdfb09e,blocks.layers.2.norm1,6,rel_update,0.00013702118405864376
leaky,9a53af31-0a85-4158-bb69-566e9bdfb09e,blocks.layers.1.linear2,6,grad_l2,0.043769840291840945
leaky,9a53af31-0a85-4158-bb69-566e9bdfb09e,blocks.layers.1.linear2,6,rel_update,0.0021288314415613446
leaky,9a53af31-0a85-4158-bb69-566e9bdfb09e,blocks.layers.1.linear1,6,grad_l2,0.04406942417910017
leaky,9a53af31-0a85-4158-bb69-566e9bdfb09e,blocks.layers.1.linear1,6,rel_update,0.0021417391020520544
leaky,9a53af31-0a85-4158-bb69-566e9bdfb09e,blocks.layers.1.norm2,6,grad_l2,0.0036881446366753487
leaky,9a53af31-0a85-4158-bb69-566e9bdfb09e,blocks.layers.1.norm2,6,rel_update,0.00014368507344076142
leaky,9a53af31-0a85-4158-bb69-566e9bdfb09e,blocks.layers.1.self_attn,6,grad_l2,0.04942312795886617
leaky,9a53af31-0a85-4158-bb69-566e9bdfb09e,blocks.layers.1.self_attn,6,rel_update,0.0024900902089492393
leaky,9a53af31-0a85-4158-bb69-566e9bdfb09e,blocks.layers.1.norm1,6,grad_l2,0.005147649218550992
leaky,9a53af31-0a85-4158-bb69-566e9bdfb09e,blocks.layers.1.norm1,6,rel_update,0.00016153633004582652
leaky,9a53af31-0a85-4158-bb69-566e9bdfb09e,blocks.layers.0.linear2,6,grad_l2,0.0895873108329123
leaky,9a53af31-0a85-4158-bb69-566e9bdfb09e,blocks.layers.0.linear2,6,rel_update,0.004300979327405632
leaky,9a53af31-0a85-4158-bb69-566e9bdfb09e,blocks.layers.0.linear1,6,grad_l2,0.07878074666532857
leaky,9a53af31-0a85-4158-bb69-566e9bdfb09e,blocks.layers.0.linear1,6,rel_update,0.003742681853883016
leaky,9a53af31-0a85-4158-bb69-566e9bdfb09e,blocks.layers.0.norm2,6,grad_l2,0.008809976229297542
leaky,9a53af31-0a85-4158-bb69-566e9bdfb09e,blocks.layers.0.norm2,6,rel_update,0.0003233381125236204
leaky,9a53af31-0a85-4158-bb69-566e9bdfb09e,blocks.layers.0.self_attn,6,grad_l2,0.1464996235387073
leaky,9a53af31-0a85-4158-bb69-566e9bdfb09e,blocks.layers.0.self_attn,6,rel_update,0.007148828574511264
leaky,9a53af31-0a85-4158-bb69-566e9bdfb09e,blocks.layers.0.norm1,6,grad_l2,0.026684428488896707
leaky,9a53af31-0a85-4158-bb69-566e9bdfb09e,blocks.layers.0.norm1,6,rel_update,0.000458072560211293
leaky,9a53af31-0a85-4158-bb69-566e9bdfb09e,lm_head,7,grad_l2,0.3444464581345748
leaky,9a53af31-0a85-4158-bb69-566e9bdfb09e,lm_head,7,rel_update,0.005810957877163822
leaky,9a53af31-0a85-4158-bb69-566e9bdfb09e,final_norm,7,grad_l2,0.026835427078975203
leaky,9a53af31-0a85-4158-bb69-566e9bdfb09e,final_norm,7,rel_update,0.0011874857759196094
leaky,9a53af31-0a85-4158-bb69-566e9bdfb09e,blocks.layers.3.linear2,7,grad_l2,0.04381292571700501
leaky,9a53af31-0a85-4158-bb69-566e9bdfb09e,blocks.layers.3.linear2,7,rel_update,0.002125414471512124
leaky,9a53af31-0a85-4158-bb69-566e9bdfb09e,blocks.layers.3.linear1,7,grad_l2,0.04662006257129785
leaky,9a53af31-0a85-4158-bb69-566e9bdfb09e,blocks.layers.3.linear1,7,rel_update,0.0022577222746575617
leaky,9a53af31-0a85-4158-bb69-566e9bdfb09e,blocks.layers.3.norm2,7,grad_l2,0.005061103539706104
leaky,9a53af31-0a85-4158-bb69-566e9bdfb09e,blocks.layers.3.norm2,7,rel_update,0.0001973361949926064
leaky,9a53af31-0a85-4158-bb69-566e9bdfb09e,blocks.layers.3.self_attn,7,grad_l2,0.041293585396545374
leaky,9a53af31-0a85-4158-bb69-566e9bdfb09e,blocks.layers.3.self_attn,7,rel_update,0.0020694719951193695
leaky,9a53af31-0a85-4158-bb69-566e9bdfb09e,blocks.layers.3.norm1,7,grad_l2,0.004215381270083216
leaky,9a53af31-0a85-4158-bb69-566e9bdfb09e,blocks.layers.3.norm1,7,rel_update,0.0001493583184179871
leaky,9a53af31-0a85-4158-bb69-566e9bdfb09e,blocks.layers.2.linear2,7,grad_l2,0.03890764184617152
leaky,9a53af31-0a85-4158-bb69-566e9bdfb09e,blocks.layers.2.linear2,7,rel_update,0.001880640568907186
leaky,9a53af31-0a85-4158-bb69-566e9bdfb09e,blocks.layers.2.linear1,7,grad_l2,0.04027507950983691
leaky,9a53af31-0a85-4158-bb69-566e9bdfb09e,blocks.layers.2.linear1,7,rel_update,0.0019442768391277456
leaky,9a53af31-0a85-4158-bb69-566e9bdfb09e,blocks.layers.2.norm2,7,grad_l2,0.0030901757966048772
leaky,9a53af31-0a85-4158-bb69-566e9bdfb09e,blocks.layers.2.norm2,7,rel_update,0.00012255990460927627
leaky,9a53af31-0a85-4158-bb69-566e9bdfb09e,blocks.layers.2.self_attn,7,grad_l2,0.044524247280384434
leaky,9a53af31-0a85-4158-bb69-566e9bdfb09e,blocks.layers.2.self_attn,7,rel_update,0.0022377465952672275
leaky,9a53af31-0a85-4158-bb69-566e9bdfb09e,blocks.layers.2.norm1,7,grad_l2,0.004242702145557573
leaky,9a53af31-0a85-4158-bb69-566e9bdfb09e,blocks.layers.2.norm1,7,rel_update,0.00014666478768747242
leaky,9a53af31-0a85-4158-bb69-566e9bdfb09e,blocks.layers.1.linear2,7,grad_l2,0.044876280293491236
leaky,9a53af31-0a85-4158-bb69-566e9bdfb09e,blocks.layers.1.linear2,7,rel_update,0.002182276119399891
leaky,9a53af31-0a85-4158-bb69-566e9bdfb09e,blocks.layers.1.linear1,7,grad_l2,0.04625428846102449
leaky,9a53af31-0a85-4158-bb69-566e9bdfb09e,blocks.layers.1.linear1,7,rel_update,0.002247439998377103
leaky,9a53af31-0a85-4158-bb69-566e9bdfb09e,blocks.layers.1.norm2,7,grad_l2,0.0037785571440588097
leaky,9a53af31-0a85-4158-bb69-566e9bdfb09e,blocks.layers.1.norm2,7,rel_update,0.00014929164389825228
leaky,9a53af31-0a85-4158-bb69-566e9bdfb09e,blocks.layers.1.self_attn,7,grad_l2,0.05170116860087719
leaky,9a53af31-0a85-4158-bb69-566e9bdfb09e,blocks.layers.1.self_attn,7,rel_update,0.002605143851000465
leaky,9a53af31-0a85-4158-bb69-566e9bdfb09e,blocks.layers.1.norm1,7,grad_l2,0.005310506612173753
leaky,9a53af31-0a85-4158-bb69-566e9bdfb09e,blocks.layers.1.norm1,7,rel_update,0.00016912278884437614
leaky,9a53af31-0a85-4158-bb69-566e9bdfb09e,blocks.layers.0.linear2,7,grad_l2,0.09280449924065566
leaky,9a53af31-0a85-4158-bb69-566e9bdfb09e,blocks.layers.0.linear2,7,rel_update,0.00445152044751944
leaky,9a53af31-0a85-4158-bb69-566e9bdfb09e,blocks.layers.0.linear1,7,grad_l2,0.0835794505392222
leaky,9a53af31-0a85-4158-bb69-566e9bdfb09e,blocks.layers.0.linear1,7,rel_update,0.003966824783602189
leaky,9a53af31-0a85-4158-bb69-566e9bdfb09e,blocks.layers.0.norm2,7,grad_l2,0.009084853876818568
leaky,9a53af31-0a85-4158-bb69-566e9bdfb09e,blocks.layers.0.norm2,7,rel_update,0.00033986596623176047
leaky,9a53af31-0a85-4158-bb69-566e9bdfb09e,blocks.layers.0.self_attn,7,grad_l2,0.15481926294488088
leaky,9a53af31-0a85-4158-bb69-566e9bdfb09e,blocks.layers.0.self_attn,7,rel_update,0.007528695480956661
leaky,9a53af31-0a85-4158-bb69-566e9bdfb09e,blocks.layers.0.norm1,7,grad_l2,0.027102541236841284
leaky,9a53af31-0a85-4158-bb69-566e9bdfb09e,blocks.layers.0.norm1,7,rel_update,0.0004850132228045487
leaky,9a53af31-0a85-4158-bb69-566e9bdfb09e,lm_head,8,grad_l2,0.3348521970038642
leaky,9a53af31-0a85-4158-bb69-566e9bdfb09e,lm_head,8,rel_update,0.005304218466985709
leaky,9a53af31-0a85-4158-bb69-566e9bdfb09e,final_norm,8,grad_l2,0.02641908933548991
leaky,9a53af31-0a85-4158-bb69-566e9bdfb09e,final_norm,8,rel_update,0.001164970873007954
leaky,9a53af31-0a85-4158-bb69-566e9bdfb09e,blocks.layers.3.linear2,8,grad_l2,0.044958736560598705
leaky,9a53af31-0a85-4158-bb69-566e9bdfb09e,blocks.layers.3.linear2,8,rel_update,0.0021805270229922806
leaky,9a53af31-0a85-4158-bb69-566e9bdfb09e,blocks.layers.3.linear1,8,grad_l2,0.0484234850648748
leaky,9a53af31-0a85-4158-bb69-566e9bdfb09e,blocks.layers.3.linear1,8,rel_update,0.002343962576840469
leaky,9a53af31-0a85-4158-bb69-566e9bdfb09e,blocks.layers.3.norm2,8,grad_l2,0.005170313360848931
leaky,9a53af31-0a85-4158-bb69-566e9bdfb09e,blocks.layers.3.norm2,8,rel_update,0.00020460280974606815
leaky,9a53af31-0a85-4158-bb69-566e9bdfb09e,blocks.layers.3.self_attn,8,grad_l2,0.04294671517491638
leaky,9a53af31-0a85-4158-bb69-566e9bdfb09e,blocks.layers.3.self_attn,8,rel_update,0.0021501599630437745
leaky,9a53af31-0a85-4158-bb69-566e9bdfb09e,blocks.layers.3.norm1,8,grad_l2,0.004335275561384434
leaky,9a53af31-0a85-4158-bb69-566e9bdfb09e,blocks.layers.3.norm1,8,rel_update,0.0001567377305981217
leaky,9a53af31-0a85-4158-bb69-566e9bdfb09e,blocks.layers.2.linear2,8,grad_l2,0.039787832733301234
leaky,9a53af31-0a85-4158-bb69-566e9bdfb09e,blocks.layers.2.linear2,8,rel_update,0.0019219946361522873
leaky,9a53af31-0a85-4158-bb69-566e9bdfb09e,blocks.layers.2.linear1,8,grad_l2,0.04184063007427217
leaky,9a53af31-0a85-4158-bb69-566e9bdfb09e,blocks.layers.2.linear1,8,rel_update,0.002018343853850304
leaky,9a53af31-0a85-4158-bb69-566e9bdfb09e,blocks.layers.2.norm2,8,grad_l2,0.003151382274063766
leaky,9a53af31-0a85-4158-bb69-566e9bdfb09e,blocks.layers.2.norm2,8,rel_update,0.0001264802593744118
leaky,9a53af31-0a85-4158-bb69-566e9bdfb09e,blocks.layers.2.self_attn,8,grad_l2,0.04647006312392679
leaky,9a53af31-0a85-4158-bb69-566e9bdfb09e,blocks.layers.2.self_attn,8,rel_update,0.0023341620950188065
leaky,9a53af31-0a85-4158-bb69-566e9bdfb09e,blocks.layers.2.norm1,8,grad_l2,0.00436781965523786
leaky,9a53af31-0a85-4158-bb69-566e9bdfb09e,blocks.layers.2.norm1,8,rel_update,0.00015432768272703607
leaky,9a53af31-0a85-4158-bb69-566e9bdfb09e,blocks.layers.1.linear2,8,grad_l2,0.04571162570509275
leaky,9a53af31-0a85-4158-bb69-566e9bdfb09e,blocks.layers.1.linear2,8,rel_update,0.00222283729450151
leaky,9a53af31-0a85-4158-bb69-566e9bdfb09e,blocks.layers.1.linear1,8,grad_l2,0.04805521804797289
leaky,9a53af31-0a85-4158-bb69-566e9bdfb09e,blocks.layers.1.linear1,8,rel_update,0.0023347192125677224
leaky,9a53af31-0a85-4158-bb69-566e9bdfb09e,blocks.layers.1.norm2,8,grad_l2,0.003843290284554304
leaky,9a53af31-0a85-4158-bb69-566e9bdfb09e,blocks.layers.1.norm2,8,rel_update,0.00015388656754091723
leaky,9a53af31-0a85-4158-bb69-566e9bdfb09e,blocks.layers.1.self_attn,8,grad_l2,0.053468100271901874
leaky,9a53af31-0a85-4158-bb69-566e9bdfb09e,blocks.layers.1.self_attn,8,rel_update,0.002694668164841886
leaky,9a53af31-0a85-4158-bb69-566e9bdfb09e,blocks.layers.1.norm1,8,grad_l2,0.005417270297245046
leaky,9a53af31-0a85-4158-bb69-566e9bdfb09e,blocks.layers.1.norm1,8,rel_update,0.00017509974549249528
leaky,9a53af31-0a85-4158-bb69-566e9bdfb09e,blocks.layers.0.linear2,8,grad_l2,0.09518402456650316
leaky,9a53af31-0a85-4158-bb69-566e9bdfb09e,blocks.layers.0.linear2,8,rel_update,0.004563026207683004
leaky,9a53af31-0a85-4158-bb69-566e9bdfb09e,blocks.layers.0.linear1,8,grad_l2,0.08752026942418566
leaky,9a53af31-0a85-4158-bb69-566e9bdfb09e,blocks.layers.0.linear1,8,rel_update,0.004151311527581892
leaky,9a53af31-0a85-4158-bb69-566e9bdfb09e,blocks.layers.0.norm2,8,grad_l2,0.009272274881584617
leaky,9a53af31-0a85-4158-bb69-566e9bdfb09e,blocks.layers.0.norm2,8,rel_update,0.00035308825292016435
leaky,9a53af31-0a85-4158-bb69-566e9bdfb09e,blocks.layers.0.self_attn,8,grad_l2,0.1615550632333304
leaky,9a53af31-0a85-4158-bb69-566e9bdfb09e,blocks.layers.0.self_attn,8,rel_update,0.00783544909965445
leaky,9a53af31-0a85-4158-bb69-566e9bdfb09e,blocks.layers.0.norm1,8,grad_l2,0.027253604200637084
leaky,9a53af31-0a85-4158-bb69-566e9bdfb09e,blocks.layers.0.norm1,8,rel_update,0.0005076736966165847
leaky,9a53af31-0a85-4158-bb69-566e9bdfb09e,lm_head,9,grad_l2,0.3270508782083029
leaky,9a53af31-0a85-4158-bb69-566e9bdfb09e,lm_head,9,rel_update,0.004897907108685735
leaky,9a53af31-0a85-4158-bb69-566e9bdfb09e,final_norm,9,grad_l2,0.02608002864645439
leaky,9a53af31-0a85-4158-bb69-566e9bdfb09e,final_norm,9,rel_update,0.0011480241822851226
leaky,9a53af31-0a85-4158-bb69-566e9bdfb09e,blocks.layers.3.linear2,9,grad_l2,0.04567825114929851
leaky,9a53af31-0a85-4158-bb69-566e9bdfb09e,blocks.layers.3.linear2,9,rel_update,0.0022152511716511634
leaky,9a53af31-0a85-4158-bb69-566e9bdfb09e,blocks.layers.3.linear1,9,grad_l2,0.04980325616808371
leaky,9a53af31-0a85-4158-bb69-566e9bdfb09e,blocks.layers.3.linear1,9,rel_update,0.002409971945471682
leaky,9a53af31-0a85-4158-bb69-566e9bdfb09e,blocks.layers.3.norm2,9,grad_l2,0.005210550097710541
leaky,9a53af31-0a85-4158-bb69-566e9bdfb09e,blocks.layers.3.norm2,9,rel_update,0.00020979269933990482
leaky,9a53af31-0a85-4158-bb69-566e9bdfb09e,blocks.layers.3.self_attn,9,grad_l2,0.04411899242231723
leaky,9a53af31-0a85-4158-bb69-566e9bdfb09e,blocks.layers.3.self_attn,9,rel_update,0.0022072741079946765
leaky,9a53af31-0a85-4158-bb69-566e9bdfb09e,blocks.layers.3.norm1,9,grad_l2,0.004398424101778845
leaky,9a53af31-0a85-4158-bb69-566e9bdfb09e,blocks.layers.3.norm1,9,rel_update,0.00016173595635429248
leaky,9a53af31-0a85-4158-bb69-566e9bdfb09e,blocks.layers.2.linear2,9,grad_l2,0.04040307353708874
leaky,9a53af31-0a85-4158-bb69-566e9bdfb09e,blocks.layers.2.linear2,9,rel_update,0.0019509132995229155
leaky,9a53af31-0a85-4158-bb69-566e9bdfb09e,blocks.layers.2.linear1,9,grad_l2,0.04307493497578764
leaky,9a53af31-0a85-4158-bb69-566e9bdfb09e,blocks.layers.2.linear1,9,rel_update,0.0020767435056014325
leaky,9a53af31-0a85-4158-bb69-566e9bdfb09e,blocks.layers.2.norm2,9,grad_l2,0.0031922878478874333
leaky,9a53af31-0a85-4158-bb69-566e9bdfb09e,blocks.layers.2.norm2,9,rel_update,0.00012956121395026776
leaky,9a53af31-0a85-4158-bb69-566e9bdfb09e,blocks.layers.2.self_attn,9,grad_l2,0.047917505002376404
leaky,9a53af31-0a85-4158-bb69-566e9bdfb09e,blocks.layers.2.self_attn,9,rel_update,0.0024058685021846565
leaky,9a53af31-0a85-4158-bb69-566e9bdfb09e,blocks.layers.2.norm1,9,grad_l2,0.0044478259508713884
leaky,9a53af31-0a85-4158-bb69-566e9bdfb09e,blocks.layers.2.norm1,9,rel_update,0.0001600565873328264
leaky,9a53af31-0a85-4158-bb69-566e9bdfb09e,blocks.layers.1.linear2,9,grad_l2,0.04630475586877681
leaky,9a53af31-0a85-4158-bb69-566e9bdfb09e,blocks.layers.1.linear2,9,rel_update,0.002251798003207953
leaky,9a53af31-0a85-4158-bb69-566e9bdfb09e,blocks.layers.1.linear1,9,grad_l2,0.049481416675065316
leaky,9a53af31-0a85-4158-bb69-566e9bdfb09e,blocks.layers.1.linear1,9,rel_update,0.002403886388860094
leaky,9a53af31-0a85-4158-bb69-566e9bdfb09e,blocks.layers.1.norm2,9,grad_l2,0.0038876361858616176
leaky,9a53af31-0a85-4158-bb69-566e9bdfb09e,blocks.layers.1.norm2,9,rel_update,0.00015741175088181776
leaky,9a53af31-0a85-4158-bb69-566e9bdfb09e,blocks.layers.1.self_attn,9,grad_l2,0.05479915133113716
leaky,9a53af31-0a85-4158-bb69-566e9bdfb09e,blocks.layers.1.self_attn,9,rel_update,0.0027622843536920334
leaky,9a53af31-0a85-4158-bb69-566e9bdfb09e,blocks.layers.1.norm1,9,grad_l2,0.005477995733430225
leaky,9a53af31-0a85-4158-bb69-566e9bdfb09e,blocks.layers.1.norm1,9,rel_update,0.00017952574088401583
leaky,9a53af31-0a85-4158-bb69-566e9bdfb09e,blocks.layers.0.linear2,9,grad_l2,0.09687960006906443
leaky,9a53af31-0a85-4158-bb69-566e9bdfb09e,blocks.layers.0.linear2,9,rel_update,0.004642434250826319
leaky,9a53af31-0a85-4158-bb69-566e9bdfb09e,blocks.layers.0.linear1,9,grad_l2,0.09065617122276161
leaky,9a53af31-0a85-4158-bb69-566e9bdfb09e,blocks.layers.0.linear1,9,rel_update,0.00429823605122242
leaky,9a53af31-0a85-4158-bb69-566e9bdfb09e,blocks.layers.0.norm2,9,grad_l2,0.009396213555621771
leaky,9a53af31-0a85-4158-bb69-566e9bdfb09e,blocks.layers.0.norm2,9,rel_update,0.0003635323096299861
leaky,9a53af31-0a85-4158-bb69-566e9bdfb09e,blocks.layers.0.self_attn,9,grad_l2,0.16686798245403808
leaky,9a53af31-0a85-4158-bb69-566e9bdfb09e,blocks.layers.0.self_attn,9,rel_update,0.0080775604534721
leaky,9a53af31-0a85-4158-bb69-566e9bdfb09e,blocks.layers.0.norm1,9,grad_l2,0.02726469555827371
leaky,9a53af31-0a85-4158-bb69-566e9bdfb09e,blocks.layers.0.norm1,9,rel_update,0.0005261930030192555
relu,3e1ae8c5-07f7-4960-b05b-6661c67c7e7b,lm_head,0,grad_l2,0.9711516199905253
relu,3e1ae8c5-07f7-4960-b05b-6661c67c7e7b,lm_head,0,rel_update,0.03516419335550441
relu,3e1ae8c5-07f7-4960-b05b-6661c67c7e7b,final_norm,0,grad_l2,0.06337155186847641
relu,3e1ae8c5-07f7-4960-b05b-6661c67c7e7b,final_norm,0,rel_update,0.0029022569013938647
relu,3e1ae8c5-07f7-4960-b05b-6661c67c7e7b,blocks.layers.3.linear2,0,grad_l2,0.01855289927780558
relu,3e1ae8c5-07f7-4960-b05b-6661c67c7e7b,blocks.layers.3.linear2,0,rel_update,0.000914131103407155
relu,3e1ae8c5-07f7-4960-b05b-6661c67c7e7b,blocks.layers.3.linear1,0,grad_l2,0.016946300824838716
relu,3e1ae8c5-07f7-4960-b05b-6661c67c7e7b,blocks.layers.3.linear1,0,rel_update,0.0008342260147510542
relu,3e1ae8c5-07f7-4960-b05b-6661c67c7e7b,blocks.layers.3.norm2,0,grad_l2,0.0010896764382183266
relu,3e1ae8c5-07f7-4960-b05b-6661c67c7e7b,blocks.layers.3.norm2,0,rel_update,4.37833526068823e-05
relu,3e1ae8c5-07f7-4960-b05b-6661c67c7e7b,blocks.layers.3.self_attn,0,grad_l2,0.019298203543905903
relu,3e1ae8c5-07f7-4960-b05b-6661c67c7e7b,blocks.layers.3.self_attn,0,rel_update,0.0009800403017757474
relu,3e1ae8c5-07f7-4960-b05b-6661c67c7e7b,blocks.layers.3.norm1,0,grad_l2,0.0015210908892346862
relu,3e1ae8c5-07f7-4960-b05b-6661c67c7e7b,blocks.layers.3.norm1,0,rel_update,5.62847125417405e-05
relu,3e1ae8c5-07f7-4960-b05b-6661c67c7e7b,blocks.layers.2.linear2,0,grad_l2,0.019857779715367105
relu,3e1ae8c5-07f7-4960-b05b-6661c67c7e7b,blocks.layers.2.linear2,0,rel_update,0.000976143735657185
relu,3e1ae8c5-07f7-4960-b05b-6661c67c7e7b,blocks.layers.2.linear1,0,grad_l2,0.01789346634534364
relu,3e1ae8c5-07f7-4960-b05b-6661c67c7e7b,blocks.layers.2.linear1,0,rel_update,0.0008803352122762297
relu,3e1ae8c5-07f7-4960-b05b-6661c67c7e7b,blocks.layers.2.norm2,0,grad_l2,0.0012892876304034673
relu,3e1ae8c5-07f7-4960-b05b-6661c67c7e7b,blocks.layers.2.norm2,0,rel_update,5.100787883940087e-05
relu,3e1ae8c5-07f7-4960-b05b-6661c67c7e7b,blocks.layers.2.self_attn,0,grad_l2,0.019724600727227898
relu,3e1ae8c5-07f7-4960-b05b-6661c67c7e7b,blocks.layers.2.self_attn,0,rel_update,0.0010007958181951309
relu,3e1ae8c5-07f7-4960-b05b-6661c67c7e7b,blocks.layers.2.norm1,0,grad_l2,0.0017029650577761906
relu,3e1ae8c5-07f7-4960-b05b-6661c67c7e7b,blocks.layers.2.norm1,0,rel_update,5.9218455919436354e-05
relu,3e1ae8c5-07f7-4960-b05b-6661c67c7e7b,blocks.layers.1.linear2,0,grad_l2,0.024431839029641727
relu,3e1ae8c5-07f7-4960-b05b-6661c67c7e7b,blocks.layers.1.linear2,0,rel_update,0.001202444933313091
relu,3e1ae8c5-07f7-4960-b05b-6661c67c7e7b,blocks.layers.1.linear1,0,grad_l2,0.019616848357447092
relu,3e1ae8c5-07f7-4960-b05b-6661c67c7e7b,blocks.layers.1.linear1,0,rel_update,0.0009643553214046938
relu,3e1ae8c5-07f7-4960-b05b-6661c67c7e7b,blocks.layers.1.norm2,0,grad_l2,0.0016571883921932752
relu,3e1ae8c5-07f7-4960-b05b-6661c67c7e7b,blocks.layers.1.norm2,0,rel_update,6.182293251023405e-05
relu,3e1ae8c5-07f7-4960-b05b-6661c67c7e7b,blocks.layers.1.self_attn,0,grad_l2,0.024519906214695672
relu,3e1ae8c5-07f7-4960-b05b-6661c67c7e7b,blocks.layers.1.self_attn,0,rel_update,0.0012411472337665733
relu,3e1ae8c5-07f7-4960-b05b-6661c67c7e7b,blocks.layers.1.norm1,0,grad_l2,0.0022944693198943718
relu,3e1ae8c5-07f7-4960-b05b-6661c67c7e7b,blocks.layers.1.norm1,0,rel_update,7.061182798694781e-05
relu,3e1ae8c5-07f7-4960-b05b-6661c67c7e7b,blocks.layers.0.linear2,0,grad_l2,0.03596442943066652
relu,3e1ae8c5-07f7-4960-b05b-6661c67c7e7b,blocks.layers.0.linear2,0,rel_update,0.001762866215509985
relu,3e1ae8c5-07f7-4960-b05b-6661c67c7e7b,blocks.layers.0.linear1,0,grad_l2,0.023443794463423945
relu,3e1ae8c5-07f7-4960-b05b-6661c67c7e7b,blocks.layers.0.linear1,0,rel_update,0.0011443283670866217
relu,3e1ae8c5-07f7-4960-b05b-6661c67c7e7b,blocks.layers.0.norm2,0,grad_l2,0.0027755854907634725
relu,3e1ae8c5-07f7-4960-b05b-6661c67c7e7b,blocks.layers.0.norm2,0,rel_update,8.66766317558153e-05
relu,3e1ae8c5-07f7-4960-b05b-6661c67c7e7b,blocks.layers.0.self_attn,0,grad_l2,0.04004534415696681
relu,3e1ae8c5-07f7-4960-b05b-6661c67c7e7b,blocks.layers.0.self_attn,0,rel_update,0.001955169065681275
relu,3e1ae8c5-07f7-4960-b05b-6661c67c7e7b,blocks.layers.0.norm1,0,grad_l2,0.008003280314331531
relu,3e1ae8c5-07f7-4960-b05b-6661c67c7e7b,blocks.layers.0.norm1,0,rel_update,0.00012391455276906157
relu,3e1ae8c5-07f7-4960-b05b-6661c67c7e7b,lm_head,1,grad_l2,0.6098422418179461
relu,3e1ae8c5-07f7-4960-b05b-6661c67c7e7b,lm_head,1,rel_update,0.01894034155977295
relu,3e1ae8c5-07f7-4960-b05b-6661c67c7e7b,final_norm,1,grad_l2,0.04128589060768315
relu,3e1ae8c5-07f7-4960-b05b-6661c67c7e7b,final_norm,1,rel_update,0.0019171555316387916
relu,3e1ae8c5-07f7-4960-b05b-6661c67c7e7b,blocks.layers.3.linear2,1,grad_l2,0.022526935475739914
relu,3e1ae8c5-07f7-4960-b05b-6661c67c7e7b,blocks.layers.3.linear2,1,rel_update,0.001103850705529033
relu,3e1ae8c5-07f7-4960-b05b-6661c67c7e7b,blocks.layers.3.linear1,1,grad_l2,0.022478581143112446
relu,3e1ae8c5-07f7-4960-b05b-6661c67c7e7b,blocks.layers.3.linear1,1,rel_update,0.001100484807391157
relu,3e1ae8c5-07f7-4960-b05b-6661c67c7e7b,blocks.layers.3.norm2,1,grad_l2,0.0017901707767458501
relu,3e1ae8c5-07f7-4960-b05b-6661c67c7e7b,blocks.layers.3.norm2,1,rel_update,6.939772207518575e-05
relu,3e1ae8c5-07f7-4960-b05b-6661c67c7e7b,blocks.layers.3.self_attn,1,grad_l2,0.022045421511165078
relu,3e1ae8c5-07f7-4960-b05b-6661c67c7e7b,blocks.layers.3.self_attn,1,rel_update,0.0011177440588829035
relu,3e1ae8c5-07f7-4960-b05b-6661c67c7e7b,blocks.layers.3.norm1,1,grad_l2,0.0020129016636038586
relu,3e1ae8c5-07f7-4960-b05b-6661c67c7e7b,blocks.layers.3.norm1,1,rel_update,6.560750128705924e-05
relu,3e1ae8c5-07f7-4960-b05b-6661c67c7e7b,blocks.layers.2.linear2,1,grad_l2,0.024658731074644342
relu,3e1ae8c5-07f7-4960-b05b-6661c67c7e7b,blocks.layers.2.linear2,1,rel_update,0.0012067007499410982
relu,3e1ae8c5-07f7-4960-b05b-6661c67c7e7b,blocks.layers.2.linear1,1,grad_l2,0.02304835650763114
relu,3e1ae8c5-07f7-4960-b05b-6661c67c7e7b,blocks.layers.2.linear1,1,rel_update,0.0011282284343783157
relu,3e1ae8c5-07f7-4960-b05b-6661c67c7e7b,blocks.layers.2.norm2,1,grad_l2,0.001875646909345929
relu,3e1ae8c5-07f7-4960-b05b-6661c67c7e7b,blocks.layers.2.norm2,1,rel_update,7.165791354088333e-05
relu,3e1ae8c5-07f7-4960-b05b-6661c67c7e7b,blocks.layers.2.self_attn,1,grad_l2,0.02313816445365946
relu,3e1ae8c5-07f7-4960-b05b-6661c67c7e7b,blocks.layers.2.self_attn,1,rel_update,0.0011717120596170846
relu,3e1ae8c5-07f7-4960-b05b-6661c67c7e7b,blocks.layers.2.norm1,1,grad_l2,0.002270002732955788
relu,3e1ae8c5-07f7-4960-b05b-6661c67c7e7b,blocks.layers.2.norm1,1,rel_update,7.088877443399027e-05
relu,3e1ae8c5-07f7-4960-b05b-6661c67c7e7b,blocks.layers.1.linear2,1,grad_l2,0.030746272574503634
relu,3e1ae8c5-07f7-4960-b05b-6661c67c7e7b,blocks.layers.1.linear2,1,rel_update,0.0015078363274838554
relu,3e1ae8c5-07f7-4960-b05b-6661c67c7e7b,blocks.layers.1.linear1,1,grad_l2,0.026373213242646094
relu,3e1ae8c5-07f7-4960-b05b-6661c67c7e7b,blocks.layers.1.linear1,1,rel_update,0.0012907696015885938
relu,3e1ae8c5-07f7-4960-b05b-6661c67c7e7b,blocks.layers.1.norm2,1,grad_l2,0.0024052849495967117
relu,3e1ae8c5-07f7-4960-b05b-6661c67c7e7b,blocks.layers.1.norm2,1,rel_update,8.966940255049184e-05
relu,3e1ae8c5-07f7-4960-b05b-6661c67c7e7b,blocks.layers.1.self_attn,1,grad_l2,0.029784987904381905
relu,3e1ae8c5-07f7-4960-b05b-6661c67c7e7b,blocks.layers.1.self_attn,1,rel_update,0.0015052338184479322
relu,3e1ae8c5-07f7-4960-b05b-6661c67c7e7b,blocks.layers.1.norm1,1,grad_l2,0.0030608811649312537
relu,3e1ae8c5-07f7-4960-b05b-6661c67c7e7b,blocks.layers.1.norm1,1,rel_update,8.799589645251996e-05
relu,3e1ae8c5-07f7-4960-b05b-6661c67c7e7b,blocks.layers.0.linear2,1,grad_l2,0.051490391614607375
relu,3e1ae8c5-07f7-4960-b05b-6661c67c7e7b,blocks.layers.0.linear2,1,rel_update,0.0025086769212831744
relu,3e1ae8c5-07f7-4960-b05b-6661c67c7e7b,blocks.layers.0.linear1,1,grad_l2,0.03936489425445151
relu,3e1ae8c5-07f7-4960-b05b-6661c67c7e7b,blocks.layers.0.linear1,1,rel_update,0.0019056746503506893
relu,3e1ae8c5-07f7-4960-b05b-6661c67c7e7b,blocks.layers.0.norm2,1,grad_l2,0.004906987936289795
relu,3e1ae8c5-07f7-4960-b05b-6661c67c7e7b,blocks.layers.0.norm2,1,rel_update,0.0001650613034464322
relu,3e1ae8c5-07f7-4960-b05b-6661c67c7e7b,blocks.layers.0.self_attn,1,grad_l2,0.07555906874407992
relu,3e1ae8c5-07f7-4960-b05b-6661c67c7e7b,blocks.layers.0.self_attn,1,rel_update,0.00374545636217912
relu,3e1ae8c5-07f7-4960-b05b-6661c67c7e7b,blocks.layers.0.norm1,1,grad_l2,0.01459403060154847
relu,3e1ae8c5-07f7-4960-b05b-6661c67c7e7b,blocks.layers.0.norm1,1,rel_update,0.0002326370183973325
relu,3e1ae8c5-07f7-4960-b05b-6661c67c7e7b,lm_head,2,grad_l2,0.4900081961251097
relu,3e1ae8c5-07f7-4960-b05b-6661c67c7e7b,lm_head,2,rel_update,0.01323777621983205
relu,3e1ae8c5-07f7-4960-b05b-6661c67c7e7b,final_norm,2,grad_l2,0.03419539949029807
relu,3e1ae8c5-07f7-4960-b05b-6661c67c7e7b,final_norm,2,rel_update,0.0015848729475040006
relu,3e1ae8c5-07f7-4960-b05b-6661c67c7e7b,blocks.layers.3.linear2,2,grad_l2,0.02782831241155361
relu,3e1ae8c5-07f7-4960-b05b-6661c67c7e7b,blocks.layers.3.linear2,2,rel_update,0.0013588016943281182
relu,3e1ae8c5-07f7-4960-b05b-6661c67c7e7b,blocks.layers.3.linear1,2,grad_l2,0.028351337304357946
relu,3e1ae8c5-07f7-4960-b05b-6661c67c7e7b,blocks.layers.3.linear1,2,rel_update,0.0013819022882599176
relu,3e1ae8c5-07f7-4960-b05b-6661c67c7e7b,blocks.layers.3.norm2,2,grad_l2,0.0025799844197050377
relu,3e1ae8c5-07f7-4960-b05b-6661c67c7e7b,blocks.layers.3.norm2,2,rel_update,9.867827735240422e-05
relu,3e1ae8c5-07f7-4960-b05b-6661c67c7e7b,blocks.layers.3.self_attn,2,grad_l2,0.02508777603698318
relu,3e1ae8c5-07f7-4960-b05b-6661c67c7e7b,blocks.layers.3.self_attn,2,rel_update,0.0012699510728702349
relu,3e1ae8c5-07f7-4960-b05b-6661c67c7e7b,blocks.layers.3.norm1,2,grad_l2,0.002430509450810727
relu,3e1ae8c5-07f7-4960-b05b-6661c67c7e7b,blocks.layers.3.norm1,2,rel_update,7.681002857871373e-05
relu,3e1ae8c5-07f7-4960-b05b-6661c67c7e7b,blocks.layers.2.linear2,2,grad_l2,0.028688416049121458
relu,3e1ae8c5-07f7-4960-b05b-6661c67c7e7b,blocks.layers.2.linear2,2,rel_update,0.001399523446635119
relu,3e1ae8c5-07f7-4960-b05b-6661c67c7e7b,blocks.layers.2.linear1,2,grad_l2,0.02715302282738901
relu,3e1ae8c5-07f7-4960-b05b-6661c67c7e7b,blocks.layers.2.linear1,2,rel_update,0.0013242003449984465
relu,3e1ae8c5-07f7-4960-b05b-6661c67c7e7b,blocks.layers.2.norm2,2,grad_l2,0.0022633609082969184
relu,3e1ae8c5-07f7-4960-b05b-6661c67c7e7b,blocks.layers.2.norm2,2,rel_update,8.58380358618115e-05
relu,3e1ae8c5-07f7-4960-b05b-6661c67c7e7b,blocks.layers.2.self_attn,2,grad_l2,0.027708648843594388
relu,3e1ae8c5-07f7-4960-b05b-6661c67c7e7b,blocks.layers.2.self_attn,2,rel_update,0.0014015778349170185
relu,3e1ae8c5-07f7-4960-b05b-6661c67c7e7b,blocks.layers.2.norm1,2,grad_l2,0.002778216106287126
relu,3e1ae8c5-07f7-4960-b05b-6661c67c7e7b,blocks.layers.2.norm1,2,rel_update,8.756457682060937e-05
relu,3e1ae8c5-07f7-4960-b05b-6661c67c7e7b,blocks.layers.1.linear2,2,grad_l2,0.035208218886732826
relu,3e1ae8c5-07f7-4960-b05b-6661c67c7e7b,blocks.layers.1.linear2,2,rel_update,0.0017229149772603816
relu,3e1ae8c5-07f7-4960-b05b-6661c67c7e7b,blocks.layers.1.linear1,2,grad_l2,0.03135596003846861
relu,3e1ae8c5-07f7-4960-b05b-6661c67c7e7b,blocks.layers.1.linear1,2,rel_update,0.0015304573665432353
relu,3e1ae8c5-07f7-4960-b05b-6661c67c7e7b,blocks.layers.1.norm2,2,grad_l2,0.002824478346634152
relu,3e1ae8c5-07f7-4960-b05b-6661c67c7e7b,blocks.layers.1.norm2,2,rel_update,0.00010571208061689233
relu,3e1ae8c5-07f7-4960-b05b-6661c67c7e7b,blocks.layers.1.self_attn,2,grad_l2,0.034380084333572994
relu,3e1ae8c5-07f7-4960-b05b-6661c67c7e7b,blocks.layers.1.self_attn,2,rel_update,0.0017360530286176128
relu,3e1ae8c5-07f7-4960-b05b-6661c67c7e7b,blocks.layers.1.norm1,2,grad_l2,0.0036250285169714836
relu,3e1ae8c5-07f7-4960-b05b-6661c67c7e7b,blocks.layers.1.norm1,2,rel_update,0.00010365191769892361
relu,3e1ae8c5-07f7-4960-b05b-6661c67c7e7b,blocks.layers.0.linear2,2,grad_l2,0.06295380146265475
relu,3e1ae8c5-07f7-4960-b05b-6661c67c7e7b,blocks.layers.0.linear2,2,rel_update,0.0030526520595248927
relu,3e1ae8c5-07f7-4960-b05b-6661c67c7e7b,blocks.layers.0.linear1,2,grad_l2,0.050178306838135706
relu,3e1ae8c5-07f7-4960-b05b-6661c67c7e7b,blocks.layers.0.linear1,2,rel_update,0.0024143265711216934
relu,3e1ae8c5-07f7-4960-b05b-6661c67c7e7b,blocks.layers.0.norm2,2,grad_l2,0.006231174397583811
relu,3e1ae8c5-07f7-4960-b05b-6661c67c7e7b,blocks.layers.0.norm2,2,rel_update,0.0002129542454896023
relu,3e1ae8c5-07f7-4960-b05b-6661c67c7e7b,blocks.layers.0.self_attn,2,grad_l2,0.09603002425120372
relu,3e1ae8c5-07f7-4960-b05b-6661c67c7e7b,blocks.layers.0.self_attn,2,rel_update,0.004764046737902665
relu,3e1ae8c5-07f7-4960-b05b-6661c67c7e7b,blocks.layers.0.norm1,2,grad_l2,0.019007671952834756
relu,3e1ae8c5-07f7-4960-b05b-6661c67c7e7b,blocks.layers.0.norm1,2,rel_update,0.0002961329330774671
relu,3e1ae8c5-07f7-4960-b05b-6661c67c7e7b,lm_head,3,grad_l2,0.4311287783457503
relu,3e1ae8c5-07f7-4960-b05b-6661c67c7e7b,lm_head,3,rel_update,0.010315481934564687
relu,3e1ae8c5-07f7-4960-b05b-6661c67c7e7b,final_norm,3,grad_l2,0.031049964866294143
relu,3e1ae8c5-07f7-4960-b05b-6661c67c7e7b,final_norm,3,rel_update,0.0014216336753667125
relu,3e1ae8c5-07f7-4960-b05b-6661c67c7e7b,blocks.layers.3.linear2,3,grad_l2,0.032902783996626744
relu,3e1ae8c5-07f7-4960-b05b-6661c67c7e7b,blocks.layers.3.linear2,3,rel_update,0.0016025142843083707
relu,3e1ae8c5-07f7-4960-b05b-6661c67c7e7b,blocks.layers.3.linear1,3,grad_l2,0.03363848135222835
relu,3e1ae8c5-07f7-4960-b05b-6661c67c7e7b,blocks.layers.3.linear1,3,rel_update,0.0016343954623595602
relu,3e1ae8c5-07f7-4960-b05b-6661c67c7e7b,blocks.layers.3.norm2,3,grad_l2,0.003381413482214674
relu,3e1ae8c5-07f7-4960-b05b-6661c67c7e7b,blocks.layers.3.norm2,3,rel_update,0.00012653623618120904
relu,3e1ae8c5-07f7-4960-b05b-6661c67c7e7b,blocks.layers.3.self_attn,3,grad_l2,0.028680444895870086
relu,3e1ae8c5-07f7-4960-b05b-6661c67c7e7b,blocks.layers.3.self_attn,3,rel_update,0.0014490994412475072
relu,3e1ae8c5-07f7-4960-b05b-6661c67c7e7b,blocks.layers.3.norm1,3,grad_l2,0.002881179519304907
relu,3e1ae8c5-07f7-4960-b05b-6661c67c7e7b,blocks.layers.3.norm1,3,rel_update,9.077273350964043e-05
relu,3e1ae8c5-07f7-4960-b05b-6661c67c7e7b,blocks.layers.2.linear2,3,grad_l2,0.03207461731315044
relu,3e1ae8c5-07f7-4960-b05b-6661c67c7e7b,blocks.layers.2.linear2,3,rel_update,0.0015604589233333347
relu,3e1ae8c5-07f7-4960-b05b-6661c67c7e7b,blocks.layers.2.linear1,3,grad_l2,0.030662778249561047
relu,3e1ae8c5-07f7-4960-b05b-6661c67c7e7b,blocks.layers.2.linear1,3,rel_update,0.0014908152104357102
relu,3e1ae8c5-07f7-4960-b05b-6661c67c7e7b,blocks.layers.2.norm2,3,grad_l2,0.0025608201234350865
relu,3e1ae8c5-07f7-4960-b05b-6661c67c7e7b,blocks.layers.2.norm2,3,rel_update,9.702684755301843e-05
relu,3e1ae8c5-07f7-4960-b05b-6661c67c7e7b,blocks.layers.2.self_attn,3,grad_l2,0.03267512633863346
relu,3e1ae8c5-07f7-4960-b05b-6661c67c7e7b,blocks.layers.2.self_attn,3,rel_update,0.0016508402264005049
relu,3e1ae8c5-07f7-4960-b05b-6661c67c7e7b,blocks.layers.2.norm1,3,grad_l2,0.003275573327617049
relu,3e1ae8c5-07f7-4960-b05b-6661c67c7e7b,blocks.layers.2.norm1,3,rel_update,0.00010631002565636531
relu,3e1ae8c5-07f7-4960-b05b-6661c67c7e7b,blocks.layers.1.linear2,3,grad_l2,0.03869395091858108
relu,3e1ae8c5-07f7-4960-b05b-6661c67c7e7b,blocks.layers.1.linear2,3,rel_update,0.0018903192193612211
relu,3e1ae8c5-07f7-4960-b05b-6661c67c7e7b,blocks.layers.1.linear1,3,grad_l2,0.03549178212108123
relu,3e1ae8c5-07f7-4960-b05b-6661c67c7e7b,blocks.layers.1.linear1,3,rel_update,0.001729070081026802
relu,3e1ae8c5-07f7-4960-b05b-6661c67c7e7b,blocks.layers.1.norm2,3,grad_l2,0.0031329231968058374
relu,3e1ae8c5-07f7-4960-b05b-6661c67c7e7b,blocks.layers.1.norm2,3,rel_update,0.00011789757701222721
relu,3e1ae8c5-07f7-4960-b05b-6661c67c7e7b,blocks.layers.1.self_attn,3,grad_l2,0.03922577140296112
relu,3e1ae8c5-07f7-4960-b05b-6661c67c7e7b,blocks.layers.1.self_attn,3,rel_update,0.001979153594751157
relu,3e1ae8c5-07f7-4960-b05b-6661c67c7e7b,blocks.layers.1.norm1,3,grad_l2,0.004150183929607109
relu,3e1ae8c5-07f7-4960-b05b-6661c67c7e7b,blocks.layers.1.norm1,3,rel_update,0.00012129275032048566
relu,3e1ae8c5-07f7-4960-b05b-6661c67c7e7b,blocks.layers.0.linear2,3,grad_l2,0.07256869122211282
relu,3e1ae8c5-07f7-4960-b05b-6661c67c7e7b,blocks.layers.0.linear2,3,rel_update,0.0035052167697008497
relu,3e1ae8c5-07f7-4960-b05b-6661c67c7e7b,blocks.layers.0.linear1,3,grad_l2,0.059209295053302156
relu,3e1ae8c5-07f7-4960-b05b-6661c67c7e7b,blocks.layers.0.linear1,3,rel_update,0.0028349801110722247
relu,3e1ae8c5-07f7-4960-b05b-6661c67c7e7b,blocks.layers.0.norm2,3,grad_l2,0.007238368627574752
relu,3e1ae8c5-07f7-4960-b05b-6661c67c7e7b,blocks.layers.0.norm2,3,rel_update,0.00025013122602586296
relu,3e1ae8c5-07f7-4960-b05b-6661c67c7e7b,blocks.layers.0.self_attn,3,grad_l2,0.11240835776512202
relu,3e1ae8c5-07f7-4960-b05b-6661c67c7e7b,blocks.layers.0.self_attn,3,rel_update,0.0055594479346940005
relu,3e1ae8c5-07f7-4960-b05b-6661c67c7e7b,blocks.layers.0.norm1,3,grad_l2,0.022277699326976555
relu,3e1ae8c5-07f7-4960-b05b-6661c67c7e7b,blocks.layers.0.norm1,3,rel_update,0.00034819066237983854
relu,3e1ae8c5-07f7-4960-b05b-6661c67c7e7b,lm_head,4,grad_l2,0.39661033490798653
relu,3e1ae8c5-07f7-4960-b05b-6661c67c7e7b,lm_head,4,rel_update,0.008536325895473113
relu,3e1ae8c5-07f7-4960-b05b-6661c67c7e7b,final_norm,4,grad_l2,0.029314472445718377
relu,3e1ae8c5-07f7-4960-b05b-6661c67c7e7b,final_norm,4,rel_update,0.001324216040000584
relu,3e1ae8c5-07f7-4960-b05b-6661c67c7e7b,blocks.layers.3.linear2,4,grad_l2,0.03703709251497362
relu,3e1ae8c5-07f7-4960-b05b-6661c67c7e7b,blocks.layers.3.linear2,4,rel_update,0.0018007843652013452
relu,3e1ae8c5-07f7-4960-b05b-6661c67c7e7b,blocks.layers.3.linear1,4,grad_l2,0.03799492737158852
relu,3e1ae8c5-07f7-4960-b05b-6661c67c7e7b,blocks.layers.3.linear1,4,rel_update,0.0018420077344633746
relu,3e1ae8c5-07f7-4960-b05b-6661c67c7e7b,blocks.layers.3.norm2,4,grad_l2,0.004021865636907544
relu,3e1ae8c5-07f7-4960-b05b-6661c67c7e7b,blocks.layers.3.norm2,4,rel_update,0.0001495115440902464
relu,3e1ae8c5-07f7-4960-b05b-6661c67c7e7b,blocks.layers.3.self_attn,4,grad_l2,0.03247804454668804
relu,3e1ae8c5-07f7-4960-b05b-6661c67c7e7b,blocks.layers.3.self_attn,4,rel_update,0.0016374511951676098
relu,3e1ae8c5-07f7-4960-b05b-6661c67c7e7b,blocks.layers.3.norm1,4,grad_l2,0.003335145715662461
relu,3e1ae8c5-07f7-4960-b05b-6661c67c7e7b,blocks.layers.3.norm1,4,rel_update,0.0001065175061255965
relu,3e1ae8c5-07f7-4960-b05b-6661c67c7e7b,blocks.layers.2.linear2,4,grad_l2,0.034700982204854534
relu,3e1ae8c5-07f7-4960-b05b-6661c67c7e7b,blocks.layers.2.linear2,4,rel_update,0.0016844630836412968
relu,3e1ae8c5-07f7-4960-b05b-6661c67c7e7b,blocks.layers.2.linear1,4,grad_l2,0.03369308392411092
relu,3e1ae8c5-07f7-4960-b05b-6661c67c7e7b,blocks.layers.2.linear1,4,rel_update,0.0016341247690319855
relu,3e1ae8c5-07f7-4960-b05b-6661c67c7e7b,blocks.layers.2.norm2,4,grad_l2,0.00276779510941787
relu,3e1ae8c5-07f7-4960-b05b-6661c67c7e7b,blocks.layers.2.norm2,4,rel_update,0.0001055845418039112
relu,3e1ae8c5-07f7-4960-b05b-6661c67c7e7b,blocks.layers.2.self_attn,4,grad_l2,0.0368743234391973
relu,3e1ae8c5-07f7-4960-b05b-6661c67c7e7b,blocks.layers.2.self_attn,4,rel_update,0.0018609463867481535
relu,3e1ae8c5-07f7-4960-b05b-6661c67c7e7b,blocks.layers.2.norm1,4,grad_l2,0.003666998770619399
relu,3e1ae8c5-07f7-4960-b05b-6661c67c7e7b,blocks.layers.2.norm1,4,rel_update,0.00012212528594232648
relu,3e1ae8c5-07f7-4960-b05b-6661c67c7e7b,blocks.layers.1.linear2,4,grad_l2,0.041239381582997385
relu,3e1ae8c5-07f7-4960-b05b-6661c67c7e7b,blocks.layers.1.linear2,4,rel_update,0.0020122725494986895
relu,3e1ae8c5-07f7-4960-b05b-6661c67c7e7b,blocks.layers.1.linear1,4,grad_l2,0.038948596564973265
relu,3e1ae8c5-07f7-4960-b05b-6661c67c7e7b,blocks.layers.1.linear1,4,rel_update,0.0018950825332085838
relu,3e1ae8c5-07f7-4960-b05b-6661c67c7e7b,blocks.layers.1.norm2,4,grad_l2,0.003343712292841313
relu,3e1ae8c5-07f7-4960-b05b-6661c67c7e7b,blocks.layers.1.norm2,4,rel_update,0.00012737838742515447
relu,3e1ae8c5-07f7-4960-b05b-6661c67c7e7b,blocks.layers.1.self_attn,4,grad_l2,0.04339572476956917
relu,3e1ae8c5-07f7-4960-b05b-6661c67c7e7b,blocks.layers.1.self_attn,4,rel_update,0.0021886758761958808
relu,3e1ae8c5-07f7-4960-b05b-6661c67c7e7b,blocks.layers.1.norm1,4,grad_l2,0.004554783481921895
relu,3e1ae8c5-07f7-4960-b05b-6661c67c7e7b,blocks.layers.1.norm1,4,rel_update,0.00013698824163514302
relu,3e1ae8c5-07f7-4960-b05b-6661c67c7e7b,blocks.layers.0.linear2,4,grad_l2,0.08005372686461401
relu,3e1ae8c5-07f7-4960-b05b-6661c67c7e7b,blocks.layers.0.linear2,4,rel_update,0.0038554545761739795
relu,3e1ae8c5-07f7-4960-b05b-6661c67c7e7b,blocks.layers.0.linear1,4,grad_l2,0.06694585134472701
relu,3e1ae8c5-07f7-4960-b05b-6661c67c7e7b,blocks.layers.0.linear1,4,rel_update,0.0031938303862670842
relu,3e1ae8c5-07f7-4960-b05b-6661c67c7e7b,blocks.layers.0.norm2,4,grad_l2,0.007948331292675517
relu,3e1ae8c5-07f7-4960-b05b-6661c67c7e7b,blocks.layers.0.norm2,4,rel_update,0.00027951922177910847
relu,3e1ae8c5-07f7-4960-b05b-6661c67c7e7b,blocks.layers.0.self_attn,4,grad_l2,0.12602266178390212
relu,3e1ae8c5-07f7-4960-b05b-6661c67c7e7b,blocks.layers.0.self_attn,4,rel_update,0.006205824685594185
relu,3e1ae8c5-07f7-4960-b05b-6661c67c7e7b,blocks.layers.0.norm1,4,grad_l2,0.024467699898794885
relu,3e1ae8c5-07f7-4960-b05b-6661c67c7e7b,blocks.layers.0.norm1,4,rel_update,0.00039239932367625483
relu,3e1ae8c5-07f7-4960-b05b-6661c67c7e7b,lm_head,5,grad_l2,0.373857382123722
relu,3e1ae8c5-07f7-4960-b05b-6661c67c7e7b,lm_head,5,rel_update,0.007338429194521186
relu,3e1ae8c5-07f7-4960-b05b-6661c67c7e7b,final_norm,5,grad_l2,0.028186820409557636
relu,3e1ae8c5-07f7-4960-b05b-6661c67c7e7b,final_norm,5,rel_update,0.0012599168810964033
relu,3e1ae8c5-07f7-4960-b05b-6661c67c7e7b,blocks.layers.3.linear2,5,grad_l2,0.04020758050818367
relu,3e1ae8c5-07f7-4960-b05b-6661c67c7e7b,blocks.layers.3.linear2,5,rel_update,0.0019527850029795702
relu,3e1ae8c5-07f7-4960-b05b-6661c67c7e7b,blocks.layers.3.linear1,5,grad_l2,0.041563887764238534
relu,3e1ae8c5-07f7-4960-b05b-6661c67c7e7b,blocks.layers.3.linear1,5,rel_update,0.002011931254598783
relu,3e1ae8c5-07f7-4960-b05b-6661c67c7e7b,blocks.layers.3.norm2,5,grad_l2,0.004480169994252239
relu,3e1ae8c5-07f7-4960-b05b-6661c67c7e7b,blocks.layers.3.norm2,5,rel_update,0.0001674675540140049
relu,3e1ae8c5-07f7-4960-b05b-6661c67c7e7b,blocks.layers.3.self_attn,5,grad_l2,0.035895077265030134
relu,3e1ae8c5-07f7-4960-b05b-6661c67c7e7b,blocks.layers.3.self_attn,5,rel_update,0.0018059570874991247
relu,3e1ae8c5-07f7-4960-b05b-6661c67c7e7b,blocks.layers.3.norm1,5,grad_l2,0.0037140227592963853
relu,3e1ae8c5-07f7-4960-b05b-6661c67c7e7b,blocks.layers.3.norm1,5,rel_update,0.00012141459178406462
relu,3e1ae8c5-07f7-4960-b05b-6661c67c7e7b,blocks.layers.2.linear2,5,grad_l2,0.03679308360325022
relu,3e1ae8c5-07f7-4960-b05b-6661c67c7e7b,blocks.layers.2.linear2,5,rel_update,0.0017829198170274873
relu,3e1ae8c5-07f7-4960-b05b-6661c67c7e7b,blocks.layers.2.linear1,5,grad_l2,0.03637929018834128
relu,3e1ae8c5-07f7-4960-b05b-6661c67c7e7b,blocks.layers.2.linear1,5,rel_update,0.0017609851402157679
relu,3e1ae8c5-07f7-4960-b05b-6661c67c7e7b,blocks.layers.2.norm2,5,grad_l2,0.002924941215600986
relu,3e1ae8c5-07f7-4960-b05b-6661c67c7e7b,blocks.layers.2.norm2,5,rel_update,0.00011278519581881885
relu,3e1ae8c5-07f7-4960-b05b-6661c67c7e7b,blocks.layers.2.self_attn,5,grad_l2,0.040302367466002464
relu,3e1ae8c5-07f7-4960-b05b-6661c67c7e7b,blocks.layers.2.self_attn,5,rel_update,0.0020320078888668353
relu,3e1ae8c5-07f7-4960-b05b-6661c67c7e7b,blocks.layers.2.norm1,5,grad_l2,0.003978008254776523
relu,3e1ae8c5-07f7-4960-b05b-6661c67c7e7b,blocks.layers.2.norm1,5,rel_update,0.0001349199126656626
relu,3e1ae8c5-07f7-4960-b05b-6661c67c7e7b,blocks.layers.1.linear2,5,grad_l2,0.0432192326623098
relu,3e1ae8c5-07f7-4960-b05b-6661c67c7e7b,blocks.layers.1.linear2,5,rel_update,0.0021072215097927296
relu,3e1ae8c5-07f7-4960-b05b-6661c67c7e7b,blocks.layers.1.linear1,5,grad_l2,0.04193099951772875
relu,3e1ae8c5-07f7-4960-b05b-6661c67c7e7b,blocks.layers.1.linear1,5,rel_update,0.002038572145839028
relu,3e1ae8c5-07f7-4960-b05b-6661c67c7e7b,blocks.layers.1.norm2,5,grad_l2,0.003507960429492271
relu,3e1ae8c5-07f7-4960-b05b-6661c67c7e7b,blocks.layers.1.norm2,5,rel_update,0.00013533063267123454
relu,3e1ae8c5-07f7-4960-b05b-6661c67c7e7b,blocks.layers.1.self_attn,5,grad_l2,0.04697249908928055
relu,3e1ae8c5-07f7-4960-b05b-6661c67c7e7b,blocks.layers.1.self_attn,5,rel_update,0.0023687874359830234
relu,3e1ae8c5-07f7-4960-b05b-6661c67c7e7b,blocks.layers.1.norm1,5,grad_l2,0.0048840035933934095
relu,3e1ae8c5-07f7-4960-b05b-6661c67c7e7b,blocks.layers.1.norm1,5,rel_update,0.00015017053052763618
relu,3e1ae8c5-07f7-4960-b05b-6661c67c7e7b,blocks.layers.0.linear2,5,grad_l2,0.08600362903270256
relu,3e1ae8c5-07f7-4960-b05b-6661c67c7e7b,blocks.layers.0.linear2,5,rel_update,0.00413341282854659
relu,3e1ae8c5-07f7-4960-b05b-6661c67c7e7b,blocks.layers.0.linear1,5,grad_l2,0.07369983431162365
relu,3e1ae8c5-07f7-4960-b05b-6661c67c7e7b,blocks.layers.0.linear1,5,rel_update,0.003507246213672163
relu,3e1ae8c5-07f7-4960-b05b-6661c67c7e7b,blocks.layers.0.norm2,5,grad_l2,0.008489830676667157
relu,3e1ae8c5-07f7-4960-b05b-6661c67c7e7b,blocks.layers.0.norm2,5,rel_update,0.0003042057337131568
relu,3e1ae8c5-07f7-4960-b05b-6661c67c7e7b,blocks.layers.0.self_attn,5,grad_l2,0.13788231888914454
relu,3e1ae8c5-07f7-4960-b05b-6661c67c7e7b,blocks.layers.0.self_attn,5,rel_update,0.006757612610522115
relu,3e1ae8c5-07f7-4960-b05b-6661c67c7e7b,blocks.layers.0.norm1,5,grad_l2,0.025910827136384804
relu,3e1ae8c5-07f7-4960-b05b-6661c67c7e7b,blocks.layers.0.norm1,5,rel_update,0.00043057626143480496
relu,3e1ae8c5-07f7-4960-b05b-6661c67c7e7b,lm_head,6,grad_l2,0.35756879583584456
relu,3e1ae8c5-07f7-4960-b05b-6661c67c7e7b,lm_head,6,rel_update,0.006475812314518118
relu,3e1ae8c5-07f7-4960-b05b-6661c67c7e7b,final_norm,6,grad_l2,0.027392376619586517
relu,3e1ae8c5-07f7-4960-b05b-6661c67c7e7b,final_norm,6,rel_update,0.0012153552306321655
relu,3e1ae8c5-07f7-4960-b05b-6661c67c7e7b,blocks.layers.3.linear2,6,grad_l2,0.04246348131104765
relu,3e1ae8c5-07f7-4960-b05b-6661c67c7e7b,blocks.layers.3.linear2,6,rel_update,0.0020609645543398125
relu,3e1ae8c5-07f7-4960-b05b-6661c67c7e7b,blocks.layers.3.linear1,6,grad_l2,0.044427429635193895
relu,3e1ae8c5-07f7-4960-b05b-6661c67c7e7b,blocks.layers.3.linear1,6,rel_update,0.002148316405436362
relu,3e1ae8c5-07f7-4960-b05b-6661c67c7e7b,blocks.layers.3.norm2,6,grad_l2,0.0047844906408624896
relu,3e1ae8c5-07f7-4960-b05b-6661c67c7e7b,blocks.layers.3.norm2,6,rel_update,0.00018133862464699403
relu,3e1ae8c5-07f7-4960-b05b-6661c67c7e7b,blocks.layers.3.self_attn,6,grad_l2,0.03853086657810377
relu,3e1ae8c5-07f7-4960-b05b-6661c67c7e7b,blocks.layers.3.self_attn,6,rel_update,0.0019351902651756304
relu,3e1ae8c5-07f7-4960-b05b-6661c67c7e7b,blocks.layers.3.norm1,6,grad_l2,0.003975841023123794
relu,3e1ae8c5-07f7-4960-b05b-6661c67c7e7b,blocks.layers.3.norm1,6,rel_update,0.00013280827349386427
relu,3e1ae8c5-07f7-4960-b05b-6661c67c7e7b,blocks.layers.2.linear2,6,grad_l2,0.038365086617983345
relu,3e1ae8c5-07f7-4960-b05b-6661c67c7e7b,blocks.layers.2.linear2,6,rel_update,0.0018567056907235321
relu,3e1ae8c5-07f7-4960-b05b-6661c67c7e7b,blocks.layers.2.linear1,6,grad_l2,0.03867300792041391
relu,3e1ae8c5-07f7-4960-b05b-6661c67c7e7b,blocks.layers.2.linear1,6,rel_update,0.001869293503438566
relu,3e1ae8c5-07f7-4960-b05b-6661c67c7e7b,blocks.layers.2.norm2,6,grad_l2,0.0030466318046826653
relu,3e1ae8c5-07f7-4960-b05b-6661c67c7e7b,blocks.layers.2.norm2,6,rel_update,0.00011891147872986247
relu,3e1ae8c5-07f7-4960-b05b-6661c67c7e7b,blocks.layers.2.self_attn,6,grad_l2,0.042979387835601
relu,3e1ae8c5-07f7-4960-b05b-6661c67c7e7b,blocks.layers.2.self_attn,6,rel_update,0.002165281827433807
relu,3e1ae8c5-07f7-4960-b05b-6661c67c7e7b,blocks.layers.2.norm1,6,grad_l2,0.004213246178693842
relu,3e1ae8c5-07f7-4960-b05b-6661c67c7e7b,blocks.layers.2.norm1,6,rel_update,0.00014475703878822
relu,3e1ae8c5-07f7-4960-b05b-6661c67c7e7b,blocks.layers.1.linear2,6,grad_l2,0.04466919553770691
relu,3e1ae8c5-07f7-4960-b05b-6661c67c7e7b,blocks.layers.1.linear2,6,rel_update,0.0021768716215760757
relu,3e1ae8c5-07f7-4960-b05b-6661c67c7e7b,blocks.layers.1.linear1,6,grad_l2,0.044452048902915514
relu,3e1ae8c5-07f7-4960-b05b-6661c67c7e7b,blocks.layers.1.linear1,6,rel_update,0.002160137157352059
relu,3e1ae8c5-07f7-4960-b05b-6661c67c7e7b,blocks.layers.1.norm2,6,grad_l2,0.003633847500796463
relu,3e1ae8c5-07f7-4960-b05b-6661c67c7e7b,blocks.layers.1.norm2,6,rel_update,0.00014197747882901704
relu,3e1ae8c5-07f7-4960-b05b-6661c67c7e7b,blocks.layers.1.self_attn,6,grad_l2,0.049851522393079876
relu,3e1ae8c5-07f7-4960-b05b-6661c67c7e7b,blocks.layers.1.self_attn,6,rel_update,0.002513996897676505
relu,3e1ae8c5-07f7-4960-b05b-6661c67c7e7b,blocks.layers.1.norm1,6,grad_l2,0.005143695546692164
relu,3e1ae8c5-07f7-4960-b05b-6661c67c7e7b,blocks.layers.1.norm1,6,rel_update,0.00016047708443373457
relu,3e1ae8c5-07f7-4960-b05b-6661c67c7e7b,blocks.layers.0.linear2,6,grad_l2,0.09050553459155301
relu,3e1ae8c5-07f7-4960-b05b-6661c67c7e7b,blocks.layers.0.linear2,6,rel_update,0.0043437568955172765
relu,3e1ae8c5-07f7-4960-b05b-6661c67c7e7b,blocks.layers.0.linear1,6,grad_l2,0.07942454750581014
relu,3e1ae8c5-07f7-4960-b05b-6661c67c7e7b,blocks.layers.0.linear1,6,rel_update,0.003773527663986739
relu,3e1ae8c5-07f7-4960-b05b-6661c67c7e7b,blocks.layers.0.norm2,6,grad_l2,0.00889532668051927
relu,3e1ae8c5-07f7-4960-b05b-6661c67c7e7b,blocks.layers.0.norm2,6,rel_update,0.00032449777295789694
relu,3e1ae8c5-07f7-4960-b05b-6661c67c7e7b,blocks.layers.0.self_attn,6,grad_l2,0.14806048131214325
relu,3e1ae8c5-07f7-4960-b05b-6661c67c7e7b,blocks.layers.0.self_attn,6,rel_update,0.007224455910990891
relu,3e1ae8c5-07f7-4960-b05b-6661c67c7e7b,blocks.layers.0.norm1,6,grad_l2,0.02685904148523535
relu,3e1ae8c5-07f7-4960-b05b-6661c67c7e7b,blocks.layers.0.norm1,6,rel_update,0.0004633356772869533
relu,3e1ae8c5-07f7-4960-b05b-6661c67c7e7b,lm_head,7,grad_l2,0.3452894539502698
relu,3e1ae8c5-07f7-4960-b05b-6661c67c7e7b,lm_head,7,rel_update,0.005825286671165476
relu,3e1ae8c5-07f7-4960-b05b-6661c67c7e7b,final_norm,7,grad_l2,0.026823139974775898
relu,3e1ae8c5-07f7-4960-b05b-6661c67c7e7b,final_norm,7,rel_update,0.0011839226323876425
relu,3e1ae8c5-07f7-4960-b05b-6661c67c7e7b,blocks.layers.3.linear2,7,grad_l2,0.0440772028438025
relu,3e1ae8c5-07f7-4960-b05b-6661c67c7e7b,blocks.layers.3.linear2,7,rel_update,0.0021384285873124165
relu,3e1ae8c5-07f7-4960-b05b-6661c67c7e7b,blocks.layers.3.linear1,7,grad_l2,0.04671472362374983
relu,3e1ae8c5-07f7-4960-b05b-6661c67c7e7b,blocks.layers.3.linear1,7,rel_update,0.0022573708603899605
relu,3e1ae8c5-07f7-4960-b05b-6661c67c7e7b,blocks.layers.3.norm2,7,grad_l2,0.004976530101592749
relu,3e1ae8c5-07f7-4960-b05b-6661c67c7e7b,blocks.layers.3.norm2,7,rel_update,0.00019150475333985686
relu,3e1ae8c5-07f7-4960-b05b-6661c67c7e7b,blocks.layers.3.self_attn,7,grad_l2,0.040650007271426675
relu,3e1ae8c5-07f7-4960-b05b-6661c67c7e7b,blocks.layers.3.self_attn,7,rel_update,0.0020388443699630794
relu,3e1ae8c5-07f7-4960-b05b-6661c67c7e7b,blocks.layers.3.norm1,7,grad_l2,0.004164955178867609
relu,3e1ae8c5-07f7-4960-b05b-6661c67c7e7b,blocks.layers.3.norm1,7,rel_update,0.00014204407384678882
relu,3e1ae8c5-07f7-4960-b05b-6661c67c7e7b,blocks.layers.2.linear2,7,grad_l2,0.03958431841403553
relu,3e1ae8c5-07f7-4960-b05b-6661c67c7e7b,blocks.layers.2.linear2,7,rel_update,0.0019139482404612691
relu,3e1ae8c5-07f7-4960-b05b-6661c67c7e7b,blocks.layers.2.linear1,7,grad_l2,0.040623243129112974
relu,3e1ae8c5-07f7-4960-b05b-6661c67c7e7b,blocks.layers.2.linear1,7,rel_update,0.001961467980693706
relu,3e1ae8c5-07f7-4960-b05b-6661c67c7e7b,blocks.layers.2.norm2,7,grad_l2,0.003136655585173714
relu,3e1ae8c5-07f7-4960-b05b-6661c67c7e7b,blocks.layers.2.norm2,7,rel_update,0.0001239459760265784
relu,3e1ae8c5-07f7-4960-b05b-6661c67c7e7b,blocks.layers.2.self_attn,7,grad_l2,0.045166792629794596
relu,3e1ae8c5-07f7-4960-b05b-6661c67c7e7b,blocks.layers.2.self_attn,7,rel_update,0.0022742154748960283
relu,3e1ae8c5-07f7-4960-b05b-6661c67c7e7b,blocks.layers.2.norm1,7,grad_l2,0.004378792894149425
relu,3e1ae8c5-07f7-4960-b05b-6661c67c7e7b,blocks.layers.2.norm1,7,rel_update,0.00015284025359736582
relu,3e1ae8c5-07f7-4960-b05b-6661c67c7e7b,blocks.layers.1.linear2,7,grad_l2,0.045781352741352886
relu,3e1ae8c5-07f7-4960-b05b-6661c67c7e7b,blocks.layers.1.linear2,7,rel_update,0.0022305494153441255
relu,3e1ae8c5-07f7-4960-b05b-6661c67c7e7b,blocks.layers.1.linear1,7,grad_l2,0.04659279827215703
relu,3e1ae8c5-07f7-4960-b05b-6661c67c7e7b,blocks.layers.1.linear1,7,rel_update,0.0022636178806662356
relu,3e1ae8c5-07f7-4960-b05b-6661c67c7e7b,blocks.layers.1.norm2,7,grad_l2,0.0037261404208648167
relu,3e1ae8c5-07f7-4960-b05b-6661c67c7e7b,blocks.layers.1.norm2,7,rel_update,0.00014743297558955223
relu,3e1ae8c5-07f7-4960-b05b-6661c67c7e7b,blocks.layers.1.self_attn,7,grad_l2,0.05218180531085457
relu,3e1ae8c5-07f7-4960-b05b-6661c67c7e7b,blocks.layers.1.self_attn,7,rel_update,0.0026319150250431254
relu,3e1ae8c5-07f7-4960-b05b-6661c67c7e7b,blocks.layers.1.norm1,7,grad_l2,0.005323869391104475
relu,3e1ae8c5-07f7-4960-b05b-6661c67c7e7b,blocks.layers.1.norm1,7,rel_update,0.00016872645768806498
relu,3e1ae8c5-07f7-4960-b05b-6661c67c7e7b,blocks.layers.0.linear2,7,grad_l2,0.09388508872983584
relu,3e1ae8c5-07f7-4960-b05b-6661c67c7e7b,blocks.layers.0.linear2,7,rel_update,0.004501878050380681
relu,3e1ae8c5-07f7-4960-b05b-6661c67c7e7b,blocks.layers.0.linear1,7,grad_l2,0.08425210871012045
relu,3e1ae8c5-07f7-4960-b05b-6661c67c7e7b,blocks.layers.0.linear1,7,rel_update,0.003998749678626072
relu,3e1ae8c5-07f7-4960-b05b-6661c67c7e7b,blocks.layers.0.norm2,7,grad_l2,0.009184626608974912
relu,3e1ae8c5-07f7-4960-b05b-6661c67c7e7b,blocks.layers.0.norm2,7,rel_update,0.0003413161305988659
relu,3e1ae8c5-07f7-4960-b05b-6661c67c7e7b,blocks.layers.0.self_attn,7,grad_l2,0.15658374939208958
relu,3e1ae8c5-07f7-4960-b05b-6661c67c7e7b,blocks.layers.0.self_attn,7,rel_update,0.007612642619851328
relu,3e1ae8c5-07f7-4960-b05b-6661c67c7e7b,blocks.layers.0.norm1,7,grad_l2,0.027371156291669335
relu,3e1ae8c5-07f7-4960-b05b-6661c67c7e7b,blocks.layers.0.norm1,7,rel_update,0.0004910108881991254
relu,3e1ae8c5-07f7-4960-b05b-6661c67c7e7b,lm_head,8,grad_l2,0.33559879672979825
relu,3e1ae8c5-07f7-4960-b05b-6661c67c7e7b,lm_head,8,rel_update,0.005317338201901462
relu,3e1ae8c5-07f7-4960-b05b-6661c67c7e7b,final_norm,8,grad_l2,0.026389128861201788
relu,3e1ae8c5-07f7-4960-b05b-6661c67c7e7b,final_norm,8,rel_update,0.001161509075268359
relu,3e1ae8c5-07f7-4960-b05b-6661c67c7e7b,blocks.layers.3.linear2,8,grad_l2,0.045077998373555174
relu,3e1ae8c5-07f7-4960-b05b-6661c67c7e7b,blocks.layers.3.linear2,8,rel_update,0.0021866116130674356
relu,3e1ae8c5-07f7-4960-b05b-6661c67c7e7b,blocks.layers.3.linear1,8,grad_l2,0.048482756718684406
relu,3e1ae8c5-07f7-4960-b05b-6661c67c7e7b,blocks.layers.3.linear1,8,rel_update,0.002341744233339484
relu,3e1ae8c5-07f7-4960-b05b-6661c67c7e7b,blocks.layers.3.norm2,8,grad_l2,0.005068169964679226
relu,3e1ae8c5-07f7-4960-b05b-6661c67c7e7b,blocks.layers.3.norm2,8,rel_update,0.00019890980882158362
relu,3e1ae8c5-07f7-4960-b05b-6661c67c7e7b,blocks.layers.3.self_attn,8,grad_l2,0.042131713211287176
relu,3e1ae8c5-07f7-4960-b05b-6661c67c7e7b,blocks.layers.3.self_attn,8,rel_update,0.0021110997432416843
relu,3e1ae8c5-07f7-4960-b05b-6661c67c7e7b,blocks.layers.3.norm1,8,grad_l2,0.004265136026783581
relu,3e1ae8c5-07f7-4960-b05b-6661c67c7e7b,blocks.layers.3.norm1,8,rel_update,0.00014822963456303194
relu,3e1ae8c5-07f7-4960-b05b-6661c67c7e7b,blocks.layers.2.linear2,8,grad_l2,0.04043199018091254
relu,3e1ae8c5-07f7-4960-b05b-6661c67c7e7b,blocks.layers.2.linear2,8,rel_update,0.001953755192877003
relu,3e1ae8c5-07f7-4960-b05b-6661c67c7e7b,blocks.layers.2.linear1,8,grad_l2,0.04219627453193205
relu,3e1ae8c5-07f7-4960-b05b-6661c67c7e7b,blocks.layers.2.linear1,8,rel_update,0.0020358521559889343
relu,3e1ae8c5-07f7-4960-b05b-6661c67c7e7b,blocks.layers.2.norm2,8,grad_l2,0.0031977733128813212
relu,3e1ae8c5-07f7-4960-b05b-6661c67c7e7b,blocks.layers.2.norm2,8,rel_update,0.00012790306364997964
relu,3e1ae8c5-07f7-4960-b05b-6661c67c7e7b,blocks.layers.2.self_attn,8,grad_l2,0.04676972009842235
relu,3e1ae8c5-07f7-4960-b05b-6661c67c7e7b,blocks.layers.2.self_attn,8,rel_update,0.00235408205706431
relu,3e1ae8c5-07f7-4960-b05b-6661c67c7e7b,blocks.layers.2.norm1,8,grad_l2,0.004479369607214503
relu,3e1ae8c5-07f7-4960-b05b-6661c67c7e7b,blocks.layers.2.norm1,8,rel_update,0.00015883568892192192
relu,3e1ae8c5-07f7-4960-b05b-6661c67c7e7b,blocks.layers.1.linear2,8,grad_l2,0.046571076691295565
relu,3e1ae8c5-07f7-4960-b05b-6661c67c7e7b,blocks.layers.1.linear2,8,rel_update,0.0022689332787101195
relu,3e1ae8c5-07f7-4960-b05b-6661c67c7e7b,blocks.layers.1.linear1,8,grad_l2,0.04833181031090993
relu,3e1ae8c5-07f7-4960-b05b-6661c67c7e7b,blocks.layers.1.linear1,8,rel_update,0.0023478316048419186
relu,3e1ae8c5-07f7-4960-b05b-6661c67c7e7b,blocks.layers.1.norm2,8,grad_l2,0.0037873367794866363
relu,3e1ae8c5-07f7-4960-b05b-6661c67c7e7b,blocks.layers.1.norm2,8,rel_update,0.00015175618374802956
relu,3e1ae8c5-07f7-4960-b05b-6661c67c7e7b,blocks.layers.1.self_attn,8,grad_l2,0.05393283413027851
relu,3e1ae8c5-07f7-4960-b05b-6661c67c7e7b,blocks.layers.1.self_attn,8,rel_update,0.0027208481545649924
relu,3e1ae8c5-07f7-4960-b05b-6661c67c7e7b,blocks.layers.1.norm1,8,grad_l2,0.005426837062097938
relu,3e1ae8c5-07f7-4960-b05b-6661c67c7e7b,blocks.layers.1.norm1,8,rel_update,0.00017487608974148185
relu,3e1ae8c5-07f7-4960-b05b-6661c67c7e7b,blocks.layers.0.linear2,8,grad_l2,0.09619071786109003
relu,3e1ae8c5-07f7-4960-b05b-6661c67c7e7b,blocks.layers.0.linear2,8,rel_update,0.004609751971307553
relu,3e1ae8c5-07f7-4960-b05b-6661c67c7e7b,blocks.layers.0.linear1,8,grad_l2,0.08818695125140553
relu,3e1ae8c5-07f7-4960-b05b-6661c67c7e7b,blocks.layers.0.linear1,8,rel_update,0.004182745191584393
relu,3e1ae8c5-07f7-4960-b05b-6661c67c7e7b,blocks.layers.0.norm2,8,grad_l2,0.009360839079350473
relu,3e1ae8c5-07f7-4960-b05b-6661c67c7e7b,blocks.layers.0.norm2,8,rel_update,0.000354289930185022
relu,3e1ae8c5-07f7-4960-b05b-6661c67c7e7b,blocks.layers.0.self_attn,8,grad_l2,0.16336749965314648
relu,3e1ae8c5-07f7-4960-b05b-6661c67c7e7b,blocks.layers.0.self_attn,8,rel_update,0.007921245923107011
relu,3e1ae8c5-07f7-4960-b05b-6661c67c7e7b,blocks.layers.0.norm1,8,grad_l2,0.02753613367549981
relu,3e1ae8c5-07f7-4960-b05b-6661c67c7e7b,blocks.layers.0.norm1,8,rel_update,0.0005132718069270704
relu,3e1ae8c5-07f7-4960-b05b-6661c67c7e7b,lm_head,9,grad_l2,0.3278137837440518
relu,3e1ae8c5-07f7-4960-b05b-6661c67c7e7b,lm_head,9,rel_update,0.004910498297229887
relu,3e1ae8c5-07f7-4960-b05b-6661c67c7e7b,final_norm,9,grad_l2,0.02605408130490088
relu,3e1ae8c5-07f7-4960-b05b-6661c67c7e7b,final_norm,9,rel_update,0.0011447187675359155
relu,3e1ae8c5-07f7-4960-b05b-6661c67c7e7b,blocks.layers.3.linear2,9,grad_l2,0.0457833201592791
relu,3e1ae8c5-07f7-4960-b05b-6661c67c7e7b,blocks.layers.3.linear2,9,rel_update,0.0022206383322227814
relu,3e1ae8c5-07f7-4960-b05b-6661c67c7e7b,blocks.layers.3.linear1,9,grad_l2,0.04986797709114081
relu,3e1ae8c5-07f7-4960-b05b-6661c67c7e7b,blocks.layers.3.linear1,9,rel_update,0.0024078695163980354
relu,3e1ae8c5-07f7-4960-b05b-6661c67c7e7b,blocks.layers.3.norm2,9,grad_l2,0.0051192747988468125
relu,3e1ae8c5-07f7-4960-b05b-6661c67c7e7b,blocks.layers.3.norm2,9,rel_update,0.0002045983002445873
relu,3e1ae8c5-07f7-4960-b05b-6661c67c7e7b,blocks.layers.3.self_attn,9,grad_l2,0.04324563645576254
relu,3e1ae8c5-07f7-4960-b05b-6661c67c7e7b,blocks.layers.3.self_attn,9,rel_update,0.0021653538111469006
relu,3e1ae8c5-07f7-4960-b05b-6661c67c7e7b,blocks.layers.3.norm1,9,grad_l2,0.004324847062599132
relu,3e1ae8c5-07f7-4960-b05b-6661c67c7e7b,blocks.layers.3.norm1,9,rel_update,0.00015290532095997526
relu,3e1ae8c5-07f7-4960-b05b-6661c67c7e7b,blocks.layers.2.linear2,9,grad_l2,0.04105591500719768
relu,3e1ae8c5-07f7-4960-b05b-6661c67c7e7b,blocks.layers.2.linear2,9,rel_update,0.0019830465648303956
relu,3e1ae8c5-07f7-4960-b05b-6661c67c7e7b,blocks.layers.2.linear1,9,grad_l2,0.04345412359128154
relu,3e1ae8c5-07f7-4960-b05b-6661c67c7e7b,blocks.layers.2.linear1,9,rel_update,0.0020953413859608563
relu,3e1ae8c5-07f7-4960-b05b-6661c67c7e7b,blocks.layers.2.norm2,9,grad_l2,0.003241904098902208
relu,3e1ae8c5-07f7-4960-b05b-6661c67c7e7b,blocks.layers.2.norm2,9,rel_update,0.00013107161830896465
relu,3e1ae8c5-07f7-4960-b05b-6661c67c7e7b,blocks.layers.2.self_attn,9,grad_l2,0.04799977977053732
relu,3e1ae8c5-07f7-4960-b05b-6661c67c7e7b,blocks.layers.2.self_attn,9,rel_update,0.0024153830711385106
relu,3e1ae8c5-07f7-4960-b05b-6661c67c7e7b,blocks.layers.2.norm1,9,grad_l2,0.00454521238105768
relu,3e1ae8c5-07f7-4960-b05b-6661c67c7e7b,blocks.layers.2.norm1,9,rel_update,0.00016341804245516555
relu,3e1ae8c5-07f7-4960-b05b-6661c67c7e7b,blocks.layers.1.linear2,9,grad_l2,0.047141098726976846
relu,3e1ae8c5-07f7-4960-b05b-6661c67c7e7b,blocks.layers.1.linear2,9,rel_update,0.002296743775429145
relu,3e1ae8c5-07f7-4960-b05b-6661c67c7e7b,blocks.layers.1.linear1,9,grad_l2,0.04972327935338509
relu,3e1ae8c5-07f7-4960-b05b-6661c67c7e7b,blocks.layers.1.linear1,9,rel_update,0.0024152628341542397
relu,3e1ae8c5-07f7-4960-b05b-6661c67c7e7b,blocks.layers.1.norm2,9,grad_l2,0.0038309439766332993
relu,3e1ae8c5-07f7-4960-b05b-6661c67c7e7b,blocks.layers.1.norm2,9,rel_update,0.0001552079017794893
relu,3e1ae8c5-07f7-4960-b05b-6661c67c7e7b,blocks.layers.1.self_attn,9,grad_l2,0.05526668439627519
relu,3e1ae8c5-07f7-4960-b05b-6661c67c7e7b,blocks.layers.1.self_attn,9,rel_update,0.002788704167504597
relu,3e1ae8c5-07f7-4960-b05b-6661c67c7e7b,blocks.layers.1.norm1,9,grad_l2,0.0054950363365469474
relu,3e1ae8c5-07f7-4960-b05b-6661c67c7e7b,blocks.layers.1.norm1,9,rel_update,0.00017961800129464258
relu,3e1ae8c5-07f7-4960-b05b-6661c67c7e7b,blocks.layers.0.linear2,9,grad_l2,0.09788744770741337
relu,3e1ae8c5-07f7-4960-b05b-6661c67c7e7b,blocks.layers.0.linear2,9,rel_update,0.004689097173157709
relu,3e1ae8c5-07f7-4960-b05b-6661c67c7e7b,blocks.layers.0.linear1,9,grad_l2,0.09133496116667027
relu,3e1ae8c5-07f7-4960-b05b-6661c67c7e7b,blocks.layers.0.linear1,9,rel_update,0.004330052409789519
relu,3e1ae8c5-07f7-4960-b05b-6661c67c7e7b,blocks.layers.0.norm2,9,grad_l2,0.009482941701554268
relu,3e1ae8c5-07f7-4960-b05b-6661c67c7e7b,blocks.layers.0.norm2,9,rel_update,0.00036443427567971697
relu,3e1ae8c5-07f7-4960-b05b-6661c67c7e7b,blocks.layers.0.self_attn,9,grad_l2,0.168716520802526
relu,3e1ae8c5-07f7-4960-b05b-6661c67c7e7b,blocks.layers.0.self_attn,9,rel_update,0.008164343452083356
relu,3e1ae8c5-07f7-4960-b05b-6661c67c7e7b,blocks.layers.0.norm1,9,grad_l2,0.027583717578164805
relu,3e1ae8c5-07f7-4960-b05b-6661c67c7e7b,blocks.layers.0.norm1,9,rel_update,0.0005317471980910917
relu,9179029f-4ac1-494d-b9e2-9f1e138a9273,lm_head,0,grad_l2,0.9563433337572207
relu,9179029f-4ac1-494d-b9e2-9f1e138a9273,lm_head,0,rel_update,0.034798970743191084
relu,9179029f-4ac1-494d-b9e2-9f1e138a9273,final_norm,0,grad_l2,0.0636991758409625
relu,9179029f-4ac1-494d-b9e2-9f1e138a9273,final_norm,0,rel_update,0.002909095142250421
relu,9179029f-4ac1-494d-b9e2-9f1e138a9273,blocks.layers.3.linear2,0,grad_l2,0.01926155259635657
relu,9179029f-4ac1-494d-b9e2-9f1e138a9273,blocks.layers.3.linear2,0,rel_update,0.000947486337823798
relu,9179029f-4ac1-494d-b9e2-9f1e138a9273,blocks.layers.3.linear1,0,grad_l2,0.01779184000428608
relu,9179029f-4ac1-494d-b9e2-9f1e138a9273,blocks.layers.3.linear1,0,rel_update,0.000875629163931016
relu,9179029f-4ac1-494d-b9e2-9f1e138a9273,blocks.layers.3.norm2,0,grad_l2,0.0012256272485109908
relu,9179029f-4ac1-494d-b9e2-9f1e138a9273,blocks.layers.3.norm2,0,rel_update,4.863921971561448e-05
relu,9179029f-4ac1-494d-b9e2-9f1e138a9273,blocks.layers.3.self_attn,0,grad_l2,0.020733428530402123
relu,9179029f-4ac1-494d-b9e2-9f1e138a9273,blocks.layers.3.self_attn,0,rel_update,0.0010528473781746639
relu,9179029f-4ac1-494d-b9e2-9f1e138a9273,blocks.layers.3.norm1,0,grad_l2,0.0016597287867171756
relu,9179029f-4ac1-494d-b9e2-9f1e138a9273,blocks.layers.3.norm1,0,rel_update,6.175669763138756e-05
relu,9179029f-4ac1-494d-b9e2-9f1e138a9273,blocks.layers.2.linear2,0,grad_l2,0.021888012872904757
relu,9179029f-4ac1-494d-b9e2-9f1e138a9273,blocks.layers.2.linear2,0,rel_update,0.001075943897597996
relu,9179029f-4ac1-494d-b9e2-9f1e138a9273,blocks.layers.2.linear1,0,grad_l2,0.018745604098384952
relu,9179029f-4ac1-494d-b9e2-9f1e138a9273,blocks.layers.2.linear1,0,rel_update,0.0009214546842389965
relu,9179029f-4ac1-494d-b9e2-9f1e138a9273,blocks.layers.2.norm2,0,grad_l2,0.0014411776966747369
relu,9179029f-4ac1-494d-b9e2-9f1e138a9273,blocks.layers.2.norm2,0,rel_update,5.678635063558218e-05
relu,9179029f-4ac1-494d-b9e2-9f1e138a9273,blocks.layers.2.self_attn,0,grad_l2,0.021664624598037897
relu,9179029f-4ac1-494d-b9e2-9f1e138a9273,blocks.layers.2.self_attn,0,rel_update,0.001099187854362735
relu,9179029f-4ac1-494d-b9e2-9f1e138a9273,blocks.layers.2.norm1,0,grad_l2,0.0018689733141156809
relu,9179029f-4ac1-494d-b9e2-9f1e138a9273,blocks.layers.2.norm1,0,rel_update,6.615315880010775e-05
relu,9179029f-4ac1-494d-b9e2-9f1e138a9273,blocks.layers.1.linear2,0,grad_l2,0.02616665719707699
relu,9179029f-4ac1-494d-b9e2-9f1e138a9273,blocks.layers.1.linear2,0,rel_update,0.0012856017964226188
relu,9179029f-4ac1-494d-b9e2-9f1e138a9273,blocks.layers.1.linear1,0,grad_l2,0.02151326357415987
relu,9179029f-4ac1-494d-b9e2-9f1e138a9273,blocks.layers.1.linear1,0,rel_update,0.0010568522954408988
relu,9179029f-4ac1-494d-b9e2-9f1e138a9273,blocks.layers.1.norm2,0,grad_l2,0.0018423588167547538
relu,9179029f-4ac1-494d-b9e2-9f1e138a9273,blocks.layers.1.norm2,0,rel_update,6.925440643164433e-05
relu,9179029f-4ac1-494d-b9e2-9f1e138a9273,blocks.layers.1.self_attn,0,grad_l2,0.027381134121563934
relu,9179029f-4ac1-494d-b9e2-9f1e138a9273,blocks.layers.1.self_attn,0,rel_update,0.0013862940639276448
relu,9179029f-4ac1-494d-b9e2-9f1e138a9273,blocks.layers.1.norm1,0,grad_l2,0.002571636064603029
relu,9179029f-4ac1-494d-b9e2-9f1e138a9273,blocks.layers.1.norm1,0,rel_update,8.359993204353715e-05
relu,9179029f-4ac1-494d-b9e2-9f1e138a9273,blocks.layers.0.linear2,0,grad_l2,0.04054890346793922
relu,9179029f-4ac1-494d-b9e2-9f1e138a9273,blocks.layers.0.linear2,0,rel_update,0.0019884595485347265
relu,9179029f-4ac1-494d-b9e2-9f1e138a9273,blocks.layers.0.linear1,0,grad_l2,0.025821201224616234
relu,9179029f-4ac1-494d-b9e2-9f1e138a9273,blocks.layers.0.linear1,0,rel_update,0.001260511975100119
relu,9179029f-4ac1-494d-b9e2-9f1e138a9273,blocks.layers.0.norm2,0,grad_l2,0.0031247504666911145
relu,9179029f-4ac1-494d-b9e2-9f1e138a9273,blocks.layers.0.norm2,0,rel_update,9.660517633632155e-05
relu,9179029f-4ac1-494d-b9e2-9f1e138a9273,blocks.layers.0.self_attn,0,grad_l2,0.04469982462101267
relu,9179029f-4ac1-494d-b9e2-9f1e138a9273,blocks.layers.0.self_attn,0,rel_update,0.0021898727942456365
relu,9179029f-4ac1-494d-b9e2-9f1e138a9273,blocks.layers.0.norm1,0,grad_l2,0.008466920868652188
relu,9179029f-4ac1-494d-b9e2-9f1e138a9273,blocks.layers.0.norm1,0,rel_update,0.0001357430392596134
relu,9179029f-4ac1-494d-b9e2-9f1e138a9273,lm_head,1,grad_l2,0.6029309240100222
relu,9179029f-4ac1-494d-b9e2-9f1e138a9273,lm_head,1,rel_update,0.018765945337248697
relu,9179029f-4ac1-494d-b9e2-9f1e138a9273,final_norm,1,grad_l2,0.04159246377135148
relu,9179029f-4ac1-494d-b9e2-9f1e138a9273,final_norm,1,rel_update,0.001921705189956138
relu,9179029f-4ac1-494d-b9e2-9f1e138a9273,blocks.layers.3.linear2,1,grad_l2,0.023867687238628806
relu,9179029f-4ac1-494d-b9e2-9f1e138a9273,blocks.layers.3.linear2,1,rel_update,0.0011677636521698071
relu,9179029f-4ac1-494d-b9e2-9f1e138a9273,blocks.layers.3.linear1,1,grad_l2,0.02355703272798775
relu,9179029f-4ac1-494d-b9e2-9f1e138a9273,blocks.layers.3.linear1,1,rel_update,0.0011523805386400392
relu,9179029f-4ac1-494d-b9e2-9f1e138a9273,blocks.layers.3.norm2,1,grad_l2,0.0019034108992082306
relu,9179029f-4ac1-494d-b9e2-9f1e138a9273,blocks.layers.3.norm2,1,rel_update,7.340656312542263e-05
relu,9179029f-4ac1-494d-b9e2-9f1e138a9273,blocks.layers.3.self_attn,1,grad_l2,0.022941849984233473
relu,9179029f-4ac1-494d-b9e2-9f1e138a9273,blocks.layers.3.self_attn,1,rel_update,0.0011623148292664543
relu,9179029f-4ac1-494d-b9e2-9f1e138a9273,blocks.layers.3.norm1,1,grad_l2,0.0021322928053379214
relu,9179029f-4ac1-494d-b9e2-9f1e138a9273,blocks.layers.3.norm1,1,rel_update,6.971872305216678e-05
relu,9179029f-4ac1-494d-b9e2-9f1e138a9273,blocks.layers.2.linear2,1,grad_l2,0.026126752066546043
relu,9179029f-4ac1-494d-b9e2-9f1e138a9273,blocks.layers.2.linear2,1,rel_update,0.001278647905617832
relu,9179029f-4ac1-494d-b9e2-9f1e138a9273,blocks.layers.2.linear1,1,grad_l2,0.023586817817006823
relu,9179029f-4ac1-494d-b9e2-9f1e138a9273,blocks.layers.2.linear1,1,rel_update,0.0011535704161651534
relu,9179029f-4ac1-494d-b9e2-9f1e138a9273,blocks.layers.2.norm2,1,grad_l2,0.0019574038368010446
relu,9179029f-4ac1-494d-b9e2-9f1e138a9273,blocks.layers.2.norm2,1,rel_update,7.433684574253463e-05
relu,9179029f-4ac1-494d-b9e2-9f1e138a9273,blocks.layers.2.self_attn,1,grad_l2,0.023680104504206104
relu,9179029f-4ac1-494d-b9e2-9f1e138a9273,blocks.layers.2.self_attn,1,rel_update,0.0011988009508495407
relu,9179029f-4ac1-494d-b9e2-9f1e138a9273,blocks.layers.2.norm1,1,grad_l2,0.0023334346884521994
relu,9179029f-4ac1-494d-b9e2-9f1e138a9273,blocks.layers.2.norm1,1,rel_update,7.248582882850908e-05
relu,9179029f-4ac1-494d-b9e2-9f1e138a9273,blocks.layers.1.linear2,1,grad_l2,0.03232923377547261
relu,9179029f-4ac1-494d-b9e2-9f1e138a9273,blocks.layers.1.linear2,1,rel_update,0.001583096711043911
relu,9179029f-4ac1-494d-b9e2-9f1e138a9273,blocks.layers.1.linear1,1,grad_l2,0.02726269716750212
relu,9179029f-4ac1-494d-b9e2-9f1e138a9273,blocks.layers.1.linear1,1,rel_update,0.0013330909116750483
relu,9179029f-4ac1-494d-b9e2-9f1e138a9273,blocks.layers.1.norm2,1,grad_l2,0.0024884095761076247
relu,9179029f-4ac1-494d-b9e2-9f1e138a9273,blocks.layers.1.norm2,1,rel_update,9.187857002716317e-05
relu,9179029f-4ac1-494d-b9e2-9f1e138a9273,blocks.layers.1.self_attn,1,grad_l2,0.030897027265884797
relu,9179029f-4ac1-494d-b9e2-9f1e138a9273,blocks.layers.1.self_attn,1,rel_update,0.0015614482903876577
relu,9179029f-4ac1-494d-b9e2-9f1e138a9273,blocks.layers.1.norm1,1,grad_l2,0.0031680703054159957
relu,9179029f-4ac1-494d-b9e2-9f1e138a9273,blocks.layers.1.norm1,1,rel_update,9.385269977889681e-05
relu,9179029f-4ac1-494d-b9e2-9f1e138a9273,blocks.layers.0.linear2,1,grad_l2,0.054812200146835036
relu,9179029f-4ac1-494d-b9e2-9f1e138a9273,blocks.layers.0.linear2,1,rel_update,0.002672405061019634
relu,9179029f-4ac1-494d-b9e2-9f1e138a9273,blocks.layers.0.linear1,1,grad_l2,0.040549495355386295
relu,9179029f-4ac1-494d-b9e2-9f1e138a9273,blocks.layers.0.linear1,1,rel_update,0.001963446184195397
relu,9179029f-4ac1-494d-b9e2-9f1e138a9273,blocks.layers.0.norm2,1,grad_l2,0.005180941492457713
relu,9179029f-4ac1-494d-b9e2-9f1e138a9273,blocks.layers.0.norm2,1,rel_update,0.00017038107400234716
relu,9179029f-4ac1-494d-b9e2-9f1e138a9273,blocks.layers.0.self_attn,1,grad_l2,0.07833626156555766
relu,9179029f-4ac1-494d-b9e2-9f1e138a9273,blocks.layers.0.self_attn,1,rel_update,0.003884344321699476
relu,9179029f-4ac1-494d-b9e2-9f1e138a9273,blocks.layers.0.norm1,1,grad_l2,0.014876366116174367
relu,9179029f-4ac1-494d-b9e2-9f1e138a9273,blocks.layers.0.norm1,1,rel_update,0.00023691199446563898
relu,9179029f-4ac1-494d-b9e2-9f1e138a9273,lm_head,2,grad_l2,0.48550162741015107
relu,9179029f-4ac1-494d-b9e2-9f1e138a9273,lm_head,2,rel_update,0.013122126299416816
relu,9179029f-4ac1-494d-b9e2-9f1e138a9273,final_norm,2,grad_l2,0.03430449526134859
relu,9179029f-4ac1-494d-b9e2-9f1e138a9273,final_norm,2,rel_update,0.0015837033619415402
relu,9179029f-4ac1-494d-b9e2-9f1e138a9273,blocks.layers.3.linear2,2,grad_l2,0.02897097745220151
relu,9179029f-4ac1-494d-b9e2-9f1e138a9273,blocks.layers.3.linear2,2,rel_update,0.0014130229026394305
relu,9179029f-4ac1-494d-b9e2-9f1e138a9273,blocks.layers.3.linear1,2,grad_l2,0.02912314405226529
relu,9179029f-4ac1-494d-b9e2-9f1e138a9273,blocks.layers.3.linear1,2,rel_update,0.0014186023681553315
relu,9179029f-4ac1-494d-b9e2-9f1e138a9273,blocks.layers.3.norm2,2,grad_l2,0.0026287833400448954
relu,9179029f-4ac1-494d-b9e2-9f1e138a9273,blocks.layers.3.norm2,2,rel_update,0.0001012025520286451
relu,9179029f-4ac1-494d-b9e2-9f1e138a9273,blocks.layers.3.self_attn,2,grad_l2,0.025893762061653433
relu,9179029f-4ac1-494d-b9e2-9f1e138a9273,blocks.layers.3.self_attn,2,rel_update,0.0013092117637071776
relu,9179029f-4ac1-494d-b9e2-9f1e138a9273,blocks.layers.3.norm1,2,grad_l2,0.0025257564579315
relu,9179029f-4ac1-494d-b9e2-9f1e138a9273,blocks.layers.3.norm1,2,rel_update,8.129883358853757e-05
relu,9179029f-4ac1-494d-b9e2-9f1e138a9273,blocks.layers.2.linear2,2,grad_l2,0.029685413765184288
relu,9179029f-4ac1-494d-b9e2-9f1e138a9273,blocks.layers.2.linear2,2,rel_update,0.0014486791238931395
relu,9179029f-4ac1-494d-b9e2-9f1e138a9273,blocks.layers.2.linear1,2,grad_l2,0.02730112853200388
relu,9179029f-4ac1-494d-b9e2-9f1e138a9273,blocks.layers.2.linear1,2,rel_update,0.0013305861173009768
relu,9179029f-4ac1-494d-b9e2-9f1e138a9273,blocks.layers.2.norm2,2,grad_l2,0.0022898176816517355
relu,9179029f-4ac1-494d-b9e2-9f1e138a9273,blocks.layers.2.norm2,2,rel_update,8.664599752377091e-05
relu,9179029f-4ac1-494d-b9e2-9f1e138a9273,blocks.layers.2.self_attn,2,grad_l2,0.026562227047302905
relu,9179029f-4ac1-494d-b9e2-9f1e138a9273,blocks.layers.2.self_attn,2,rel_update,0.0013424888234077326
relu,9179029f-4ac1-494d-b9e2-9f1e138a9273,blocks.layers.2.norm1,2,grad_l2,0.0027206306192749685
relu,9179029f-4ac1-494d-b9e2-9f1e138a9273,blocks.layers.2.norm1,2,rel_update,8.214751453124678e-05
relu,9179029f-4ac1-494d-b9e2-9f1e138a9273,blocks.layers.1.linear2,2,grad_l2,0.03629677510424304
relu,9179029f-4ac1-494d-b9e2-9f1e138a9273,blocks.layers.1.linear2,2,rel_update,0.0017740619695167609
relu,9179029f-4ac1-494d-b9e2-9f1e138a9273,blocks.layers.1.linear1,2,grad_l2,0.031565156222618226
relu,9179029f-4ac1-494d-b9e2-9f1e138a9273,blocks.layers.1.linear1,2,rel_update,0.001539381284223004
relu,9179029f-4ac1-494d-b9e2-9f1e138a9273,blocks.layers.1.norm2,2,grad_l2,0.0028589952490472707
relu,9179029f-4ac1-494d-b9e2-9f1e138a9273,blocks.layers.1.norm2,2,rel_update,0.00010637732646238893
relu,9179029f-4ac1-494d-b9e2-9f1e138a9273,blocks.layers.1.self_attn,2,grad_l2,0.03416816612812792
relu,9179029f-4ac1-494d-b9e2-9f1e138a9273,blocks.layers.1.self_attn,2,rel_update,0.0017257640760574998
relu,9179029f-4ac1-494d-b9e2-9f1e138a9273,blocks.layers.1.norm1,2,grad_l2,0.003600341840818982
relu,9179029f-4ac1-494d-b9e2-9f1e138a9273,blocks.layers.1.norm1,2,rel_update,0.00010428813567643108
relu,9179029f-4ac1-494d-b9e2-9f1e138a9273,blocks.layers.0.linear2,2,grad_l2,0.06467575091686065
relu,9179029f-4ac1-494d-b9e2-9f1e138a9273,blocks.layers.0.linear2,2,rel_update,0.0031380847423514457
relu,9179029f-4ac1-494d-b9e2-9f1e138a9273,blocks.layers.0.linear1,2,grad_l2,0.050475832164352065
relu,9179029f-4ac1-494d-b9e2-9f1e138a9273,blocks.layers.0.linear1,2,rel_update,0.002428615487904404
relu,9179029f-4ac1-494d-b9e2-9f1e138a9273,blocks.layers.0.norm2,2,grad_l2,0.006366564034497776
relu,9179029f-4ac1-494d-b9e2-9f1e138a9273,blocks.layers.0.norm2,2,rel_update,0.0002153321032957553
relu,9179029f-4ac1-494d-b9e2-9f1e138a9273,blocks.layers.0.self_attn,2,grad_l2,0.097226573771527
relu,9179029f-4ac1-494d-b9e2-9f1e138a9273,blocks.layers.0.self_attn,2,rel_update,0.0048260745178225995
relu,9179029f-4ac1-494d-b9e2-9f1e138a9273,blocks.layers.0.norm1,2,grad_l2,0.019018798134458944
relu,9179029f-4ac1-494d-b9e2-9f1e138a9273,blocks.layers.0.norm1,2,rel_update,0.0002957071848794996
relu,9179029f-4ac1-494d-b9e2-9f1e138a9273,lm_head,3,grad_l2,0.4282060860129226
relu,9179029f-4ac1-494d-b9e2-9f1e138a9273,lm_head,3,rel_update,0.010231295672803455
relu,9179029f-4ac1-494d-b9e2-9f1e138a9273,final_norm,3,grad_l2,0.031008407866047853
relu,9179029f-4ac1-494d-b9e2-9f1e138a9273,final_norm,3,rel_update,0.0014190264030962323
relu,9179029f-4ac1-494d-b9e2-9f1e138a9273,blocks.layers.3.linear2,3,grad_l2,0.03368766752937174
relu,9179029f-4ac1-494d-b9e2-9f1e138a9273,blocks.layers.3.linear2,3,rel_update,0.001639715612595083
relu,9179029f-4ac1-494d-b9e2-9f1e138a9273,blocks.layers.3.linear1,3,grad_l2,0.03402270727292448
relu,9179029f-4ac1-494d-b9e2-9f1e138a9273,blocks.layers.3.linear1,3,rel_update,0.001652542687936673
relu,9179029f-4ac1-494d-b9e2-9f1e138a9273,blocks.layers.3.norm2,3,grad_l2,0.0033185808051182683
relu,9179029f-4ac1-494d-b9e2-9f1e138a9273,blocks.layers.3.norm2,3,rel_update,0.00012700685197041683
relu,9179029f-4ac1-494d-b9e2-9f1e138a9273,blocks.layers.3.self_attn,3,grad_l2,0.029329346544980255
relu,9179029f-4ac1-494d-b9e2-9f1e138a9273,blocks.layers.3.self_attn,3,rel_update,0.001479453042108878
relu,9179029f-4ac1-494d-b9e2-9f1e138a9273,blocks.layers.3.norm1,3,grad_l2,0.002943235374376513
relu,9179029f-4ac1-494d-b9e2-9f1e138a9273,blocks.layers.3.norm1,3,rel_update,9.479774937631855e-05
relu,9179029f-4ac1-494d-b9e2-9f1e138a9273,blocks.layers.2.linear2,3,grad_l2,0.03277117368252833
relu,9179029f-4ac1-494d-b9e2-9f1e138a9273,blocks.layers.2.linear2,3,rel_update,0.0015954689867837117
relu,9179029f-4ac1-494d-b9e2-9f1e138a9273,blocks.layers.2.linear1,3,grad_l2,0.030557334958602578
relu,9179029f-4ac1-494d-b9e2-9f1e138a9273,blocks.layers.2.linear1,3,rel_update,0.001485225793974405
relu,9179029f-4ac1-494d-b9e2-9f1e138a9273,blocks.layers.2.norm2,3,grad_l2,0.002554008574942336
relu,9179029f-4ac1-494d-b9e2-9f1e138a9273,blocks.layers.2.norm2,3,rel_update,9.671733933528031e-05
relu,9179029f-4ac1-494d-b9e2-9f1e138a9273,blocks.layers.2.self_attn,3,grad_l2,0.030187569818493486
relu,9179029f-4ac1-494d-b9e2-9f1e138a9273,blocks.layers.2.self_attn,3,rel_update,0.0015231232253542107
relu,9179029f-4ac1-494d-b9e2-9f1e138a9273,blocks.layers.2.norm1,3,grad_l2,0.003121645765965948
relu,9179029f-4ac1-494d-b9e2-9f1e138a9273,blocks.layers.2.norm1,3,rel_update,9.481974051017727e-05
relu,9179029f-4ac1-494d-b9e2-9f1e138a9273,blocks.layers.1.linear2,3,grad_l2,0.03940932096350888
relu,9179029f-4ac1-494d-b9e2-9f1e138a9273,blocks.layers.1.linear2,3,rel_update,0.0019234531139827428
relu,9179029f-4ac1-494d-b9e2-9f1e138a9273,blocks.layers.1.linear1,3,grad_l2,0.03520709563147627
relu,9179029f-4ac1-494d-b9e2-9f1e138a9273,blocks.layers.1.linear1,3,rel_update,0.0017140505328935925
relu,9179029f-4ac1-494d-b9e2-9f1e138a9273,blocks.layers.1.norm2,3,grad_l2,0.003136809131687279
relu,9179029f-4ac1-494d-b9e2-9f1e138a9273,blocks.layers.1.norm2,3,rel_update,0.00011720406167475363
relu,9179029f-4ac1-494d-b9e2-9f1e138a9273,blocks.layers.1.self_attn,3,grad_l2,0.03780614974279428
relu,9179029f-4ac1-494d-b9e2-9f1e138a9273,blocks.layers.1.self_attn,3,rel_update,0.001908363346795897
relu,9179029f-4ac1-494d-b9e2-9f1e138a9273,blocks.layers.1.norm1,3,grad_l2,0.00403229260582383
relu,9179029f-4ac1-494d-b9e2-9f1e138a9273,blocks.layers.1.norm1,3,rel_update,0.00011694729621774802
relu,9179029f-4ac1-494d-b9e2-9f1e138a9273,blocks.layers.0.linear2,3,grad_l2,0.07323149317183178
relu,9179029f-4ac1-494d-b9e2-9f1e138a9273,blocks.layers.0.linear2,3,rel_update,0.003538436297227253
relu,9179029f-4ac1-494d-b9e2-9f1e138a9273,blocks.layers.0.linear1,3,grad_l2,0.05884114871061933
relu,9179029f-4ac1-494d-b9e2-9f1e138a9273,blocks.layers.0.linear1,3,rel_update,0.002816232704999346
relu,9179029f-4ac1-494d-b9e2-9f1e138a9273,blocks.layers.0.norm2,3,grad_l2,0.007308404866512996
relu,9179029f-4ac1-494d-b9e2-9f1e138a9273,blocks.layers.0.norm2,3,rel_update,0.00025016554565577295
relu,9179029f-4ac1-494d-b9e2-9f1e138a9273,blocks.layers.0.self_attn,3,grad_l2,0.11286483967352941
relu,9179029f-4ac1-494d-b9e2-9f1e138a9273,blocks.layers.0.self_attn,3,rel_update,0.005584011660908528
relu,9179029f-4ac1-494d-b9e2-9f1e138a9273,blocks.layers.0.norm1,3,grad_l2,0.022184192961462894
relu,9179029f-4ac1-494d-b9e2-9f1e138a9273,blocks.layers.0.norm1,3,rel_update,0.00034436639423061384
relu,9179029f-4ac1-494d-b9e2-9f1e138a9273,lm_head,4,grad_l2,0.394201742033093
relu,9179029f-4ac1-494d-b9e2-9f1e138a9273,lm_head,4,rel_update,0.008468215375728214
relu,9179029f-4ac1-494d-b9e2-9f1e138a9273,final_norm,4,grad_l2,0.02926085032780308
relu,9179029f-4ac1-494d-b9e2-9f1e138a9273,final_norm,4,rel_update,0.0013217341661510937
relu,9179029f-4ac1-494d-b9e2-9f1e138a9273,blocks.layers.3.linear2,4,grad_l2,0.037753720900357245
relu,9179029f-4ac1-494d-b9e2-9f1e138a9273,blocks.layers.3.linear2,4,rel_update,0.0018349366062336604
relu,9179029f-4ac1-494d-b9e2-9f1e138a9273,blocks.layers.3.linear1,4,grad_l2,0.03821360686246599
relu,9179029f-4ac1-494d-b9e2-9f1e138a9273,blocks.layers.3.linear1,4,rel_update,0.0018524201904387212
relu,9179029f-4ac1-494d-b9e2-9f1e138a9273,blocks.layers.3.norm2,4,grad_l2,0.003946556810822509
relu,9179029f-4ac1-494d-b9e2-9f1e138a9273,blocks.layers.3.norm2,4,rel_update,0.00014911024255148417
relu,9179029f-4ac1-494d-b9e2-9f1e138a9273,blocks.layers.3.self_attn,4,grad_l2,0.033049824646230776
relu,9179029f-4ac1-494d-b9e2-9f1e138a9273,blocks.layers.3.self_attn,4,rel_update,0.0016630932133419962
relu,9179029f-4ac1-494d-b9e2-9f1e138a9273,blocks.layers.3.norm1,4,grad_l2,0.0033715169419135374
relu,9179029f-4ac1-494d-b9e2-9f1e138a9273,blocks.layers.3.norm1,4,rel_update,0.00011077570154442639
relu,9179029f-4ac1-494d-b9e2-9f1e138a9273,blocks.layers.2.linear2,4,grad_l2,0.035336049587947005
relu,9179029f-4ac1-494d-b9e2-9f1e138a9273,blocks.layers.2.linear2,4,rel_update,0.0017168853475157053
relu,9179029f-4ac1-494d-b9e2-9f1e138a9273,blocks.layers.2.linear1,4,grad_l2,0.033462293291859506
relu,9179029f-4ac1-494d-b9e2-9f1e138a9273,blocks.layers.2.linear1,4,rel_update,0.0016228385813036876
relu,9179029f-4ac1-494d-b9e2-9f1e138a9273,blocks.layers.2.norm2,4,grad_l2,0.00276076041978333
relu,9179029f-4ac1-494d-b9e2-9f1e138a9273,blocks.layers.2.norm2,4,rel_update,0.00010498805772454931
relu,9179029f-4ac1-494d-b9e2-9f1e138a9273,blocks.layers.2.self_attn,4,grad_l2,0.03404918682429289
relu,9179029f-4ac1-494d-b9e2-9f1e138a9273,blocks.layers.2.self_attn,4,rel_update,0.001715209159946718
relu,9179029f-4ac1-494d-b9e2-9f1e138a9273,blocks.layers.2.norm1,4,grad_l2,0.003509377777968922
relu,9179029f-4ac1-494d-b9e2-9f1e138a9273,blocks.layers.2.norm1,4,rel_update,0.00010906501729558483
relu,9179029f-4ac1-494d-b9e2-9f1e138a9273,blocks.layers.1.linear2,4,grad_l2,0.041909998284552434
relu,9179029f-4ac1-494d-b9e2-9f1e138a9273,blocks.layers.1.linear2,4,rel_update,0.002043362743686476
relu,9179029f-4ac1-494d-b9e2-9f1e138a9273,blocks.layers.1.linear1,4,grad_l2,0.03842512559017482
relu,9179029f-4ac1-494d-b9e2-9f1e138a9273,blocks.layers.1.linear1,4,rel_update,0.0018686184475328828
relu,9179029f-4ac1-494d-b9e2-9f1e138a9273,blocks.layers.1.norm2,4,grad_l2,0.0033502131829849053
relu,9179029f-4ac1-494d-b9e2-9f1e138a9273,blocks.layers.1.norm2,4,rel_update,0.00012632531254411778
relu,9179029f-4ac1-494d-b9e2-9f1e138a9273,blocks.layers.1.self_attn,4,grad_l2,0.041206617948099857
relu,9179029f-4ac1-494d-b9e2-9f1e138a9273,blocks.layers.1.self_attn,4,rel_update,0.0020789203269673375
relu,9179029f-4ac1-494d-b9e2-9f1e138a9273,blocks.layers.1.norm1,4,grad_l2,0.004422628138774294
relu,9179029f-4ac1-494d-b9e2-9f1e138a9273,blocks.layers.1.norm1,4,rel_update,0.0001291712536024051
relu,9179029f-4ac1-494d-b9e2-9f1e138a9273,blocks.layers.0.linear2,4,grad_l2,0.08056384972679602
relu,9179029f-4ac1-494d-b9e2-9f1e138a9273,blocks.layers.0.linear2,4,rel_update,0.0038800867083278873
relu,9179029f-4ac1-494d-b9e2-9f1e138a9273,blocks.layers.0.linear1,4,grad_l2,0.06627550908287987
relu,9179029f-4ac1-494d-b9e2-9f1e138a9273,blocks.layers.0.linear1,4,rel_update,0.0031593612507717643
relu,9179029f-4ac1-494d-b9e2-9f1e138a9273,blocks.layers.0.norm2,4,grad_l2,0.008049652402413317
relu,9179029f-4ac1-494d-b9e2-9f1e138a9273,blocks.layers.0.norm2,4,rel_update,0.00027927125496374184
relu,9179029f-4ac1-494d-b9e2-9f1e138a9273,blocks.layers.0.self_attn,4,grad_l2,0.12643049286527794
relu,9179029f-4ac1-494d-b9e2-9f1e138a9273,blocks.layers.0.self_attn,4,rel_update,0.006224496557532518
relu,9179029f-4ac1-494d-b9e2-9f1e138a9273,blocks.layers.0.norm1,4,grad_l2,0.02456161096194471
relu,9179029f-4ac1-494d-b9e2-9f1e138a9273,blocks.layers.0.norm1,4,rel_update,0.00038760609602538375
relu,9179029f-4ac1-494d-b9e2-9f1e138a9273,lm_head,5,grad_l2,0.37177918493429535
relu,9179029f-4ac1-494d-b9e2-9f1e138a9273,lm_head,5,rel_update,0.007279997792539801
relu,9179029f-4ac1-494d-b9e2-9f1e138a9273,final_norm,5,grad_l2,0.02811738325164598
relu,9179029f-4ac1-494d-b9e2-9f1e138a9273,final_norm,5,rel_update,0.0012571715134490824
relu,9179029f-4ac1-494d-b9e2-9f1e138a9273,blocks.layers.3.linear2,5,grad_l2,0.04080934210802568
relu,9179029f-4ac1-494d-b9e2-9f1e138a9273,blocks.layers.3.linear2,5,rel_update,0.001981605185606219
relu,9179029f-4ac1-494d-b9e2-9f1e138a9273,blocks.layers.3.linear1,5,grad_l2,0.04161926634857346
relu,9179029f-4ac1-494d-b9e2-9f1e138a9273,blocks.layers.3.linear1,5,rel_update,0.002014795436362784
relu,9179029f-4ac1-494d-b9e2-9f1e138a9273,blocks.layers.3.norm2,5,grad_l2,0.004376448333054903
relu,9179029f-4ac1-494d-b9e2-9f1e138a9273,blocks.layers.3.norm2,5,rel_update,0.00016629673990390783
relu,9179029f-4ac1-494d-b9e2-9f1e138a9273,blocks.layers.3.self_attn,5,grad_l2,0.03651018768395106
relu,9179029f-4ac1-494d-b9e2-9f1e138a9273,blocks.layers.3.self_attn,5,rel_update,0.0018328437460233937
relu,9179029f-4ac1-494d-b9e2-9f1e138a9273,blocks.layers.3.norm1,5,grad_l2,0.0037480828114427106
relu,9179029f-4ac1-494d-b9e2-9f1e138a9273,blocks.layers.3.norm1,5,rel_update,0.00012610376202546285
relu,9179029f-4ac1-494d-b9e2-9f1e138a9273,blocks.layers.2.linear2,5,grad_l2,0.03739943853985822
relu,9179029f-4ac1-494d-b9e2-9f1e138a9273,blocks.layers.2.linear2,5,rel_update,0.0018142627392982707
relu,9179029f-4ac1-494d-b9e2-9f1e138a9273,blocks.layers.2.linear1,5,grad_l2,0.03610087729694781
relu,9179029f-4ac1-494d-b9e2-9f1e138a9273,blocks.layers.2.linear1,5,rel_update,0.0017477798686559795
relu,9179029f-4ac1-494d-b9e2-9f1e138a9273,blocks.layers.2.norm2,5,grad_l2,0.0029218820089972376
relu,9179029f-4ac1-494d-b9e2-9f1e138a9273,blocks.layers.2.norm2,5,rel_update,0.00011209076732512918
relu,9179029f-4ac1-494d-b9e2-9f1e138a9273,blocks.layers.2.self_attn,5,grad_l2,0.037629265358095826
relu,9179029f-4ac1-494d-b9e2-9f1e138a9273,blocks.layers.2.self_attn,5,rel_update,0.0018929641471216855
relu,9179029f-4ac1-494d-b9e2-9f1e138a9273,blocks.layers.2.norm1,5,grad_l2,0.0038251722900731933
relu,9179029f-4ac1-494d-b9e2-9f1e138a9273,blocks.layers.2.norm1,5,rel_update,0.00012202558079464748
relu,9179029f-4ac1-494d-b9e2-9f1e138a9273,blocks.layers.1.linear2,5,grad_l2,0.04381518521511444
relu,9179029f-4ac1-494d-b9e2-9f1e138a9273,blocks.layers.1.linear2,5,rel_update,0.0021347372827421733
relu,9179029f-4ac1-494d-b9e2-9f1e138a9273,blocks.layers.1.linear1,5,grad_l2,0.04131122014268558
relu,9179029f-4ac1-494d-b9e2-9f1e138a9273,blocks.layers.1.linear1,5,rel_update,0.0020075898955280768
relu,9179029f-4ac1-494d-b9e2-9f1e138a9273,blocks.layers.1.norm2,5,grad_l2,0.0035095876063189102
relu,9179029f-4ac1-494d-b9e2-9f1e138a9273,blocks.layers.1.norm2,5,rel_update,0.00013411184889836644
relu,9179029f-4ac1-494d-b9e2-9f1e138a9273,blocks.layers.1.self_attn,5,grad_l2,0.044310632103538465
relu,9179029f-4ac1-494d-b9e2-9f1e138a9273,blocks.layers.1.self_attn,5,rel_update,0.002235007853297007
relu,9179029f-4ac1-494d-b9e2-9f1e138a9273,blocks.layers.1.norm1,5,grad_l2,0.004735385499556526
relu,9179029f-4ac1-494d-b9e2-9f1e138a9273,blocks.layers.1.norm1,5,rel_update,0.00014054380316464888
relu,9179029f-4ac1-494d-b9e2-9f1e138a9273,blocks.layers.0.linear2,5,grad_l2,0.0863693128185981
relu,9179029f-4ac1-494d-b9e2-9f1e138a9273,blocks.layers.0.linear2,5,rel_update,0.004150290173333749
relu,9179029f-4ac1-494d-b9e2-9f1e138a9273,blocks.layers.0.linear1,5,grad_l2,0.07290136251782796
relu,9179029f-4ac1-494d-b9e2-9f1e138a9273,blocks.layers.0.linear1,5,rel_update,0.0034657367092647
relu,9179029f-4ac1-494d-b9e2-9f1e138a9273,blocks.layers.0.norm2,5,grad_l2,0.008584166774571612
relu,9179029f-4ac1-494d-b9e2-9f1e138a9273,blocks.layers.0.norm2,5,rel_update,0.00030369979687369485
relu,9179029f-4ac1-494d-b9e2-9f1e138a9273,blocks.layers.0.self_attn,5,grad_l2,0.13796650559196957
relu,9179029f-4ac1-494d-b9e2-9f1e138a9273,blocks.layers.0.self_attn,5,rel_update,0.006759731452321675
relu,9179029f-4ac1-494d-b9e2-9f1e138a9273,blocks.layers.0.norm1,5,grad_l2,0.025983969592147934
relu,9179029f-4ac1-494d-b9e2-9f1e138a9273,blocks.layers.0.norm1,5,rel_update,0.0004238914154312387
relu,9179029f-4ac1-494d-b9e2-9f1e138a9273,lm_head,6,grad_l2,0.3556964018348515
relu,9179029f-4ac1-494d-b9e2-9f1e138a9273,lm_head,6,rel_update,0.006424258907179323
relu,9179029f-4ac1-494d-b9e2-9f1e138a9273,final_norm,6,grad_l2,0.027314865961098746
relu,9179029f-4ac1-494d-b9e2-9f1e138a9273,final_norm,6,rel_update,0.0012126260483660155
relu,9179029f-4ac1-494d-b9e2-9f1e138a9273,blocks.layers.3.linear2,6,grad_l2,0.04301376361833021
relu,9179029f-4ac1-494d-b9e2-9f1e138a9273,blocks.layers.3.linear2,6,rel_update,0.0020874561414470686
relu,9179029f-4ac1-494d-b9e2-9f1e138a9273,blocks.layers.3.linear1,6,grad_l2,0.04436675853908713
relu,9179029f-4ac1-494d-b9e2-9f1e138a9273,blocks.layers.3.linear1,6,rel_update,0.0021458528427750548
relu,9179029f-4ac1-494d-b9e2-9f1e138a9273,blocks.layers.3.norm2,6,grad_l2,0.004663600485507011
relu,9179029f-4ac1-494d-b9e2-9f1e138a9273,blocks.layers.3.norm2,6,rel_update,0.00017953632566672042
relu,9179029f-4ac1-494d-b9e2-9f1e138a9273,blocks.layers.3.self_attn,6,grad_l2,0.03929413757667806
relu,9179029f-4ac1-494d-b9e2-9f1e138a9273,blocks.layers.3.self_attn,6,rel_update,0.001968560807800552
relu,9179029f-4ac1-494d-b9e2-9f1e138a9273,blocks.layers.3.norm1,6,grad_l2,0.004018978445875056
relu,9179029f-4ac1-494d-b9e2-9f1e138a9273,blocks.layers.3.norm1,6,rel_update,0.0001389750145213645
relu,9179029f-4ac1-494d-b9e2-9f1e138a9273,blocks.layers.2.linear2,6,grad_l2,0.03892861435536077
relu,9179029f-4ac1-494d-b9e2-9f1e138a9273,blocks.layers.2.linear2,6,rel_update,0.0018863256645140437
relu,9179029f-4ac1-494d-b9e2-9f1e138a9273,blocks.layers.2.linear1,6,grad_l2,0.03839000424305982
relu,9179029f-4ac1-494d-b9e2-9f1e138a9273,blocks.layers.2.linear1,6,rel_update,0.0018562501823724358
relu,9179029f-4ac1-494d-b9e2-9f1e138a9273,blocks.layers.2.norm2,6,grad_l2,0.0030316833196729854
relu,9179029f-4ac1-494d-b9e2-9f1e138a9273,blocks.layers.2.norm2,6,rel_update,0.00011803900104483
relu,9179029f-4ac1-494d-b9e2-9f1e138a9273,blocks.layers.2.self_attn,6,grad_l2,0.04058242307928948
relu,9179029f-4ac1-494d-b9e2-9f1e138a9273,blocks.layers.2.self_attn,6,rel_update,0.0020395118741983304
relu,9179029f-4ac1-494d-b9e2-9f1e138a9273,blocks.layers.2.norm1,6,grad_l2,0.0040474704286461525
relu,9179029f-4ac1-494d-b9e2-9f1e138a9273,blocks.layers.2.norm1,6,rel_update,0.0001326712658223214
relu,9179029f-4ac1-494d-b9e2-9f1e138a9273,blocks.layers.1.linear2,6,grad_l2,0.04518355553214508
relu,9179029f-4ac1-494d-b9e2-9f1e138a9273,blocks.layers.1.linear2,6,rel_update,0.0022006208769583704
relu,9179029f-4ac1-494d-b9e2-9f1e138a9273,blocks.layers.1.linear1,6,grad_l2,0.04378349168029413
relu,9179029f-4ac1-494d-b9e2-9f1e138a9273,blocks.layers.1.linear1,6,rel_update,0.002127002822620483
relu,9179029f-4ac1-494d-b9e2-9f1e138a9273,blocks.layers.1.norm2,6,grad_l2,0.0036207484146759733
relu,9179029f-4ac1-494d-b9e2-9f1e138a9273,blocks.layers.1.norm2,6,rel_update,0.00014045793025399016
relu,9179029f-4ac1-494d-b9e2-9f1e138a9273,blocks.layers.1.self_attn,6,grad_l2,0.046842007682211896
relu,9179029f-4ac1-494d-b9e2-9f1e138a9273,blocks.layers.1.self_attn,6,rel_update,0.002362739503047294
relu,9179029f-4ac1-494d-b9e2-9f1e138a9273,blocks.layers.1.norm1,6,grad_l2,0.004958272492420522
relu,9179029f-4ac1-494d-b9e2-9f1e138a9273,blocks.layers.1.norm1,6,rel_update,0.00014973222636772678
relu,9179029f-4ac1-494d-b9e2-9f1e138a9273,blocks.layers.0.linear2,6,grad_l2,0.09066636921003696
relu,9179029f-4ac1-494d-b9e2-9f1e138a9273,blocks.layers.0.linear2,6,rel_update,0.004350335687744462
relu,9179029f-4ac1-494d-b9e2-9f1e138a9273,blocks.layers.0.linear1,6,grad_l2,0.07857277033550188
relu,9179029f-4ac1-494d-b9e2-9f1e138a9273,blocks.layers.0.linear1,6,rel_update,0.0037288239844224325
relu,9179029f-4ac1-494d-b9e2-9f1e138a9273,blocks.layers.0.norm2,6,grad_l2,0.008952260594581818
relu,9179029f-4ac1-494d-b9e2-9f1e138a9273,blocks.layers.0.norm2,6,rel_update,0.00032369929889869593
relu,9179029f-4ac1-494d-b9e2-9f1e138a9273,blocks.layers.0.self_attn,6,grad_l2,0.14774808447620844
relu,9179029f-4ac1-494d-b9e2-9f1e138a9273,blocks.layers.0.self_attn,6,rel_update,0.007208458060609377
relu,9179029f-4ac1-494d-b9e2-9f1e138a9273,blocks.layers.0.norm1,6,grad_l2,0.026754933792352532
relu,9179029f-4ac1-494d-b9e2-9f1e138a9273,blocks.layers.0.norm1,6,rel_update,0.00045578966256237954
relu,9179029f-4ac1-494d-b9e2-9f1e138a9273,lm_head,7,grad_l2,0.3436863265958121
relu,9179029f-4ac1-494d-b9e2-9f1e138a9273,lm_head,7,rel_update,0.005779519269014903
relu,9179029f-4ac1-494d-b9e2-9f1e138a9273,final_norm,7,grad_l2,0.02673667590330163
relu,9179029f-4ac1-494d-b9e2-9f1e138a9273,final_norm,7,rel_update,0.0011812743113977068
relu,9179029f-4ac1-494d-b9e2-9f1e138a9273,blocks.layers.3.linear2,7,grad_l2,0.044565294745023916
relu,9179029f-4ac1-494d-b9e2-9f1e138a9273,blocks.layers.3.linear2,7,rel_update,0.0021620415590035543
relu,9179029f-4ac1-494d-b9e2-9f1e138a9273,blocks.layers.3.linear1,7,grad_l2,0.04657837746996624
relu,9179029f-4ac1-494d-b9e2-9f1e138a9273,blocks.layers.3.linear1,7,rel_update,0.0022514299513570744
relu,9179029f-4ac1-494d-b9e2-9f1e138a9273,blocks.layers.3.norm2,7,grad_l2,0.004846663959558356
relu,9179029f-4ac1-494d-b9e2-9f1e138a9273,blocks.layers.3.norm2,7,rel_update,0.00018950248883798748
relu,9179029f-4ac1-494d-b9e2-9f1e138a9273,blocks.layers.3.self_attn,7,grad_l2,0.041572779397337424
relu,9179029f-4ac1-494d-b9e2-9f1e138a9273,blocks.layers.3.self_attn,7,rel_update,0.0020792559109608813
relu,9179029f-4ac1-494d-b9e2-9f1e138a9273,blocks.layers.3.norm1,7,grad_l2,0.004224220523193879
relu,9179029f-4ac1-494d-b9e2-9f1e138a9273,blocks.layers.3.norm1,7,rel_update,0.0001495246702946644
relu,9179029f-4ac1-494d-b9e2-9f1e138a9273,blocks.layers.2.linear2,7,grad_l2,0.040121196127581124
relu,9179029f-4ac1-494d-b9e2-9f1e138a9273,blocks.layers.2.linear2,7,rel_update,0.0019426017360761071
relu,9179029f-4ac1-494d-b9e2-9f1e138a9273,blocks.layers.2.linear1,7,grad_l2,0.040361152935028226
relu,9179029f-4ac1-494d-b9e2-9f1e138a9273,blocks.layers.2.linear1,7,rel_update,0.0019497692779475498
relu,9179029f-4ac1-494d-b9e2-9f1e138a9273,blocks.layers.2.norm2,7,grad_l2,0.0031151196565165117
relu,9179029f-4ac1-494d-b9e2-9f1e138a9273,blocks.layers.2.norm2,7,rel_update,0.00012301253247817153
relu,9179029f-4ac1-494d-b9e2-9f1e138a9273,blocks.layers.2.self_attn,7,grad_l2,0.04309739317346949
relu,9179029f-4ac1-494d-b9e2-9f1e138a9273,blocks.layers.2.self_attn,7,rel_update,0.0021643418140409685
relu,9179029f-4ac1-494d-b9e2-9f1e138a9273,blocks.layers.2.norm1,7,grad_l2,0.004217620757345784
relu,9179029f-4ac1-494d-b9e2-9f1e138a9273,blocks.layers.2.norm1,7,rel_update,0.00014201885289399793
relu,9179029f-4ac1-494d-b9e2-9f1e138a9273,blocks.layers.1.linear2,7,grad_l2,0.046271113188669534
relu,9179029f-4ac1-494d-b9e2-9f1e138a9273,blocks.layers.1.linear2,7,rel_update,0.002253289792256686
relu,9179029f-4ac1-494d-b9e2-9f1e138a9273,blocks.layers.1.linear1,7,grad_l2,0.045927752351051045
relu,9179029f-4ac1-494d-b9e2-9f1e138a9273,blocks.layers.1.linear1,7,rel_update,0.002230842232969691
relu,9179029f-4ac1-494d-b9e2-9f1e138a9273,blocks.layers.1.norm2,7,grad_l2,0.003707191631630132
relu,9179029f-4ac1-494d-b9e2-9f1e138a9273,blocks.layers.1.norm2,7,rel_update,0.00014602131654956394
relu,9179029f-4ac1-494d-b9e2-9f1e138a9273,blocks.layers.1.self_attn,7,grad_l2,0.04892413763841553
relu,9179029f-4ac1-494d-b9e2-9f1e138a9273,blocks.layers.1.self_attn,7,rel_update,0.002468154044754489
relu,9179029f-4ac1-494d-b9e2-9f1e138a9273,blocks.layers.1.norm1,7,grad_l2,0.005116081012290743
relu,9179029f-4ac1-494d-b9e2-9f1e138a9273,blocks.layers.1.norm1,7,rel_update,0.00015695254616506911
relu,9179029f-4ac1-494d-b9e2-9f1e138a9273,blocks.layers.0.linear2,7,grad_l2,0.09390492690638415
relu,9179029f-4ac1-494d-b9e2-9f1e138a9273,blocks.layers.0.linear2,7,rel_update,0.004501370831958908
relu,9179029f-4ac1-494d-b9e2-9f1e138a9273,blocks.layers.0.linear1,7,grad_l2,0.08335740450751532
relu,9179029f-4ac1-494d-b9e2-9f1e138a9273,blocks.layers.0.linear1,7,rel_update,0.003951517308728387
relu,9179029f-4ac1-494d-b9e2-9f1e138a9273,blocks.layers.0.norm2,7,grad_l2,0.009214261409660144
relu,9179029f-4ac1-494d-b9e2-9f1e138a9273,blocks.layers.0.norm2,7,rel_update,0.00033983523035960967
relu,9179029f-4ac1-494d-b9e2-9f1e138a9273,blocks.layers.0.self_attn,7,grad_l2,0.1559787956896316
relu,9179029f-4ac1-494d-b9e2-9f1e138a9273,blocks.layers.0.self_attn,7,rel_update,0.007582769233694503
relu,9179029f-4ac1-494d-b9e2-9f1e138a9273,blocks.layers.0.norm1,7,grad_l2,0.027189191642415816
relu,9179029f-4ac1-494d-b9e2-9f1e138a9273,blocks.layers.0.norm1,7,rel_update,0.0004828935588334742
relu,9179029f-4ac1-494d-b9e2-9f1e138a9273,lm_head,8,grad_l2,0.33413318645086815
relu,9179029f-4ac1-494d-b9e2-9f1e138a9273,lm_head,8,rel_update,0.005275786820499684
relu,9179029f-4ac1-494d-b9e2-9f1e138a9273,final_norm,8,grad_l2,0.026299101160273456
relu,9179029f-4ac1-494d-b9e2-9f1e138a9273,final_norm,8,rel_update,0.0011587280748030207
relu,9179029f-4ac1-494d-b9e2-9f1e138a9273,blocks.layers.3.linear2,8,grad_l2,0.04556626189281449
relu,9179029f-4ac1-494d-b9e2-9f1e138a9273,blocks.layers.3.linear2,8,rel_update,0.0022102542637133294
relu,9179029f-4ac1-494d-b9e2-9f1e138a9273,blocks.layers.3.linear1,8,grad_l2,0.048299262781589636
relu,9179029f-4ac1-494d-b9e2-9f1e138a9273,blocks.layers.3.linear1,8,rel_update,0.0023336518935887715
relu,9179029f-4ac1-494d-b9e2-9f1e138a9273,blocks.layers.3.norm2,8,grad_l2,0.004941887941734262
relu,9179029f-4ac1-494d-b9e2-9f1e138a9273,blocks.layers.3.norm2,8,rel_update,0.0001968375756958404
relu,9179029f-4ac1-494d-b9e2-9f1e138a9273,blocks.layers.3.self_attn,8,grad_l2,0.043227504804364957
relu,9179029f-4ac1-494d-b9e2-9f1e138a9273,blocks.layers.3.self_attn,8,rel_update,0.0021593838639959143
relu,9179029f-4ac1-494d-b9e2-9f1e138a9273,blocks.layers.3.norm1,8,grad_l2,0.004348161006613263
relu,9179029f-4ac1-494d-b9e2-9f1e138a9273,blocks.layers.3.norm1,8,rel_update,0.00015693610769681868
relu,9179029f-4ac1-494d-b9e2-9f1e138a9273,blocks.layers.2.linear2,8,grad_l2,0.04096530778267357
relu,9179029f-4ac1-494d-b9e2-9f1e138a9273,blocks.layers.2.linear2,8,rel_update,0.0019824323461916232
relu,9179029f-4ac1-494d-b9e2-9f1e138a9273,blocks.layers.2.linear1,8,grad_l2,0.041946374000321314
relu,9179029f-4ac1-494d-b9e2-9f1e138a9273,blocks.layers.2.linear1,8,rel_update,0.0020250178484080626
relu,9179029f-4ac1-494d-b9e2-9f1e138a9273,blocks.layers.2.norm2,8,grad_l2,0.0031755723428959926
relu,9179029f-4ac1-494d-b9e2-9f1e138a9273,blocks.layers.2.norm2,8,rel_update,0.0001270969862736839
relu,9179029f-4ac1-494d-b9e2-9f1e138a9273,blocks.layers.2.self_attn,8,grad_l2,0.04501487406295475
relu,9179029f-4ac1-494d-b9e2-9f1e138a9273,blocks.layers.2.self_attn,8,rel_update,0.0022595291059988977
relu,9179029f-4ac1-494d-b9e2-9f1e138a9273,blocks.layers.2.norm1,8,grad_l2,0.004332771358303815
relu,9179029f-4ac1-494d-b9e2-9f1e138a9273,blocks.layers.2.norm1,8,rel_update,0.0001493071338968403
relu,9179029f-4ac1-494d-b9e2-9f1e138a9273,blocks.layers.1.linear2,8,grad_l2,0.047030024020624596
relu,9179029f-4ac1-494d-b9e2-9f1e138a9273,blocks.layers.1.linear2,8,rel_update,0.0022902492692630726
relu,9179029f-4ac1-494d-b9e2-9f1e138a9273,blocks.layers.1.linear1,8,grad_l2,0.047652414483243775
relu,9179029f-4ac1-494d-b9e2-9f1e138a9273,blocks.layers.1.linear1,8,rel_update,0.002314512109242116
relu,9179029f-4ac1-494d-b9e2-9f1e138a9273,blocks.layers.1.norm2,8,grad_l2,0.003764774777493688
relu,9179029f-4ac1-494d-b9e2-9f1e138a9273,blocks.layers.1.norm2,8,rel_update,0.00015033393346834665
relu,9179029f-4ac1-494d-b9e2-9f1e138a9273,blocks.layers.1.self_attn,8,grad_l2,0.05052468271937233
relu,9179029f-4ac1-494d-b9e2-9f1e138a9273,blocks.layers.1.self_attn,8,rel_update,0.002549426154487721
relu,9179029f-4ac1-494d-b9e2-9f1e138a9273,blocks.layers.1.norm1,8,grad_l2,0.005216260818206286
relu,9179029f-4ac1-494d-b9e2-9f1e138a9273,blocks.layers.1.norm1,8,rel_update,0.00016245596136790874
relu,9179029f-4ac1-494d-b9e2-9f1e138a9273,blocks.layers.0.linear2,8,grad_l2,0.09621364725836305
relu,9179029f-4ac1-494d-b9e2-9f1e138a9273,blocks.layers.0.linear2,8,rel_update,0.004609079395514482
relu,9179029f-4ac1-494d-b9e2-9f1e138a9273,blocks.layers.0.linear1,8,grad_l2,0.08724317388701541
relu,9179029f-4ac1-494d-b9e2-9f1e138a9273,blocks.layers.0.linear1,8,rel_update,0.004132745713491017
relu,9179029f-4ac1-494d-b9e2-9f1e138a9273,blocks.layers.0.norm2,8,grad_l2,0.009386408048993787
relu,9179029f-4ac1-494d-b9e2-9f1e138a9273,blocks.layers.0.norm2,8,rel_update,0.0003528015261516873
relu,9179029f-4ac1-494d-b9e2-9f1e138a9273,blocks.layers.0.self_attn,8,grad_l2,0.16256788645037099
relu,9179029f-4ac1-494d-b9e2-9f1e138a9273,blocks.layers.0.self_attn,8,rel_update,0.007881744272716436
relu,9179029f-4ac1-494d-b9e2-9f1e138a9273,blocks.layers.0.norm1,8,grad_l2,0.027335446309417626
relu,9179029f-4ac1-494d-b9e2-9f1e138a9273,blocks.layers.0.norm1,8,rel_update,0.0005052235867044505
relu,9179029f-4ac1-494d-b9e2-9f1e138a9273,lm_head,9,grad_l2,0.3264684510612827
relu,9179029f-4ac1-494d-b9e2-9f1e138a9273,lm_head,9,rel_update,0.004872373659193505
relu,9179029f-4ac1-494d-b9e2-9f1e138a9273,final_norm,9,grad_l2,0.02596572814765764
relu,9179029f-4ac1-494d-b9e2-9f1e138a9273,final_norm,9,rel_update,0.001141977699562016
relu,9179029f-4ac1-494d-b9e2-9f1e138a9273,blocks.layers.3.linear2,9,grad_l2,0.04627119861308302
relu,9179029f-4ac1-494d-b9e2-9f1e138a9273,blocks.layers.3.linear2,9,rel_update,0.0022442586354706074
relu,9179029f-4ac1-494d-b9e2-9f1e138a9273,blocks.layers.3.linear1,9,grad_l2,0.04965090530931547
relu,9179029f-4ac1-494d-b9e2-9f1e138a9273,blocks.layers.3.linear1,9,rel_update,0.0023982428998066277
relu,9179029f-4ac1-494d-b9e2-9f1e138a9273,blocks.layers.3.norm2,9,grad_l2,0.004997653573352989
relu,9179029f-4ac1-494d-b9e2-9f1e138a9273,blocks.layers.3.norm2,9,rel_update,0.0002021731423647322
relu,9179029f-4ac1-494d-b9e2-9f1e138a9273,blocks.layers.3.self_attn,9,grad_l2,0.04446993610362504
relu,9179029f-4ac1-494d-b9e2-9f1e138a9273,blocks.layers.3.self_attn,9,rel_update,0.0022194663384501037
relu,9179029f-4ac1-494d-b9e2-9f1e138a9273,blocks.layers.3.norm1,9,grad_l2,0.004417300880098418
relu,9179029f-4ac1-494d-b9e2-9f1e138a9273,blocks.layers.3.norm1,9,rel_update,0.00016232399027356188
relu,9179029f-4ac1-494d-b9e2-9f1e138a9273,blocks.layers.2.linear2,9,grad_l2,0.04158183865654439
relu,9179029f-4ac1-494d-b9e2-9f1e138a9273,blocks.layers.2.linear2,9,rel_update,0.0020115440916034055
relu,9179029f-4ac1-494d-b9e2-9f1e138a9273,blocks.layers.2.linear1,9,grad_l2,0.04321586249285934
relu,9179029f-4ac1-494d-b9e2-9f1e138a9273,blocks.layers.2.linear1,9,rel_update,0.0020852971249065186
relu,9179029f-4ac1-494d-b9e2-9f1e138a9273,blocks.layers.2.norm2,9,grad_l2,0.0032165854340954563
relu,9179029f-4ac1-494d-b9e2-9f1e138a9273,blocks.layers.2.norm2,9,rel_update,0.0001301866451207459
relu,9179029f-4ac1-494d-b9e2-9f1e138a9273,blocks.layers.2.self_attn,9,grad_l2,0.0465036359769375
relu,9179029f-4ac1-494d-b9e2-9f1e138a9273,blocks.layers.2.self_attn,9,rel_update,0.0023334813881820287
relu,9179029f-4ac1-494d-b9e2-9f1e138a9273,blocks.layers.2.norm1,9,grad_l2,0.004404949350483159
relu,9179029f-4ac1-494d-b9e2-9f1e138a9273,blocks.layers.2.norm1,9,rel_update,0.00015493893090836455
relu,9179029f-4ac1-494d-b9e2-9f1e138a9273,blocks.layers.1.linear2,9,grad_l2,0.047577829689383025
relu,9179029f-4ac1-494d-b9e2-9f1e138a9273,blocks.layers.1.linear2,9,rel_update,0.0023170778094747375
relu,9179029f-4ac1-494d-b9e2-9f1e138a9273,blocks.layers.1.linear1,9,grad_l2,0.049043335839963745
relu,9179029f-4ac1-494d-b9e2-9f1e138a9273,blocks.layers.1.linear1,9,rel_update,0.002382047710715966
relu,9179029f-4ac1-494d-b9e2-9f1e138a9273,blocks.layers.1.norm2,9,grad_l2,0.00380561469770391
relu,9179029f-4ac1-494d-b9e2-9f1e138a9273,blocks.layers.1.norm2,9,rel_update,0.00015378774593384872
relu,9179029f-4ac1-494d-b9e2-9f1e138a9273,blocks.layers.1.self_attn,9,grad_l2,0.05173009221003767
relu,9179029f-4ac1-494d-b9e2-9f1e138a9273,blocks.layers.1.self_attn,9,rel_update,0.002610839257499653
relu,9179029f-4ac1-494d-b9e2-9f1e138a9273,blocks.layers.1.norm1,9,grad_l2,0.005267884689222032
relu,9179029f-4ac1-494d-b9e2-9f1e138a9273,blocks.layers.1.norm1,9,rel_update,0.00016668236083602225
relu,9179029f-4ac1-494d-b9e2-9f1e138a9273,blocks.layers.0.linear2,9,grad_l2,0.09783675546986394
relu,9179029f-4ac1-494d-b9e2-9f1e138a9273,blocks.layers.0.linear2,9,rel_update,0.004684727665188229
relu,9179029f-4ac1-494d-b9e2-9f1e138a9273,blocks.layers.0.linear1,9,grad_l2,0.09036418650703272
relu,9179029f-4ac1-494d-b9e2-9f1e138a9273,blocks.layers.0.linear1,9,rel_update,0.0042784552368875005
relu,9179029f-4ac1-494d-b9e2-9f1e138a9273,blocks.layers.0.norm2,9,grad_l2,0.009493264828836388
relu,9179029f-4ac1-494d-b9e2-9f1e138a9273,blocks.layers.0.norm2,9,rel_update,0.00036300938538736023
relu,9179029f-4ac1-494d-b9e2-9f1e138a9273,blocks.layers.0.self_attn,9,grad_l2,0.16778938366107304
relu,9179029f-4ac1-494d-b9e2-9f1e138a9273,blocks.layers.0.self_attn,9,rel_update,0.008118905776828013
relu,9179029f-4ac1-494d-b9e2-9f1e138a9273,blocks.layers.0.norm1,9,grad_l2,0.027330110837802467
relu,9179029f-4ac1-494d-b9e2-9f1e138a9273,blocks.layers.0.norm1,9,rel_update,0.0005237187550669265
relu,73f0d37f-d085-4836-a854-9ccadc17e034,lm_head,0,grad_l2,0.9659644861132225
relu,73f0d37f-d085-4836-a854-9ccadc17e034,lm_head,0,rel_update,0.03507948499773829
relu,73f0d37f-d085-4836-a854-9ccadc17e034,final_norm,0,grad_l2,0.06348066536734384
relu,73f0d37f-d085-4836-a854-9ccadc17e034,final_norm,0,rel_update,0.0029092659108196956
relu,73f0d37f-d085-4836-a854-9ccadc17e034,blocks.layers.3.linear2,0,grad_l2,0.017983132371753897
relu,73f0d37f-d085-4836-a854-9ccadc17e034,blocks.layers.3.linear2,0,rel_update,0.000885076181640994
relu,73f0d37f-d085-4836-a854-9ccadc17e034,blocks.layers.3.linear1,0,grad_l2,0.017096296836431723
relu,73f0d37f-d085-4836-a854-9ccadc17e034,blocks.layers.3.linear1,0,rel_update,0.0008426854879634238
relu,73f0d37f-d085-4836-a854-9ccadc17e034,blocks.layers.3.norm2,0,grad_l2,0.0012156935138483062
relu,73f0d37f-d085-4836-a854-9ccadc17e034,blocks.layers.3.norm2,0,rel_update,5.002481801789793e-05
relu,73f0d37f-d085-4836-a854-9ccadc17e034,blocks.layers.3.self_attn,0,grad_l2,0.019866859910674023
relu,73f0d37f-d085-4836-a854-9ccadc17e034,blocks.layers.3.self_attn,0,rel_update,0.0010095747507250993
relu,73f0d37f-d085-4836-a854-9ccadc17e034,blocks.layers.3.norm1,0,grad_l2,0.0015533304543106604
relu,73f0d37f-d085-4836-a854-9ccadc17e034,blocks.layers.3.norm1,0,rel_update,5.925304164010733e-05
relu,73f0d37f-d085-4836-a854-9ccadc17e034,blocks.layers.2.linear2,0,grad_l2,0.021141173807722128
relu,73f0d37f-d085-4836-a854-9ccadc17e034,blocks.layers.2.linear2,0,rel_update,0.0010394057837443012
relu,73f0d37f-d085-4836-a854-9ccadc17e034,blocks.layers.2.linear1,0,grad_l2,0.018105919494896726
relu,73f0d37f-d085-4836-a854-9ccadc17e034,blocks.layers.2.linear1,0,rel_update,0.0008905381368479357
relu,73f0d37f-d085-4836-a854-9ccadc17e034,blocks.layers.2.norm2,0,grad_l2,0.0012958111638784204
relu,73f0d37f-d085-4836-a854-9ccadc17e034,blocks.layers.2.norm2,0,rel_update,5.056120198572909e-05
relu,73f0d37f-d085-4836-a854-9ccadc17e034,blocks.layers.2.self_attn,0,grad_l2,0.02140857079884682
relu,73f0d37f-d085-4836-a854-9ccadc17e034,blocks.layers.2.self_attn,0,rel_update,0.001087155035562082
relu,73f0d37f-d085-4836-a854-9ccadc17e034,blocks.layers.2.norm1,0,grad_l2,0.0017375316965984452
relu,73f0d37f-d085-4836-a854-9ccadc17e034,blocks.layers.2.norm1,0,rel_update,6.225414418514472e-05
relu,73f0d37f-d085-4836-a854-9ccadc17e034,blocks.layers.1.linear2,0,grad_l2,0.024605806280082344
relu,73f0d37f-d085-4836-a854-9ccadc17e034,blocks.layers.1.linear2,0,rel_update,0.0012084060792092953
relu,73f0d37f-d085-4836-a854-9ccadc17e034,blocks.layers.1.linear1,0,grad_l2,0.019933589252106042
relu,73f0d37f-d085-4836-a854-9ccadc17e034,blocks.layers.1.linear1,0,rel_update,0.000980414820965828
relu,73f0d37f-d085-4836-a854-9ccadc17e034,blocks.layers.1.norm2,0,grad_l2,0.0016455660537988447
relu,73f0d37f-d085-4836-a854-9ccadc17e034,blocks.layers.1.norm2,0,rel_update,6.258093002642627e-05
relu,73f0d37f-d085-4836-a854-9ccadc17e034,blocks.layers.1.self_attn,0,grad_l2,0.02499267135044205
relu,73f0d37f-d085-4836-a854-9ccadc17e034,blocks.layers.1.self_attn,0,rel_update,0.0012669278103135566
relu,73f0d37f-d085-4836-a854-9ccadc17e034,blocks.layers.1.norm1,0,grad_l2,0.0023476428744341874
relu,73f0d37f-d085-4836-a854-9ccadc17e034,blocks.layers.1.norm1,0,rel_update,7.078323240223541e-05
relu,73f0d37f-d085-4836-a854-9ccadc17e034,blocks.layers.0.linear2,0,grad_l2,0.03676845104962331
relu,73f0d37f-d085-4836-a854-9ccadc17e034,blocks.layers.0.linear2,0,rel_update,0.0018042774035648905
relu,73f0d37f-d085-4836-a854-9ccadc17e034,blocks.layers.0.linear1,0,grad_l2,0.023279967453809832
relu,73f0d37f-d085-4836-a854-9ccadc17e034,blocks.layers.0.linear1,0,rel_update,0.0011368639375062854
relu,73f0d37f-d085-4836-a854-9ccadc17e034,blocks.layers.0.norm2,0,grad_l2,0.0026977266436577206
relu,73f0d37f-d085-4836-a854-9ccadc17e034,blocks.layers.0.norm2,0,rel_update,8.745316618158574e-05
relu,73f0d37f-d085-4836-a854-9ccadc17e034,blocks.layers.0.self_attn,0,grad_l2,0.03919767075640322
relu,73f0d37f-d085-4836-a854-9ccadc17e034,blocks.layers.0.self_attn,0,rel_update,0.0019054537867505964
relu,73f0d37f-d085-4836-a854-9ccadc17e034,blocks.layers.0.norm1,0,grad_l2,0.008416192199874113
relu,73f0d37f-d085-4836-a854-9ccadc17e034,blocks.layers.0.norm1,0,rel_update,0.00012238911607672937
relu,73f0d37f-d085-4836-a854-9ccadc17e034,lm_head,1,grad_l2,0.6069174072178233
relu,73f0d37f-d085-4836-a854-9ccadc17e034,lm_head,1,rel_update,0.018899512959822153
relu,73f0d37f-d085-4836-a854-9ccadc17e034,final_norm,1,grad_l2,0.04142917611932241
relu,73f0d37f-d085-4836-a854-9ccadc17e034,final_norm,1,rel_update,0.0019248761700056442
relu,73f0d37f-d085-4836-a854-9ccadc17e034,blocks.layers.3.linear2,1,grad_l2,0.022541910178955394
relu,73f0d37f-d085-4836-a854-9ccadc17e034,blocks.layers.3.linear2,1,rel_update,0.0011037868588508791
relu,73f0d37f-d085-4836-a854-9ccadc17e034,blocks.layers.3.linear1,1,grad_l2,0.0230246468047852
relu,73f0d37f-d085-4836-a854-9ccadc17e034,blocks.layers.3.linear1,1,rel_update,0.001128728908715161
relu,73f0d37f-d085-4836-a854-9ccadc17e034,blocks.layers.3.norm2,1,grad_l2,0.001898042398503214
relu,73f0d37f-d085-4836-a854-9ccadc17e034,blocks.layers.3.norm2,1,rel_update,7.489825237571905e-05
relu,73f0d37f-d085-4836-a854-9ccadc17e034,blocks.layers.3.self_attn,1,grad_l2,0.022100736909603142
relu,73f0d37f-d085-4836-a854-9ccadc17e034,blocks.layers.3.self_attn,1,rel_update,0.0011206653537723028
relu,73f0d37f-d085-4836-a854-9ccadc17e034,blocks.layers.3.norm1,1,grad_l2,0.0020196167813078484
relu,73f0d37f-d085-4836-a854-9ccadc17e034,blocks.layers.3.norm1,1,rel_update,6.648258319695541e-05
relu,73f0d37f-d085-4836-a854-9ccadc17e034,blocks.layers.2.linear2,1,grad_l2,0.025279183488022303
relu,73f0d37f-d085-4836-a854-9ccadc17e034,blocks.layers.2.linear2,1,rel_update,0.001237267605329778
relu,73f0d37f-d085-4836-a854-9ccadc17e034,blocks.layers.2.linear1,1,grad_l2,0.023032869551753057
relu,73f0d37f-d085-4836-a854-9ccadc17e034,blocks.layers.2.linear1,1,rel_update,0.0011269505693858057
relu,73f0d37f-d085-4836-a854-9ccadc17e034,blocks.layers.2.norm2,1,grad_l2,0.00185685647501121
relu,73f0d37f-d085-4836-a854-9ccadc17e034,blocks.layers.2.norm2,1,rel_update,7.084004348015987e-05
relu,73f0d37f-d085-4836-a854-9ccadc17e034,blocks.layers.2.self_attn,1,grad_l2,0.024005781421704793
relu,73f0d37f-d085-4836-a854-9ccadc17e034,blocks.layers.2.self_attn,1,rel_update,0.001216223444804336
relu,73f0d37f-d085-4836-a854-9ccadc17e034,blocks.layers.2.norm1,1,grad_l2,0.002234085133449486
relu,73f0d37f-d085-4836-a854-9ccadc17e034,blocks.layers.2.norm1,1,rel_update,7.005119899223855e-05
relu,73f0d37f-d085-4836-a854-9ccadc17e034,blocks.layers.1.linear2,1,grad_l2,0.030819065397353018
relu,73f0d37f-d085-4836-a854-9ccadc17e034,blocks.layers.1.linear2,1,rel_update,0.0015082322279366279
relu,73f0d37f-d085-4836-a854-9ccadc17e034,blocks.layers.1.linear1,1,grad_l2,0.026503416373008303
relu,73f0d37f-d085-4836-a854-9ccadc17e034,blocks.layers.1.linear1,1,rel_update,0.0012969916958667314
relu,73f0d37f-d085-4836-a854-9ccadc17e034,blocks.layers.1.norm2,1,grad_l2,0.0024330849445021317
relu,73f0d37f-d085-4836-a854-9ccadc17e034,blocks.layers.1.norm2,1,rel_update,9.061082823124737e-05
relu,73f0d37f-d085-4836-a854-9ccadc17e034,blocks.layers.1.self_attn,1,grad_l2,0.02851595237776835
relu,73f0d37f-d085-4836-a854-9ccadc17e034,blocks.layers.1.self_attn,1,rel_update,0.001441668530373114
relu,73f0d37f-d085-4836-a854-9ccadc17e034,blocks.layers.1.norm1,1,grad_l2,0.0030471868368691407
relu,73f0d37f-d085-4836-a854-9ccadc17e034,blocks.layers.1.norm1,1,rel_update,8.424101348973374e-05
relu,73f0d37f-d085-4836-a854-9ccadc17e034,blocks.layers.0.linear2,1,grad_l2,0.051902065242546765
relu,73f0d37f-d085-4836-a854-9ccadc17e034,blocks.layers.0.linear2,1,rel_update,0.0025313347028793564
relu,73f0d37f-d085-4836-a854-9ccadc17e034,blocks.layers.0.linear1,1,grad_l2,0.03878667906919198
relu,73f0d37f-d085-4836-a854-9ccadc17e034,blocks.layers.0.linear1,1,rel_update,0.001878056776571915
relu,73f0d37f-d085-4836-a854-9ccadc17e034,blocks.layers.0.norm2,1,grad_l2,0.004819014477768335
relu,73f0d37f-d085-4836-a854-9ccadc17e034,blocks.layers.0.norm2,1,rel_update,0.00016396869080525817
relu,73f0d37f-d085-4836-a854-9ccadc17e034,blocks.layers.0.self_attn,1,grad_l2,0.07455995841118603
relu,73f0d37f-d085-4836-a854-9ccadc17e034,blocks.layers.0.self_attn,1,rel_update,0.003691538417194399
relu,73f0d37f-d085-4836-a854-9ccadc17e034,blocks.layers.0.norm1,1,grad_l2,0.014785866840725697
relu,73f0d37f-d085-4836-a854-9ccadc17e034,blocks.layers.0.norm1,1,rel_update,0.00023192708942937628
relu,73f0d37f-d085-4836-a854-9ccadc17e034,lm_head,2,grad_l2,0.4878983983365666
relu,73f0d37f-d085-4836-a854-9ccadc17e034,lm_head,2,rel_update,0.013208635277608145
relu,73f0d37f-d085-4836-a854-9ccadc17e034,final_norm,2,grad_l2,0.03421223745518251
relu,73f0d37f-d085-4836-a854-9ccadc17e034,final_norm,2,rel_update,0.0015888569320322732
relu,73f0d37f-d085-4836-a854-9ccadc17e034,blocks.layers.3.linear2,2,grad_l2,0.027867887363004787
relu,73f0d37f-d085-4836-a854-9ccadc17e034,blocks.layers.3.linear2,2,rel_update,0.001360213358377319
relu,73f0d37f-d085-4836-a854-9ccadc17e034,blocks.layers.3.linear1,2,grad_l2,0.028682500433832556
relu,73f0d37f-d085-4836-a854-9ccadc17e034,blocks.layers.3.linear1,2,rel_update,0.001400209820014928
relu,73f0d37f-d085-4836-a854-9ccadc17e034,blocks.layers.3.norm2,2,grad_l2,0.0026590517603236603
relu,73f0d37f-d085-4836-a854-9ccadc17e034,blocks.layers.3.norm2,2,rel_update,0.00010371489962676451
relu,73f0d37f-d085-4836-a854-9ccadc17e034,blocks.layers.3.self_attn,2,grad_l2,0.02522668435060013
relu,73f0d37f-d085-4836-a854-9ccadc17e034,blocks.layers.3.self_attn,2,rel_update,0.001276646878836306
relu,73f0d37f-d085-4836-a854-9ccadc17e034,blocks.layers.3.norm1,2,grad_l2,0.0024442943471484325
relu,73f0d37f-d085-4836-a854-9ccadc17e034,blocks.layers.3.norm1,2,rel_update,7.81724396231629e-05
relu,73f0d37f-d085-4836-a854-9ccadc17e034,blocks.layers.2.linear2,2,grad_l2,0.028872323409975455
relu,73f0d37f-d085-4836-a854-9ccadc17e034,blocks.layers.2.linear2,2,rel_update,0.0014086324869736107
relu,73f0d37f-d085-4836-a854-9ccadc17e034,blocks.layers.2.linear1,2,grad_l2,0.027065343010928188
relu,73f0d37f-d085-4836-a854-9ccadc17e034,blocks.layers.2.linear1,2,rel_update,0.001319177266110463
relu,73f0d37f-d085-4836-a854-9ccadc17e034,blocks.layers.2.norm2,2,grad_l2,0.0022274360393181
relu,73f0d37f-d085-4836-a854-9ccadc17e034,blocks.layers.2.norm2,2,rel_update,8.498377275802647e-05
relu,73f0d37f-d085-4836-a854-9ccadc17e034,blocks.layers.2.self_attn,2,grad_l2,0.027578787673077792
relu,73f0d37f-d085-4836-a854-9ccadc17e034,blocks.layers.2.self_attn,2,rel_update,0.0013951343197904306
relu,73f0d37f-d085-4836-a854-9ccadc17e034,blocks.layers.2.norm1,2,grad_l2,0.0026652709505472394
relu,73f0d37f-d085-4836-a854-9ccadc17e034,blocks.layers.2.norm1,2,rel_update,8.256815053128076e-05
relu,73f0d37f-d085-4836-a854-9ccadc17e034,blocks.layers.1.linear2,2,grad_l2,0.035068064678447225
relu,73f0d37f-d085-4836-a854-9ccadc17e034,blocks.layers.1.linear2,2,rel_update,0.0017128744646130283
relu,73f0d37f-d085-4836-a854-9ccadc17e034,blocks.layers.1.linear1,2,grad_l2,0.03125650617890128
relu,73f0d37f-d085-4836-a854-9ccadc17e034,blocks.layers.1.linear1,2,rel_update,0.0015255507851862295
relu,73f0d37f-d085-4836-a854-9ccadc17e034,blocks.layers.1.norm2,2,grad_l2,0.002858399241299276
relu,73f0d37f-d085-4836-a854-9ccadc17e034,blocks.layers.1.norm2,2,rel_update,0.00010652440262413801
relu,73f0d37f-d085-4836-a854-9ccadc17e034,blocks.layers.1.self_attn,2,grad_l2,0.03328883971637274
relu,73f0d37f-d085-4836-a854-9ccadc17e034,blocks.layers.1.self_attn,2,rel_update,0.0016805685765243163
relu,73f0d37f-d085-4836-a854-9ccadc17e034,blocks.layers.1.norm1,2,grad_l2,0.0036184026856033295
relu,73f0d37f-d085-4836-a854-9ccadc17e034,blocks.layers.1.norm1,2,rel_update,0.0001023276115717621
relu,73f0d37f-d085-4836-a854-9ccadc17e034,blocks.layers.0.linear2,2,grad_l2,0.06301157421339632
relu,73f0d37f-d085-4836-a854-9ccadc17e034,blocks.layers.0.linear2,2,rel_update,0.0030580247750178
relu,73f0d37f-d085-4836-a854-9ccadc17e034,blocks.layers.0.linear1,2,grad_l2,0.049520976293850924
relu,73f0d37f-d085-4836-a854-9ccadc17e034,blocks.layers.0.linear1,2,rel_update,0.0023827522788635942
relu,73f0d37f-d085-4836-a854-9ccadc17e034,blocks.layers.0.norm2,2,grad_l2,0.006134234629979697
relu,73f0d37f-d085-4836-a854-9ccadc17e034,blocks.layers.0.norm2,2,rel_update,0.00021184528117225394
relu,73f0d37f-d085-4836-a854-9ccadc17e034,blocks.layers.0.self_attn,2,grad_l2,0.09466588927564915
relu,73f0d37f-d085-4836-a854-9ccadc17e034,blocks.layers.0.self_attn,2,rel_update,0.004693554411834406
relu,73f0d37f-d085-4836-a854-9ccadc17e034,blocks.layers.0.norm1,2,grad_l2,0.01910617650881432
relu,73f0d37f-d085-4836-a854-9ccadc17e034,blocks.layers.0.norm1,2,rel_update,0.0002934531644988696
relu,73f0d37f-d085-4836-a854-9ccadc17e034,lm_head,3,grad_l2,0.42987125362949014
relu,73f0d37f-d085-4836-a854-9ccadc17e034,lm_head,3,rel_update,0.01029555543911822
relu,73f0d37f-d085-4836-a854-9ccadc17e034,final_norm,3,grad_l2,0.03103393042751639
relu,73f0d37f-d085-4836-a854-9ccadc17e034,final_norm,3,rel_update,0.0014250727324059019
relu,73f0d37f-d085-4836-a854-9ccadc17e034,blocks.layers.3.linear2,3,grad_l2,0.03313589833330855
relu,73f0d37f-d085-4836-a854-9ccadc17e034,blocks.layers.3.linear2,3,rel_update,0.001613770502377749
relu,73f0d37f-d085-4836-a854-9ccadc17e034,blocks.layers.3.linear1,3,grad_l2,0.033903687363681344
relu,73f0d37f-d085-4836-a854-9ccadc17e034,blocks.layers.3.linear1,3,rel_update,0.001650121417217954
relu,73f0d37f-d085-4836-a854-9ccadc17e034,blocks.layers.3.norm2,3,grad_l2,0.00345787730889671
relu,73f0d37f-d085-4836-a854-9ccadc17e034,blocks.layers.3.norm2,3,rel_update,0.0001317701765396046
relu,73f0d37f-d085-4836-a854-9ccadc17e034,blocks.layers.3.self_attn,3,grad_l2,0.029296779409090222
relu,73f0d37f-d085-4836-a854-9ccadc17e034,blocks.layers.3.self_attn,3,rel_update,0.0014793059734084105
relu,73f0d37f-d085-4836-a854-9ccadc17e034,blocks.layers.3.norm1,3,grad_l2,0.0029353378322295254
relu,73f0d37f-d085-4836-a854-9ccadc17e034,blocks.layers.3.norm1,3,rel_update,9.48308704729583e-05
relu,73f0d37f-d085-4836-a854-9ccadc17e034,blocks.layers.2.linear2,3,grad_l2,0.03210297416542371
relu,73f0d37f-d085-4836-a854-9ccadc17e034,blocks.layers.2.linear2,3,rel_update,0.0015620302207927283
relu,73f0d37f-d085-4836-a854-9ccadc17e034,blocks.layers.2.linear1,3,grad_l2,0.030616106557800036
relu,73f0d37f-d085-4836-a854-9ccadc17e034,blocks.layers.2.linear1,3,rel_update,0.0014877325642626204
relu,73f0d37f-d085-4836-a854-9ccadc17e034,blocks.layers.2.norm2,3,grad_l2,0.0025165435224167487
relu,73f0d37f-d085-4836-a854-9ccadc17e034,blocks.layers.2.norm2,3,rel_update,9.587279413511976e-05
relu,73f0d37f-d085-4836-a854-9ccadc17e034,blocks.layers.2.self_attn,3,grad_l2,0.03211450653121486
relu,73f0d37f-d085-4836-a854-9ccadc17e034,blocks.layers.2.self_attn,3,rel_update,0.0016220174374449977
relu,73f0d37f-d085-4836-a854-9ccadc17e034,blocks.layers.2.norm1,3,grad_l2,0.0031368272274461175
relu,73f0d37f-d085-4836-a854-9ccadc17e034,blocks.layers.2.norm1,3,rel_update,9.919104139821319e-05
relu,73f0d37f-d085-4836-a854-9ccadc17e034,blocks.layers.1.linear2,3,grad_l2,0.038549183954870836
relu,73f0d37f-d085-4836-a854-9ccadc17e034,blocks.layers.1.linear2,3,rel_update,0.0018800932739781529
relu,73f0d37f-d085-4836-a854-9ccadc17e034,blocks.layers.1.linear1,3,grad_l2,0.03537776083382114
relu,73f0d37f-d085-4836-a854-9ccadc17e034,blocks.layers.1.linear1,3,rel_update,0.0017236024214581946
relu,73f0d37f-d085-4836-a854-9ccadc17e034,blocks.layers.1.norm2,3,grad_l2,0.0031687443978304195
relu,73f0d37f-d085-4836-a854-9ccadc17e034,blocks.layers.1.norm2,3,rel_update,0.00011907851480072557
relu,73f0d37f-d085-4836-a854-9ccadc17e034,blocks.layers.1.self_attn,3,grad_l2,0.03850000484597867
relu,73f0d37f-d085-4836-a854-9ccadc17e034,blocks.layers.1.self_attn,3,rel_update,0.0019417465101427256
relu,73f0d37f-d085-4836-a854-9ccadc17e034,blocks.layers.1.norm1,3,grad_l2,0.004161618117628798
relu,73f0d37f-d085-4836-a854-9ccadc17e034,blocks.layers.1.norm1,3,rel_update,0.0001216982060898108
relu,73f0d37f-d085-4836-a854-9ccadc17e034,blocks.layers.0.linear2,3,grad_l2,0.0726468971473734
relu,73f0d37f-d085-4836-a854-9ccadc17e034,blocks.layers.0.linear2,3,rel_update,0.003511289895218558
relu,73f0d37f-d085-4836-a854-9ccadc17e034,blocks.layers.0.linear1,3,grad_l2,0.058680660192971565
relu,73f0d37f-d085-4836-a854-9ccadc17e034,blocks.layers.0.linear1,3,rel_update,0.002809267480870156
relu,73f0d37f-d085-4836-a854-9ccadc17e034,blocks.layers.0.norm2,3,grad_l2,0.007111480915655491
relu,73f0d37f-d085-4836-a854-9ccadc17e034,blocks.layers.0.norm2,3,rel_update,0.00024857660518358524
relu,73f0d37f-d085-4836-a854-9ccadc17e034,blocks.layers.0.self_attn,3,grad_l2,0.1107638599428845
relu,73f0d37f-d085-4836-a854-9ccadc17e034,blocks.layers.0.self_attn,3,rel_update,0.005476683177176018
relu,73f0d37f-d085-4836-a854-9ccadc17e034,blocks.layers.0.norm1,3,grad_l2,0.022266538305400853
relu,73f0d37f-d085-4836-a854-9ccadc17e034,blocks.layers.0.norm1,3,rel_update,0.00034462070788614116
relu,73f0d37f-d085-4836-a854-9ccadc17e034,lm_head,4,grad_l2,0.3956658702197872
relu,73f0d37f-d085-4836-a854-9ccadc17e034,lm_head,4,rel_update,0.008520756211580938
relu,73f0d37f-d085-4836-a854-9ccadc17e034,final_norm,4,grad_l2,0.029291391741409614
relu,73f0d37f-d085-4836-a854-9ccadc17e034,final_norm,4,rel_update,0.0013280218120295516
relu,73f0d37f-d085-4836-a854-9ccadc17e034,blocks.layers.3.linear2,4,grad_l2,0.03744964271998438
relu,73f0d37f-d085-4836-a854-9ccadc17e034,blocks.layers.3.linear2,4,rel_update,0.0018211808668051567
relu,73f0d37f-d085-4836-a854-9ccadc17e034,blocks.layers.3.linear1,4,grad_l2,0.03819866651049677
relu,73f0d37f-d085-4836-a854-9ccadc17e034,blocks.layers.3.linear1,4,rel_update,0.0018552277614712583
relu,73f0d37f-d085-4836-a854-9ccadc17e034,blocks.layers.3.norm2,4,grad_l2,0.0040895093446213435
relu,73f0d37f-d085-4836-a854-9ccadc17e034,blocks.layers.3.norm2,4,rel_update,0.0001548713575985278
relu,73f0d37f-d085-4836-a854-9ccadc17e034,blocks.layers.3.self_attn,4,grad_l2,0.03373457744755196
relu,73f0d37f-d085-4836-a854-9ccadc17e034,blocks.layers.3.self_attn,4,rel_update,0.0016993480631881605
relu,73f0d37f-d085-4836-a854-9ccadc17e034,blocks.layers.3.norm1,4,grad_l2,0.003442224151930653
relu,73f0d37f-d085-4836-a854-9ccadc17e034,blocks.layers.3.norm1,4,rel_update,0.00011542843401843699
relu,73f0d37f-d085-4836-a854-9ccadc17e034,blocks.layers.2.linear2,4,grad_l2,0.034762842818883546
relu,73f0d37f-d085-4836-a854-9ccadc17e034,blocks.layers.2.linear2,4,rel_update,0.0016877080152524933
relu,73f0d37f-d085-4836-a854-9ccadc17e034,blocks.layers.2.linear1,4,grad_l2,0.033729732667987795
relu,73f0d37f-d085-4836-a854-9ccadc17e034,blocks.layers.2.linear1,4,rel_update,0.0016350644051012094
relu,73f0d37f-d085-4836-a854-9ccadc17e034,blocks.layers.2.norm2,4,grad_l2,0.0027306203920701017
relu,73f0d37f-d085-4836-a854-9ccadc17e034,blocks.layers.2.norm2,4,rel_update,0.00010469029589079185
relu,73f0d37f-d085-4836-a854-9ccadc17e034,blocks.layers.2.self_attn,4,grad_l2,0.03648504098407651
relu,73f0d37f-d085-4836-a854-9ccadc17e034,blocks.layers.2.self_attn,4,rel_update,0.0018398458467440465
relu,73f0d37f-d085-4836-a854-9ccadc17e034,blocks.layers.2.norm1,4,grad_l2,0.003553214200057218
relu,73f0d37f-d085-4836-a854-9ccadc17e034,blocks.layers.2.norm1,4,rel_update,0.00011591678903596544
relu,73f0d37f-d085-4836-a854-9ccadc17e034,blocks.layers.1.linear2,4,grad_l2,0.04124300802421985
relu,73f0d37f-d085-4836-a854-9ccadc17e034,blocks.layers.1.linear2,4,rel_update,0.0020092725539598497
relu,73f0d37f-d085-4836-a854-9ccadc17e034,blocks.layers.1.linear1,4,grad_l2,0.038957297068858594
relu,73f0d37f-d085-4836-a854-9ccadc17e034,blocks.layers.1.linear1,4,rel_update,0.0018957480425890604
relu,73f0d37f-d085-4836-a854-9ccadc17e034,blocks.layers.1.norm2,4,grad_l2,0.0034082304446167535
relu,73f0d37f-d085-4836-a854-9ccadc17e034,blocks.layers.1.norm2,4,rel_update,0.0001295403996363395
relu,73f0d37f-d085-4836-a854-9ccadc17e034,blocks.layers.1.self_attn,4,grad_l2,0.04308703548240593
relu,73f0d37f-d085-4836-a854-9ccadc17e034,blocks.layers.1.self_attn,4,rel_update,0.0021715464801711115
relu,73f0d37f-d085-4836-a854-9ccadc17e034,blocks.layers.1.norm1,4,grad_l2,0.004607746490911375
relu,73f0d37f-d085-4836-a854-9ccadc17e034,blocks.layers.1.norm1,4,rel_update,0.00013830050933732498
relu,73f0d37f-d085-4836-a854-9ccadc17e034,blocks.layers.0.linear2,4,grad_l2,0.08043601511011302
relu,73f0d37f-d085-4836-a854-9ccadc17e034,blocks.layers.0.linear2,4,rel_update,0.0038758832331129063
relu,73f0d37f-d085-4836-a854-9ccadc17e034,blocks.layers.0.linear1,4,grad_l2,0.06667567736635395
relu,73f0d37f-d085-4836-a854-9ccadc17e034,blocks.layers.0.linear1,4,rel_update,0.0031802043939126376
relu,73f0d37f-d085-4836-a854-9ccadc17e034,blocks.layers.0.norm2,4,grad_l2,0.007866127890282992
relu,73f0d37f-d085-4836-a854-9ccadc17e034,blocks.layers.0.norm2,4,rel_update,0.00027848530002258715
relu,73f0d37f-d085-4836-a854-9ccadc17e034,blocks.layers.0.self_attn,4,grad_l2,0.12436553286686475
relu,73f0d37f-d085-4836-a854-9ccadc17e034,blocks.layers.0.self_attn,4,rel_update,0.006122122739078734
relu,73f0d37f-d085-4836-a854-9ccadc17e034,blocks.layers.0.norm1,4,grad_l2,0.02442204175243743
relu,73f0d37f-d085-4836-a854-9ccadc17e034,blocks.layers.0.norm1,4,rel_update,0.0003876789460505224
relu,73f0d37f-d085-4836-a854-9ccadc17e034,lm_head,5,grad_l2,0.37290384836079526
relu,73f0d37f-d085-4836-a854-9ccadc17e034,lm_head,5,rel_update,0.00732361982753994
relu,73f0d37f-d085-4836-a854-9ccadc17e034,final_norm,5,grad_l2,0.0282872732697839
relu,73f0d37f-d085-4836-a854-9ccadc17e034,final_norm,5,rel_update,0.0012643574022892946
relu,73f0d37f-d085-4836-a854-9ccadc17e034,blocks.layers.3.linear2,5,grad_l2,0.041116885602725944
relu,73f0d37f-d085-4836-a854-9ccadc17e034,blocks.layers.3.linear2,5,rel_update,0.001997124959300316
relu,73f0d37f-d085-4836-a854-9ccadc17e034,blocks.layers.3.linear1,5,grad_l2,0.041802177496489124
relu,73f0d37f-d085-4836-a854-9ccadc17e034,blocks.layers.3.linear1,5,rel_update,0.002027057426931205
relu,73f0d37f-d085-4836-a854-9ccadc17e034,blocks.layers.3.norm2,5,grad_l2,0.004646574972319315
relu,73f0d37f-d085-4836-a854-9ccadc17e034,blocks.layers.3.norm2,5,rel_update,0.00017352434075212895
relu,73f0d37f-d085-4836-a854-9ccadc17e034,blocks.layers.3.self_attn,5,grad_l2,0.03760504434763119
relu,73f0d37f-d085-4836-a854-9ccadc17e034,blocks.layers.3.self_attn,5,rel_update,0.0018898041423346817
relu,73f0d37f-d085-4836-a854-9ccadc17e034,blocks.layers.3.norm1,5,grad_l2,0.0038735225042289736
relu,73f0d37f-d085-4836-a854-9ccadc17e034,blocks.layers.3.norm1,5,rel_update,0.00013340646699332246
relu,73f0d37f-d085-4836-a854-9ccadc17e034,blocks.layers.2.linear2,5,grad_l2,0.03694963140313377
relu,73f0d37f-d085-4836-a854-9ccadc17e034,blocks.layers.2.linear2,5,rel_update,0.001790624911912691
relu,73f0d37f-d085-4836-a854-9ccadc17e034,blocks.layers.2.linear1,5,grad_l2,0.03646100443961685
relu,73f0d37f-d085-4836-a854-9ccadc17e034,blocks.layers.2.linear1,5,rel_update,0.0017640810889025403
relu,73f0d37f-d085-4836-a854-9ccadc17e034,blocks.layers.2.norm2,5,grad_l2,0.0028991921091152642
relu,73f0d37f-d085-4836-a854-9ccadc17e034,blocks.layers.2.norm2,5,rel_update,0.00011206872881032523
relu,73f0d37f-d085-4836-a854-9ccadc17e034,blocks.layers.2.self_attn,5,grad_l2,0.04030715667785105
relu,73f0d37f-d085-4836-a854-9ccadc17e034,blocks.layers.2.self_attn,5,rel_update,0.002029665814658063
relu,73f0d37f-d085-4836-a854-9ccadc17e034,blocks.layers.2.norm1,5,grad_l2,0.003894794549489811
relu,73f0d37f-d085-4836-a854-9ccadc17e034,blocks.layers.2.norm1,5,rel_update,0.00013097312371844515
relu,73f0d37f-d085-4836-a854-9ccadc17e034,blocks.layers.1.linear2,5,grad_l2,0.04328740356677119
relu,73f0d37f-d085-4836-a854-9ccadc17e034,blocks.layers.1.linear2,5,rel_update,0.002107359661459828
relu,73f0d37f-d085-4836-a854-9ccadc17e034,blocks.layers.1.linear1,5,grad_l2,0.04203128432899381
relu,73f0d37f-d085-4836-a854-9ccadc17e034,blocks.layers.1.linear1,5,rel_update,0.0020438905450655903
relu,73f0d37f-d085-4836-a854-9ccadc17e034,blocks.layers.1.norm2,5,grad_l2,0.0035794814794559314
relu,73f0d37f-d085-4836-a854-9ccadc17e034,blocks.layers.1.norm2,5,rel_update,0.00013786695174108958
relu,73f0d37f-d085-4836-a854-9ccadc17e034,blocks.layers.1.self_attn,5,grad_l2,0.04668251063186424
relu,73f0d37f-d085-4836-a854-9ccadc17e034,blocks.layers.1.self_attn,5,rel_update,0.0023519430024147234
relu,73f0d37f-d085-4836-a854-9ccadc17e034,blocks.layers.1.norm1,5,grad_l2,0.004946902853109531
relu,73f0d37f-d085-4836-a854-9ccadc17e034,blocks.layers.1.norm1,5,rel_update,0.0001508156037411422
relu,73f0d37f-d085-4836-a854-9ccadc17e034,blocks.layers.0.linear2,5,grad_l2,0.08641915440893594
relu,73f0d37f-d085-4836-a854-9ccadc17e034,blocks.layers.0.linear2,5,rel_update,0.0041554272038399065
relu,73f0d37f-d085-4836-a854-9ccadc17e034,blocks.layers.0.linear1,5,grad_l2,0.07344666749860515
relu,73f0d37f-d085-4836-a854-9ccadc17e034,blocks.layers.0.linear1,5,rel_update,0.0034944970262338632
relu,73f0d37f-d085-4836-a854-9ccadc17e034,blocks.layers.0.norm2,5,grad_l2,0.008415159098722003
relu,73f0d37f-d085-4836-a854-9ccadc17e034,blocks.layers.0.norm2,5,rel_update,0.00030281039781093516
relu,73f0d37f-d085-4836-a854-9ccadc17e034,blocks.layers.0.self_attn,5,grad_l2,0.1359869088115206
relu,73f0d37f-d085-4836-a854-9ccadc17e034,blocks.layers.0.self_attn,5,rel_update,0.0066623732889286354
relu,73f0d37f-d085-4836-a854-9ccadc17e034,blocks.layers.0.norm1,5,grad_l2,0.0258288257974192
relu,73f0d37f-d085-4836-a854-9ccadc17e034,blocks.layers.0.norm1,5,rel_update,0.0004240696689972948
relu,73f0d37f-d085-4836-a854-9ccadc17e034,lm_head,6,grad_l2,0.3566998021594752
relu,73f0d37f-d085-4836-a854-9ccadc17e034,lm_head,6,rel_update,0.0064619334136189616
relu,73f0d37f-d085-4836-a854-9ccadc17e034,final_norm,6,grad_l2,0.02749449032038528
relu,73f0d37f-d085-4836-a854-9ccadc17e034,final_norm,6,rel_update,0.0012200093757199733
relu,73f0d37f-d085-4836-a854-9ccadc17e034,blocks.layers.3.linear2,6,grad_l2,0.04338790903224477
relu,73f0d37f-d085-4836-a854-9ccadc17e034,blocks.layers.3.linear2,6,rel_update,0.00210619628938354
relu,73f0d37f-d085-4836-a854-9ccadc17e034,blocks.layers.3.linear1,6,grad_l2,0.04460338133611899
relu,73f0d37f-d085-4836-a854-9ccadc17e034,blocks.layers.3.linear1,6,rel_update,0.0021607131486503514
relu,73f0d37f-d085-4836-a854-9ccadc17e034,blocks.layers.3.norm2,6,grad_l2,0.004923998262647139
relu,73f0d37f-d085-4836-a854-9ccadc17e034,blocks.layers.3.norm2,6,rel_update,0.0001867992698999233
relu,73f0d37f-d085-4836-a854-9ccadc17e034,blocks.layers.3.self_attn,6,grad_l2,0.04053198344984507
relu,73f0d37f-d085-4836-a854-9ccadc17e034,blocks.layers.3.self_attn,6,rel_update,0.0020331328984234858
relu,73f0d37f-d085-4836-a854-9ccadc17e034,blocks.layers.3.norm1,6,grad_l2,0.004157738244045587
relu,73f0d37f-d085-4836-a854-9ccadc17e034,blocks.layers.3.norm1,6,rel_update,0.00014682183437742606
relu,73f0d37f-d085-4836-a854-9ccadc17e034,blocks.layers.2.linear2,6,grad_l2,0.038551774190760155
relu,73f0d37f-d085-4836-a854-9ccadc17e034,blocks.layers.2.linear2,6,rel_update,0.0018659770990750015
relu,73f0d37f-d085-4836-a854-9ccadc17e034,blocks.layers.2.linear1,6,grad_l2,0.038792512403304356
relu,73f0d37f-d085-4836-a854-9ccadc17e034,blocks.layers.2.linear1,6,rel_update,0.0018742429827165038
relu,73f0d37f-d085-4836-a854-9ccadc17e034,blocks.layers.2.norm2,6,grad_l2,0.0030220549489062146
relu,73f0d37f-d085-4836-a854-9ccadc17e034,blocks.layers.2.norm2,6,rel_update,0.00011830094418946262
relu,73f0d37f-d085-4836-a854-9ccadc17e034,blocks.layers.2.self_attn,6,grad_l2,0.04341231504519883
relu,73f0d37f-d085-4836-a854-9ccadc17e034,blocks.layers.2.self_attn,6,rel_update,0.0021835334984304363
relu,73f0d37f-d085-4836-a854-9ccadc17e034,blocks.layers.2.norm1,6,grad_l2,0.004144315686994242
relu,73f0d37f-d085-4836-a854-9ccadc17e034,blocks.layers.2.norm1,6,rel_update,0.00014319897962706434
relu,73f0d37f-d085-4836-a854-9ccadc17e034,blocks.layers.1.linear2,6,grad_l2,0.04478662694102588
relu,73f0d37f-d085-4836-a854-9ccadc17e034,blocks.layers.1.linear2,6,rel_update,0.002179592555440998
relu,73f0d37f-d085-4836-a854-9ccadc17e034,blocks.layers.1.linear1,6,grad_l2,0.0446647819607024
relu,73f0d37f-d085-4836-a854-9ccadc17e034,blocks.layers.1.linear1,6,rel_update,0.0021711479953663753
relu,73f0d37f-d085-4836-a854-9ccadc17e034,blocks.layers.1.norm2,6,grad_l2,0.0037086003062298326
relu,73f0d37f-d085-4836-a854-9ccadc17e034,blocks.layers.1.norm2,6,rel_update,0.00014480677318067547
relu,73f0d37f-d085-4836-a854-9ccadc17e034,blocks.layers.1.self_attn,6,grad_l2,0.0495453721012482
relu,73f0d37f-d085-4836-a854-9ccadc17e034,blocks.layers.1.self_attn,6,rel_update,0.002496082247728998
relu,73f0d37f-d085-4836-a854-9ccadc17e034,blocks.layers.1.norm1,6,grad_l2,0.0051855037909799406
relu,73f0d37f-d085-4836-a854-9ccadc17e034,blocks.layers.1.norm1,6,rel_update,0.00016068004515364117
relu,73f0d37f-d085-4836-a854-9ccadc17e034,blocks.layers.0.linear2,6,grad_l2,0.0908403755585702
relu,73f0d37f-d085-4836-a854-9ccadc17e034,blocks.layers.0.linear2,6,rel_update,0.004362006253572215
relu,73f0d37f-d085-4836-a854-9ccadc17e034,blocks.layers.0.linear1,6,grad_l2,0.07920959276616343
relu,73f0d37f-d085-4836-a854-9ccadc17e034,blocks.layers.0.linear1,6,rel_update,0.0037627369710421855
relu,73f0d37f-d085-4836-a854-9ccadc17e034,blocks.layers.0.norm2,6,grad_l2,0.008813789442152236
relu,73f0d37f-d085-4836-a854-9ccadc17e034,blocks.layers.0.norm2,6,rel_update,0.0003230298193344522
relu,73f0d37f-d085-4836-a854-9ccadc17e034,blocks.layers.0.self_attn,6,grad_l2,0.1458977194672642
relu,73f0d37f-d085-4836-a854-9ccadc17e034,blocks.layers.0.self_attn,6,rel_update,0.007117065995608585
relu,73f0d37f-d085-4836-a854-9ccadc17e034,blocks.layers.0.norm1,6,grad_l2,0.026703162133772832
relu,73f0d37f-d085-4836-a854-9ccadc17e034,blocks.layers.0.norm1,6,rel_update,0.0004557619780120737
relu,73f0d37f-d085-4836-a854-9ccadc17e034,lm_head,7,grad_l2,0.3444784895990879
relu,73f0d37f-d085-4836-a854-9ccadc17e034,lm_head,7,rel_update,0.005812194300159502
relu,73f0d37f-d085-4836-a854-9ccadc17e034,final_norm,7,grad_l2,0.026904205767356706
relu,73f0d37f-d085-4836-a854-9ccadc17e034,final_norm,7,rel_update,0.0011889155757622155
relu,73f0d37f-d085-4836-a854-9ccadc17e034,blocks.layers.3.linear2,7,grad_l2,0.04487574112368881
relu,73f0d37f-d085-4836-a854-9ccadc17e034,blocks.layers.3.linear2,7,rel_update,0.0021777710863560415
relu,73f0d37f-d085-4836-a854-9ccadc17e034,blocks.layers.3.linear1,7,grad_l2,0.04684690695962683
relu,73f0d37f-d085-4836-a854-9ccadc17e034,blocks.layers.3.linear1,7,rel_update,0.002267861285925495
relu,73f0d37f-d085-4836-a854-9ccadc17e034,blocks.layers.3.norm2,7,grad_l2,0.005071213636147592
relu,73f0d37f-d085-4836-a854-9ccadc17e034,blocks.layers.3.norm2,7,rel_update,0.0001967402884989217
relu,73f0d37f-d085-4836-a854-9ccadc17e034,blocks.layers.3.self_attn,7,grad_l2,0.04279200044307666
relu,73f0d37f-d085-4836-a854-9ccadc17e034,blocks.layers.3.self_attn,7,rel_update,0.0021434501956237068
relu,73f0d37f-d085-4836-a854-9ccadc17e034,blocks.layers.3.norm1,7,grad_l2,0.004340161161358707
relu,73f0d37f-d085-4836-a854-9ccadc17e034,blocks.layers.3.norm1,7,rel_update,0.00015698862908482177
relu,73f0d37f-d085-4836-a854-9ccadc17e034,blocks.layers.2.linear2,7,grad_l2,0.039719609487442284
relu,73f0d37f-d085-4836-a854-9ccadc17e034,blocks.layers.2.linear2,7,rel_update,0.0019209158299418236
relu,73f0d37f-d085-4836-a854-9ccadc17e034,blocks.layers.2.linear1,7,grad_l2,0.040745818659335895
relu,73f0d37f-d085-4836-a854-9ccadc17e034,blocks.layers.2.linear1,7,rel_update,0.0019666210608487067
relu,73f0d37f-d085-4836-a854-9ccadc17e034,blocks.layers.2.norm2,7,grad_l2,0.003106910345630383
relu,73f0d37f-d085-4836-a854-9ccadc17e034,blocks.layers.2.norm2,7,rel_update,0.00012327075734894975
relu,73f0d37f-d085-4836-a854-9ccadc17e034,blocks.layers.2.self_attn,7,grad_l2,0.04589421652827677
relu,73f0d37f-d085-4836-a854-9ccadc17e034,blocks.layers.2.self_attn,7,rel_update,0.0023064330137282578
relu,73f0d37f-d085-4836-a854-9ccadc17e034,blocks.layers.2.norm1,7,grad_l2,0.004320541605032166
relu,73f0d37f-d085-4836-a854-9ccadc17e034,blocks.layers.2.norm1,7,rel_update,0.00015296342941742894
relu,73f0d37f-d085-4836-a854-9ccadc17e034,blocks.layers.1.linear2,7,grad_l2,0.04591457088572632
relu,73f0d37f-d085-4836-a854-9ccadc17e034,blocks.layers.1.linear2,7,rel_update,0.0022342541689553672
relu,73f0d37f-d085-4836-a854-9ccadc17e034,blocks.layers.1.linear1,7,grad_l2,0.046893666607141914
relu,73f0d37f-d085-4836-a854-9ccadc17e034,blocks.layers.1.linear1,7,rel_update,0.0022791235465606683
relu,73f0d37f-d085-4836-a854-9ccadc17e034,blocks.layers.1.norm2,7,grad_l2,0.003800853504679178
relu,73f0d37f-d085-4836-a854-9ccadc17e034,blocks.layers.1.norm2,7,rel_update,0.00015057570085529759
relu,73f0d37f-d085-4836-a854-9ccadc17e034,blocks.layers.1.self_attn,7,grad_l2,0.05185513834494505
relu,73f0d37f-d085-4836-a854-9ccadc17e034,blocks.layers.1.self_attn,7,rel_update,0.0026128198124307704
relu,73f0d37f-d085-4836-a854-9ccadc17e034,blocks.layers.1.norm1,7,grad_l2,0.005349689601574901
relu,73f0d37f-d085-4836-a854-9ccadc17e034,blocks.layers.1.norm1,7,rel_update,0.00016846114690279677
relu,73f0d37f-d085-4836-a854-9ccadc17e034,blocks.layers.0.linear2,7,grad_l2,0.09406545194999621
relu,73f0d37f-d085-4836-a854-9ccadc17e034,blocks.layers.0.linear2,7,rel_update,0.0045128911884811974
relu,73f0d37f-d085-4836-a854-9ccadc17e034,blocks.layers.0.linear1,7,grad_l2,0.08401921851739425
relu,73f0d37f-d085-4836-a854-9ccadc17e034,blocks.layers.0.linear1,7,rel_update,0.003987305286648337
relu,73f0d37f-d085-4836-a854-9ccadc17e034,blocks.layers.0.norm2,7,grad_l2,0.009086265167413902
relu,73f0d37f-d085-4836-a854-9ccadc17e034,blocks.layers.0.norm2,7,rel_update,0.0003394499634494788
relu,73f0d37f-d085-4836-a854-9ccadc17e034,blocks.layers.0.self_attn,7,grad_l2,0.15410649439667126
relu,73f0d37f-d085-4836-a854-9ccadc17e034,blocks.layers.0.self_attn,7,rel_update,0.007491596015936048
relu,73f0d37f-d085-4836-a854-9ccadc17e034,blocks.layers.0.norm1,7,grad_l2,0.027101404978172622
relu,73f0d37f-d085-4836-a854-9ccadc17e034,blocks.layers.0.norm1,7,rel_update,0.0004824601647173142
relu,73f0d37f-d085-4836-a854-9ccadc17e034,lm_head,8,grad_l2,0.3348729404926111
relu,73f0d37f-d085-4836-a854-9ccadc17e034,lm_head,8,rel_update,0.005305114087345007
relu,73f0d37f-d085-4836-a854-9ccadc17e034,final_norm,8,grad_l2,0.026485056889197587
relu,73f0d37f-d085-4836-a854-9ccadc17e034,final_norm,8,rel_update,0.0011664722115298357
relu,73f0d37f-d085-4836-a854-9ccadc17e034,blocks.layers.3.linear2,8,grad_l2,0.04601024808615901
relu,73f0d37f-d085-4836-a854-9ccadc17e034,blocks.layers.3.linear2,8,rel_update,0.0022323486147976606
relu,73f0d37f-d085-4836-a854-9ccadc17e034,blocks.layers.3.linear1,8,grad_l2,0.04864330425440476
relu,73f0d37f-d085-4836-a854-9ccadc17e034,blocks.layers.3.linear1,8,rel_update,0.002353683749393434
relu,73f0d37f-d085-4836-a854-9ccadc17e034,blocks.layers.3.norm2,8,grad_l2,0.005176979804719593
relu,73f0d37f-d085-4836-a854-9ccadc17e034,blocks.layers.3.norm2,8,rel_update,0.00020394286430478755
relu,73f0d37f-d085-4836-a854-9ccadc17e034,blocks.layers.3.self_attn,8,grad_l2,0.04449072244402012
relu,73f0d37f-d085-4836-a854-9ccadc17e034,blocks.layers.3.self_attn,8,rel_update,0.002226170721472655
relu,73f0d37f-d085-4836-a854-9ccadc17e034,blocks.layers.3.norm1,8,grad_l2,0.004461405523826854
relu,73f0d37f-d085-4836-a854-9ccadc17e034,blocks.layers.3.norm1,8,rel_update,0.0001644778063679518
relu,73f0d37f-d085-4836-a854-9ccadc17e034,blocks.layers.2.linear2,8,grad_l2,0.040594012614631775
relu,73f0d37f-d085-4836-a854-9ccadc17e034,blocks.layers.2.linear2,8,rel_update,0.0019620430888097782
relu,73f0d37f-d085-4836-a854-9ccadc17e034,blocks.layers.2.linear1,8,grad_l2,0.04233520687287153
relu,73f0d37f-d085-4836-a854-9ccadc17e034,blocks.layers.2.linear1,8,rel_update,0.00204183236767511
relu,73f0d37f-d085-4836-a854-9ccadc17e034,blocks.layers.2.norm2,8,grad_l2,0.0031699444914869276
relu,73f0d37f-d085-4836-a854-9ccadc17e034,blocks.layers.2.norm2,8,rel_update,0.00012730120678998113
relu,73f0d37f-d085-4836-a854-9ccadc17e034,blocks.layers.2.self_attn,8,grad_l2,0.04782156431127064
relu,73f0d37f-d085-4836-a854-9ccadc17e034,blocks.layers.2.self_attn,8,rel_update,0.002401822062752463
relu,73f0d37f-d085-4836-a854-9ccadc17e034,blocks.layers.2.norm1,8,grad_l2,0.0044441913056924
relu,73f0d37f-d085-4836-a854-9ccadc17e034,blocks.layers.2.norm1,8,rel_update,0.00016053526084393993
relu,73f0d37f-d085-4836-a854-9ccadc17e034,blocks.layers.1.linear2,8,grad_l2,0.046753814218034914
relu,73f0d37f-d085-4836-a854-9ccadc17e034,blocks.layers.1.linear2,8,rel_update,0.002275136106027693
relu,73f0d37f-d085-4836-a854-9ccadc17e034,blocks.layers.1.linear1,8,grad_l2,0.04872725165266411
relu,73f0d37f-d085-4836-a854-9ccadc17e034,blocks.layers.1.linear1,8,rel_update,0.0023681045345327104
relu,73f0d37f-d085-4836-a854-9ccadc17e034,blocks.layers.1.norm2,8,grad_l2,0.0038673094022305026
relu,73f0d37f-d085-4836-a854-9ccadc17e034,blocks.layers.1.norm2,8,rel_update,0.00015521792600012857
relu,73f0d37f-d085-4836-a854-9ccadc17e034,blocks.layers.1.self_attn,8,grad_l2,0.053651079401504466
relu,73f0d37f-d085-4836-a854-9ccadc17e034,blocks.layers.1.self_attn,8,rel_update,0.0027038898097045774
relu,73f0d37f-d085-4836-a854-9ccadc17e034,blocks.layers.1.norm1,8,grad_l2,0.005457364836348258
relu,73f0d37f-d085-4836-a854-9ccadc17e034,blocks.layers.1.norm1,8,rel_update,0.00017464202677510205
relu,73f0d37f-d085-4836-a854-9ccadc17e034,blocks.layers.0.linear2,8,grad_l2,0.09643738119486356
relu,73f0d37f-d085-4836-a854-9ccadc17e034,blocks.layers.0.linear2,8,rel_update,0.004623992403040929
relu,73f0d37f-d085-4836-a854-9ccadc17e034,blocks.layers.0.linear1,8,grad_l2,0.08797464730524271
relu,73f0d37f-d085-4836-a854-9ccadc17e034,blocks.layers.0.linear1,8,rel_update,0.004172397656713201
relu,73f0d37f-d085-4836-a854-9ccadc17e034,blocks.layers.0.norm2,8,grad_l2,0.009273578945642345
relu,73f0d37f-d085-4836-a854-9ccadc17e034,blocks.layers.0.norm2,8,rel_update,0.0003526992244217055
relu,73f0d37f-d085-4836-a854-9ccadc17e034,blocks.layers.0.self_attn,8,grad_l2,0.160754763348707
relu,73f0d37f-d085-4836-a854-9ccadc17e034,blocks.layers.0.self_attn,8,rel_update,0.007794059736875822
relu,73f0d37f-d085-4836-a854-9ccadc17e034,blocks.layers.0.norm1,8,grad_l2,0.027249342601656738
relu,73f0d37f-d085-4836-a854-9ccadc17e034,blocks.layers.0.norm1,8,rel_update,0.000504802715878751
relu,73f0d37f-d085-4836-a854-9ccadc17e034,lm_head,9,grad_l2,0.327065917499549
relu,73f0d37f-d085-4836-a854-9ccadc17e034,lm_head,9,rel_update,0.004898546869463988
relu,73f0d37f-d085-4836-a854-9ccadc17e034,final_norm,9,grad_l2,0.026143660241104556
relu,73f0d37f-d085-4836-a854-9ccadc17e034,final_norm,9,rel_update,0.001149589118448414
relu,73f0d37f-d085-4836-a854-9ccadc17e034,blocks.layers.3.linear2,9,grad_l2,0.04670483376409072
relu,73f0d37f-d085-4836-a854-9ccadc17e034,blocks.layers.3.linear2,9,rel_update,0.002265872070740451
relu,73f0d37f-d085-4836-a854-9ccadc17e034,blocks.layers.3.linear1,9,grad_l2,0.05002664601466623
relu,73f0d37f-d085-4836-a854-9ccadc17e034,blocks.layers.3.linear1,9,rel_update,0.002419802647152384
relu,73f0d37f-d085-4836-a854-9ccadc17e034,blocks.layers.3.norm2,9,grad_l2,0.00521384299599723
relu,73f0d37f-d085-4836-a854-9ccadc17e034,blocks.layers.3.norm2,9,rel_update,0.0002091331163513744
relu,73f0d37f-d085-4836-a854-9ccadc17e034,blocks.layers.3.self_attn,9,grad_l2,0.04569456384768288
relu,73f0d37f-d085-4836-a854-9ccadc17e034,blocks.layers.3.self_attn,9,rel_update,0.002284665342567637
relu,73f0d37f-d085-4836-a854-9ccadc17e034,blocks.layers.3.norm1,9,grad_l2,0.004526841845625083
relu,73f0d37f-d085-4836-a854-9ccadc17e034,blocks.layers.3.norm1,9,rel_update,0.0001697173120774669
relu,73f0d37f-d085-4836-a854-9ccadc17e034,blocks.layers.2.linear2,9,grad_l2,0.04120100851853143
relu,73f0d37f-d085-4836-a854-9ccadc17e034,blocks.layers.2.linear2,9,rel_update,0.001990602673042535
relu,73f0d37f-d085-4836-a854-9ccadc17e034,blocks.layers.2.linear1,9,grad_l2,0.0435928989720752
relu,73f0d37f-d085-4836-a854-9ccadc17e034,blocks.layers.2.linear1,9,rel_update,0.002101355135775705
relu,73f0d37f-d085-4836-a854-9ccadc17e034,blocks.layers.2.norm2,9,grad_l2,0.0032133211735072436
relu,73f0d37f-d085-4836-a854-9ccadc17e034,blocks.layers.2.norm2,9,rel_update,0.00013049125103261702
relu,73f0d37f-d085-4836-a854-9ccadc17e034,blocks.layers.2.self_attn,9,grad_l2,0.04923958027192592
relu,73f0d37f-d085-4836-a854-9ccadc17e034,blocks.layers.2.self_attn,9,rel_update,0.0024719650440756563
relu,73f0d37f-d085-4836-a854-9ccadc17e034,blocks.layers.2.norm1,9,grad_l2,0.004522515419917228
relu,73f0d37f-d085-4836-a854-9ccadc17e034,blocks.layers.2.norm1,9,rel_update,0.00016610685528614408
relu,73f0d37f-d085-4836-a854-9ccadc17e034,blocks.layers.1.linear2,9,grad_l2,0.047344525106951744
relu,73f0d37f-d085-4836-a854-9ccadc17e034,blocks.layers.1.linear2,9,rel_update,0.0023040728575676184
relu,73f0d37f-d085-4836-a854-9ccadc17e034,blocks.layers.1.linear1,9,grad_l2,0.05017996398908783
relu,73f0d37f-d085-4836-a854-9ccadc17e034,blocks.layers.1.linear1,9,rel_update,0.0024386561884233438
relu,73f0d37f-d085-4836-a854-9ccadc17e034,blocks.layers.1.norm2,9,grad_l2,0.003913028813730187
relu,73f0d37f-d085-4836-a854-9ccadc17e034,blocks.layers.1.norm2,9,rel_update,0.0001588177680725436
relu,73f0d37f-d085-4836-a854-9ccadc17e034,blocks.layers.1.self_attn,9,grad_l2,0.05500000822057403
relu,73f0d37f-d085-4836-a854-9ccadc17e034,blocks.layers.1.self_attn,9,rel_update,0.0027724639763693753
relu,73f0d37f-d085-4836-a854-9ccadc17e034,blocks.layers.1.norm1,9,grad_l2,0.005520774417838532
relu,73f0d37f-d085-4836-a854-9ccadc17e034,blocks.layers.1.norm1,9,rel_update,0.0001792628271910113
relu,73f0d37f-d085-4836-a854-9ccadc17e034,blocks.layers.0.linear2,9,grad_l2,0.0981400271430987
relu,73f0d37f-d085-4836-a854-9ccadc17e034,blocks.layers.0.linear2,9,rel_update,0.004703689573261543
relu,73f0d37f-d085-4836-a854-9ccadc17e034,blocks.layers.0.linear1,9,grad_l2,0.09112107752998833
relu,73f0d37f-d085-4836-a854-9ccadc17e034,blocks.layers.0.linear1,9,rel_update,0.004319744049601603
relu,73f0d37f-d085-4836-a854-9ccadc17e034,blocks.layers.0.norm2,9,grad_l2,0.00939893089978148
relu,73f0d37f-d085-4836-a854-9ccadc17e034,blocks.layers.0.norm2,9,rel_update,0.00036303789948188126
relu,73f0d37f-d085-4836-a854-9ccadc17e034,blocks.layers.0.self_attn,9,grad_l2,0.16603393988841258
relu,73f0d37f-d085-4836-a854-9ccadc17e034,blocks.layers.0.self_attn,9,rel_update,0.008034351635729528
relu,73f0d37f-d085-4836-a854-9ccadc17e034,blocks.layers.0.norm1,9,grad_l2,0.027270241216229105
relu,73f0d37f-d085-4836-a854-9ccadc17e034,blocks.layers.0.norm1,9,rel_update,0.0005232746136438526
relu,5618112f-1004-412b-9bed-785c73a6bae1,lm_head,0,grad_l2,0.9717249907950913
relu,5618112f-1004-412b-9bed-785c73a6bae1,lm_head,0,rel_update,0.03527409574796436
relu,5618112f-1004-412b-9bed-785c73a6bae1,final_norm,0,grad_l2,0.06282111731010077
relu,5618112f-1004-412b-9bed-785c73a6bae1,final_norm,0,rel_update,0.002862743437727324
relu,5618112f-1004-412b-9bed-785c73a6bae1,blocks.layers.3.linear2,0,grad_l2,0.017341091767709333
relu,5618112f-1004-412b-9bed-785c73a6bae1,blocks.layers.3.linear2,0,rel_update,0.0008525060345246186
relu,5618112f-1004-412b-9bed-785c73a6bae1,blocks.layers.3.linear1,0,grad_l2,0.01642296905844148
relu,5618112f-1004-412b-9bed-785c73a6bae1,blocks.layers.3.linear1,0,rel_update,0.000809726615878354
relu,5618112f-1004-412b-9bed-785c73a6bae1,blocks.layers.3.norm2,0,grad_l2,0.0010947159025768063
relu,5618112f-1004-412b-9bed-785c73a6bae1,blocks.layers.3.norm2,0,rel_update,4.433872131388021e-05
relu,5618112f-1004-412b-9bed-785c73a6bae1,blocks.layers.3.self_attn,0,grad_l2,0.019304620009765072
relu,5618112f-1004-412b-9bed-785c73a6bae1,blocks.layers.3.self_attn,0,rel_update,0.000981694067324765
relu,5618112f-1004-412b-9bed-785c73a6bae1,blocks.layers.3.norm1,0,grad_l2,0.001535229994009659
relu,5618112f-1004-412b-9bed-785c73a6bae1,blocks.layers.3.norm1,0,rel_update,5.8081653125049285e-05
relu,5618112f-1004-412b-9bed-785c73a6bae1,blocks.layers.2.linear2,0,grad_l2,0.01972019194473729
relu,5618112f-1004-412b-9bed-785c73a6bae1,blocks.layers.2.linear2,0,rel_update,0.0009699679910274793
relu,5618112f-1004-412b-9bed-785c73a6bae1,blocks.layers.2.linear1,0,grad_l2,0.017592245225283
relu,5618112f-1004-412b-9bed-785c73a6bae1,blocks.layers.2.linear1,0,rel_update,0.0008656410903400588
relu,5618112f-1004-412b-9bed-785c73a6bae1,blocks.layers.2.norm2,0,grad_l2,0.001261773998683461
relu,5618112f-1004-412b-9bed-785c73a6bae1,blocks.layers.2.norm2,0,rel_update,4.895788346850773e-05
relu,5618112f-1004-412b-9bed-785c73a6bae1,blocks.layers.2.self_attn,0,grad_l2,0.020057002977325638
relu,5618112f-1004-412b-9bed-785c73a6bae1,blocks.layers.2.self_attn,0,rel_update,0.0010191190438010227
relu,5618112f-1004-412b-9bed-785c73a6bae1,blocks.layers.2.norm1,0,grad_l2,0.0017391620159389908
relu,5618112f-1004-412b-9bed-785c73a6bae1,blocks.layers.2.norm1,0,rel_update,6.054745824190185e-05
relu,5618112f-1004-412b-9bed-785c73a6bae1,blocks.layers.1.linear2,0,grad_l2,0.024683512724340842
relu,5618112f-1004-412b-9bed-785c73a6bae1,blocks.layers.1.linear2,0,rel_update,0.0012124973188240025
relu,5618112f-1004-412b-9bed-785c73a6bae1,blocks.layers.1.linear1,0,grad_l2,0.020226380653139933
relu,5618112f-1004-412b-9bed-785c73a6bae1,blocks.layers.1.linear1,0,rel_update,0.0009941978613331537
relu,5618112f-1004-412b-9bed-785c73a6bae1,blocks.layers.1.norm2,0,grad_l2,0.0016202303811084522
relu,5618112f-1004-412b-9bed-785c73a6bae1,blocks.layers.1.norm2,0,rel_update,6.109145753271616e-05
relu,5618112f-1004-412b-9bed-785c73a6bae1,blocks.layers.1.self_attn,0,grad_l2,0.024323721513740057
relu,5618112f-1004-412b-9bed-785c73a6bae1,blocks.layers.1.self_attn,0,rel_update,0.0012339733388712227
relu,5618112f-1004-412b-9bed-785c73a6bae1,blocks.layers.1.norm1,0,grad_l2,0.0022968144132580366
relu,5618112f-1004-412b-9bed-785c73a6bae1,blocks.layers.1.norm1,0,rel_update,7.211473214438976e-05
relu,5618112f-1004-412b-9bed-785c73a6bae1,blocks.layers.0.linear2,0,grad_l2,0.036331689298995315
relu,5618112f-1004-412b-9bed-785c73a6bae1,blocks.layers.0.linear2,0,rel_update,0.0017820290853926416
relu,5618112f-1004-412b-9bed-785c73a6bae1,blocks.layers.0.linear1,0,grad_l2,0.024315094182186275
relu,5618112f-1004-412b-9bed-785c73a6bae1,blocks.layers.0.linear1,0,rel_update,0.0011891170546252
relu,5618112f-1004-412b-9bed-785c73a6bae1,blocks.layers.0.norm2,0,grad_l2,0.0027689555900322804
relu,5618112f-1004-412b-9bed-785c73a6bae1,blocks.layers.0.norm2,0,rel_update,9.173514447895028e-05
relu,5618112f-1004-412b-9bed-785c73a6bae1,blocks.layers.0.self_attn,0,grad_l2,0.03927774965471704
relu,5618112f-1004-412b-9bed-785c73a6bae1,blocks.layers.0.self_attn,0,rel_update,0.0019226472412514157
relu,5618112f-1004-412b-9bed-785c73a6bae1,blocks.layers.0.norm1,0,grad_l2,0.008056741573357461
relu,5618112f-1004-412b-9bed-785c73a6bae1,blocks.layers.0.norm1,0,rel_update,0.00012661356529413632
relu,5618112f-1004-412b-9bed-785c73a6bae1,lm_head,1,grad_l2,0.6094279787983758
relu,5618112f-1004-412b-9bed-785c73a6bae1,lm_head,1,rel_update,0.018996564104393147
relu,5618112f-1004-412b-9bed-785c73a6bae1,final_norm,1,grad_l2,0.040600493223867405
relu,5618112f-1004-412b-9bed-785c73a6bae1,final_norm,1,rel_update,0.0018840080716874047
relu,5618112f-1004-412b-9bed-785c73a6bae1,blocks.layers.3.linear2,1,grad_l2,0.02151383328229002
relu,5618112f-1004-412b-9bed-785c73a6bae1,blocks.layers.3.linear2,1,rel_update,0.0010516250322882778
relu,5618112f-1004-412b-9bed-785c73a6bae1,blocks.layers.3.linear1,1,grad_l2,0.021949277019807565
relu,5618112f-1004-412b-9bed-785c73a6bae1,blocks.layers.3.linear1,1,rel_update,0.0010759663320281721
relu,5618112f-1004-412b-9bed-785c73a6bae1,blocks.layers.3.norm2,1,grad_l2,0.001733537357850998
relu,5618112f-1004-412b-9bed-785c73a6bae1,blocks.layers.3.norm2,1,rel_update,6.9141421662216e-05
relu,5618112f-1004-412b-9bed-785c73a6bae1,blocks.layers.3.self_attn,1,grad_l2,0.021351614999927444
relu,5618112f-1004-412b-9bed-785c73a6bae1,blocks.layers.3.self_attn,1,rel_update,0.0010834393193487257
relu,5618112f-1004-412b-9bed-785c73a6bae1,blocks.layers.3.norm1,1,grad_l2,0.0019664157236524513
relu,5618112f-1004-412b-9bed-785c73a6bae1,blocks.layers.3.norm1,1,rel_update,6.48271118219871e-05
relu,5618112f-1004-412b-9bed-785c73a6bae1,blocks.layers.2.linear2,1,grad_l2,0.024326132156125252
relu,5618112f-1004-412b-9bed-785c73a6bae1,blocks.layers.2.linear2,1,rel_update,0.0011904356848088781
relu,5618112f-1004-412b-9bed-785c73a6bae1,blocks.layers.2.linear1,1,grad_l2,0.023084987746125704
relu,5618112f-1004-412b-9bed-785c73a6bae1,blocks.layers.2.linear1,1,rel_update,0.001129571721004564
relu,5618112f-1004-412b-9bed-785c73a6bae1,blocks.layers.2.norm2,1,grad_l2,0.00185224719141507
relu,5618112f-1004-412b-9bed-785c73a6bae1,blocks.layers.2.norm2,1,rel_update,7.053471077528631e-05
relu,5618112f-1004-412b-9bed-785c73a6bae1,blocks.layers.2.self_attn,1,grad_l2,0.023210563603197717
relu,5618112f-1004-412b-9bed-785c73a6bae1,blocks.layers.2.self_attn,1,rel_update,0.00117642471627217
relu,5618112f-1004-412b-9bed-785c73a6bae1,blocks.layers.2.norm1,1,grad_l2,0.0022718307335085736
relu,5618112f-1004-412b-9bed-785c73a6bae1,blocks.layers.2.norm1,1,rel_update,7.038926198778297e-05
relu,5618112f-1004-412b-9bed-785c73a6bae1,blocks.layers.1.linear2,1,grad_l2,0.03031802929354263
relu,5618112f-1004-412b-9bed-785c73a6bae1,blocks.layers.1.linear2,1,rel_update,0.0014831273893024602
relu,5618112f-1004-412b-9bed-785c73a6bae1,blocks.layers.1.linear1,1,grad_l2,0.026596579019761573
relu,5618112f-1004-412b-9bed-785c73a6bae1,blocks.layers.1.linear1,1,rel_update,0.0013005502252949157
relu,5618112f-1004-412b-9bed-785c73a6bae1,blocks.layers.1.norm2,1,grad_l2,0.0023859741897121235
relu,5618112f-1004-412b-9bed-785c73a6bae1,blocks.layers.1.norm2,1,rel_update,8.86989207627608e-05
relu,5618112f-1004-412b-9bed-785c73a6bae1,blocks.layers.1.self_attn,1,grad_l2,0.030260057565317827
relu,5618112f-1004-412b-9bed-785c73a6bae1,blocks.layers.1.self_attn,1,rel_update,0.0015329074910673394
relu,5618112f-1004-412b-9bed-785c73a6bae1,blocks.layers.1.norm1,1,grad_l2,0.003047570470455433
relu,5618112f-1004-412b-9bed-785c73a6bae1,blocks.layers.1.norm1,1,rel_update,9.210884095648656e-05
relu,5618112f-1004-412b-9bed-785c73a6bae1,blocks.layers.0.linear2,1,grad_l2,0.051534096181603255
relu,5618112f-1004-412b-9bed-785c73a6bae1,blocks.layers.0.linear2,1,rel_update,0.0025115682146594712
relu,5618112f-1004-412b-9bed-785c73a6bae1,blocks.layers.0.linear1,1,grad_l2,0.03968020290547927
relu,5618112f-1004-412b-9bed-785c73a6bae1,blocks.layers.0.linear1,1,rel_update,0.0019235182276111306
relu,5618112f-1004-412b-9bed-785c73a6bae1,blocks.layers.0.norm2,1,grad_l2,0.004874448094128987
relu,5618112f-1004-412b-9bed-785c73a6bae1,blocks.layers.0.norm2,1,rel_update,0.0001662556735940635
relu,5618112f-1004-412b-9bed-785c73a6bae1,blocks.layers.0.self_attn,1,grad_l2,0.0753897569627287
relu,5618112f-1004-412b-9bed-785c73a6bae1,blocks.layers.0.self_attn,1,rel_update,0.0037456769079063216
relu,5618112f-1004-412b-9bed-785c73a6bae1,blocks.layers.0.norm1,1,grad_l2,0.014504906454454514
relu,5618112f-1004-412b-9bed-785c73a6bae1,blocks.layers.0.norm1,1,rel_update,0.00023586801264584086
relu,5618112f-1004-412b-9bed-785c73a6bae1,lm_head,2,grad_l2,0.49021888716082274
relu,5618112f-1004-412b-9bed-785c73a6bae1,lm_head,2,rel_update,0.013280151657198293
relu,5618112f-1004-412b-9bed-785c73a6bae1,final_norm,2,grad_l2,0.03378995576740423
relu,5618112f-1004-412b-9bed-785c73a6bae1,final_norm,2,rel_update,0.0015611619172465224
relu,5618112f-1004-412b-9bed-785c73a6bae1,blocks.layers.3.linear2,2,grad_l2,0.027640693416452596
relu,5618112f-1004-412b-9bed-785c73a6bae1,blocks.layers.3.linear2,2,rel_update,0.0013458457452933672
relu,5618112f-1004-412b-9bed-785c73a6bae1,blocks.layers.3.linear1,2,grad_l2,0.02826836763435811
relu,5618112f-1004-412b-9bed-785c73a6bae1,blocks.layers.3.linear1,2,rel_update,0.0013791489205634948
relu,5618112f-1004-412b-9bed-785c73a6bae1,blocks.layers.3.norm2,2,grad_l2,0.002610758106236471
relu,5618112f-1004-412b-9bed-785c73a6bae1,blocks.layers.3.norm2,2,rel_update,0.0001001403701158281
relu,5618112f-1004-412b-9bed-785c73a6bae1,blocks.layers.3.self_attn,2,grad_l2,0.024971526947468087
relu,5618112f-1004-412b-9bed-785c73a6bae1,blocks.layers.3.self_attn,2,rel_update,0.0012643466194656224
relu,5618112f-1004-412b-9bed-785c73a6bae1,blocks.layers.3.norm1,2,grad_l2,0.002457133032747778
relu,5618112f-1004-412b-9bed-785c73a6bae1,blocks.layers.3.norm1,2,rel_update,7.776798894133684e-05
relu,5618112f-1004-412b-9bed-785c73a6bae1,blocks.layers.2.linear2,2,grad_l2,0.0287458942496642
relu,5618112f-1004-412b-9bed-785c73a6bae1,blocks.layers.2.linear2,2,rel_update,0.0014019475771436648
relu,5618112f-1004-412b-9bed-785c73a6bae1,blocks.layers.2.linear1,2,grad_l2,0.027539849947652847
relu,5618112f-1004-412b-9bed-785c73a6bae1,blocks.layers.2.linear1,2,rel_update,0.0013422194215530574
relu,5618112f-1004-412b-9bed-785c73a6bae1,blocks.layers.2.norm2,2,grad_l2,0.002298568077838587
relu,5618112f-1004-412b-9bed-785c73a6bae1,blocks.layers.2.norm2,2,rel_update,8.645555392477058e-05
relu,5618112f-1004-412b-9bed-785c73a6bae1,blocks.layers.2.self_attn,2,grad_l2,0.027218879495411456
relu,5618112f-1004-412b-9bed-785c73a6bae1,blocks.layers.2.self_attn,2,rel_update,0.0013767903324655294
relu,5618112f-1004-412b-9bed-785c73a6bae1,blocks.layers.2.norm1,2,grad_l2,0.0027965444724408774
relu,5618112f-1004-412b-9bed-785c73a6bae1,blocks.layers.2.norm1,2,rel_update,8.415681847806215e-05
relu,5618112f-1004-412b-9bed-785c73a6bae1,blocks.layers.1.linear2,2,grad_l2,0.03481911446694804
relu,5618112f-1004-412b-9bed-785c73a6bae1,blocks.layers.1.linear2,2,rel_update,0.0016992732372901936
relu,5618112f-1004-412b-9bed-785c73a6bae1,blocks.layers.1.linear1,2,grad_l2,0.03138931527348754
relu,5618112f-1004-412b-9bed-785c73a6bae1,blocks.layers.1.linear1,2,rel_update,0.0015303471676207639
relu,5618112f-1004-412b-9bed-785c73a6bae1,blocks.layers.1.norm2,2,grad_l2,0.002831124373877149
relu,5618112f-1004-412b-9bed-785c73a6bae1,blocks.layers.1.norm2,2,rel_update,0.00010537515169738385
relu,5618112f-1004-412b-9bed-785c73a6bae1,blocks.layers.1.self_attn,2,grad_l2,0.035620365588599004
relu,5618112f-1004-412b-9bed-785c73a6bae1,blocks.layers.1.self_attn,2,rel_update,0.0018037742531156647
relu,5618112f-1004-412b-9bed-785c73a6bae1,blocks.layers.1.norm1,2,grad_l2,0.0036318370143832578
relu,5618112f-1004-412b-9bed-785c73a6bae1,blocks.layers.1.norm1,2,rel_update,0.00011147225812113457
relu,5618112f-1004-412b-9bed-785c73a6bae1,blocks.layers.0.linear2,2,grad_l2,0.06290027600973692
relu,5618112f-1004-412b-9bed-785c73a6bae1,blocks.layers.0.linear2,2,rel_update,0.0030504979536020945
relu,5618112f-1004-412b-9bed-785c73a6bae1,blocks.layers.0.linear1,2,grad_l2,0.050475551033074606
relu,5618112f-1004-412b-9bed-785c73a6bae1,blocks.layers.0.linear1,2,rel_update,0.00243145917327917
relu,5618112f-1004-412b-9bed-785c73a6bae1,blocks.layers.0.norm2,2,grad_l2,0.0061887663335754295
relu,5618112f-1004-412b-9bed-785c73a6bae1,blocks.layers.0.norm2,2,rel_update,0.00021402330971657078
relu,5618112f-1004-412b-9bed-785c73a6bae1,blocks.layers.0.self_attn,2,grad_l2,0.09663451625017985
relu,5618112f-1004-412b-9bed-785c73a6bae1,blocks.layers.0.self_attn,2,rel_update,0.00480422633985361
relu,5618112f-1004-412b-9bed-785c73a6bae1,blocks.layers.0.norm1,2,grad_l2,0.018895095167878306
relu,5618112f-1004-412b-9bed-785c73a6bae1,blocks.layers.0.norm1,2,rel_update,0.0003001256966857628
relu,5618112f-1004-412b-9bed-785c73a6bae1,lm_head,3,grad_l2,0.431468701991004
relu,5618112f-1004-412b-9bed-785c73a6bae1,lm_head,3,rel_update,0.0103489476215523
relu,5618112f-1004-412b-9bed-785c73a6bae1,final_norm,3,grad_l2,0.030904746039862412
relu,5618112f-1004-412b-9bed-785c73a6bae1,final_norm,3,rel_update,0.0014030109824940207
relu,5618112f-1004-412b-9bed-785c73a6bae1,blocks.layers.3.linear2,3,grad_l2,0.033401707754409975
relu,5618112f-1004-412b-9bed-785c73a6bae1,blocks.layers.3.linear2,3,rel_update,0.0016218097782465066
relu,5618112f-1004-412b-9bed-785c73a6bae1,blocks.layers.3.linear1,3,grad_l2,0.03375067789498876
relu,5618112f-1004-412b-9bed-785c73a6bae1,blocks.layers.3.linear1,3,rel_update,0.0016411070518161186
relu,5618112f-1004-412b-9bed-785c73a6bae1,blocks.layers.3.norm2,3,grad_l2,0.0035346264339669127
relu,5618112f-1004-412b-9bed-785c73a6bae1,blocks.layers.3.norm2,3,rel_update,0.00012861511843394096
relu,5618112f-1004-412b-9bed-785c73a6bae1,blocks.layers.3.self_attn,3,grad_l2,0.02900491904561146
relu,5618112f-1004-412b-9bed-785c73a6bae1,blocks.layers.3.self_attn,3,rel_update,0.0014653037557165976
relu,5618112f-1004-412b-9bed-785c73a6bae1,blocks.layers.3.norm1,3,grad_l2,0.002979725220940302
relu,5618112f-1004-412b-9bed-785c73a6bae1,blocks.layers.3.norm1,3,rel_update,9.30572078188395e-05
relu,5618112f-1004-412b-9bed-785c73a6bae1,blocks.layers.2.linear2,3,grad_l2,0.03222763081512122
relu,5618112f-1004-412b-9bed-785c73a6bae1,blocks.layers.2.linear2,3,rel_update,0.0015674802634967737
relu,5618112f-1004-412b-9bed-785c73a6bae1,blocks.layers.2.linear1,3,grad_l2,0.031137364061516428
relu,5618112f-1004-412b-9bed-785c73a6bae1,blocks.layers.2.linear1,3,rel_update,0.001513061927456507
relu,5618112f-1004-412b-9bed-785c73a6bae1,blocks.layers.2.norm2,3,grad_l2,0.0026256944703069965
relu,5618112f-1004-412b-9bed-785c73a6bae1,blocks.layers.2.norm2,3,rel_update,9.77573292688922e-05
relu,5618112f-1004-412b-9bed-785c73a6bae1,blocks.layers.2.self_attn,3,grad_l2,0.031334964502587576
relu,5618112f-1004-412b-9bed-785c73a6bae1,blocks.layers.2.self_attn,3,rel_update,0.001582015998923426
relu,5618112f-1004-412b-9bed-785c73a6bae1,blocks.layers.2.norm1,3,grad_l2,0.0032682311733700686
relu,5618112f-1004-412b-9bed-785c73a6bae1,blocks.layers.2.norm1,3,rel_update,9.863115682964475e-05
relu,5618112f-1004-412b-9bed-785c73a6bae1,blocks.layers.1.linear2,3,grad_l2,0.03807359672219322
relu,5618112f-1004-412b-9bed-785c73a6bae1,blocks.layers.1.linear2,3,rel_update,0.001854648672546767
relu,5618112f-1004-412b-9bed-785c73a6bae1,blocks.layers.1.linear1,3,grad_l2,0.03523769080593893
relu,5618112f-1004-412b-9bed-785c73a6bae1,blocks.layers.1.linear1,3,rel_update,0.0017144377516078758
relu,5618112f-1004-412b-9bed-785c73a6bae1,blocks.layers.1.norm2,3,grad_l2,0.003135626700570105
relu,5618112f-1004-412b-9bed-785c73a6bae1,blocks.layers.1.norm2,3,rel_update,0.0001171448834710526
relu,5618112f-1004-412b-9bed-785c73a6bae1,blocks.layers.1.self_attn,3,grad_l2,0.04046348565904601
relu,5618112f-1004-412b-9bed-785c73a6bae1,blocks.layers.1.self_attn,3,rel_update,0.002048497006736934
relu,5618112f-1004-412b-9bed-785c73a6bae1,blocks.layers.1.norm1,3,grad_l2,0.0041380733548809345
relu,5618112f-1004-412b-9bed-785c73a6bae1,blocks.layers.1.norm1,3,rel_update,0.00012931080087571456
relu,5618112f-1004-412b-9bed-785c73a6bae1,blocks.layers.0.linear2,3,grad_l2,0.07213532196249667
relu,5618112f-1004-412b-9bed-785c73a6bae1,blocks.layers.0.linear2,3,rel_update,0.00348442269315919
relu,5618112f-1004-412b-9bed-785c73a6bae1,blocks.layers.0.linear1,3,grad_l2,0.059339777571104084
relu,5618112f-1004-412b-9bed-785c73a6bae1,blocks.layers.0.linear1,3,rel_update,0.002844368723634831
relu,5618112f-1004-412b-9bed-785c73a6bae1,blocks.layers.0.norm2,3,grad_l2,0.007154047155742845
relu,5618112f-1004-412b-9bed-785c73a6bae1,blocks.layers.0.norm2,3,rel_update,0.00025039260875655655
relu,5618112f-1004-412b-9bed-785c73a6bae1,blocks.layers.0.self_attn,3,grad_l2,0.11344751346829442
relu,5618112f-1004-412b-9bed-785c73a6bae1,blocks.layers.0.self_attn,3,rel_update,0.005622247645725658
relu,5618112f-1004-412b-9bed-785c73a6bae1,blocks.layers.0.norm1,3,grad_l2,0.022000207206943193
relu,5618112f-1004-412b-9bed-785c73a6bae1,blocks.layers.0.norm1,3,rel_update,0.00035264326396010787
relu,5618112f-1004-412b-9bed-785c73a6bae1,lm_head,4,grad_l2,0.39669262620477913
relu,5618112f-1004-412b-9bed-785c73a6bae1,lm_head,4,rel_update,0.00856164510886319
relu,5618112f-1004-412b-9bed-785c73a6bae1,final_norm,4,grad_l2,0.0290755621530422
relu,5618112f-1004-412b-9bed-785c73a6bae1,final_norm,4,rel_update,0.0013078892014698692
relu,5618112f-1004-412b-9bed-785c73a6bae1,blocks.layers.3.linear2,4,grad_l2,0.03722166562766032
relu,5618112f-1004-412b-9bed-785c73a6bae1,blocks.layers.3.linear2,4,rel_update,0.001804940241239917
relu,5618112f-1004-412b-9bed-785c73a6bae1,blocks.layers.3.linear1,4,grad_l2,0.03800738545786327
relu,5618112f-1004-412b-9bed-785c73a6bae1,blocks.layers.3.linear1,4,rel_update,0.0018444145285573129
relu,5618112f-1004-412b-9bed-785c73a6bae1,blocks.layers.3.norm2,4,grad_l2,0.004070225851623044
relu,5618112f-1004-412b-9bed-785c73a6bae1,blocks.layers.3.norm2,4,rel_update,0.00015079439896244635
relu,5618112f-1004-412b-9bed-785c73a6bae1,blocks.layers.3.self_attn,4,grad_l2,0.03251055842941364
relu,5618112f-1004-412b-9bed-785c73a6bae1,blocks.layers.3.self_attn,4,rel_update,0.0016394903021132018
relu,5618112f-1004-412b-9bed-785c73a6bae1,blocks.layers.3.norm1,4,grad_l2,0.0033414668279546267
relu,5618112f-1004-412b-9bed-785c73a6bae1,blocks.layers.3.norm1,4,rel_update,0.00010636574217296519
relu,5618112f-1004-412b-9bed-785c73a6bae1,blocks.layers.2.linear2,4,grad_l2,0.034597910479314056
relu,5618112f-1004-412b-9bed-785c73a6bae1,blocks.layers.2.linear2,4,rel_update,0.0016794947577288245
relu,5618112f-1004-412b-9bed-785c73a6bae1,blocks.layers.2.linear1,4,grad_l2,0.03407103188685572
relu,5618112f-1004-412b-9bed-785c73a6bae1,blocks.layers.2.linear1,4,rel_update,0.0016518646885546253
relu,5618112f-1004-412b-9bed-785c73a6bae1,blocks.layers.2.norm2,4,grad_l2,0.0028176636497807884
relu,5618112f-1004-412b-9bed-785c73a6bae1,blocks.layers.2.norm2,4,rel_update,0.00010604684047703569
relu,5618112f-1004-412b-9bed-785c73a6bae1,blocks.layers.2.self_attn,4,grad_l2,0.03511898587015824
relu,5618112f-1004-412b-9bed-785c73a6bae1,blocks.layers.2.self_attn,4,rel_update,0.001770116670525275
relu,5618112f-1004-412b-9bed-785c73a6bae1,blocks.layers.2.norm1,4,grad_l2,0.003618302499716783
relu,5618112f-1004-412b-9bed-785c73a6bae1,blocks.layers.2.norm1,4,rel_update,0.00011251355643794551
relu,5618112f-1004-412b-9bed-785c73a6bae1,blocks.layers.1.linear2,4,grad_l2,0.04034448055550271
relu,5618112f-1004-412b-9bed-785c73a6bae1,blocks.layers.1.linear2,4,rel_update,0.0019627386239553114
relu,5618112f-1004-412b-9bed-785c73a6bae1,blocks.layers.1.linear1,4,grad_l2,0.038464196886907616
relu,5618112f-1004-412b-9bed-785c73a6bae1,blocks.layers.1.linear1,4,rel_update,0.0018687468463313942
relu,5618112f-1004-412b-9bed-785c73a6bae1,blocks.layers.1.norm2,4,grad_l2,0.0033467088433289365
relu,5618112f-1004-412b-9bed-785c73a6bae1,blocks.layers.1.norm2,4,rel_update,0.0001264688114526924
relu,5618112f-1004-412b-9bed-785c73a6bae1,blocks.layers.1.self_attn,4,grad_l2,0.0444531918075271
relu,5618112f-1004-412b-9bed-785c73a6bae1,blocks.layers.1.self_attn,4,rel_update,0.002250339865026805
relu,5618112f-1004-412b-9bed-785c73a6bae1,blocks.layers.1.norm1,4,grad_l2,0.004519241916230844
relu,5618112f-1004-412b-9bed-785c73a6bae1,blocks.layers.1.norm1,4,rel_update,0.00014356760955362593
relu,5618112f-1004-412b-9bed-785c73a6bae1,blocks.layers.0.linear2,4,grad_l2,0.0793688627249429
relu,5618112f-1004-412b-9bed-785c73a6bae1,blocks.layers.0.linear2,4,rel_update,0.0038224185365350796
relu,5618112f-1004-412b-9bed-785c73a6bae1,blocks.layers.0.linear1,4,grad_l2,0.06700619801464426
relu,5618112f-1004-412b-9bed-785c73a6bae1,blocks.layers.0.linear1,4,rel_update,0.0032001076985270632
relu,5618112f-1004-412b-9bed-785c73a6bae1,blocks.layers.0.norm2,4,grad_l2,0.007865809931292147
relu,5618112f-1004-412b-9bed-785c73a6bae1,blocks.layers.0.norm2,4,rel_update,0.0002796218679107236
relu,5618112f-1004-412b-9bed-785c73a6bae1,blocks.layers.0.self_attn,4,grad_l2,0.12756162402811977
relu,5618112f-1004-412b-9bed-785c73a6bae1,blocks.layers.0.self_attn,4,rel_update,0.00629291274659908
relu,5618112f-1004-412b-9bed-785c73a6bae1,blocks.layers.0.norm1,4,grad_l2,0.02417968470853142
relu,5618112f-1004-412b-9bed-785c73a6bae1,blocks.layers.0.norm1,4,rel_update,0.00039656148554404917
relu,5618112f-1004-412b-9bed-785c73a6bae1,lm_head,5,grad_l2,0.37379595592246784
relu,5618112f-1004-412b-9bed-785c73a6bae1,lm_head,5,rel_update,0.007357913081606717
relu,5618112f-1004-412b-9bed-785c73a6bae1,final_norm,5,grad_l2,0.02795337439659564
relu,5618112f-1004-412b-9bed-785c73a6bae1,final_norm,5,rel_update,0.0012448544054285192
relu,5618112f-1004-412b-9bed-785c73a6bae1,blocks.layers.3.linear2,5,grad_l2,0.04037474719750499
relu,5618112f-1004-412b-9bed-785c73a6bae1,blocks.layers.3.linear2,5,rel_update,0.0019559398247366187
relu,5618112f-1004-412b-9bed-785c73a6bae1,blocks.layers.3.linear1,5,grad_l2,0.04152482506637434
relu,5618112f-1004-412b-9bed-785c73a6bae1,blocks.layers.3.linear1,5,rel_update,0.0020123131443857
relu,5618112f-1004-412b-9bed-785c73a6bae1,blocks.layers.3.norm2,5,grad_l2,0.00452537901423907
relu,5618112f-1004-412b-9bed-785c73a6bae1,blocks.layers.3.norm2,5,rel_update,0.00016877079948004364
relu,5618112f-1004-412b-9bed-785c73a6bae1,blocks.layers.3.self_attn,5,grad_l2,0.03564671518049035
relu,5618112f-1004-412b-9bed-785c73a6bae1,blocks.layers.3.self_attn,5,rel_update,0.001794242102880983
relu,5618112f-1004-412b-9bed-785c73a6bae1,blocks.layers.3.norm1,5,grad_l2,0.003680032406648921
relu,5618112f-1004-412b-9bed-785c73a6bae1,blocks.layers.3.norm1,5,rel_update,0.00011930298799511556
relu,5618112f-1004-412b-9bed-785c73a6bae1,blocks.layers.2.linear2,5,grad_l2,0.03657235854434459
relu,5618112f-1004-412b-9bed-785c73a6bae1,blocks.layers.2.linear2,5,rel_update,0.001772417747205839
relu,5618112f-1004-412b-9bed-785c73a6bae1,blocks.layers.2.linear1,5,grad_l2,0.03667543384249599
relu,5618112f-1004-412b-9bed-785c73a6bae1,blocks.layers.2.linear1,5,rel_update,0.001774901451795253
relu,5618112f-1004-412b-9bed-785c73a6bae1,blocks.layers.2.norm2,5,grad_l2,0.0029726211676427278
relu,5618112f-1004-412b-9bed-785c73a6bae1,blocks.layers.2.norm2,5,rel_update,0.00011335213975569245
relu,5618112f-1004-412b-9bed-785c73a6bae1,blocks.layers.2.self_attn,5,grad_l2,0.03870717063500749
relu,5618112f-1004-412b-9bed-785c73a6bae1,blocks.layers.2.self_attn,5,rel_update,0.0019480524783226025
relu,5618112f-1004-412b-9bed-785c73a6bae1,blocks.layers.2.norm1,5,grad_l2,0.003923811192189498
relu,5618112f-1004-412b-9bed-785c73a6bae1,blocks.layers.2.norm1,5,rel_update,0.0001260267095409555
relu,5618112f-1004-412b-9bed-785c73a6bae1,blocks.layers.1.linear2,5,grad_l2,0.042184811884292676
relu,5618112f-1004-412b-9bed-785c73a6bae1,blocks.layers.1.linear2,5,rel_update,0.002050278248715368
relu,5618112f-1004-412b-9bed-785c73a6bae1,blocks.layers.1.linear1,5,grad_l2,0.04135355846718579
relu,5618112f-1004-412b-9bed-785c73a6bae1,blocks.layers.1.linear1,5,rel_update,0.002007150597572366
relu,5618112f-1004-412b-9bed-785c73a6bae1,blocks.layers.1.norm2,5,grad_l2,0.003509163285096145
relu,5618112f-1004-412b-9bed-785c73a6bae1,blocks.layers.1.norm2,5,rel_update,0.00013443608345933215
relu,5618112f-1004-412b-9bed-785c73a6bae1,blocks.layers.1.self_attn,5,grad_l2,0.04795340292638138
relu,5618112f-1004-412b-9bed-785c73a6bae1,blocks.layers.1.self_attn,5,rel_update,0.0024277975593435374
relu,5618112f-1004-412b-9bed-785c73a6bae1,blocks.layers.1.norm1,5,grad_l2,0.0048476956059547265
relu,5618112f-1004-412b-9bed-785c73a6bae1,blocks.layers.1.norm1,5,rel_update,0.00015614311528144926
relu,5618112f-1004-412b-9bed-785c73a6bae1,blocks.layers.0.linear2,5,grad_l2,0.0852501669999883
relu,5618112f-1004-412b-9bed-785c73a6bae1,blocks.layers.0.linear2,5,rel_update,0.004097044926739455
relu,5618112f-1004-412b-9bed-785c73a6bae1,blocks.layers.0.linear1,5,grad_l2,0.07377800494267597
relu,5618112f-1004-412b-9bed-785c73a6bae1,blocks.layers.0.linear1,5,rel_update,0.0035146923219805323
relu,5618112f-1004-412b-9bed-785c73a6bae1,blocks.layers.0.norm2,5,grad_l2,0.008417111540500347
relu,5618112f-1004-412b-9bed-785c73a6bae1,blocks.layers.0.norm2,5,rel_update,0.0003043270040449267
relu,5618112f-1004-412b-9bed-785c73a6bae1,blocks.layers.0.self_attn,5,grad_l2,0.13968474258136113
relu,5618112f-1004-412b-9bed-785c73a6bae1,blocks.layers.0.self_attn,5,rel_update,0.006857876646697009
relu,5618112f-1004-412b-9bed-785c73a6bae1,blocks.layers.0.norm1,5,grad_l2,0.02557110629932001
relu,5618112f-1004-412b-9bed-785c73a6bae1,blocks.layers.0.norm1,5,rel_update,0.0004351194881263468
relu,5618112f-1004-412b-9bed-785c73a6bae1,lm_head,6,grad_l2,0.35755561670192804
relu,5618112f-1004-412b-9bed-785c73a6bae1,lm_head,6,rel_update,0.006491526971444928
relu,5618112f-1004-412b-9bed-785c73a6bae1,final_norm,6,grad_l2,0.027193383671385227
relu,5618112f-1004-412b-9bed-785c73a6bae1,final_norm,6,rel_update,0.0012020585480852803
relu,5618112f-1004-412b-9bed-785c73a6bae1,blocks.layers.3.linear2,6,grad_l2,0.042673976558303385
relu,5618112f-1004-412b-9bed-785c73a6bae1,blocks.layers.3.linear2,6,rel_update,0.002066081898779066
relu,5618112f-1004-412b-9bed-785c73a6bae1,blocks.layers.3.linear1,6,grad_l2,0.04435529733187303
relu,5618112f-1004-412b-9bed-785c73a6bae1,blocks.layers.3.linear1,6,rel_update,0.002147493677034605
relu,5618112f-1004-412b-9bed-785c73a6bae1,blocks.layers.3.norm2,6,grad_l2,0.004822773574950618
relu,5618112f-1004-412b-9bed-785c73a6bae1,blocks.layers.3.norm2,6,rel_update,0.00018200483890490132
relu,5618112f-1004-412b-9bed-785c73a6bae1,blocks.layers.3.self_attn,6,grad_l2,0.038291095790423384
relu,5618112f-1004-412b-9bed-785c73a6bae1,blocks.layers.3.self_attn,6,rel_update,0.0019240714129526632
relu,5618112f-1004-412b-9bed-785c73a6bae1,blocks.layers.3.norm1,6,grad_l2,0.003945520730431341
relu,5618112f-1004-412b-9bed-785c73a6bae1,blocks.layers.3.norm1,6,rel_update,0.0001303234969851831
relu,5618112f-1004-412b-9bed-785c73a6bae1,blocks.layers.2.linear2,6,grad_l2,0.03814617401990643
relu,5618112f-1004-412b-9bed-785c73a6bae1,blocks.layers.2.linear2,6,rel_update,0.0018463796229393934
relu,5618112f-1004-412b-9bed-785c73a6bae1,blocks.layers.2.linear1,6,grad_l2,0.038944605040159216
relu,5618112f-1004-412b-9bed-785c73a6bae1,blocks.layers.2.linear1,6,rel_update,0.001882108365789546
relu,5618112f-1004-412b-9bed-785c73a6bae1,blocks.layers.2.norm2,6,grad_l2,0.003093130086154871
relu,5618112f-1004-412b-9bed-785c73a6bae1,blocks.layers.2.norm2,6,rel_update,0.00011950640118458903
relu,5618112f-1004-412b-9bed-785c73a6bae1,blocks.layers.2.self_attn,6,grad_l2,0.041815194903732235
relu,5618112f-1004-412b-9bed-785c73a6bae1,blocks.layers.2.self_attn,6,rel_update,0.0021020288937674374
relu,5618112f-1004-412b-9bed-785c73a6bae1,blocks.layers.2.norm1,6,grad_l2,0.004165074218403484
relu,5618112f-1004-412b-9bed-785c73a6bae1,blocks.layers.2.norm1,6,rel_update,0.0001377564580034642
relu,5618112f-1004-412b-9bed-785c73a6bae1,blocks.layers.1.linear2,6,grad_l2,0.04368176711838516
relu,5618112f-1004-412b-9bed-785c73a6bae1,blocks.layers.1.linear2,6,rel_update,0.0021216690191208465
relu,5618112f-1004-412b-9bed-785c73a6bae1,blocks.layers.1.linear1,6,grad_l2,0.04390267201502956
relu,5618112f-1004-412b-9bed-785c73a6bae1,blocks.layers.1.linear1,6,rel_update,0.0021295468674647554
relu,5618112f-1004-412b-9bed-785c73a6bae1,blocks.layers.1.norm2,6,grad_l2,0.0036403986239001837
relu,5618112f-1004-412b-9bed-785c73a6bae1,blocks.layers.1.norm2,6,rel_update,0.00014132512390515903
relu,5618112f-1004-412b-9bed-785c73a6bae1,blocks.layers.1.self_attn,6,grad_l2,0.05087763833506239
relu,5618112f-1004-412b-9bed-785c73a6bae1,blocks.layers.1.self_attn,6,rel_update,0.002576289490923986
relu,5618112f-1004-412b-9bed-785c73a6bae1,blocks.layers.1.norm1,6,grad_l2,0.005107542052083413
relu,5618112f-1004-412b-9bed-785c73a6bae1,blocks.layers.1.norm1,6,rel_update,0.0001662294136261573
relu,5618112f-1004-412b-9bed-785c73a6bae1,blocks.layers.0.linear2,6,grad_l2,0.089946783576939
relu,5618112f-1004-412b-9bed-785c73a6bae1,blocks.layers.0.linear2,6,rel_update,0.004316734801863995
relu,5618112f-1004-412b-9bed-785c73a6bae1,blocks.layers.0.linear1,6,grad_l2,0.07962627054403752
relu,5618112f-1004-412b-9bed-785c73a6bae1,blocks.layers.0.linear1,6,rel_update,0.0037871851868358053
relu,5618112f-1004-412b-9bed-785c73a6bae1,blocks.layers.0.norm2,6,grad_l2,0.008848302120215692
relu,5618112f-1004-412b-9bed-785c73a6bae1,blocks.layers.0.norm2,6,rel_update,0.0003249687347752908
relu,5618112f-1004-412b-9bed-785c73a6bae1,blocks.layers.0.self_attn,6,grad_l2,0.1503144378796378
relu,5618112f-1004-412b-9bed-785c73a6bae1,blocks.layers.0.self_attn,6,rel_update,0.007345174048165112
relu,5618112f-1004-412b-9bed-785c73a6bae1,blocks.layers.0.norm1,6,grad_l2,0.026617690274162324
relu,5618112f-1004-412b-9bed-785c73a6bae1,blocks.layers.0.norm1,6,rel_update,0.00046795818056265904
relu,5618112f-1004-412b-9bed-785c73a6bae1,lm_head,7,grad_l2,0.34528027110968407
relu,5618112f-1004-412b-9bed-785c73a6bae1,lm_head,7,rel_update,0.005838020540843556
relu,5618112f-1004-412b-9bed-785c73a6bae1,final_norm,7,grad_l2,0.026661595661877643
relu,5618112f-1004-412b-9bed-785c73a6bae1,final_norm,7,rel_update,0.0011715142507637813
relu,5618112f-1004-412b-9bed-785c73a6bae1,blocks.layers.3.linear2,7,grad_l2,0.04442201713219554
relu,5618112f-1004-412b-9bed-785c73a6bae1,blocks.layers.3.linear2,7,rel_update,0.0021498945614824372
relu,5618112f-1004-412b-9bed-785c73a6bae1,blocks.layers.3.linear1,7,grad_l2,0.04662923330404834
relu,5618112f-1004-412b-9bed-785c73a6bae1,blocks.layers.3.linear1,7,rel_update,0.0022561818024394607
relu,5618112f-1004-412b-9bed-785c73a6bae1,blocks.layers.3.norm2,7,grad_l2,0.005040938295177423
relu,5618112f-1004-412b-9bed-785c73a6bae1,blocks.layers.3.norm2,7,rel_update,0.00019206131677999478
relu,5618112f-1004-412b-9bed-785c73a6bae1,blocks.layers.3.self_attn,7,grad_l2,0.040340318224891404
relu,5618112f-1004-412b-9bed-785c73a6bae1,blocks.layers.3.self_attn,7,rel_update,0.0020243183033343323
relu,5618112f-1004-412b-9bed-785c73a6bae1,blocks.layers.3.norm1,7,grad_l2,0.004131813011779324
relu,5618112f-1004-412b-9bed-785c73a6bae1,blocks.layers.3.norm1,7,rel_update,0.00013907048318735735
relu,5618112f-1004-412b-9bed-785c73a6bae1,blocks.layers.2.linear2,7,grad_l2,0.03933207138188644
relu,5618112f-1004-412b-9bed-785c73a6bae1,blocks.layers.2.linear2,7,rel_update,0.0019020892808017508
relu,5618112f-1004-412b-9bed-785c73a6bae1,blocks.layers.2.linear1,7,grad_l2,0.040850998026686146
relu,5618112f-1004-412b-9bed-785c73a6bae1,blocks.layers.2.linear1,7,rel_update,0.001972224962267412
relu,5618112f-1004-412b-9bed-785c73a6bae1,blocks.layers.2.norm2,7,grad_l2,0.0031820831235416453
relu,5618112f-1004-412b-9bed-785c73a6bae1,blocks.layers.2.norm2,7,rel_update,0.0001244711149391567
relu,5618112f-1004-412b-9bed-785c73a6bae1,blocks.layers.2.self_attn,7,grad_l2,0.04426964776876387
relu,5618112f-1004-412b-9bed-785c73a6bae1,blocks.layers.2.self_attn,7,rel_update,0.0022236176914587264
relu,5618112f-1004-412b-9bed-785c73a6bae1,blocks.layers.2.norm1,7,grad_l2,0.004330344048839743
relu,5618112f-1004-412b-9bed-785c73a6bae1,blocks.layers.2.norm1,7,rel_update,0.00014692636715303993
relu,5618112f-1004-412b-9bed-785c73a6bae1,blocks.layers.1.linear2,7,grad_l2,0.04481831878623558
relu,5618112f-1004-412b-9bed-785c73a6bae1,blocks.layers.1.linear2,7,rel_update,0.002176191837974697
relu,5618112f-1004-412b-9bed-785c73a6bae1,blocks.layers.1.linear1,7,grad_l2,0.04606599644556967
relu,5618112f-1004-412b-9bed-785c73a6bae1,blocks.layers.1.linear1,7,rel_update,0.002233692743325904
relu,5618112f-1004-412b-9bed-785c73a6bae1,blocks.layers.1.norm2,7,grad_l2,0.0037342583552712767
relu,5618112f-1004-412b-9bed-785c73a6bae1,blocks.layers.1.norm2,7,rel_update,0.00014701915820085907
relu,5618112f-1004-412b-9bed-785c73a6bae1,blocks.layers.1.self_attn,7,grad_l2,0.053157160801234324
relu,5618112f-1004-412b-9bed-785c73a6bae1,blocks.layers.1.self_attn,7,rel_update,0.0026924697430443473
relu,5618112f-1004-412b-9bed-785c73a6bae1,blocks.layers.1.norm1,7,grad_l2,0.005279230503647727
relu,5618112f-1004-412b-9bed-785c73a6bae1,blocks.layers.1.norm1,7,rel_update,0.00017402486318842175
relu,5618112f-1004-412b-9bed-785c73a6bae1,blocks.layers.0.linear2,7,grad_l2,0.09331369001711243
relu,5618112f-1004-412b-9bed-785c73a6bae1,blocks.layers.0.linear2,7,rel_update,0.004474437564144421
relu,5618112f-1004-412b-9bed-785c73a6bae1,blocks.layers.0.linear1,7,grad_l2,0.08451687812007681
relu,5618112f-1004-412b-9bed-785c73a6bae1,blocks.layers.0.linear1,7,rel_update,0.004015826161254877
relu,5618112f-1004-412b-9bed-785c73a6bae1,blocks.layers.0.norm2,7,grad_l2,0.009130674372913273
relu,5618112f-1004-412b-9bed-785c73a6bae1,blocks.layers.0.norm2,7,rel_update,0.0003418644745081466
relu,5618112f-1004-412b-9bed-785c73a6bae1,blocks.layers.0.self_attn,7,grad_l2,0.15895842147158493
relu,5618112f-1004-412b-9bed-785c73a6bae1,blocks.layers.0.self_attn,7,rel_update,0.00773911404287493
relu,5618112f-1004-412b-9bed-785c73a6bae1,blocks.layers.0.norm1,7,grad_l2,0.027111877133261107
relu,5618112f-1004-412b-9bed-785c73a6bae1,blocks.layers.0.norm1,7,rel_update,0.0004952631829252402
relu,5618112f-1004-412b-9bed-785c73a6bae1,lm_head,8,grad_l2,0.33560419163952804
relu,5618112f-1004-412b-9bed-785c73a6bae1,lm_head,8,rel_update,0.005327811985888661
relu,5618112f-1004-412b-9bed-785c73a6bae1,final_norm,8,grad_l2,0.02623217050213394
relu,5618112f-1004-412b-9bed-785c73a6bae1,final_norm,8,rel_update,0.0011494293653340662
relu,5618112f-1004-412b-9bed-785c73a6bae1,blocks.layers.3.linear2,8,grad_l2,0.045472912150413
relu,5618112f-1004-412b-9bed-785c73a6bae1,blocks.layers.3.linear2,8,rel_update,0.0022004239861992173
relu,5618112f-1004-412b-9bed-785c73a6bae1,blocks.layers.3.linear1,8,grad_l2,0.048370061482823586
relu,5618112f-1004-412b-9bed-785c73a6bae1,blocks.layers.3.linear1,8,rel_update,0.002339478231653835
relu,5618112f-1004-412b-9bed-785c73a6bae1,blocks.layers.3.norm2,8,grad_l2,0.005138056125436513
relu,5618112f-1004-412b-9bed-785c73a6bae1,blocks.layers.3.norm2,8,rel_update,0.00019916840926339162
relu,5618112f-1004-412b-9bed-785c73a6bae1,blocks.layers.3.self_attn,8,grad_l2,0.04180627544027139
relu,5618112f-1004-412b-9bed-785c73a6bae1,blocks.layers.3.self_attn,8,rel_update,0.0020958648629590825
relu,5618112f-1004-412b-9bed-785c73a6bae1,blocks.layers.3.norm1,8,grad_l2,0.004238245775231176
relu,5618112f-1004-412b-9bed-785c73a6bae1,blocks.layers.3.norm1,8,rel_update,0.00014528550686954196
relu,5618112f-1004-412b-9bed-785c73a6bae1,blocks.layers.2.linear2,8,grad_l2,0.04016108626970599
relu,5618112f-1004-412b-9bed-785c73a6bae1,blocks.layers.2.linear2,8,rel_update,0.001941033046948496
relu,5618112f-1004-412b-9bed-785c73a6bae1,blocks.layers.2.linear1,8,grad_l2,0.04238676794500369
relu,5618112f-1004-412b-9bed-785c73a6bae1,blocks.layers.2.linear1,8,rel_update,0.0020448591491391637
relu,5618112f-1004-412b-9bed-785c73a6bae1,blocks.layers.2.norm2,8,grad_l2,0.0032403255426242707
relu,5618112f-1004-412b-9bed-785c73a6bae1,blocks.layers.2.norm2,8,rel_update,0.00012843845393746304
relu,5618112f-1004-412b-9bed-785c73a6bae1,blocks.layers.2.self_attn,8,grad_l2,0.04613885767980877
relu,5618112f-1004-412b-9bed-785c73a6bae1,blocks.layers.2.self_attn,8,rel_update,0.002316208071747911
relu,5618112f-1004-412b-9bed-785c73a6bae1,blocks.layers.2.norm1,8,grad_l2,0.004436715966993507
relu,5618112f-1004-412b-9bed-785c73a6bae1,blocks.layers.2.norm1,8,rel_update,0.00015396545216923556
relu,5618112f-1004-412b-9bed-785c73a6bae1,blocks.layers.1.linear2,8,grad_l2,0.04563210552242273
relu,5618112f-1004-412b-9bed-785c73a6bae1,blocks.layers.1.linear2,8,rel_update,0.0022154262459759023
relu,5618112f-1004-412b-9bed-785c73a6bae1,blocks.layers.1.linear1,8,grad_l2,0.047830979593235914
relu,5618112f-1004-412b-9bed-785c73a6bae1,blocks.layers.1.linear1,8,rel_update,0.002318799036111574
relu,5618112f-1004-412b-9bed-785c73a6bae1,blocks.layers.1.norm2,8,grad_l2,0.0038001110194315372
relu,5618112f-1004-412b-9bed-785c73a6bae1,blocks.layers.1.norm2,8,rel_update,0.0001516091501549009
relu,5618112f-1004-412b-9bed-785c73a6bae1,blocks.layers.1.self_attn,8,grad_l2,0.054869968124290534
relu,5618112f-1004-412b-9bed-785c73a6bae1,blocks.layers.1.self_attn,8,rel_update,0.0027800166029710383
relu,5618112f-1004-412b-9bed-785c73a6bae1,blocks.layers.1.norm1,8,grad_l2,0.005385400264856015
relu,5618112f-1004-412b-9bed-785c73a6bae1,blocks.layers.1.norm1,8,rel_update,0.00017992782769787682
relu,5618112f-1004-412b-9bed-785c73a6bae1,blocks.layers.0.linear2,8,grad_l2,0.09572548350929089
relu,5618112f-1004-412b-9bed-785c73a6bae1,blocks.layers.0.linear2,8,rel_update,0.004587510535204476
relu,5618112f-1004-412b-9bed-785c73a6bae1,blocks.layers.0.linear1,8,grad_l2,0.08850812645894308
relu,5618112f-1004-412b-9bed-785c73a6bae1,blocks.layers.0.linear1,8,rel_update,0.004202836250246016
relu,5618112f-1004-412b-9bed-785c73a6bae1,blocks.layers.0.norm2,8,grad_l2,0.009324466360598948
relu,5618112f-1004-412b-9bed-785c73a6bae1,blocks.layers.0.norm2,8,rel_update,0.0003552789767543845
relu,5618112f-1004-412b-9bed-785c73a6bae1,blocks.layers.0.self_attn,8,grad_l2,0.16591076391611007
relu,5618112f-1004-412b-9bed-785c73a6bae1,blocks.layers.0.self_attn,8,rel_update,0.008054938888883659
relu,5618112f-1004-412b-9bed-785c73a6bae1,blocks.layers.0.norm1,8,grad_l2,0.02736072450552732
relu,5618112f-1004-412b-9bed-785c73a6bae1,blocks.layers.0.norm1,8,rel_update,0.0005182272418639405
relu,5618112f-1004-412b-9bed-785c73a6bae1,lm_head,9,grad_l2,0.3277898505913405
relu,5618112f-1004-412b-9bed-785c73a6bae1,lm_head,9,rel_update,0.004918968739231468
relu,5618112f-1004-412b-9bed-785c73a6bae1,final_norm,9,grad_l2,0.025894570829724496
relu,5618112f-1004-412b-9bed-785c73a6bae1,final_norm,9,rel_update,0.001133476699227179
relu,5618112f-1004-412b-9bed-785c73a6bae1,blocks.layers.3.linear2,9,grad_l2,0.04609848279811366
relu,5618112f-1004-412b-9bed-785c73a6bae1,blocks.layers.3.linear2,9,rel_update,0.0022306561043356917
relu,5618112f-1004-412b-9bed-785c73a6bae1,blocks.layers.3.linear1,9,grad_l2,0.04970611372354995
relu,5618112f-1004-412b-9bed-785c73a6bae1,blocks.layers.3.linear1,9,rel_update,0.0024034545409976076
relu,5618112f-1004-412b-9bed-785c73a6bae1,blocks.layers.3.norm2,9,grad_l2,0.0051611085503975125
relu,5618112f-1004-412b-9bed-785c73a6bae1,blocks.layers.3.norm2,9,rel_update,0.00020414105886566153
relu,5618112f-1004-412b-9bed-785c73a6bae1,blocks.layers.3.self_attn,9,grad_l2,0.04283997289288659
relu,5618112f-1004-412b-9bed-785c73a6bae1,blocks.layers.3.self_attn,9,rel_update,0.002146224525176012
relu,5618112f-1004-412b-9bed-785c73a6bae1,blocks.layers.3.norm1,9,grad_l2,0.004289546039935372
relu,5618112f-1004-412b-9bed-785c73a6bae1,blocks.layers.3.norm1,9,rel_update,0.0001496021244595733
relu,5618112f-1004-412b-9bed-785c73a6bae1,blocks.layers.2.linear2,9,grad_l2,0.04073135989208173
relu,5618112f-1004-412b-9bed-785c73a6bae1,blocks.layers.2.linear2,9,rel_update,0.0019678299775046882
relu,5618112f-1004-412b-9bed-785c73a6bae1,blocks.layers.2.linear1,9,grad_l2,0.04360216580927758
relu,5618112f-1004-412b-9bed-785c73a6bae1,blocks.layers.2.linear1,9,rel_update,0.0021023523806113914
relu,5618112f-1004-412b-9bed-785c73a6bae1,blocks.layers.2.norm2,9,grad_l2,0.0032781470954996433
relu,5618112f-1004-412b-9bed-785c73a6bae1,blocks.layers.2.norm2,9,rel_update,0.00013158873810505204
relu,5618112f-1004-412b-9bed-785c73a6bae1,blocks.layers.2.self_attn,9,grad_l2,0.04754031875850468
relu,5618112f-1004-412b-9bed-785c73a6bae1,blocks.layers.2.self_attn,9,rel_update,0.0023856539393086514
relu,5618112f-1004-412b-9bed-785c73a6bae1,blocks.layers.2.norm1,9,grad_l2,0.004498895457094949
relu,5618112f-1004-412b-9bed-785c73a6bae1,blocks.layers.2.norm1,9,rel_update,0.00015911370680789206
relu,5618112f-1004-412b-9bed-785c73a6bae1,blocks.layers.1.linear2,9,grad_l2,0.04619422772266107
relu,5618112f-1004-412b-9bed-785c73a6bae1,blocks.layers.1.linear2,9,rel_update,0.0022426510918472356
relu,5618112f-1004-412b-9bed-785c73a6bae1,blocks.layers.1.linear1,9,grad_l2,0.049232685520134774
relu,5618112f-1004-412b-9bed-785c73a6bae1,blocks.layers.1.linear1,9,rel_update,0.00238643359376598
relu,5618112f-1004-412b-9bed-785c73a6bae1,blocks.layers.1.norm2,9,grad_l2,0.00384428237692638
relu,5618112f-1004-412b-9bed-785c73a6bae1,blocks.layers.1.norm2,9,rel_update,0.00015512624583467147
relu,5618112f-1004-412b-9bed-785c73a6bae1,blocks.layers.1.self_attn,9,grad_l2,0.05612851715206184
relu,5618112f-1004-412b-9bed-785c73a6bae1,blocks.layers.1.self_attn,9,rel_update,0.0028445378865291607
relu,5618112f-1004-412b-9bed-785c73a6bae1,blocks.layers.1.norm1,9,grad_l2,0.0054475876208277966
relu,5618112f-1004-412b-9bed-785c73a6bae1,blocks.layers.1.norm1,9,rel_update,0.00018419293503952117
relu,5618112f-1004-412b-9bed-785c73a6bae1,blocks.layers.0.linear2,9,grad_l2,0.09744264957807904
relu,5618112f-1004-412b-9bed-785c73a6bae1,blocks.layers.0.linear2,9,rel_update,0.004667976435140716
relu,5618112f-1004-412b-9bed-785c73a6bae1,blocks.layers.0.linear1,9,grad_l2,0.09168256639364937
relu,5618112f-1004-412b-9bed-785c73a6bae1,blocks.layers.0.linear1,9,rel_update,0.0043516975851515234
relu,5618112f-1004-412b-9bed-785c73a6bae1,blocks.layers.0.norm2,9,grad_l2,0.009446098284834724
relu,5618112f-1004-412b-9bed-785c73a6bae1,blocks.layers.0.norm2,9,rel_update,0.0003656404764224208
relu,5618112f-1004-412b-9bed-785c73a6bae1,blocks.layers.0.self_attn,9,grad_l2,0.1712301052384396
relu,5618112f-1004-412b-9bed-785c73a6bae1,blocks.layers.0.self_attn,9,rel_update,0.008296608845790887
relu,5618112f-1004-412b-9bed-785c73a6bae1,blocks.layers.0.norm1,9,grad_l2,0.02738017045955025
relu,5618112f-1004-412b-9bed-785c73a6bae1,blocks.layers.0.norm1,9,rel_update,0.0005362346097144689
silu,67523e7f-7f35-4b43-a1b1-8a087f9bd085,lm_head,0,grad_l2,0.937769822590716
silu,67523e7f-7f35-4b43-a1b1-8a087f9bd085,lm_head,0,rel_update,0.03398306238971385
silu,67523e7f-7f35-4b43-a1b1-8a087f9bd085,final_norm,0,grad_l2,0.06307169687551913
silu,67523e7f-7f35-4b43-a1b1-8a087f9bd085,final_norm,0,rel_update,0.002867873053201225
silu,67523e7f-7f35-4b43-a1b1-8a087f9bd085,blocks.layers.3.linear2,0,grad_l2,0.015438261634100623
silu,67523e7f-7f35-4b43-a1b1-8a087f9bd085,blocks.layers.3.linear2,0,rel_update,0.0007566218227543194
silu,67523e7f-7f35-4b43-a1b1-8a087f9bd085,blocks.layers.3.linear1,0,grad_l2,0.016840187203318393
silu,67523e7f-7f35-4b43-a1b1-8a087f9bd085,blocks.layers.3.linear1,0,rel_update,0.0008283408996119035
silu,67523e7f-7f35-4b43-a1b1-8a087f9bd085,blocks.layers.3.norm2,0,grad_l2,0.001290657377776702
silu,67523e7f-7f35-4b43-a1b1-8a087f9bd085,blocks.layers.3.norm2,0,rel_update,4.92464455860114e-05
silu,67523e7f-7f35-4b43-a1b1-8a087f9bd085,blocks.layers.3.self_attn,0,grad_l2,0.021500638185513135
silu,67523e7f-7f35-4b43-a1b1-8a087f9bd085,blocks.layers.3.self_attn,0,rel_update,0.001090644747873516
silu,67523e7f-7f35-4b43-a1b1-8a087f9bd085,blocks.layers.3.norm1,0,grad_l2,0.0019120952505330606
silu,67523e7f-7f35-4b43-a1b1-8a087f9bd085,blocks.layers.3.norm1,0,rel_update,6.544463344334761e-05
silu,67523e7f-7f35-4b43-a1b1-8a087f9bd085,blocks.layers.2.linear2,0,grad_l2,0.017611136264636153
silu,67523e7f-7f35-4b43-a1b1-8a087f9bd085,blocks.layers.2.linear2,0,rel_update,0.0008615903367145434
silu,67523e7f-7f35-4b43-a1b1-8a087f9bd085,blocks.layers.2.linear1,0,grad_l2,0.01847407582380644
silu,67523e7f-7f35-4b43-a1b1-8a087f9bd085,blocks.layers.2.linear1,0,rel_update,0.0009072212155692276
silu,67523e7f-7f35-4b43-a1b1-8a087f9bd085,blocks.layers.2.norm2,0,grad_l2,0.001627096027871615
silu,67523e7f-7f35-4b43-a1b1-8a087f9bd085,blocks.layers.2.norm2,0,rel_update,6.0996682874515984e-05
silu,67523e7f-7f35-4b43-a1b1-8a087f9bd085,blocks.layers.2.self_attn,0,grad_l2,0.023218442858596776
silu,67523e7f-7f35-4b43-a1b1-8a087f9bd085,blocks.layers.2.self_attn,0,rel_update,0.0011759583986319568
silu,67523e7f-7f35-4b43-a1b1-8a087f9bd085,blocks.layers.2.norm1,0,grad_l2,0.0023092232663958945
silu,67523e7f-7f35-4b43-a1b1-8a087f9bd085,blocks.layers.2.norm1,0,rel_update,7.427854610870354e-05
silu,67523e7f-7f35-4b43-a1b1-8a087f9bd085,blocks.layers.1.linear2,0,grad_l2,0.02223837751736464
silu,67523e7f-7f35-4b43-a1b1-8a087f9bd085,blocks.layers.1.linear2,0,rel_update,0.0010859755995972324
silu,67523e7f-7f35-4b43-a1b1-8a087f9bd085,blocks.layers.1.linear1,0,grad_l2,0.022486015988452266
silu,67523e7f-7f35-4b43-a1b1-8a087f9bd085,blocks.layers.1.linear1,0,rel_update,0.0011030186777900002
silu,67523e7f-7f35-4b43-a1b1-8a087f9bd085,blocks.layers.1.norm2,0,grad_l2,0.0022372378402808384
silu,67523e7f-7f35-4b43-a1b1-8a087f9bd085,blocks.layers.1.norm2,0,rel_update,7.749748845949901e-05
silu,67523e7f-7f35-4b43-a1b1-8a087f9bd085,blocks.layers.1.self_attn,0,grad_l2,0.029999314431110573
silu,67523e7f-7f35-4b43-a1b1-8a087f9bd085,blocks.layers.1.self_attn,0,rel_update,0.0015142584145171668
silu,67523e7f-7f35-4b43-a1b1-8a087f9bd085,blocks.layers.1.norm1,0,grad_l2,0.0034443439334711557
silu,67523e7f-7f35-4b43-a1b1-8a087f9bd085,blocks.layers.1.norm1,0,rel_update,9.50931910083106e-05
silu,67523e7f-7f35-4b43-a1b1-8a087f9bd085,blocks.layers.0.linear2,0,grad_l2,0.037023861622189
silu,67523e7f-7f35-4b43-a1b1-8a087f9bd085,blocks.layers.0.linear2,0,rel_update,0.0017984685372928486
silu,67523e7f-7f35-4b43-a1b1-8a087f9bd085,blocks.layers.0.linear1,0,grad_l2,0.030987368333907504
silu,67523e7f-7f35-4b43-a1b1-8a087f9bd085,blocks.layers.0.linear1,0,rel_update,0.0015101884626248572
silu,67523e7f-7f35-4b43-a1b1-8a087f9bd085,blocks.layers.0.norm2,0,grad_l2,0.003872403292887509
silu,67523e7f-7f35-4b43-a1b1-8a087f9bd085,blocks.layers.0.norm2,0,rel_update,0.00011227890834944651
silu,67523e7f-7f35-4b43-a1b1-8a087f9bd085,blocks.layers.0.self_attn,0,grad_l2,0.053015121004866765
silu,67523e7f-7f35-4b43-a1b1-8a087f9bd085,blocks.layers.0.self_attn,0,rel_update,0.0025782674589979924
silu,67523e7f-7f35-4b43-a1b1-8a087f9bd085,blocks.layers.0.norm1,0,grad_l2,0.010684027159535207
silu,67523e7f-7f35-4b43-a1b1-8a087f9bd085,blocks.layers.0.norm1,0,rel_update,0.00015980309374520428
silu,67523e7f-7f35-4b43-a1b1-8a087f9bd085,lm_head,1,grad_l2,0.5937546693928726
silu,67523e7f-7f35-4b43-a1b1-8a087f9bd085,lm_head,1,rel_update,0.018365447112739883
silu,67523e7f-7f35-4b43-a1b1-8a087f9bd085,final_norm,1,grad_l2,0.04125234999388972
silu,67523e7f-7f35-4b43-a1b1-8a087f9bd085,final_norm,1,rel_update,0.001903831201111651
silu,67523e7f-7f35-4b43-a1b1-8a087f9bd085,blocks.layers.3.linear2,1,grad_l2,0.019020127588554998
silu,67523e7f-7f35-4b43-a1b1-8a087f9bd085,blocks.layers.3.linear2,1,rel_update,0.0009298230727487754
silu,67523e7f-7f35-4b43-a1b1-8a087f9bd085,blocks.layers.3.linear1,1,grad_l2,0.022499691472980345
silu,67523e7f-7f35-4b43-a1b1-8a087f9bd085,blocks.layers.3.linear1,1,rel_update,0.0010999243615761715
silu,67523e7f-7f35-4b43-a1b1-8a087f9bd085,blocks.layers.3.norm2,1,grad_l2,0.0018333595033015672
silu,67523e7f-7f35-4b43-a1b1-8a087f9bd085,blocks.layers.3.norm2,1,rel_update,7.077546693242377e-05
silu,67523e7f-7f35-4b43-a1b1-8a087f9bd085,blocks.layers.3.self_attn,1,grad_l2,0.023879949494260158
silu,67523e7f-7f35-4b43-a1b1-8a087f9bd085,blocks.layers.3.self_attn,1,rel_update,0.0012101812934872422
silu,67523e7f-7f35-4b43-a1b1-8a087f9bd085,blocks.layers.3.norm1,1,grad_l2,0.0023213533976291913
silu,67523e7f-7f35-4b43-a1b1-8a087f9bd085,blocks.layers.3.norm1,1,rel_update,7.41206861228539e-05
silu,67523e7f-7f35-4b43-a1b1-8a087f9bd085,blocks.layers.2.linear2,1,grad_l2,0.021132885920380717
silu,67523e7f-7f35-4b43-a1b1-8a087f9bd085,blocks.layers.2.linear2,1,rel_update,0.0010314744765900319
silu,67523e7f-7f35-4b43-a1b1-8a087f9bd085,blocks.layers.2.linear1,1,grad_l2,0.02350559073933904
silu,67523e7f-7f35-4b43-a1b1-8a087f9bd085,blocks.layers.2.linear1,1,rel_update,0.0011487091770543438
silu,67523e7f-7f35-4b43-a1b1-8a087f9bd085,blocks.layers.2.norm2,1,grad_l2,0.0020752420823712306
silu,67523e7f-7f35-4b43-a1b1-8a087f9bd085,blocks.layers.2.norm2,1,rel_update,7.842190593664432e-05
silu,67523e7f-7f35-4b43-a1b1-8a087f9bd085,blocks.layers.2.self_attn,1,grad_l2,0.02520178556540488
silu,67523e7f-7f35-4b43-a1b1-8a087f9bd085,blocks.layers.2.self_attn,1,rel_update,0.0012753248476567844
silu,67523e7f-7f35-4b43-a1b1-8a087f9bd085,blocks.layers.2.norm1,1,grad_l2,0.002725795692431298
silu,67523e7f-7f35-4b43-a1b1-8a087f9bd085,blocks.layers.2.norm1,1,rel_update,8.212164837501646e-05
silu,67523e7f-7f35-4b43-a1b1-8a087f9bd085,blocks.layers.1.linear2,1,grad_l2,0.027295913996569443
silu,67523e7f-7f35-4b43-a1b1-8a087f9bd085,blocks.layers.1.linear2,1,rel_update,0.00133033880664405
silu,67523e7f-7f35-4b43-a1b1-8a087f9bd085,blocks.layers.1.linear1,1,grad_l2,0.02818874528397178
silu,67523e7f-7f35-4b43-a1b1-8a087f9bd085,blocks.layers.1.linear1,1,rel_update,0.001377066133016943
silu,67523e7f-7f35-4b43-a1b1-8a087f9bd085,blocks.layers.1.norm2,1,grad_l2,0.002823058321534082
silu,67523e7f-7f35-4b43-a1b1-8a087f9bd085,blocks.layers.1.norm2,1,rel_update,0.00010163934145568674
silu,67523e7f-7f35-4b43-a1b1-8a087f9bd085,blocks.layers.1.self_attn,1,grad_l2,0.034024216639078377
silu,67523e7f-7f35-4b43-a1b1-8a087f9bd085,blocks.layers.1.self_attn,1,rel_update,0.0017185010048245439
silu,67523e7f-7f35-4b43-a1b1-8a087f9bd085,blocks.layers.1.norm1,1,grad_l2,0.003808960030427655
silu,67523e7f-7f35-4b43-a1b1-8a087f9bd085,blocks.layers.1.norm1,1,rel_update,0.00010560241786836423
silu,67523e7f-7f35-4b43-a1b1-8a087f9bd085,blocks.layers.0.linear2,1,grad_l2,0.04530746230734928
silu,67523e7f-7f35-4b43-a1b1-8a087f9bd085,blocks.layers.0.linear2,1,rel_update,0.0021918119700835826
silu,67523e7f-7f35-4b43-a1b1-8a087f9bd085,blocks.layers.0.linear1,1,grad_l2,0.04158716966160074
silu,67523e7f-7f35-4b43-a1b1-8a087f9bd085,blocks.layers.0.linear1,1,rel_update,0.0020121168068931833
silu,67523e7f-7f35-4b43-a1b1-8a087f9bd085,blocks.layers.0.norm2,1,grad_l2,0.005535596431581661
silu,67523e7f-7f35-4b43-a1b1-8a087f9bd085,blocks.layers.0.norm2,1,rel_update,0.00018206561228392183
silu,67523e7f-7f35-4b43-a1b1-8a087f9bd085,blocks.layers.0.self_attn,1,grad_l2,0.08323721317651438
silu,67523e7f-7f35-4b43-a1b1-8a087f9bd085,blocks.layers.0.self_attn,1,rel_update,0.004119513853833728
silu,67523e7f-7f35-4b43-a1b1-8a087f9bd085,blocks.layers.0.norm1,1,grad_l2,0.015442379735457501
silu,67523e7f-7f35-4b43-a1b1-8a087f9bd085,blocks.layers.0.norm1,1,rel_update,0.00024957066313897777
silu,67523e7f-7f35-4b43-a1b1-8a087f9bd085,lm_head,2,grad_l2,0.4794921681620755
silu,67523e7f-7f35-4b43-a1b1-8a087f9bd085,lm_head,2,rel_update,0.012859613719953372
silu,67523e7f-7f35-4b43-a1b1-8a087f9bd085,final_norm,2,grad_l2,0.033968462588394435
silu,67523e7f-7f35-4b43-a1b1-8a087f9bd085,final_norm,2,rel_update,0.0015759520475162017
silu,67523e7f-7f35-4b43-a1b1-8a087f9bd085,blocks.layers.3.linear2,2,grad_l2,0.02290671846480475
silu,67523e7f-7f35-4b43-a1b1-8a087f9bd085,blocks.layers.3.linear2,2,rel_update,0.001118833431360623
silu,67523e7f-7f35-4b43-a1b1-8a087f9bd085,blocks.layers.3.linear1,2,grad_l2,0.02709262694889906
silu,67523e7f-7f35-4b43-a1b1-8a087f9bd085,blocks.layers.3.linear1,2,rel_update,0.0013171475265138775
silu,67523e7f-7f35-4b43-a1b1-8a087f9bd085,blocks.layers.3.norm2,2,grad_l2,0.00248724717524593
silu,67523e7f-7f35-4b43-a1b1-8a087f9bd085,blocks.layers.3.norm2,2,rel_update,9.843772211565546e-05
silu,67523e7f-7f35-4b43-a1b1-8a087f9bd085,blocks.layers.3.self_attn,2,grad_l2,0.02619641892086833
silu,67523e7f-7f35-4b43-a1b1-8a087f9bd085,blocks.layers.3.self_attn,2,rel_update,0.0013255448513433343
silu,67523e7f-7f35-4b43-a1b1-8a087f9bd085,blocks.layers.3.norm1,2,grad_l2,0.002561100590192807
silu,67523e7f-7f35-4b43-a1b1-8a087f9bd085,blocks.layers.3.norm1,2,rel_update,8.30516223781447e-05
silu,67523e7f-7f35-4b43-a1b1-8a087f9bd085,blocks.layers.2.linear2,2,grad_l2,0.02373893365792532
silu,67523e7f-7f35-4b43-a1b1-8a087f9bd085,blocks.layers.2.linear2,2,rel_update,0.0011581343437820153
silu,67523e7f-7f35-4b43-a1b1-8a087f9bd085,blocks.layers.2.linear1,2,grad_l2,0.025875743161850862
silu,67523e7f-7f35-4b43-a1b1-8a087f9bd085,blocks.layers.2.linear1,2,rel_update,0.0012596890853819865
silu,67523e7f-7f35-4b43-a1b1-8a087f9bd085,blocks.layers.2.norm2,2,grad_l2,0.0022815916961672054
silu,67523e7f-7f35-4b43-a1b1-8a087f9bd085,blocks.layers.2.norm2,2,rel_update,8.720404726043682e-05
silu,67523e7f-7f35-4b43-a1b1-8a087f9bd085,blocks.layers.2.self_attn,2,grad_l2,0.026820303665001568
silu,67523e7f-7f35-4b43-a1b1-8a087f9bd085,blocks.layers.2.self_attn,2,rel_update,0.0013559860639278734
silu,67523e7f-7f35-4b43-a1b1-8a087f9bd085,blocks.layers.2.norm1,2,grad_l2,0.0029175053837406013
silu,67523e7f-7f35-4b43-a1b1-8a087f9bd085,blocks.layers.2.norm1,2,rel_update,8.737989180432192e-05
silu,67523e7f-7f35-4b43-a1b1-8a087f9bd085,blocks.layers.1.linear2,2,grad_l2,0.030103185257900907
silu,67523e7f-7f35-4b43-a1b1-8a087f9bd085,blocks.layers.1.linear2,2,rel_update,0.0014666376150802404
silu,67523e7f-7f35-4b43-a1b1-8a087f9bd085,blocks.layers.1.linear1,2,grad_l2,0.031029493952307405
silu,67523e7f-7f35-4b43-a1b1-8a087f9bd085,blocks.layers.1.linear1,2,rel_update,0.001511385805490217
silu,67523e7f-7f35-4b43-a1b1-8a087f9bd085,blocks.layers.1.norm2,2,grad_l2,0.0030591603828621487
silu,67523e7f-7f35-4b43-a1b1-8a087f9bd085,blocks.layers.1.norm2,2,rel_update,0.00011327405896201925
silu,67523e7f-7f35-4b43-a1b1-8a087f9bd085,blocks.layers.1.self_attn,2,grad_l2,0.03637229099302879
silu,67523e7f-7f35-4b43-a1b1-8a087f9bd085,blocks.layers.1.self_attn,2,rel_update,0.0018383529097175878
silu,67523e7f-7f35-4b43-a1b1-8a087f9bd085,blocks.layers.1.norm1,2,grad_l2,0.00400029812971879
silu,67523e7f-7f35-4b43-a1b1-8a087f9bd085,blocks.layers.1.norm1,2,rel_update,0.00011305250799035338
silu,67523e7f-7f35-4b43-a1b1-8a087f9bd085,blocks.layers.0.linear2,2,grad_l2,0.05093445578468382
silu,67523e7f-7f35-4b43-a1b1-8a087f9bd085,blocks.layers.0.linear2,2,rel_update,0.002451736733774765
silu,67523e7f-7f35-4b43-a1b1-8a087f9bd085,blocks.layers.0.linear1,2,grad_l2,0.04880981088331807
silu,67523e7f-7f35-4b43-a1b1-8a087f9bd085,blocks.layers.0.linear1,2,rel_update,0.0023455159034443986
silu,67523e7f-7f35-4b43-a1b1-8a087f9bd085,blocks.layers.0.norm2,2,grad_l2,0.00648965883606739
silu,67523e7f-7f35-4b43-a1b1-8a087f9bd085,blocks.layers.0.norm2,2,rel_update,0.0002244490361527184
silu,67523e7f-7f35-4b43-a1b1-8a087f9bd085,blocks.layers.0.self_attn,2,grad_l2,0.10048021881533717
silu,67523e7f-7f35-4b43-a1b1-8a087f9bd085,blocks.layers.0.self_attn,2,rel_update,0.0049871853629670625
silu,67523e7f-7f35-4b43-a1b1-8a087f9bd085,blocks.layers.0.norm1,2,grad_l2,0.018857606757094882
silu,67523e7f-7f35-4b43-a1b1-8a087f9bd085,blocks.layers.0.norm1,2,rel_update,0.0003048346674736064
silu,67523e7f-7f35-4b43-a1b1-8a087f9bd085,lm_head,3,grad_l2,0.42352563952795125
silu,67523e7f-7f35-4b43-a1b1-8a087f9bd085,lm_head,3,rel_update,0.010036186589537185
silu,67523e7f-7f35-4b43-a1b1-8a087f9bd085,final_norm,3,grad_l2,0.030698795378493075
silu,67523e7f-7f35-4b43-a1b1-8a087f9bd085,final_norm,3,rel_update,0.0014170632263962406
silu,67523e7f-7f35-4b43-a1b1-8a087f9bd085,blocks.layers.3.linear2,3,grad_l2,0.026407579445522158
silu,67523e7f-7f35-4b43-a1b1-8a087f9bd085,blocks.layers.3.linear2,3,rel_update,0.001288958456873934
silu,67523e7f-7f35-4b43-a1b1-8a087f9bd085,blocks.layers.3.linear1,3,grad_l2,0.03083883004034239
silu,67523e7f-7f35-4b43-a1b1-8a087f9bd085,blocks.layers.3.linear1,3,rel_update,0.0014926457485226635
silu,67523e7f-7f35-4b43-a1b1-8a087f9bd085,blocks.layers.3.norm2,3,grad_l2,0.0032044691425890657
silu,67523e7f-7f35-4b43-a1b1-8a087f9bd085,blocks.layers.3.norm2,3,rel_update,0.0001271282750235297
silu,67523e7f-7f35-4b43-a1b1-8a087f9bd085,blocks.layers.3.self_attn,3,grad_l2,0.02917307399203258
silu,67523e7f-7f35-4b43-a1b1-8a087f9bd085,blocks.layers.3.self_attn,3,rel_update,0.0014730688485810742
silu,67523e7f-7f35-4b43-a1b1-8a087f9bd085,blocks.layers.3.norm1,3,grad_l2,0.002867785574609399
silu,67523e7f-7f35-4b43-a1b1-8a087f9bd085,blocks.layers.3.norm1,3,rel_update,9.61378709423376e-05
silu,67523e7f-7f35-4b43-a1b1-8a087f9bd085,blocks.layers.2.linear2,3,grad_l2,0.02606234251464579
silu,67523e7f-7f35-4b43-a1b1-8a087f9bd085,blocks.layers.2.linear2,3,rel_update,0.0012710302221949634
silu,67523e7f-7f35-4b43-a1b1-8a087f9bd085,blocks.layers.2.linear1,3,grad_l2,0.027768535625070298
silu,67523e7f-7f35-4b43-a1b1-8a087f9bd085,blocks.layers.2.linear1,3,rel_update,0.001347076406980102
silu,67523e7f-7f35-4b43-a1b1-8a087f9bd085,blocks.layers.2.norm2,3,grad_l2,0.002438292570511153
silu,67523e7f-7f35-4b43-a1b1-8a087f9bd085,blocks.layers.2.norm2,3,rel_update,9.347582322414254e-05
silu,67523e7f-7f35-4b43-a1b1-8a087f9bd085,blocks.layers.2.self_attn,3,grad_l2,0.029096266819921238
silu,67523e7f-7f35-4b43-a1b1-8a087f9bd085,blocks.layers.2.self_attn,3,rel_update,0.0014691416167971973
silu,67523e7f-7f35-4b43-a1b1-8a087f9bd085,blocks.layers.2.norm1,3,grad_l2,0.0031576750881345747
silu,67523e7f-7f35-4b43-a1b1-8a087f9bd085,blocks.layers.2.norm1,3,rel_update,9.546765232795317e-05
silu,67523e7f-7f35-4b43-a1b1-8a087f9bd085,blocks.layers.1.linear2,3,grad_l2,0.032492345703682056
silu,67523e7f-7f35-4b43-a1b1-8a087f9bd085,blocks.layers.1.linear2,3,rel_update,0.0015829504020466942
silu,67523e7f-7f35-4b43-a1b1-8a087f9bd085,blocks.layers.1.linear1,3,grad_l2,0.03339776614054324
silu,67523e7f-7f35-4b43-a1b1-8a087f9bd085,blocks.layers.1.linear1,3,rel_update,0.001622873576825727
silu,67523e7f-7f35-4b43-a1b1-8a087f9bd085,blocks.layers.1.norm2,3,grad_l2,0.0032407609203764197
silu,67523e7f-7f35-4b43-a1b1-8a087f9bd085,blocks.layers.1.norm2,3,rel_update,0.00012132667476695173
silu,67523e7f-7f35-4b43-a1b1-8a087f9bd085,blocks.layers.1.self_attn,3,grad_l2,0.03887499271304939
silu,67523e7f-7f35-4b43-a1b1-8a087f9bd085,blocks.layers.1.self_attn,3,rel_update,0.001964698158661553
silu,67523e7f-7f35-4b43-a1b1-8a087f9bd085,blocks.layers.1.norm1,3,grad_l2,0.004229571806802158
silu,67523e7f-7f35-4b43-a1b1-8a087f9bd085,blocks.layers.1.norm1,3,rel_update,0.00012158125098689075
silu,67523e7f-7f35-4b43-a1b1-8a087f9bd085,blocks.layers.0.linear2,3,grad_l2,0.05596168908051616
silu,67523e7f-7f35-4b43-a1b1-8a087f9bd085,blocks.layers.0.linear2,3,rel_update,0.0026803990605738155
silu,67523e7f-7f35-4b43-a1b1-8a087f9bd085,blocks.layers.0.linear1,3,grad_l2,0.05490595682238001
silu,67523e7f-7f35-4b43-a1b1-8a087f9bd085,blocks.layers.0.linear1,3,rel_update,0.0026216071603501513
silu,67523e7f-7f35-4b43-a1b1-8a087f9bd085,blocks.layers.0.norm2,3,grad_l2,0.007227721922800964
silu,67523e7f-7f35-4b43-a1b1-8a087f9bd085,blocks.layers.0.norm2,3,rel_update,0.00025592729894772116
silu,67523e7f-7f35-4b43-a1b1-8a087f9bd085,blocks.layers.0.self_attn,3,grad_l2,0.11539829566823526
silu,67523e7f-7f35-4b43-a1b1-8a087f9bd085,blocks.layers.0.self_attn,3,rel_update,0.005715583623712468
silu,67523e7f-7f35-4b43-a1b1-8a087f9bd085,blocks.layers.0.norm1,3,grad_l2,0.021424268539476588
silu,67523e7f-7f35-4b43-a1b1-8a087f9bd085,blocks.layers.0.norm1,3,rel_update,0.0003541229158142607
silu,67523e7f-7f35-4b43-a1b1-8a087f9bd085,lm_head,4,grad_l2,0.39040317674336483
silu,67523e7f-7f35-4b43-a1b1-8a087f9bd085,lm_head,4,rel_update,0.008314496490423167
silu,67523e7f-7f35-4b43-a1b1-8a087f9bd085,final_norm,4,grad_l2,0.028886453901769634
silu,67523e7f-7f35-4b43-a1b1-8a087f9bd085,final_norm,4,rel_update,0.0013220289226584746
silu,67523e7f-7f35-4b43-a1b1-8a087f9bd085,blocks.layers.3.linear2,4,grad_l2,0.029315228711990653
silu,67523e7f-7f35-4b43-a1b1-8a087f9bd085,blocks.layers.3.linear2,4,rel_update,0.0014304278712330087
silu,67523e7f-7f35-4b43-a1b1-8a087f9bd085,blocks.layers.3.linear1,4,grad_l2,0.03358738737336457
silu,67523e7f-7f35-4b43-a1b1-8a087f9bd085,blocks.layers.3.linear1,4,rel_update,0.0016200468348607786
silu,67523e7f-7f35-4b43-a1b1-8a087f9bd085,blocks.layers.3.norm2,4,grad_l2,0.0038101817080553255
silu,67523e7f-7f35-4b43-a1b1-8a087f9bd085,blocks.layers.3.norm2,4,rel_update,0.00015084874972996906
silu,67523e7f-7f35-4b43-a1b1-8a087f9bd085,blocks.layers.3.self_attn,4,grad_l2,0.03209151304822883
silu,67523e7f-7f35-4b43-a1b1-8a087f9bd085,blocks.layers.3.self_attn,4,rel_update,0.001616796318841715
silu,67523e7f-7f35-4b43-a1b1-8a087f9bd085,blocks.layers.3.norm1,4,grad_l2,0.003158846498242259
silu,67523e7f-7f35-4b43-a1b1-8a087f9bd085,blocks.layers.3.norm1,4,rel_update,0.00010936302082167391
silu,67523e7f-7f35-4b43-a1b1-8a087f9bd085,blocks.layers.2.linear2,4,grad_l2,0.028139036352415
silu,67523e7f-7f35-4b43-a1b1-8a087f9bd085,blocks.layers.2.linear2,4,rel_update,0.001372016238913493
silu,67523e7f-7f35-4b43-a1b1-8a087f9bd085,blocks.layers.2.linear1,4,grad_l2,0.02942432626822331
silu,67523e7f-7f35-4b43-a1b1-8a087f9bd085,blocks.layers.2.linear1,4,rel_update,0.0014226840666506089
silu,67523e7f-7f35-4b43-a1b1-8a087f9bd085,blocks.layers.2.norm2,4,grad_l2,0.002552840037595063
silu,67523e7f-7f35-4b43-a1b1-8a087f9bd085,blocks.layers.2.norm2,4,rel_update,9.837674638362851e-05
silu,67523e7f-7f35-4b43-a1b1-8a087f9bd085,blocks.layers.2.self_attn,4,grad_l2,0.03175453606783836
silu,67523e7f-7f35-4b43-a1b1-8a087f9bd085,blocks.layers.2.self_attn,4,rel_update,0.0016010241526957197
silu,67523e7f-7f35-4b43-a1b1-8a087f9bd085,blocks.layers.2.norm1,4,grad_l2,0.003402199205113963
silu,67523e7f-7f35-4b43-a1b1-8a087f9bd085,blocks.layers.2.norm1,4,rel_update,0.00010540288396541904
silu,67523e7f-7f35-4b43-a1b1-8a087f9bd085,blocks.layers.1.linear2,4,grad_l2,0.03464436079770296
silu,67523e7f-7f35-4b43-a1b1-8a087f9bd085,blocks.layers.1.linear2,4,rel_update,0.0016883175491549047
silu,67523e7f-7f35-4b43-a1b1-8a087f9bd085,blocks.layers.1.linear1,4,grad_l2,0.035493666148872095
silu,67523e7f-7f35-4b43-a1b1-8a087f9bd085,blocks.layers.1.linear1,4,rel_update,0.0017213239645333654
silu,67523e7f-7f35-4b43-a1b1-8a087f9bd085,blocks.layers.1.norm2,4,grad_l2,0.003371414754416401
silu,67523e7f-7f35-4b43-a1b1-8a087f9bd085,blocks.layers.1.norm2,4,rel_update,0.00012789825827720435
silu,67523e7f-7f35-4b43-a1b1-8a087f9bd085,blocks.layers.1.self_attn,4,grad_l2,0.04139451484008304
silu,67523e7f-7f35-4b43-a1b1-8a087f9bd085,blocks.layers.1.self_attn,4,rel_update,0.0020912070606406716
silu,67523e7f-7f35-4b43-a1b1-8a087f9bd085,blocks.layers.1.norm1,4,grad_l2,0.0044690291715474475
silu,67523e7f-7f35-4b43-a1b1-8a087f9bd085,blocks.layers.1.norm1,4,rel_update,0.00013087585471779851
silu,67523e7f-7f35-4b43-a1b1-8a087f9bd085,blocks.layers.0.linear2,4,grad_l2,0.0604056540850623
silu,67523e7f-7f35-4b43-a1b1-8a087f9bd085,blocks.layers.0.linear2,4,rel_update,0.0028813823574136603
silu,67523e7f-7f35-4b43-a1b1-8a087f9bd085,blocks.layers.0.linear1,4,grad_l2,0.06025693494638297
silu,67523e7f-7f35-4b43-a1b1-8a087f9bd085,blocks.layers.0.linear1,4,rel_update,0.002861674816173493
silu,67523e7f-7f35-4b43-a1b1-8a087f9bd085,blocks.layers.0.norm2,4,grad_l2,0.007790169494175412
silu,67523e7f-7f35-4b43-a1b1-8a087f9bd085,blocks.layers.0.norm2,4,rel_update,0.00028144541555764555
silu,67523e7f-7f35-4b43-a1b1-8a087f9bd085,blocks.layers.0.self_attn,4,grad_l2,0.1286137459036731
silu,67523e7f-7f35-4b43-a1b1-8a087f9bd085,blocks.layers.0.self_attn,4,rel_update,0.006342604671778147
silu,67523e7f-7f35-4b43-a1b1-8a087f9bd085,blocks.layers.0.norm1,4,grad_l2,0.02325576374169818
silu,67523e7f-7f35-4b43-a1b1-8a087f9bd085,blocks.layers.0.norm1,4,rel_update,0.00039730460646014677
silu,67523e7f-7f35-4b43-a1b1-8a087f9bd085,lm_head,5,grad_l2,0.36856982926810483
silu,67523e7f-7f35-4b43-a1b1-8a087f9bd085,lm_head,5,rel_update,0.007153674516462763
silu,67523e7f-7f35-4b43-a1b1-8a087f9bd085,final_norm,5,grad_l2,0.027736296079401878
silu,67523e7f-7f35-4b43-a1b1-8a087f9bd085,final_norm,5,rel_update,0.0012595149511365547
silu,67523e7f-7f35-4b43-a1b1-8a087f9bd085,blocks.layers.3.linear2,5,grad_l2,0.03171237179425652
silu,67523e7f-7f35-4b43-a1b1-8a087f9bd085,blocks.layers.3.linear2,5,rel_update,0.0015473483846178066
silu,67523e7f-7f35-4b43-a1b1-8a087f9bd085,blocks.layers.3.linear1,5,grad_l2,0.03566600056142371
silu,67523e7f-7f35-4b43-a1b1-8a087f9bd085,blocks.layers.3.linear1,5,rel_update,0.001715509943176133
silu,67523e7f-7f35-4b43-a1b1-8a087f9bd085,blocks.layers.3.norm2,5,grad_l2,0.004239106305939197
silu,67523e7f-7f35-4b43-a1b1-8a087f9bd085,blocks.layers.3.norm2,5,rel_update,0.000169212759349441
silu,67523e7f-7f35-4b43-a1b1-8a087f9bd085,blocks.layers.3.self_attn,5,grad_l2,0.03495734121852814
silu,67523e7f-7f35-4b43-a1b1-8a087f9bd085,blocks.layers.3.self_attn,5,rel_update,0.0017569636001186532
silu,67523e7f-7f35-4b43-a1b1-8a087f9bd085,blocks.layers.3.norm1,5,grad_l2,0.0034365909591569125
silu,67523e7f-7f35-4b43-a1b1-8a087f9bd085,blocks.layers.3.norm1,5,rel_update,0.0001225387196220158
silu,67523e7f-7f35-4b43-a1b1-8a087f9bd085,blocks.layers.2.linear2,5,grad_l2,0.03003634552424422
silu,67523e7f-7f35-4b43-a1b1-8a087f9bd085,blocks.layers.2.linear2,5,rel_update,0.001464440626785174
silu,67523e7f-7f35-4b43-a1b1-8a087f9bd085,blocks.layers.2.linear1,5,grad_l2,0.03097412085292224
silu,67523e7f-7f35-4b43-a1b1-8a087f9bd085,blocks.layers.2.linear1,5,rel_update,0.0014931036140432457
silu,67523e7f-7f35-4b43-a1b1-8a087f9bd085,blocks.layers.2.norm2,5,grad_l2,0.0026399305139693137
silu,67523e7f-7f35-4b43-a1b1-8a087f9bd085,blocks.layers.2.norm2,5,rel_update,0.00010249637012354136
silu,67523e7f-7f35-4b43-a1b1-8a087f9bd085,blocks.layers.2.self_attn,5,grad_l2,0.034367623475782066
silu,67523e7f-7f35-4b43-a1b1-8a087f9bd085,blocks.layers.2.self_attn,5,rel_update,0.0017304676519249841
silu,67523e7f-7f35-4b43-a1b1-8a087f9bd085,blocks.layers.2.norm1,5,grad_l2,0.0036059038755555015
silu,67523e7f-7f35-4b43-a1b1-8a087f9bd085,blocks.layers.2.norm1,5,rel_update,0.00011457747873678025
silu,67523e7f-7f35-4b43-a1b1-8a087f9bd085,blocks.layers.1.linear2,5,grad_l2,0.03658124050186926
silu,67523e7f-7f35-4b43-a1b1-8a087f9bd085,blocks.layers.1.linear2,5,rel_update,0.0017837612071257176
silu,67523e7f-7f35-4b43-a1b1-8a087f9bd085,blocks.layers.1.linear1,5,grad_l2,0.037375299543461034
silu,67523e7f-7f35-4b43-a1b1-8a087f9bd085,blocks.layers.1.linear1,5,rel_update,0.0018096822976730995
silu,67523e7f-7f35-4b43-a1b1-8a087f9bd085,blocks.layers.1.norm2,5,grad_l2,0.003465254673862184
silu,67523e7f-7f35-4b43-a1b1-8a087f9bd085,blocks.layers.1.norm2,5,rel_update,0.00013301005665056296
silu,67523e7f-7f35-4b43-a1b1-8a087f9bd085,blocks.layers.1.self_attn,5,grad_l2,0.04368633987352535
silu,67523e7f-7f35-4b43-a1b1-8a087f9bd085,blocks.layers.1.self_attn,5,rel_update,0.0022062557181207077
silu,67523e7f-7f35-4b43-a1b1-8a087f9bd085,blocks.layers.1.norm1,5,grad_l2,0.004662623591902584
silu,67523e7f-7f35-4b43-a1b1-8a087f9bd085,blocks.layers.1.norm1,5,rel_update,0.00013899027076669354
silu,67523e7f-7f35-4b43-a1b1-8a087f9bd085,blocks.layers.0.linear2,5,grad_l2,0.06420816510027945
silu,67523e7f-7f35-4b43-a1b1-8a087f9bd085,blocks.layers.0.linear2,5,rel_update,0.0030534694966551775
silu,67523e7f-7f35-4b43-a1b1-8a087f9bd085,blocks.layers.0.linear1,5,grad_l2,0.06496287918882754
silu,67523e7f-7f35-4b43-a1b1-8a087f9bd085,blocks.layers.0.linear1,5,rel_update,0.0030724279068001987
silu,67523e7f-7f35-4b43-a1b1-8a087f9bd085,blocks.layers.0.norm2,5,grad_l2,0.008210559481911926
silu,67523e7f-7f35-4b43-a1b1-8a087f9bd085,blocks.layers.0.norm2,5,rel_update,0.0003021857262513758
silu,67523e7f-7f35-4b43-a1b1-8a087f9bd085,blocks.layers.0.self_attn,5,grad_l2,0.14017225962250496
silu,67523e7f-7f35-4b43-a1b1-8a087f9bd085,blocks.layers.0.self_attn,5,rel_update,0.006878835516412903
silu,67523e7f-7f35-4b43-a1b1-8a087f9bd085,blocks.layers.0.norm1,5,grad_l2,0.02446781457568736
silu,67523e7f-7f35-4b43-a1b1-8a087f9bd085,blocks.layers.0.norm1,5,rel_update,0.00043509938811007147
silu,67523e7f-7f35-4b43-a1b1-8a087f9bd085,lm_head,6,grad_l2,0.3529611753141692
silu,67523e7f-7f35-4b43-a1b1-8a087f9bd085,lm_head,6,rel_update,0.006317764122473074
silu,67523e7f-7f35-4b43-a1b1-8a087f9bd085,final_norm,6,grad_l2,0.026949600717462864
silu,67523e7f-7f35-4b43-a1b1-8a087f9bd085,final_norm,6,rel_update,0.0012160471795228586
silu,67523e7f-7f35-4b43-a1b1-8a087f9bd085,blocks.layers.3.linear2,6,grad_l2,0.03362482474933058
silu,67523e7f-7f35-4b43-a1b1-8a087f9bd085,blocks.layers.3.linear2,6,rel_update,0.0016408198706990972
silu,67523e7f-7f35-4b43-a1b1-8a087f9bd085,blocks.layers.3.linear1,6,grad_l2,0.03728459192315087
silu,67523e7f-7f35-4b43-a1b1-8a087f9bd085,blocks.layers.3.linear1,6,rel_update,0.0017892817104398309
silu,67523e7f-7f35-4b43-a1b1-8a087f9bd085,blocks.layers.3.norm2,6,grad_l2,0.004525789600611101
silu,67523e7f-7f35-4b43-a1b1-8a087f9bd085,blocks.layers.3.norm2,6,rel_update,0.00018291566385320593
silu,67523e7f-7f35-4b43-a1b1-8a087f9bd085,blocks.layers.3.self_attn,6,grad_l2,0.03760991062307588
silu,67523e7f-7f35-4b43-a1b1-8a087f9bd085,blocks.layers.3.self_attn,6,rel_update,0.001886165993467228
silu,67523e7f-7f35-4b43-a1b1-8a087f9bd085,blocks.layers.3.norm1,6,grad_l2,0.0036825654298616455
silu,67523e7f-7f35-4b43-a1b1-8a087f9bd085,blocks.layers.3.norm1,6,rel_update,0.00013514547348716382
silu,67523e7f-7f35-4b43-a1b1-8a087f9bd085,blocks.layers.2.linear2,6,grad_l2,0.03170573553335836
silu,67523e7f-7f35-4b43-a1b1-8a087f9bd085,blocks.layers.2.linear2,6,rel_update,0.0015459978924378922
silu,67523e7f-7f35-4b43-a1b1-8a087f9bd085,blocks.layers.2.linear1,6,grad_l2,0.032379080443306237
silu,67523e7f-7f35-4b43-a1b1-8a087f9bd085,blocks.layers.2.linear1,6,rel_update,0.0015568233570064137
silu,67523e7f-7f35-4b43-a1b1-8a087f9bd085,blocks.layers.2.norm2,6,grad_l2,0.0027010436210570792
silu,67523e7f-7f35-4b43-a1b1-8a087f9bd085,blocks.layers.2.norm2,6,rel_update,0.00010603196445056352
silu,67523e7f-7f35-4b43-a1b1-8a087f9bd085,blocks.layers.2.self_attn,6,grad_l2,0.036793425640510476
silu,67523e7f-7f35-4b43-a1b1-8a087f9bd085,blocks.layers.2.self_attn,6,rel_update,0.0018507053318621391
silu,67523e7f-7f35-4b43-a1b1-8a087f9bd085,blocks.layers.2.norm1,6,grad_l2,0.0037707993116895787
silu,67523e7f-7f35-4b43-a1b1-8a087f9bd085,blocks.layers.2.norm1,6,rel_update,0.00012324031984372984
silu,67523e7f-7f35-4b43-a1b1-8a087f9bd085,blocks.layers.1.linear2,6,grad_l2,0.03831818331975593
silu,67523e7f-7f35-4b43-a1b1-8a087f9bd085,blocks.layers.1.linear2,6,rel_update,0.001869863658480349
silu,67523e7f-7f35-4b43-a1b1-8a087f9bd085,blocks.layers.1.linear1,6,grad_l2,0.03903715954973507
silu,67523e7f-7f35-4b43-a1b1-8a087f9bd085,blocks.layers.1.linear1,6,rel_update,0.0018877841054412427
silu,67523e7f-7f35-4b43-a1b1-8a087f9bd085,blocks.layers.1.norm2,6,grad_l2,0.0035292714233055855
silu,67523e7f-7f35-4b43-a1b1-8a087f9bd085,blocks.layers.1.norm2,6,rel_update,0.0001371658661301076
silu,67523e7f-7f35-4b43-a1b1-8a087f9bd085,blocks.layers.1.self_attn,6,grad_l2,0.04571630878831041
silu,67523e7f-7f35-4b43-a1b1-8a087f9bd085,blocks.layers.1.self_attn,6,rel_update,0.0023082602393964895
silu,67523e7f-7f35-4b43-a1b1-8a087f9bd085,blocks.layers.1.norm1,6,grad_l2,0.004818344772058615
silu,67523e7f-7f35-4b43-a1b1-8a087f9bd085,blocks.layers.1.norm1,6,rel_update,0.00014617999116040145
silu,67523e7f-7f35-4b43-a1b1-8a087f9bd085,blocks.layers.0.linear2,6,grad_l2,0.06743112249212574
silu,67523e7f-7f35-4b43-a1b1-8a087f9bd085,blocks.layers.0.linear2,6,rel_update,0.003199994364242002
silu,67523e7f-7f35-4b43-a1b1-8a087f9bd085,blocks.layers.0.linear1,6,grad_l2,0.06902574005222688
silu,67523e7f-7f35-4b43-a1b1-8a087f9bd085,blocks.layers.0.linear1,6,rel_update,0.0032546735851149253
silu,67523e7f-7f35-4b43-a1b1-8a087f9bd085,blocks.layers.0.norm2,6,grad_l2,0.008520724122630047
silu,67523e7f-7f35-4b43-a1b1-8a087f9bd085,blocks.layers.0.norm2,6,rel_update,0.0003194403291547614
silu,67523e7f-7f35-4b43-a1b1-8a087f9bd085,blocks.layers.0.self_attn,6,grad_l2,0.15027441491058596
silu,67523e7f-7f35-4b43-a1b1-8a087f9bd085,blocks.layers.0.self_attn,6,rel_update,0.007340371871589341
silu,67523e7f-7f35-4b43-a1b1-8a087f9bd085,blocks.layers.0.norm1,6,grad_l2,0.025247097208453903
silu,67523e7f-7f35-4b43-a1b1-8a087f9bd085,blocks.layers.0.norm1,6,rel_update,0.0004688192550480825
silu,67523e7f-7f35-4b43-a1b1-8a087f9bd085,lm_head,7,grad_l2,0.3412742563970785
silu,67523e7f-7f35-4b43-a1b1-8a087f9bd085,lm_head,7,rel_update,0.005687746730415922
silu,67523e7f-7f35-4b43-a1b1-8a087f9bd085,final_norm,7,grad_l2,0.02641838770813585
silu,67523e7f-7f35-4b43-a1b1-8a087f9bd085,final_norm,7,rel_update,0.001185602944239214
silu,67523e7f-7f35-4b43-a1b1-8a087f9bd085,blocks.layers.3.linear2,7,grad_l2,0.03513065856988183
silu,67523e7f-7f35-4b43-a1b1-8a087f9bd085,blocks.layers.3.linear2,7,rel_update,0.0017145302622125567
silu,67523e7f-7f35-4b43-a1b1-8a087f9bd085,blocks.layers.3.linear1,7,grad_l2,0.03855938918863245
silu,67523e7f-7f35-4b43-a1b1-8a087f9bd085,blocks.layers.3.linear1,7,rel_update,0.0018470860317849973
silu,67523e7f-7f35-4b43-a1b1-8a087f9bd085,blocks.layers.3.norm2,7,grad_l2,0.004723218531134961
silu,67523e7f-7f35-4b43-a1b1-8a087f9bd085,blocks.layers.3.norm2,7,rel_update,0.00019317976114768652
silu,67523e7f-7f35-4b43-a1b1-8a087f9bd085,blocks.layers.3.self_attn,7,grad_l2,0.039790747913285955
silu,67523e7f-7f35-4b43-a1b1-8a087f9bd085,blocks.layers.3.self_attn,7,rel_update,0.0019919532267636438
silu,67523e7f-7f35-4b43-a1b1-8a087f9bd085,blocks.layers.3.norm1,7,grad_l2,0.003878280847848272
silu,67523e7f-7f35-4b43-a1b1-8a087f9bd085,blocks.layers.3.norm1,7,rel_update,0.00014559794756414585
silu,67523e7f-7f35-4b43-a1b1-8a087f9bd085,blocks.layers.2.linear2,7,grad_l2,0.03311135007095688
silu,67523e7f-7f35-4b43-a1b1-8a087f9bd085,blocks.layers.2.linear2,7,rel_update,0.0016147958001828525
silu,67523e7f-7f35-4b43-a1b1-8a087f9bd085,blocks.layers.2.linear1,7,grad_l2,0.033595781105367345
silu,67523e7f-7f35-4b43-a1b1-8a087f9bd085,blocks.layers.2.linear1,7,rel_update,0.0016119452388491877
silu,67523e7f-7f35-4b43-a1b1-8a087f9bd085,blocks.layers.2.norm2,7,grad_l2,0.0027461653550838183
silu,67523e7f-7f35-4b43-a1b1-8a087f9bd085,blocks.layers.2.norm2,7,rel_update,0.00010890053036892715
silu,67523e7f-7f35-4b43-a1b1-8a087f9bd085,blocks.layers.2.self_attn,7,grad_l2,0.038855827851089104
silu,67523e7f-7f35-4b43-a1b1-8a087f9bd085,blocks.layers.2.self_attn,7,rel_update,0.001952927552103393
silu,67523e7f-7f35-4b43-a1b1-8a087f9bd085,blocks.layers.2.norm1,7,grad_l2,0.0039029835486344157
silu,67523e7f-7f35-4b43-a1b1-8a087f9bd085,blocks.layers.2.norm1,7,rel_update,0.00013051446179347906
silu,67523e7f-7f35-4b43-a1b1-8a087f9bd085,blocks.layers.1.linear2,7,grad_l2,0.03977822788486125
silu,67523e7f-7f35-4b43-a1b1-8a087f9bd085,blocks.layers.1.linear2,7,rel_update,0.0019425531647741627
silu,67523e7f-7f35-4b43-a1b1-8a087f9bd085,blocks.layers.1.linear1,7,grad_l2,0.04044410860604329
silu,67523e7f-7f35-4b43-a1b1-8a087f9bd085,blocks.layers.1.linear1,7,rel_update,0.001953951040809062
silu,67523e7f-7f35-4b43-a1b1-8a087f9bd085,blocks.layers.1.norm2,7,grad_l2,0.0035759278669530606
silu,67523e7f-7f35-4b43-a1b1-8a087f9bd085,blocks.layers.1.norm2,7,rel_update,0.00014073566581620196
silu,67523e7f-7f35-4b43-a1b1-8a087f9bd085,blocks.layers.1.self_attn,7,grad_l2,0.0474084056608049
silu,67523e7f-7f35-4b43-a1b1-8a087f9bd085,blocks.layers.1.self_attn,7,rel_update,0.0023934896800751784
silu,67523e7f-7f35-4b43-a1b1-8a087f9bd085,blocks.layers.1.norm1,7,grad_l2,0.0049345756927190116
silu,67523e7f-7f35-4b43-a1b1-8a087f9bd085,blocks.layers.1.norm1,7,rel_update,0.00015203826379634296
silu,67523e7f-7f35-4b43-a1b1-8a087f9bd085,blocks.layers.0.linear2,7,grad_l2,0.07002197519655745
silu,67523e7f-7f35-4b43-a1b1-8a087f9bd085,blocks.layers.0.linear2,7,rel_update,0.0033181873267382135
silu,67523e7f-7f35-4b43-a1b1-8a087f9bd085,blocks.layers.0.linear1,7,grad_l2,0.07238515006277653
silu,67523e7f-7f35-4b43-a1b1-8a087f9bd085,blocks.layers.0.linear1,7,rel_update,0.003405609583529665
silu,67523e7f-7f35-4b43-a1b1-8a087f9bd085,blocks.layers.0.norm2,7,grad_l2,0.008743009590760983
silu,67523e7f-7f35-4b43-a1b1-8a087f9bd085,blocks.layers.0.norm2,7,rel_update,0.0003329758118570533
silu,67523e7f-7f35-4b43-a1b1-8a087f9bd085,blocks.layers.0.self_attn,7,grad_l2,0.1588629206537169
silu,67523e7f-7f35-4b43-a1b1-8a087f9bd085,blocks.layers.0.self_attn,7,rel_update,0.00772867498068356
silu,67523e7f-7f35-4b43-a1b1-8a087f9bd085,blocks.layers.0.norm1,7,grad_l2,0.025727362537522478
silu,67523e7f-7f35-4b43-a1b1-8a087f9bd085,blocks.layers.0.norm1,7,rel_update,0.0004973177403493462
silu,67523e7f-7f35-4b43-a1b1-8a087f9bd085,lm_head,8,grad_l2,0.33198007929461804
silu,67523e7f-7f35-4b43-a1b1-8a087f9bd085,lm_head,8,rel_update,0.005195479752770925
silu,67523e7f-7f35-4b43-a1b1-8a087f9bd085,final_norm,8,grad_l2,0.026020064298548085
silu,67523e7f-7f35-4b43-a1b1-8a087f9bd085,final_norm,8,rel_update,0.0011635137892420054
silu,67523e7f-7f35-4b43-a1b1-8a087f9bd085,blocks.layers.3.linear2,8,grad_l2,0.03624968038497339
silu,67523e7f-7f35-4b43-a1b1-8a087f9bd085,blocks.layers.3.linear2,8,rel_update,0.0017695507414187
silu,67523e7f-7f35-4b43-a1b1-8a087f9bd085,blocks.layers.3.linear1,8,grad_l2,0.03950055557021777
silu,67523e7f-7f35-4b43-a1b1-8a087f9bd085,blocks.layers.3.linear1,8,rel_update,0.0018895417723112126
silu,67523e7f-7f35-4b43-a1b1-8a087f9bd085,blocks.layers.3.norm2,8,grad_l2,0.0048276323300358494
silu,67523e7f-7f35-4b43-a1b1-8a087f9bd085,blocks.layers.3.norm2,8,rel_update,0.0002002908063737836
silu,67523e7f-7f35-4b43-a1b1-8a087f9bd085,blocks.layers.3.self_attn,8,grad_l2,0.04131933860114519
silu,67523e7f-7f35-4b43-a1b1-8a087f9bd085,blocks.layers.3.self_attn,8,rel_update,0.0020657367021910972
silu,67523e7f-7f35-4b43-a1b1-8a087f9bd085,blocks.layers.3.norm1,8,grad_l2,0.0039969003977469945
silu,67523e7f-7f35-4b43-a1b1-8a087f9bd085,blocks.layers.3.norm1,8,rel_update,0.00015276204584120464
silu,67523e7f-7f35-4b43-a1b1-8a087f9bd085,blocks.layers.2.linear2,8,grad_l2,0.03418490001308934
silu,67523e7f-7f35-4b43-a1b1-8a087f9bd085,blocks.layers.2.linear2,8,rel_update,0.0016675035330335404
silu,67523e7f-7f35-4b43-a1b1-8a087f9bd085,blocks.layers.2.linear1,8,grad_l2,0.03454791723830385
silu,67523e7f-7f35-4b43-a1b1-8a087f9bd085,blocks.layers.2.linear1,8,rel_update,0.0016549486856096284
silu,67523e7f-7f35-4b43-a1b1-8a087f9bd085,blocks.layers.2.norm2,8,grad_l2,0.002771967044943034
silu,67523e7f-7f35-4b43-a1b1-8a087f9bd085,blocks.layers.2.norm2,8,rel_update,0.00011113084106378408
silu,67523e7f-7f35-4b43-a1b1-8a087f9bd085,blocks.layers.2.self_attn,8,grad_l2,0.04042481888475174
silu,67523e7f-7f35-4b43-a1b1-8a087f9bd085,blocks.layers.2.self_attn,8,rel_update,0.00203067559297396
silu,67523e7f-7f35-4b43-a1b1-8a087f9bd085,blocks.layers.2.norm1,8,grad_l2,0.003986405017803853
silu,67523e7f-7f35-4b43-a1b1-8a087f9bd085,blocks.layers.2.norm1,8,rel_update,0.00013610369108639942
silu,67523e7f-7f35-4b43-a1b1-8a087f9bd085,blocks.layers.1.linear2,8,grad_l2,0.04089386079210875
silu,67523e7f-7f35-4b43-a1b1-8a087f9bd085,blocks.layers.1.linear2,8,rel_update,0.0019984025642895034
silu,67523e7f-7f35-4b43-a1b1-8a087f9bd085,blocks.layers.1.linear1,8,grad_l2,0.041539633898547146
silu,67523e7f-7f35-4b43-a1b1-8a087f9bd085,blocks.layers.1.linear1,8,rel_update,0.002005464818884052
silu,67523e7f-7f35-4b43-a1b1-8a087f9bd085,blocks.layers.1.norm2,8,grad_l2,0.0035991394646998458
silu,67523e7f-7f35-4b43-a1b1-8a087f9bd085,blocks.layers.1.norm2,8,rel_update,0.00014331453827049097
silu,67523e7f-7f35-4b43-a1b1-8a087f9bd085,blocks.layers.1.self_attn,8,grad_l2,0.04867120063288786
silu,67523e7f-7f35-4b43-a1b1-8a087f9bd085,blocks.layers.1.self_attn,8,rel_update,0.002457224774878575
silu,67523e7f-7f35-4b43-a1b1-8a087f9bd085,blocks.layers.1.norm1,8,grad_l2,0.005002124309778863
silu,67523e7f-7f35-4b43-a1b1-8a087f9bd085,blocks.layers.1.norm1,8,rel_update,0.0001564066520062851
silu,67523e7f-7f35-4b43-a1b1-8a087f9bd085,blocks.layers.0.linear2,8,grad_l2,0.07200918519413395
silu,67523e7f-7f35-4b43-a1b1-8a087f9bd085,blocks.layers.0.linear2,8,rel_update,0.00340904182799889
silu,67523e7f-7f35-4b43-a1b1-8a087f9bd085,blocks.layers.0.linear1,8,grad_l2,0.0750587728823791
silu,67523e7f-7f35-4b43-a1b1-8a087f9bd085,blocks.layers.0.linear1,8,rel_update,0.003525819619667926
silu,67523e7f-7f35-4b43-a1b1-8a087f9bd085,blocks.layers.0.norm2,8,grad_l2,0.00888665258572715
silu,67523e7f-7f35-4b43-a1b1-8a087f9bd085,blocks.layers.0.norm2,8,rel_update,0.000343553476082424
silu,67523e7f-7f35-4b43-a1b1-8a087f9bd085,blocks.layers.0.self_attn,8,grad_l2,0.16571357509436904
silu,67523e7f-7f35-4b43-a1b1-8a087f9bd085,blocks.layers.0.self_attn,8,rel_update,0.008037056477906092
silu,67523e7f-7f35-4b43-a1b1-8a087f9bd085,blocks.layers.0.norm1,8,grad_l2,0.025945539331172406
silu,67523e7f-7f35-4b43-a1b1-8a087f9bd085,blocks.layers.0.norm1,8,rel_update,0.0005213659973238768
silu,67523e7f-7f35-4b43-a1b1-8a087f9bd085,lm_head,9,grad_l2,0.32448247070308256
silu,67523e7f-7f35-4b43-a1b1-8a087f9bd085,lm_head,9,rel_update,0.004801033856189725
silu,67523e7f-7f35-4b43-a1b1-8a087f9bd085,final_norm,9,grad_l2,0.025731442594493805
silu,67523e7f-7f35-4b43-a1b1-8a087f9bd085,final_norm,9,rel_update,0.0011472206800547799
silu,67523e7f-7f35-4b43-a1b1-8a087f9bd085,blocks.layers.3.linear2,9,grad_l2,0.03709500468651167
silu,67523e7f-7f35-4b43-a1b1-8a087f9bd085,blocks.layers.3.linear2,9,rel_update,0.001811126348458727
silu,67523e7f-7f35-4b43-a1b1-8a087f9bd085,blocks.layers.3.linear1,9,grad_l2,0.040214223984810976
silu,67523e7f-7f35-4b43-a1b1-8a087f9bd085,blocks.layers.3.linear1,9,rel_update,0.001921594084541558
silu,67523e7f-7f35-4b43-a1b1-8a087f9bd085,blocks.layers.3.norm2,9,grad_l2,0.00490405850029147
silu,67523e7f-7f35-4b43-a1b1-8a087f9bd085,blocks.layers.3.norm2,9,rel_update,0.00020528733404176936
silu,67523e7f-7f35-4b43-a1b1-8a087f9bd085,blocks.layers.3.self_attn,9,grad_l2,0.04250776023002885
silu,67523e7f-7f35-4b43-a1b1-8a087f9bd085,blocks.layers.3.self_attn,9,rel_update,0.0021230285173329325
silu,67523e7f-7f35-4b43-a1b1-8a087f9bd085,blocks.layers.3.norm1,9,grad_l2,0.004074926356482647
silu,67523e7f-7f35-4b43-a1b1-8a087f9bd085,blocks.layers.3.norm1,9,rel_update,0.0001581607435519579
silu,67523e7f-7f35-4b43-a1b1-8a087f9bd085,blocks.layers.2.linear2,9,grad_l2,0.035028896751569526
silu,67523e7f-7f35-4b43-a1b1-8a087f9bd085,blocks.layers.2.linear2,9,rel_update,0.0017090019333718036
silu,67523e7f-7f35-4b43-a1b1-8a087f9bd085,blocks.layers.2.linear1,9,grad_l2,0.035299151373056725
silu,67523e7f-7f35-4b43-a1b1-8a087f9bd085,blocks.layers.2.linear1,9,rel_update,0.0016888249105222169
silu,67523e7f-7f35-4b43-a1b1-8a087f9bd085,blocks.layers.2.norm2,9,grad_l2,0.0027891959478050098
silu,67523e7f-7f35-4b43-a1b1-8a087f9bd085,blocks.layers.2.norm2,9,rel_update,0.0001128113899246394
silu,67523e7f-7f35-4b43-a1b1-8a087f9bd085,blocks.layers.2.self_attn,9,grad_l2,0.041643310719089964
silu,67523e7f-7f35-4b43-a1b1-8a087f9bd085,blocks.layers.2.self_attn,9,rel_update,0.002091074652887041
silu,67523e7f-7f35-4b43-a1b1-8a087f9bd085,blocks.layers.2.norm1,9,grad_l2,0.004039014190400964
silu,67523e7f-7f35-4b43-a1b1-8a087f9bd085,blocks.layers.2.norm1,9,rel_update,0.0001404534551119355
silu,67523e7f-7f35-4b43-a1b1-8a087f9bd085,blocks.layers.1.linear2,9,grad_l2,0.041769115946607094
silu,67523e7f-7f35-4b43-a1b1-8a087f9bd085,blocks.layers.1.linear2,9,rel_update,0.002042358451110947
silu,67523e7f-7f35-4b43-a1b1-8a087f9bd085,blocks.layers.1.linear1,9,grad_l2,0.04240179449154659
silu,67523e7f-7f35-4b43-a1b1-8a087f9bd085,blocks.layers.1.linear1,9,rel_update,0.002046004663966978
silu,67523e7f-7f35-4b43-a1b1-8a087f9bd085,blocks.layers.1.norm2,9,grad_l2,0.0036104974675563633
silu,67523e7f-7f35-4b43-a1b1-8a087f9bd085,blocks.layers.1.norm2,9,rel_update,0.00014521797118041216
silu,67523e7f-7f35-4b43-a1b1-8a087f9bd085,blocks.layers.1.self_attn,9,grad_l2,0.049643842919983486
silu,67523e7f-7f35-4b43-a1b1-8a087f9bd085,blocks.layers.1.self_attn,9,rel_update,0.002506417581428297
silu,67523e7f-7f35-4b43-a1b1-8a087f9bd085,blocks.layers.1.norm1,9,grad_l2,0.0050404208860552555
silu,67523e7f-7f35-4b43-a1b1-8a087f9bd085,blocks.layers.1.norm1,9,rel_update,0.00015968768722111648
silu,67523e7f-7f35-4b43-a1b1-8a087f9bd085,blocks.layers.0.linear2,9,grad_l2,0.07355693344301485
silu,67523e7f-7f35-4b43-a1b1-8a087f9bd085,blocks.layers.0.linear2,9,rel_update,0.003479888184201504
silu,67523e7f-7f35-4b43-a1b1-8a087f9bd085,blocks.layers.0.linear1,9,grad_l2,0.0771879225840319
silu,67523e7f-7f35-4b43-a1b1-8a087f9bd085,blocks.layers.0.linear1,9,rel_update,0.0036215821068638107
silu,67523e7f-7f35-4b43-a1b1-8a087f9bd085,blocks.layers.0.norm2,9,grad_l2,0.008975093661714213
silu,67523e7f-7f35-4b43-a1b1-8a087f9bd085,blocks.layers.0.norm2,9,rel_update,0.00035195090477854274
silu,67523e7f-7f35-4b43-a1b1-8a087f9bd085,blocks.layers.0.self_attn,9,grad_l2,0.17117730715778287
silu,67523e7f-7f35-4b43-a1b1-8a087f9bd085,blocks.layers.0.self_attn,9,rel_update,0.008282834175843337
silu,67523e7f-7f35-4b43-a1b1-8a087f9bd085,blocks.layers.0.norm1,9,grad_l2,0.026030535822584244
silu,67523e7f-7f35-4b43-a1b1-8a087f9bd085,blocks.layers.0.norm1,9,rel_update,0.000541017455949081
silu,4705f87e-adbe-4d8c-900f-0d7e6e52307d,lm_head,0,grad_l2,0.9439766202851122
silu,4705f87e-adbe-4d8c-900f-0d7e6e52307d,lm_head,0,rel_update,0.034133772669686514
silu,4705f87e-adbe-4d8c-900f-0d7e6e52307d,final_norm,0,grad_l2,0.061925373504657925
silu,4705f87e-adbe-4d8c-900f-0d7e6e52307d,final_norm,0,rel_update,0.0028016227259501075
silu,4705f87e-adbe-4d8c-900f-0d7e6e52307d,blocks.layers.3.linear2,0,grad_l2,0.014483475589143592
silu,4705f87e-adbe-4d8c-900f-0d7e6e52307d,blocks.layers.3.linear2,0,rel_update,0.0007094049904697425
silu,4705f87e-adbe-4d8c-900f-0d7e6e52307d,blocks.layers.3.linear1,0,grad_l2,0.016053178676695236
silu,4705f87e-adbe-4d8c-900f-0d7e6e52307d,blocks.layers.3.linear1,0,rel_update,0.000790897807238598
silu,4705f87e-adbe-4d8c-900f-0d7e6e52307d,blocks.layers.3.norm2,0,grad_l2,0.0012043905343585028
silu,4705f87e-adbe-4d8c-900f-0d7e6e52307d,blocks.layers.3.norm2,0,rel_update,4.6734304045907175e-05
silu,4705f87e-adbe-4d8c-900f-0d7e6e52307d,blocks.layers.3.self_attn,0,grad_l2,0.021057708958847638
silu,4705f87e-adbe-4d8c-900f-0d7e6e52307d,blocks.layers.3.self_attn,0,rel_update,0.001069733911361155
silu,4705f87e-adbe-4d8c-900f-0d7e6e52307d,blocks.layers.3.norm1,0,grad_l2,0.0018417459130817661
silu,4705f87e-adbe-4d8c-900f-0d7e6e52307d,blocks.layers.3.norm1,0,rel_update,6.444024102423705e-05
silu,4705f87e-adbe-4d8c-900f-0d7e6e52307d,blocks.layers.2.linear2,0,grad_l2,0.017013805031503803
silu,4705f87e-adbe-4d8c-900f-0d7e6e52307d,blocks.layers.2.linear2,0,rel_update,0.0008333501652151608
silu,4705f87e-adbe-4d8c-900f-0d7e6e52307d,blocks.layers.2.linear1,0,grad_l2,0.017835908092972825
silu,4705f87e-adbe-4d8c-900f-0d7e6e52307d,blocks.layers.2.linear1,0,rel_update,0.0008767789282031778
silu,4705f87e-adbe-4d8c-900f-0d7e6e52307d,blocks.layers.2.norm2,0,grad_l2,0.001484470805182933
silu,4705f87e-adbe-4d8c-900f-0d7e6e52307d,blocks.layers.2.norm2,0,rel_update,5.4933758985246096e-05
silu,4705f87e-adbe-4d8c-900f-0d7e6e52307d,blocks.layers.2.self_attn,0,grad_l2,0.022979647999468538
silu,4705f87e-adbe-4d8c-900f-0d7e6e52307d,blocks.layers.2.self_attn,0,rel_update,0.0011657364125759685
silu,4705f87e-adbe-4d8c-900f-0d7e6e52307d,blocks.layers.2.norm1,0,grad_l2,0.002299534004011835
silu,4705f87e-adbe-4d8c-900f-0d7e6e52307d,blocks.layers.2.norm1,0,rel_update,7.197467869944159e-05
silu,4705f87e-adbe-4d8c-900f-0d7e6e52307d,blocks.layers.1.linear2,0,grad_l2,0.022379881353921653
silu,4705f87e-adbe-4d8c-900f-0d7e6e52307d,blocks.layers.1.linear2,0,rel_update,0.0010937179562015597
silu,4705f87e-adbe-4d8c-900f-0d7e6e52307d,blocks.layers.1.linear1,0,grad_l2,0.022191757780510215
silu,4705f87e-adbe-4d8c-900f-0d7e6e52307d,blocks.layers.1.linear1,0,rel_update,0.0010892697423569371
silu,4705f87e-adbe-4d8c-900f-0d7e6e52307d,blocks.layers.1.norm2,0,grad_l2,0.0020718116990675597
silu,4705f87e-adbe-4d8c-900f-0d7e6e52307d,blocks.layers.1.norm2,0,rel_update,7.150917621987876e-05
silu,4705f87e-adbe-4d8c-900f-0d7e6e52307d,blocks.layers.1.self_attn,0,grad_l2,0.02770505357764518
silu,4705f87e-adbe-4d8c-900f-0d7e6e52307d,blocks.layers.1.self_attn,0,rel_update,0.0014011817609274936
silu,4705f87e-adbe-4d8c-900f-0d7e6e52307d,blocks.layers.1.norm1,0,grad_l2,0.0033073862356352243
silu,4705f87e-adbe-4d8c-900f-0d7e6e52307d,blocks.layers.1.norm1,0,rel_update,8.689423093868195e-05
silu,4705f87e-adbe-4d8c-900f-0d7e6e52307d,blocks.layers.0.linear2,0,grad_l2,0.03468352911559767
silu,4705f87e-adbe-4d8c-900f-0d7e6e52307d,blocks.layers.0.linear2,0,rel_update,0.0016864293379458127
silu,4705f87e-adbe-4d8c-900f-0d7e6e52307d,blocks.layers.0.linear1,0,grad_l2,0.030646115519154433
silu,4705f87e-adbe-4d8c-900f-0d7e6e52307d,blocks.layers.0.linear1,0,rel_update,0.0014969705248721167
silu,4705f87e-adbe-4d8c-900f-0d7e6e52307d,blocks.layers.0.norm2,0,grad_l2,0.0036605192222043718
silu,4705f87e-adbe-4d8c-900f-0d7e6e52307d,blocks.layers.0.norm2,0,rel_update,0.00011104999527502055
silu,4705f87e-adbe-4d8c-900f-0d7e6e52307d,blocks.layers.0.self_attn,0,grad_l2,0.049281135909902594
silu,4705f87e-adbe-4d8c-900f-0d7e6e52307d,blocks.layers.0.self_attn,0,rel_update,0.002392492047605028
silu,4705f87e-adbe-4d8c-900f-0d7e6e52307d,blocks.layers.0.norm1,0,grad_l2,0.010759597138887833
silu,4705f87e-adbe-4d8c-900f-0d7e6e52307d,blocks.layers.0.norm1,0,rel_update,0.00015807274649148016
silu,4705f87e-adbe-4d8c-900f-0d7e6e52307d,lm_head,1,grad_l2,0.5962507660596821
silu,4705f87e-adbe-4d8c-900f-0d7e6e52307d,lm_head,1,rel_update,0.01843891499840633
silu,4705f87e-adbe-4d8c-900f-0d7e6e52307d,final_norm,1,grad_l2,0.04015865097035579
silu,4705f87e-adbe-4d8c-900f-0d7e6e52307d,final_norm,1,rel_update,0.001856231530699777
silu,4705f87e-adbe-4d8c-900f-0d7e6e52307d,blocks.layers.3.linear2,1,grad_l2,0.017848086445574278
silu,4705f87e-adbe-4d8c-900f-0d7e6e52307d,blocks.layers.3.linear2,1,rel_update,0.0008722751440427887
silu,4705f87e-adbe-4d8c-900f-0d7e6e52307d,blocks.layers.3.linear1,1,grad_l2,0.021503827841984346
silu,4705f87e-adbe-4d8c-900f-0d7e6e52307d,blocks.layers.3.linear1,1,rel_update,0.0010535142364676922
silu,4705f87e-adbe-4d8c-900f-0d7e6e52307d,blocks.layers.3.norm2,1,grad_l2,0.0017206206665402073
silu,4705f87e-adbe-4d8c-900f-0d7e6e52307d,blocks.layers.3.norm2,1,rel_update,6.848241707613811e-05
silu,4705f87e-adbe-4d8c-900f-0d7e6e52307d,blocks.layers.3.self_attn,1,grad_l2,0.023183817497823198
silu,4705f87e-adbe-4d8c-900f-0d7e6e52307d,blocks.layers.3.self_attn,1,rel_update,0.001176968644075629
silu,4705f87e-adbe-4d8c-900f-0d7e6e52307d,blocks.layers.3.norm1,1,grad_l2,0.0021897059670721837
silu,4705f87e-adbe-4d8c-900f-0d7e6e52307d,blocks.layers.3.norm1,1,rel_update,7.065650810956775e-05
silu,4705f87e-adbe-4d8c-900f-0d7e6e52307d,blocks.layers.2.linear2,1,grad_l2,0.02047084342578737
silu,4705f87e-adbe-4d8c-900f-0d7e6e52307d,blocks.layers.2.linear2,1,rel_update,0.001000252072140971
silu,4705f87e-adbe-4d8c-900f-0d7e6e52307d,blocks.layers.2.linear1,1,grad_l2,0.02306814718985747
silu,4705f87e-adbe-4d8c-900f-0d7e6e52307d,blocks.layers.2.linear1,1,rel_update,0.0011279458086034728
silu,4705f87e-adbe-4d8c-900f-0d7e6e52307d,blocks.layers.2.norm2,1,grad_l2,0.0019921975601986624
silu,4705f87e-adbe-4d8c-900f-0d7e6e52307d,blocks.layers.2.norm2,1,rel_update,7.466236393765016e-05
silu,4705f87e-adbe-4d8c-900f-0d7e6e52307d,blocks.layers.2.self_attn,1,grad_l2,0.025970186271924618
silu,4705f87e-adbe-4d8c-900f-0d7e6e52307d,blocks.layers.2.self_attn,1,rel_update,0.001316222948531105
silu,4705f87e-adbe-4d8c-900f-0d7e6e52307d,blocks.layers.2.norm1,1,grad_l2,0.0027360840941818843
silu,4705f87e-adbe-4d8c-900f-0d7e6e52307d,blocks.layers.2.norm1,1,rel_update,8.164842120118912e-05
silu,4705f87e-adbe-4d8c-900f-0d7e6e52307d,blocks.layers.1.linear2,1,grad_l2,0.02655300952283632
silu,4705f87e-adbe-4d8c-900f-0d7e6e52307d,blocks.layers.1.linear2,1,rel_update,0.0012944305340609043
silu,4705f87e-adbe-4d8c-900f-0d7e6e52307d,blocks.layers.1.linear1,1,grad_l2,0.027609491853787825
silu,4705f87e-adbe-4d8c-900f-0d7e6e52307d,blocks.layers.1.linear1,1,rel_update,0.0013493265916592514
silu,4705f87e-adbe-4d8c-900f-0d7e6e52307d,blocks.layers.1.norm2,1,grad_l2,0.002722147430234565
silu,4705f87e-adbe-4d8c-900f-0d7e6e52307d,blocks.layers.1.norm2,1,rel_update,9.815327477865555e-05
silu,4705f87e-adbe-4d8c-900f-0d7e6e52307d,blocks.layers.1.self_attn,1,grad_l2,0.033289591839122945
silu,4705f87e-adbe-4d8c-900f-0d7e6e52307d,blocks.layers.1.self_attn,1,rel_update,0.0016845265515621414
silu,4705f87e-adbe-4d8c-900f-0d7e6e52307d,blocks.layers.1.norm1,1,grad_l2,0.0037355007447996864
silu,4705f87e-adbe-4d8c-900f-0d7e6e52307d,blocks.layers.1.norm1,1,rel_update,0.00010501137469884494
silu,4705f87e-adbe-4d8c-900f-0d7e6e52307d,blocks.layers.0.linear2,1,grad_l2,0.04350132871805598
silu,4705f87e-adbe-4d8c-900f-0d7e6e52307d,blocks.layers.0.linear2,1,rel_update,0.0021049806016941518
silu,4705f87e-adbe-4d8c-900f-0d7e6e52307d,blocks.layers.0.linear1,1,grad_l2,0.041367897250584734
silu,4705f87e-adbe-4d8c-900f-0d7e6e52307d,blocks.layers.0.linear1,1,rel_update,0.002004989639228881
silu,4705f87e-adbe-4d8c-900f-0d7e6e52307d,blocks.layers.0.norm2,1,grad_l2,0.005352427048178538
silu,4705f87e-adbe-4d8c-900f-0d7e6e52307d,blocks.layers.0.norm2,1,rel_update,0.00018044609020816932
silu,4705f87e-adbe-4d8c-900f-0d7e6e52307d,blocks.layers.0.self_attn,1,grad_l2,0.08131785821567393
silu,4705f87e-adbe-4d8c-900f-0d7e6e52307d,blocks.layers.0.self_attn,1,rel_update,0.004027323353521513
silu,4705f87e-adbe-4d8c-900f-0d7e6e52307d,blocks.layers.0.norm1,1,grad_l2,0.01557426052602651
silu,4705f87e-adbe-4d8c-900f-0d7e6e52307d,blocks.layers.0.norm1,1,rel_update,0.00025190785409974687
silu,4705f87e-adbe-4d8c-900f-0d7e6e52307d,lm_head,2,grad_l2,0.4816401094410343
silu,4705f87e-adbe-4d8c-900f-0d7e6e52307d,lm_head,2,rel_update,0.012912862336502398
silu,4705f87e-adbe-4d8c-900f-0d7e6e52307d,final_norm,2,grad_l2,0.03335096544404585
silu,4705f87e-adbe-4d8c-900f-0d7e6e52307d,final_norm,2,rel_update,0.0015474881811862824
silu,4705f87e-adbe-4d8c-900f-0d7e6e52307d,blocks.layers.3.linear2,2,grad_l2,0.022389785238110135
silu,4705f87e-adbe-4d8c-900f-0d7e6e52307d,blocks.layers.3.linear2,2,rel_update,0.0010928143954106197
silu,4705f87e-adbe-4d8c-900f-0d7e6e52307d,blocks.layers.3.linear1,2,grad_l2,0.026927874146824765
silu,4705f87e-adbe-4d8c-900f-0d7e6e52307d,blocks.layers.3.linear1,2,rel_update,0.001311377621079499
silu,4705f87e-adbe-4d8c-900f-0d7e6e52307d,blocks.layers.3.norm2,2,grad_l2,0.002525960223203537
silu,4705f87e-adbe-4d8c-900f-0d7e6e52307d,blocks.layers.3.norm2,2,rel_update,0.00010040296545399344
silu,4705f87e-adbe-4d8c-900f-0d7e6e52307d,blocks.layers.3.self_attn,2,grad_l2,0.025906190441829506
silu,4705f87e-adbe-4d8c-900f-0d7e6e52307d,blocks.layers.3.self_attn,2,rel_update,0.001313553523258397
silu,4705f87e-adbe-4d8c-900f-0d7e6e52307d,blocks.layers.3.norm1,2,grad_l2,0.0024878877962961165
silu,4705f87e-adbe-4d8c-900f-0d7e6e52307d,blocks.layers.3.norm1,2,rel_update,8.010165592880553e-05
silu,4705f87e-adbe-4d8c-900f-0d7e6e52307d,blocks.layers.2.linear2,2,grad_l2,0.023518635264730633
silu,4705f87e-adbe-4d8c-900f-0d7e6e52307d,blocks.layers.2.linear2,2,rel_update,0.0011479227832108746
silu,4705f87e-adbe-4d8c-900f-0d7e6e52307d,blocks.layers.2.linear1,2,grad_l2,0.02608953187279169
silu,4705f87e-adbe-4d8c-900f-0d7e6e52307d,blocks.layers.2.linear1,2,rel_update,0.0012696887521242459
silu,4705f87e-adbe-4d8c-900f-0d7e6e52307d,blocks.layers.2.norm2,2,grad_l2,0.0022969858633065583
silu,4705f87e-adbe-4d8c-900f-0d7e6e52307d,blocks.layers.2.norm2,2,rel_update,8.651997482745277e-05
silu,4705f87e-adbe-4d8c-900f-0d7e6e52307d,blocks.layers.2.self_attn,2,grad_l2,0.028767886525473987
silu,4705f87e-adbe-4d8c-900f-0d7e6e52307d,blocks.layers.2.self_attn,2,rel_update,0.001456831600503186
silu,4705f87e-adbe-4d8c-900f-0d7e6e52307d,blocks.layers.2.norm1,2,grad_l2,0.0030243415728186587
silu,4705f87e-adbe-4d8c-900f-0d7e6e52307d,blocks.layers.2.norm1,2,rel_update,9.162265124573015e-05
silu,4705f87e-adbe-4d8c-900f-0d7e6e52307d,blocks.layers.1.linear2,2,grad_l2,0.029502241448208563
silu,4705f87e-adbe-4d8c-900f-0d7e6e52307d,blocks.layers.1.linear2,2,rel_update,0.001437230965874844
silu,4705f87e-adbe-4d8c-900f-0d7e6e52307d,blocks.layers.1.linear1,2,grad_l2,0.030695351755151805
silu,4705f87e-adbe-4d8c-900f-0d7e6e52307d,blocks.layers.1.linear1,2,rel_update,0.0014958339437812673
silu,4705f87e-adbe-4d8c-900f-0d7e6e52307d,blocks.layers.1.norm2,2,grad_l2,0.0029930180094645195
silu,4705f87e-adbe-4d8c-900f-0d7e6e52307d,blocks.layers.1.norm2,2,rel_update,0.00011091145564756149
silu,4705f87e-adbe-4d8c-900f-0d7e6e52307d,blocks.layers.1.self_attn,2,grad_l2,0.03703838224346409
silu,4705f87e-adbe-4d8c-900f-0d7e6e52307d,blocks.layers.1.self_attn,2,rel_update,0.001874764837730822
silu,4705f87e-adbe-4d8c-900f-0d7e6e52307d,blocks.layers.1.norm1,2,grad_l2,0.004017468626967902
silu,4705f87e-adbe-4d8c-900f-0d7e6e52307d,blocks.layers.1.norm1,2,rel_update,0.00011839853451712571
silu,4705f87e-adbe-4d8c-900f-0d7e6e52307d,blocks.layers.0.linear2,2,grad_l2,0.050036780384922784
silu,4705f87e-adbe-4d8c-900f-0d7e6e52307d,blocks.layers.0.linear2,2,rel_update,0.0024081939890952153
silu,4705f87e-adbe-4d8c-900f-0d7e6e52307d,blocks.layers.0.linear1,2,grad_l2,0.04905880287738741
silu,4705f87e-adbe-4d8c-900f-0d7e6e52307d,blocks.layers.0.linear1,2,rel_update,0.002361144578786389
silu,4705f87e-adbe-4d8c-900f-0d7e6e52307d,blocks.layers.0.norm2,2,grad_l2,0.006363476217756358
silu,4705f87e-adbe-4d8c-900f-0d7e6e52307d,blocks.layers.0.norm2,2,rel_update,0.00022466900468950964
silu,4705f87e-adbe-4d8c-900f-0d7e6e52307d,blocks.layers.0.self_attn,2,grad_l2,0.09999414699830196
silu,4705f87e-adbe-4d8c-900f-0d7e6e52307d,blocks.layers.0.self_attn,2,rel_update,0.004969419002488307
silu,4705f87e-adbe-4d8c-900f-0d7e6e52307d,blocks.layers.0.norm1,2,grad_l2,0.018912066045555204
silu,4705f87e-adbe-4d8c-900f-0d7e6e52307d,blocks.layers.0.norm1,2,rel_update,0.00031084549957001434
silu,4705f87e-adbe-4d8c-900f-0d7e6e52307d,lm_head,3,grad_l2,0.42483606436074417
silu,4705f87e-adbe-4d8c-900f-0d7e6e52307d,lm_head,3,rel_update,0.010076690421362444
silu,4705f87e-adbe-4d8c-900f-0d7e6e52307d,final_norm,3,grad_l2,0.03025229500808967
silu,4705f87e-adbe-4d8c-900f-0d7e6e52307d,final_norm,3,rel_update,0.0013952269150525937
silu,4705f87e-adbe-4d8c-900f-0d7e6e52307d,blocks.layers.3.linear2,3,grad_l2,0.02600335504718321
silu,4705f87e-adbe-4d8c-900f-0d7e6e52307d,blocks.layers.3.linear2,3,rel_update,0.001268065871320724
silu,4705f87e-adbe-4d8c-900f-0d7e6e52307d,blocks.layers.3.linear1,3,grad_l2,0.030837662457160124
silu,4705f87e-adbe-4d8c-900f-0d7e6e52307d,blocks.layers.3.linear1,3,rel_update,0.0014949880268551204
silu,4705f87e-adbe-4d8c-900f-0d7e6e52307d,blocks.layers.3.norm2,3,grad_l2,0.003340498009417383
silu,4705f87e-adbe-4d8c-900f-0d7e6e52307d,blocks.layers.3.norm2,3,rel_update,0.00013169454149792939
silu,4705f87e-adbe-4d8c-900f-0d7e6e52307d,blocks.layers.3.self_attn,3,grad_l2,0.02846425051172636
silu,4705f87e-adbe-4d8c-900f-0d7e6e52307d,blocks.layers.3.self_attn,3,rel_update,0.0014407436345613483
silu,4705f87e-adbe-4d8c-900f-0d7e6e52307d,blocks.layers.3.norm1,3,grad_l2,0.002792240744432159
silu,4705f87e-adbe-4d8c-900f-0d7e6e52307d,blocks.layers.3.norm1,3,rel_update,9.06961332855335e-05
silu,4705f87e-adbe-4d8c-900f-0d7e6e52307d,blocks.layers.2.linear2,3,grad_l2,0.025822578808185292
silu,4705f87e-adbe-4d8c-900f-0d7e6e52307d,blocks.layers.2.linear2,3,rel_update,0.0012593952238501602
silu,4705f87e-adbe-4d8c-900f-0d7e6e52307d,blocks.layers.2.linear1,3,grad_l2,0.028055604522482173
silu,4705f87e-adbe-4d8c-900f-0d7e6e52307d,blocks.layers.2.linear1,3,rel_update,0.0013597182425178975
silu,4705f87e-adbe-4d8c-900f-0d7e6e52307d,blocks.layers.2.norm2,3,grad_l2,0.002483353974265085
silu,4705f87e-adbe-4d8c-900f-0d7e6e52307d,blocks.layers.2.norm2,3,rel_update,9.362072418509532e-05
silu,4705f87e-adbe-4d8c-900f-0d7e6e52307d,blocks.layers.2.self_attn,3,grad_l2,0.03143637159184118
silu,4705f87e-adbe-4d8c-900f-0d7e6e52307d,blocks.layers.2.self_attn,3,rel_update,0.0015902629854346556
silu,4705f87e-adbe-4d8c-900f-0d7e6e52307d,blocks.layers.2.norm1,3,grad_l2,0.003285025261115246
silu,4705f87e-adbe-4d8c-900f-0d7e6e52307d,blocks.layers.2.norm1,3,rel_update,0.00010147090428229598
silu,4705f87e-adbe-4d8c-900f-0d7e6e52307d,blocks.layers.1.linear2,3,grad_l2,0.031906317679538734
silu,4705f87e-adbe-4d8c-900f-0d7e6e52307d,blocks.layers.1.linear2,3,rel_update,0.0015540277517236392
silu,4705f87e-adbe-4d8c-900f-0d7e6e52307d,blocks.layers.1.linear1,3,grad_l2,0.03307397448771478
silu,4705f87e-adbe-4d8c-900f-0d7e6e52307d,blocks.layers.1.linear1,3,rel_update,0.0016077907168714027
silu,4705f87e-adbe-4d8c-900f-0d7e6e52307d,blocks.layers.1.norm2,3,grad_l2,0.0031714727036041813
silu,4705f87e-adbe-4d8c-900f-0d7e6e52307d,blocks.layers.1.norm2,3,rel_update,0.00011935031306305224
silu,4705f87e-adbe-4d8c-900f-0d7e6e52307d,blocks.layers.1.self_attn,3,grad_l2,0.040098820807522216
silu,4705f87e-adbe-4d8c-900f-0d7e6e52307d,blocks.layers.1.self_attn,3,rel_update,0.0020290533176466653
silu,4705f87e-adbe-4d8c-900f-0d7e6e52307d,blocks.layers.1.norm1,3,grad_l2,0.004271575374763122
silu,4705f87e-adbe-4d8c-900f-0d7e6e52307d,blocks.layers.1.norm1,3,rel_update,0.00012941615108068004
silu,4705f87e-adbe-4d8c-900f-0d7e6e52307d,blocks.layers.0.linear2,3,grad_l2,0.055464007026040464
silu,4705f87e-adbe-4d8c-900f-0d7e6e52307d,blocks.layers.0.linear2,3,rel_update,0.002656276570605487
silu,4705f87e-adbe-4d8c-900f-0d7e6e52307d,blocks.layers.0.linear1,3,grad_l2,0.05537078441390408
silu,4705f87e-adbe-4d8c-900f-0d7e6e52307d,blocks.layers.0.linear1,3,rel_update,0.002648523729021244
silu,4705f87e-adbe-4d8c-900f-0d7e6e52307d,blocks.layers.0.norm2,3,grad_l2,0.007114963082968493
silu,4705f87e-adbe-4d8c-900f-0d7e6e52307d,blocks.layers.0.norm2,3,rel_update,0.0002571580515751766
silu,4705f87e-adbe-4d8c-900f-0d7e6e52307d,blocks.layers.0.self_attn,3,grad_l2,0.1155462498688655
silu,4705f87e-adbe-4d8c-900f-0d7e6e52307d,blocks.layers.0.self_attn,3,rel_update,0.005731461519072204
silu,4705f87e-adbe-4d8c-900f-0d7e6e52307d,blocks.layers.0.norm1,3,grad_l2,0.021388383321721927
silu,4705f87e-adbe-4d8c-900f-0d7e6e52307d,blocks.layers.0.norm1,3,rel_update,0.00036109272952579614
silu,4705f87e-adbe-4d8c-900f-0d7e6e52307d,lm_head,4,grad_l2,0.3914898196149127
silu,4705f87e-adbe-4d8c-900f-0d7e6e52307d,lm_head,4,rel_update,0.008348934666677632
silu,4705f87e-adbe-4d8c-900f-0d7e6e52307d,final_norm,4,grad_l2,0.028483011923595206
silu,4705f87e-adbe-4d8c-900f-0d7e6e52307d,final_norm,4,rel_update,0.0013042932886946133
silu,4705f87e-adbe-4d8c-900f-0d7e6e52307d,blocks.layers.3.linear2,4,grad_l2,0.02903155026763861
silu,4705f87e-adbe-4d8c-900f-0d7e6e52307d,blocks.layers.3.linear2,4,rel_update,0.0014155268016404568
silu,4705f87e-adbe-4d8c-900f-0d7e6e52307d,blocks.layers.3.linear1,4,grad_l2,0.033722965418514037
silu,4705f87e-adbe-4d8c-900f-0d7e6e52307d,blocks.layers.3.linear1,4,rel_update,0.0016292388626938236
silu,4705f87e-adbe-4d8c-900f-0d7e6e52307d,blocks.layers.3.norm2,4,grad_l2,0.003939838287080332
silu,4705f87e-adbe-4d8c-900f-0d7e6e52307d,blocks.layers.3.norm2,4,rel_update,0.0001577549037915778
silu,4705f87e-adbe-4d8c-900f-0d7e6e52307d,blocks.layers.3.self_attn,4,grad_l2,0.031278666686353714
silu,4705f87e-adbe-4d8c-900f-0d7e6e52307d,blocks.layers.3.self_attn,4,rel_update,0.0015801553179279478
silu,4705f87e-adbe-4d8c-900f-0d7e6e52307d,blocks.layers.3.norm1,4,grad_l2,0.0030767286943293778
silu,4705f87e-adbe-4d8c-900f-0d7e6e52307d,blocks.layers.3.norm1,4,rel_update,0.00010233452420033799
silu,4705f87e-adbe-4d8c-900f-0d7e6e52307d,blocks.layers.2.linear2,4,grad_l2,0.027882140637118046
silu,4705f87e-adbe-4d8c-900f-0d7e6e52307d,blocks.layers.2.linear2,4,rel_update,0.0013591456742013599
silu,4705f87e-adbe-4d8c-900f-0d7e6e52307d,blocks.layers.2.linear1,4,grad_l2,0.029737671054674328
silu,4705f87e-adbe-4d8c-900f-0d7e6e52307d,blocks.layers.2.linear1,4,rel_update,0.0014356935085166852
silu,4705f87e-adbe-4d8c-900f-0d7e6e52307d,blocks.layers.2.norm2,4,grad_l2,0.002603289977888976
silu,4705f87e-adbe-4d8c-900f-0d7e6e52307d,blocks.layers.2.norm2,4,rel_update,9.882970572852689e-05
silu,4705f87e-adbe-4d8c-900f-0d7e6e52307d,blocks.layers.2.self_attn,4,grad_l2,0.034439413493869114
silu,4705f87e-adbe-4d8c-900f-0d7e6e52307d,blocks.layers.2.self_attn,4,rel_update,0.0017401102751494982
silu,4705f87e-adbe-4d8c-900f-0d7e6e52307d,blocks.layers.2.norm1,4,grad_l2,0.003535191201508742
silu,4705f87e-adbe-4d8c-900f-0d7e6e52307d,blocks.layers.2.norm1,4,rel_update,0.00011270990580778015
silu,4705f87e-adbe-4d8c-900f-0d7e6e52307d,blocks.layers.1.linear2,4,grad_l2,0.03409207641279532
silu,4705f87e-adbe-4d8c-900f-0d7e6e52307d,blocks.layers.1.linear2,4,rel_update,0.001660809770107876
silu,4705f87e-adbe-4d8c-900f-0d7e6e52307d,blocks.layers.1.linear1,4,grad_l2,0.03520419196366685
silu,4705f87e-adbe-4d8c-900f-0d7e6e52307d,blocks.layers.1.linear1,4,rel_update,0.0017076142005490107
silu,4705f87e-adbe-4d8c-900f-0d7e6e52307d,blocks.layers.1.norm2,4,grad_l2,0.0033097872754972247
silu,4705f87e-adbe-4d8c-900f-0d7e6e52307d,blocks.layers.1.norm2,4,rel_update,0.00012605569123839942
silu,4705f87e-adbe-4d8c-900f-0d7e6e52307d,blocks.layers.1.self_attn,4,grad_l2,0.04290498511112782
silu,4705f87e-adbe-4d8c-900f-0d7e6e52307d,blocks.layers.1.self_attn,4,rel_update,0.0021699562222312965
silu,4705f87e-adbe-4d8c-900f-0d7e6e52307d,blocks.layers.1.norm1,4,grad_l2,0.004502653976516395
silu,4705f87e-adbe-4d8c-900f-0d7e6e52307d,blocks.layers.1.norm1,4,rel_update,0.00013937227174480322
silu,4705f87e-adbe-4d8c-900f-0d7e6e52307d,blocks.layers.0.linear2,4,grad_l2,0.06020161649339315
silu,4705f87e-adbe-4d8c-900f-0d7e6e52307d,blocks.layers.0.linear2,4,rel_update,0.0028718179500492377
silu,4705f87e-adbe-4d8c-900f-0d7e6e52307d,blocks.layers.0.linear1,4,grad_l2,0.06094715138494134
silu,4705f87e-adbe-4d8c-900f-0d7e6e52307d,blocks.layers.0.linear1,4,rel_update,0.002900469975374172
silu,4705f87e-adbe-4d8c-900f-0d7e6e52307d,blocks.layers.0.norm2,4,grad_l2,0.007685918229991262
silu,4705f87e-adbe-4d8c-900f-0d7e6e52307d,blocks.layers.0.norm2,4,rel_update,0.00028296767625277824
silu,4705f87e-adbe-4d8c-900f-0d7e6e52307d,blocks.layers.0.self_attn,4,grad_l2,0.1289360259723568
silu,4705f87e-adbe-4d8c-900f-0d7e6e52307d,blocks.layers.0.self_attn,4,rel_update,0.006368850346777154
silu,4705f87e-adbe-4d8c-900f-0d7e6e52307d,blocks.layers.0.norm1,4,grad_l2,0.023150328740887592
silu,4705f87e-adbe-4d8c-900f-0d7e6e52307d,blocks.layers.0.norm1,4,rel_update,0.0004047786930733594
silu,4705f87e-adbe-4d8c-900f-0d7e6e52307d,lm_head,5,grad_l2,0.36940524957782434
silu,4705f87e-adbe-4d8c-900f-0d7e6e52307d,lm_head,5,rel_update,0.007184228230928225
silu,4705f87e-adbe-4d8c-900f-0d7e6e52307d,final_norm,5,grad_l2,0.0274159915612302
silu,4705f87e-adbe-4d8c-900f-0d7e6e52307d,final_norm,5,rel_update,0.0012439170909459233
silu,4705f87e-adbe-4d8c-900f-0d7e6e52307d,blocks.layers.3.linear2,5,grad_l2,0.031494653020287804
silu,4705f87e-adbe-4d8c-900f-0d7e6e52307d,blocks.layers.3.linear2,5,rel_update,0.0015353545592336883
silu,4705f87e-adbe-4d8c-900f-0d7e6e52307d,blocks.layers.3.linear1,5,grad_l2,0.03591866350413186
silu,4705f87e-adbe-4d8c-900f-0d7e6e52307d,blocks.layers.3.linear1,5,rel_update,0.0017304235215559616
silu,4705f87e-adbe-4d8c-900f-0d7e6e52307d,blocks.layers.3.norm2,5,grad_l2,0.004465620842439783
silu,4705f87e-adbe-4d8c-900f-0d7e6e52307d,blocks.layers.3.norm2,5,rel_update,0.00017791013985457156
silu,4705f87e-adbe-4d8c-900f-0d7e6e52307d,blocks.layers.3.self_attn,5,grad_l2,0.03387110927777216
silu,4705f87e-adbe-4d8c-900f-0d7e6e52307d,blocks.layers.3.self_attn,5,rel_update,0.0017075619957747626
silu,4705f87e-adbe-4d8c-900f-0d7e6e52307d,blocks.layers.3.norm1,5,grad_l2,0.0033427167783331353
silu,4705f87e-adbe-4d8c-900f-0d7e6e52307d,blocks.layers.3.norm1,5,rel_update,0.00011364160478010977
silu,4705f87e-adbe-4d8c-900f-0d7e6e52307d,blocks.layers.2.linear2,5,grad_l2,0.02971687485910393
silu,4705f87e-adbe-4d8c-900f-0d7e6e52307d,blocks.layers.2.linear2,5,rel_update,0.0014480326030698945
silu,4705f87e-adbe-4d8c-900f-0d7e6e52307d,blocks.layers.2.linear1,5,grad_l2,0.03126174891154813
silu,4705f87e-adbe-4d8c-900f-0d7e6e52307d,blocks.layers.2.linear1,5,rel_update,0.0015040291661633557
silu,4705f87e-adbe-4d8c-900f-0d7e6e52307d,blocks.layers.2.norm2,5,grad_l2,0.0026954145111055686
silu,4705f87e-adbe-4d8c-900f-0d7e6e52307d,blocks.layers.2.norm2,5,rel_update,0.00010321355367265523
silu,4705f87e-adbe-4d8c-900f-0d7e6e52307d,blocks.layers.2.self_attn,5,grad_l2,0.03722755842550423
silu,4705f87e-adbe-4d8c-900f-0d7e6e52307d,blocks.layers.2.self_attn,5,rel_update,0.0018788552422983869
silu,4705f87e-adbe-4d8c-900f-0d7e6e52307d,blocks.layers.2.norm1,5,grad_l2,0.00375676834974974
silu,4705f87e-adbe-4d8c-900f-0d7e6e52307d,blocks.layers.2.norm1,5,rel_update,0.00012362460803852336
silu,4705f87e-adbe-4d8c-900f-0d7e6e52307d,blocks.layers.1.linear2,5,grad_l2,0.036063327811809556
silu,4705f87e-adbe-4d8c-900f-0d7e6e52307d,blocks.layers.1.linear2,5,rel_update,0.0017576493491045233
silu,4705f87e-adbe-4d8c-900f-0d7e6e52307d,blocks.layers.1.linear1,5,grad_l2,0.03713246732415061
silu,4705f87e-adbe-4d8c-900f-0d7e6e52307d,blocks.layers.1.linear1,5,rel_update,0.001797786993552781
silu,4705f87e-adbe-4d8c-900f-0d7e6e52307d,blocks.layers.1.norm2,5,grad_l2,0.0034098409179643234
silu,4705f87e-adbe-4d8c-900f-0d7e6e52307d,blocks.layers.1.norm2,5,rel_update,0.00013165214533344128
silu,4705f87e-adbe-4d8c-900f-0d7e6e52307d,blocks.layers.1.self_attn,5,grad_l2,0.04551359817308223
silu,4705f87e-adbe-4d8c-900f-0d7e6e52307d,blocks.layers.1.self_attn,5,rel_update,0.002301090719479383
silu,4705f87e-adbe-4d8c-900f-0d7e6e52307d,blocks.layers.1.norm1,5,grad_l2,0.0047063065307046785
silu,4705f87e-adbe-4d8c-900f-0d7e6e52307d,blocks.layers.1.norm1,5,rel_update,0.00014857337991385432
silu,4705f87e-adbe-4d8c-900f-0d7e6e52307d,blocks.layers.0.linear2,5,grad_l2,0.06424393131698004
silu,4705f87e-adbe-4d8c-900f-0d7e6e52307d,blocks.layers.0.linear2,5,rel_update,0.003055884088029942
silu,4705f87e-adbe-4d8c-900f-0d7e6e52307d,blocks.layers.0.linear1,5,grad_l2,0.06584300483310049
silu,4705f87e-adbe-4d8c-900f-0d7e6e52307d,blocks.layers.0.linear1,5,rel_update,0.0031213180522164947
silu,4705f87e-adbe-4d8c-900f-0d7e6e52307d,blocks.layers.0.norm2,5,grad_l2,0.008132232268688517
silu,4705f87e-adbe-4d8c-900f-0d7e6e52307d,blocks.layers.0.norm2,5,rel_update,0.00030427074357455245
silu,4705f87e-adbe-4d8c-900f-0d7e6e52307d,blocks.layers.0.self_attn,5,grad_l2,0.1407023735041518
silu,4705f87e-adbe-4d8c-900f-0d7e6e52307d,blocks.layers.0.self_attn,5,rel_update,0.006915628322492928
silu,4705f87e-adbe-4d8c-900f-0d7e6e52307d,blocks.layers.0.norm1,5,grad_l2,0.02438763581061824
silu,4705f87e-adbe-4d8c-900f-0d7e6e52307d,blocks.layers.0.norm1,5,rel_update,0.0004432767880727729
silu,4705f87e-adbe-4d8c-900f-0d7e6e52307d,lm_head,6,grad_l2,0.3537957975872895
silu,4705f87e-adbe-4d8c-900f-0d7e6e52307d,lm_head,6,rel_update,0.006345867716394841
silu,4705f87e-adbe-4d8c-900f-0d7e6e52307d,final_norm,6,grad_l2,0.026699231585722513
silu,4705f87e-adbe-4d8c-900f-0d7e6e52307d,final_norm,6,rel_update,0.0012025600236981505
silu,4705f87e-adbe-4d8c-900f-0d7e6e52307d,blocks.layers.3.linear2,6,grad_l2,0.033479166276256855
silu,4705f87e-adbe-4d8c-900f-0d7e6e52307d,blocks.layers.3.linear2,6,rel_update,0.0016322383699969231
silu,4705f87e-adbe-4d8c-900f-0d7e6e52307d,blocks.layers.3.linear1,6,grad_l2,0.03763323240623824
silu,4705f87e-adbe-4d8c-900f-0d7e6e52307d,blocks.layers.3.linear1,6,rel_update,0.0018089089428364076
silu,4705f87e-adbe-4d8c-900f-0d7e6e52307d,blocks.layers.3.norm2,6,grad_l2,0.004806875410069976
silu,4705f87e-adbe-4d8c-900f-0d7e6e52307d,blocks.layers.3.norm2,6,rel_update,0.00019286617530695624
silu,4705f87e-adbe-4d8c-900f-0d7e6e52307d,blocks.layers.3.self_attn,6,grad_l2,0.03613266563243274
silu,4705f87e-adbe-4d8c-900f-0d7e6e52307d,blocks.layers.3.self_attn,6,rel_update,0.001818103455247665
silu,4705f87e-adbe-4d8c-900f-0d7e6e52307d,blocks.layers.3.norm1,6,grad_l2,0.0035716057923904274
silu,4705f87e-adbe-4d8c-900f-0d7e6e52307d,blocks.layers.3.norm1,6,rel_update,0.00012400488529847978
silu,4705f87e-adbe-4d8c-900f-0d7e6e52307d,blocks.layers.2.linear2,6,grad_l2,0.03134646135345301
silu,4705f87e-adbe-4d8c-900f-0d7e6e52307d,blocks.layers.2.linear2,6,rel_update,0.0015270705836676968
silu,4705f87e-adbe-4d8c-900f-0d7e6e52307d,blocks.layers.2.linear1,6,grad_l2,0.03266374261298336
silu,4705f87e-adbe-4d8c-900f-0d7e6e52307d,blocks.layers.2.linear1,6,rel_update,0.0015667643310709376
silu,4705f87e-adbe-4d8c-900f-0d7e6e52307d,blocks.layers.2.norm2,6,grad_l2,0.002767984038566172
silu,4705f87e-adbe-4d8c-900f-0d7e6e52307d,blocks.layers.2.norm2,6,rel_update,0.00010698296344988628
silu,4705f87e-adbe-4d8c-900f-0d7e6e52307d,blocks.layers.2.self_attn,6,grad_l2,0.039780325085853205
silu,4705f87e-adbe-4d8c-900f-0d7e6e52307d,blocks.layers.2.self_attn,6,rel_update,0.0020056874442701683
silu,4705f87e-adbe-4d8c-900f-0d7e6e52307d,blocks.layers.2.norm1,6,grad_l2,0.003947445494605172
silu,4705f87e-adbe-4d8c-900f-0d7e6e52307d,blocks.layers.2.norm1,6,rel_update,0.00013348096062413954
silu,4705f87e-adbe-4d8c-900f-0d7e6e52307d,blocks.layers.1.linear2,6,grad_l2,0.03783718490625084
silu,4705f87e-adbe-4d8c-900f-0d7e6e52307d,blocks.layers.1.linear2,6,rel_update,0.0018451687366601787
silu,4705f87e-adbe-4d8c-900f-0d7e6e52307d,blocks.layers.1.linear1,6,grad_l2,0.03886624953159378
silu,4705f87e-adbe-4d8c-900f-0d7e6e52307d,blocks.layers.1.linear1,6,rel_update,0.0018788471936587027
silu,4705f87e-adbe-4d8c-900f-0d7e6e52307d,blocks.layers.1.norm2,6,grad_l2,0.0034918923390764795
silu,4705f87e-adbe-4d8c-900f-0d7e6e52307d,blocks.layers.1.norm2,6,rel_update,0.00013634404700014493
silu,4705f87e-adbe-4d8c-900f-0d7e6e52307d,blocks.layers.1.self_attn,6,grad_l2,0.047835055978571225
silu,4705f87e-adbe-4d8c-900f-0d7e6e52307d,blocks.layers.1.self_attn,6,rel_update,0.0024179728807442384
silu,4705f87e-adbe-4d8c-900f-0d7e6e52307d,blocks.layers.1.norm1,6,grad_l2,0.004883314432656081
silu,4705f87e-adbe-4d8c-900f-0d7e6e52307d,blocks.layers.1.norm1,6,rel_update,0.00015661255633492307
silu,4705f87e-adbe-4d8c-900f-0d7e6e52307d,blocks.layers.0.linear2,6,grad_l2,0.0676782016596642
silu,4705f87e-adbe-4d8c-900f-0d7e6e52307d,blocks.layers.0.linear2,6,rel_update,0.003212869537910042
silu,4705f87e-adbe-4d8c-900f-0d7e6e52307d,blocks.layers.0.linear1,6,grad_l2,0.07006872120405395
silu,4705f87e-adbe-4d8c-900f-0d7e6e52307d,blocks.layers.0.linear1,6,rel_update,0.003312225483438123
silu,4705f87e-adbe-4d8c-900f-0d7e6e52307d,blocks.layers.0.norm2,6,grad_l2,0.008485143185930282
silu,4705f87e-adbe-4d8c-900f-0d7e6e52307d,blocks.layers.0.norm2,6,rel_update,0.00032176084508204534
silu,4705f87e-adbe-4d8c-900f-0d7e6e52307d,blocks.layers.0.self_attn,6,grad_l2,0.1510753580753205
silu,4705f87e-adbe-4d8c-900f-0d7e6e52307d,blocks.layers.0.self_attn,6,rel_update,0.007388946595349274
silu,4705f87e-adbe-4d8c-900f-0d7e6e52307d,blocks.layers.0.norm1,6,grad_l2,0.0253002092537331
silu,4705f87e-adbe-4d8c-900f-0d7e6e52307d,blocks.layers.0.norm1,6,rel_update,0.00047719018972015924
silu,4705f87e-adbe-4d8c-900f-0d7e6e52307d,lm_head,7,grad_l2,0.34195633719797874
silu,4705f87e-adbe-4d8c-900f-0d7e6e52307d,lm_head,7,rel_update,0.005713166560626272
silu,4705f87e-adbe-4d8c-900f-0d7e6e52307d,final_norm,7,grad_l2,0.02617961203096068
silu,4705f87e-adbe-4d8c-900f-0d7e6e52307d,final_norm,7,rel_update,0.0011731531774662846
silu,4705f87e-adbe-4d8c-900f-0d7e6e52307d,blocks.layers.3.linear2,7,grad_l2,0.03501438082681606
silu,4705f87e-adbe-4d8c-900f-0d7e6e52307d,blocks.layers.3.linear2,7,rel_update,0.0017075606049498432
silu,4705f87e-adbe-4d8c-900f-0d7e6e52307d,blocks.layers.3.linear1,7,grad_l2,0.03892122504805839
silu,4705f87e-adbe-4d8c-900f-0d7e6e52307d,blocks.layers.3.linear1,7,rel_update,0.0018675345990380283
silu,4705f87e-adbe-4d8c-900f-0d7e6e52307d,blocks.layers.3.norm2,7,grad_l2,0.004995240205551394
silu,4705f87e-adbe-4d8c-900f-0d7e6e52307d,blocks.layers.3.norm2,7,rel_update,0.00020359510800989486
silu,4705f87e-adbe-4d8c-900f-0d7e6e52307d,blocks.layers.3.self_attn,7,grad_l2,0.03777362557904964
silu,4705f87e-adbe-4d8c-900f-0d7e6e52307d,blocks.layers.3.self_attn,7,rel_update,0.001897837912022825
silu,4705f87e-adbe-4d8c-900f-0d7e6e52307d,blocks.layers.3.norm1,7,grad_l2,0.0037098965302115065
silu,4705f87e-adbe-4d8c-900f-0d7e6e52307d,blocks.layers.3.norm1,7,rel_update,0.00013149740424455534
silu,4705f87e-adbe-4d8c-900f-0d7e6e52307d,blocks.layers.2.linear2,7,grad_l2,0.03267841732573367
silu,4705f87e-adbe-4d8c-900f-0d7e6e52307d,blocks.layers.2.linear2,7,rel_update,0.001591913307665689
silu,4705f87e-adbe-4d8c-900f-0d7e6e52307d,blocks.layers.2.linear1,7,grad_l2,0.0338256857287026
silu,4705f87e-adbe-4d8c-900f-0d7e6e52307d,blocks.layers.2.linear1,7,rel_update,0.0016185834194539317
silu,4705f87e-adbe-4d8c-900f-0d7e6e52307d,blocks.layers.2.norm2,7,grad_l2,0.002814000807547856
silu,4705f87e-adbe-4d8c-900f-0d7e6e52307d,blocks.layers.2.norm2,7,rel_update,0.00010990510864875063
silu,4705f87e-adbe-4d8c-900f-0d7e6e52307d,blocks.layers.2.self_attn,7,grad_l2,0.04172686455627302
silu,4705f87e-adbe-4d8c-900f-0d7e6e52307d,blocks.layers.2.self_attn,7,rel_update,0.002102339438931063
silu,4705f87e-adbe-4d8c-900f-0d7e6e52307d,blocks.layers.2.norm1,7,grad_l2,0.004068661212104813
silu,4705f87e-adbe-4d8c-900f-0d7e6e52307d,blocks.layers.2.norm1,7,rel_update,0.00014106273094692607
silu,4705f87e-adbe-4d8c-900f-0d7e6e52307d,blocks.layers.1.linear2,7,grad_l2,0.03928416443669412
silu,4705f87e-adbe-4d8c-900f-0d7e6e52307d,blocks.layers.1.linear2,7,rel_update,0.0019170592449693367
silu,4705f87e-adbe-4d8c-900f-0d7e6e52307d,blocks.layers.1.linear1,7,grad_l2,0.04028678582693414
silu,4705f87e-adbe-4d8c-900f-0d7e6e52307d,blocks.layers.1.linear1,7,rel_update,0.0019452427352963618
silu,4705f87e-adbe-4d8c-900f-0d7e6e52307d,blocks.layers.1.norm2,7,grad_l2,0.0035406187686421293
silu,4705f87e-adbe-4d8c-900f-0d7e6e52307d,blocks.layers.1.norm2,7,rel_update,0.00013992764943191488
silu,4705f87e-adbe-4d8c-900f-0d7e6e52307d,blocks.layers.1.self_attn,7,grad_l2,0.04968941608182916
silu,4705f87e-adbe-4d8c-900f-0d7e6e52307d,blocks.layers.1.self_attn,7,rel_update,0.0025116158444196735
silu,4705f87e-adbe-4d8c-900f-0d7e6e52307d,blocks.layers.1.norm1,7,grad_l2,0.004995005081881962
silu,4705f87e-adbe-4d8c-900f-0d7e6e52307d,blocks.layers.1.norm1,7,rel_update,0.00016295663640528604
silu,4705f87e-adbe-4d8c-900f-0d7e6e52307d,blocks.layers.0.linear2,7,grad_l2,0.07036058882489629
silu,4705f87e-adbe-4d8c-900f-0d7e6e52307d,blocks.layers.0.linear2,7,rel_update,0.003335981553899126
silu,4705f87e-adbe-4d8c-900f-0d7e6e52307d,blocks.layers.0.linear1,7,grad_l2,0.07352513968632336
silu,4705f87e-adbe-4d8c-900f-0d7e6e52307d,blocks.layers.0.linear1,7,rel_update,0.0034686747921265915
silu,4705f87e-adbe-4d8c-900f-0d7e6e52307d,blocks.layers.0.norm2,7,grad_l2,0.00871083404950658
silu,4705f87e-adbe-4d8c-900f-0d7e6e52307d,blocks.layers.0.norm2,7,rel_update,0.0003356693968474616
silu,4705f87e-adbe-4d8c-900f-0d7e6e52307d,blocks.layers.0.self_attn,7,grad_l2,0.15961236376399854
silu,4705f87e-adbe-4d8c-900f-0d7e6e52307d,blocks.layers.0.self_attn,7,rel_update,0.007775034505580383
silu,4705f87e-adbe-4d8c-900f-0d7e6e52307d,blocks.layers.0.norm1,7,grad_l2,0.025768937177612212
silu,4705f87e-adbe-4d8c-900f-0d7e6e52307d,blocks.layers.0.norm1,7,rel_update,0.000505355453126042
silu,4705f87e-adbe-4d8c-900f-0d7e6e52307d,lm_head,8,grad_l2,0.33262510428012904
silu,4705f87e-adbe-4d8c-900f-0d7e6e52307d,lm_head,8,rel_update,0.005219123584344955
silu,4705f87e-adbe-4d8c-900f-0d7e6e52307d,final_norm,8,grad_l2,0.02581487983718843
silu,4705f87e-adbe-4d8c-900f-0d7e6e52307d,final_norm,8,rel_update,0.0011523375610301284
silu,4705f87e-adbe-4d8c-900f-0d7e6e52307d,blocks.layers.3.linear2,8,grad_l2,0.03616257459474069
silu,4705f87e-adbe-4d8c-900f-0d7e6e52307d,blocks.layers.3.linear2,8,rel_update,0.001764025038915988
silu,4705f87e-adbe-4d8c-900f-0d7e6e52307d,blocks.layers.3.linear1,8,grad_l2,0.03988377935821927
silu,4705f87e-adbe-4d8c-900f-0d7e6e52307d,blocks.layers.3.linear1,8,rel_update,0.001911135029023671
silu,4705f87e-adbe-4d8c-900f-0d7e6e52307d,blocks.layers.3.norm2,8,grad_l2,0.005115985635468106
silu,4705f87e-adbe-4d8c-900f-0d7e6e52307d,blocks.layers.3.norm2,8,rel_update,0.00021119304176144894
silu,4705f87e-adbe-4d8c-900f-0d7e6e52307d,blocks.layers.3.self_attn,8,grad_l2,0.03906969762512175
silu,4705f87e-adbe-4d8c-900f-0d7e6e52307d,blocks.layers.3.self_attn,8,rel_update,0.001960670721284663
silu,4705f87e-adbe-4d8c-900f-0d7e6e52307d,blocks.layers.3.norm1,8,grad_l2,0.003812586677273814
silu,4705f87e-adbe-4d8c-900f-0d7e6e52307d,blocks.layers.3.norm1,8,rel_update,0.00013742212845688808
silu,4705f87e-adbe-4d8c-900f-0d7e6e52307d,blocks.layers.2.linear2,8,grad_l2,0.0337364632607026
silu,4705f87e-adbe-4d8c-900f-0d7e6e52307d,blocks.layers.2.linear2,8,rel_update,0.0016435056390050494
silu,4705f87e-adbe-4d8c-900f-0d7e6e52307d,blocks.layers.2.linear1,8,grad_l2,0.034766448448957474
silu,4705f87e-adbe-4d8c-900f-0d7e6e52307d,blocks.layers.2.linear1,8,rel_update,0.0016604581119932312
silu,4705f87e-adbe-4d8c-900f-0d7e6e52307d,blocks.layers.2.norm2,8,grad_l2,0.0028443864067004224
silu,4705f87e-adbe-4d8c-900f-0d7e6e52307d,blocks.layers.2.norm2,8,rel_update,0.00011233395522693613
silu,4705f87e-adbe-4d8c-900f-0d7e6e52307d,blocks.layers.2.self_attn,8,grad_l2,0.043257281418343306
silu,4705f87e-adbe-4d8c-900f-0d7e6e52307d,blocks.layers.2.self_attn,8,rel_update,0.0021783164438548123
silu,4705f87e-adbe-4d8c-900f-0d7e6e52307d,blocks.layers.2.norm1,8,grad_l2,0.004154936089796229
silu,4705f87e-adbe-4d8c-900f-0d7e6e52307d,blocks.layers.2.norm1,8,rel_update,0.0001469682580021546
silu,4705f87e-adbe-4d8c-900f-0d7e6e52307d,blocks.layers.1.linear2,8,grad_l2,0.04043796836003427
silu,4705f87e-adbe-4d8c-900f-0d7e6e52307d,blocks.layers.1.linear2,8,rel_update,0.0019746036339908955
silu,4705f87e-adbe-4d8c-900f-0d7e6e52307d,blocks.layers.1.linear1,8,grad_l2,0.041434261787319154
silu,4705f87e-adbe-4d8c-900f-0d7e6e52307d,blocks.layers.1.linear1,8,rel_update,0.001998885301663566
silu,4705f87e-adbe-4d8c-900f-0d7e6e52307d,blocks.layers.1.norm2,8,grad_l2,0.0035732698053865196
silu,4705f87e-adbe-4d8c-900f-0d7e6e52307d,blocks.layers.1.norm2,8,rel_update,0.0001428508372910927
silu,4705f87e-adbe-4d8c-900f-0d7e6e52307d,blocks.layers.1.self_attn,8,grad_l2,0.051139182369089355
silu,4705f87e-adbe-4d8c-900f-0d7e6e52307d,blocks.layers.1.self_attn,8,rel_update,0.002584944303235871
silu,4705f87e-adbe-4d8c-900f-0d7e6e52307d,blocks.layers.1.norm1,8,grad_l2,0.005070296879502643
silu,4705f87e-adbe-4d8c-900f-0d7e6e52307d,blocks.layers.1.norm1,8,rel_update,0.00016795202800009315
silu,4705f87e-adbe-4d8c-900f-0d7e6e52307d,blocks.layers.0.linear2,8,grad_l2,0.07246362243436173
silu,4705f87e-adbe-4d8c-900f-0d7e6e52307d,blocks.layers.0.linear2,8,rel_update,0.003432747377868517
silu,4705f87e-adbe-4d8c-900f-0d7e6e52307d,blocks.layers.0.linear1,8,grad_l2,0.0763145004731901
silu,4705f87e-adbe-4d8c-900f-0d7e6e52307d,blocks.layers.0.linear1,8,rel_update,0.0035950732981221275
silu,4705f87e-adbe-4d8c-900f-0d7e6e52307d,blocks.layers.0.norm2,8,grad_l2,0.00887169752677105
silu,4705f87e-adbe-4d8c-900f-0d7e6e52307d,blocks.layers.0.norm2,8,rel_update,0.000346739917874867
silu,4705f87e-adbe-4d8c-900f-0d7e6e52307d,blocks.layers.0.self_attn,8,grad_l2,0.1665431366779076
silu,4705f87e-adbe-4d8c-900f-0d7e6e52307d,blocks.layers.0.self_attn,8,rel_update,0.008086938629675296
silu,4705f87e-adbe-4d8c-900f-0d7e6e52307d,blocks.layers.0.norm1,8,grad_l2,0.02602865742175739
silu,4705f87e-adbe-4d8c-900f-0d7e6e52307d,blocks.layers.0.norm1,8,rel_update,0.0005288414050064635
silu,4705f87e-adbe-4d8c-900f-0d7e6e52307d,lm_head,9,grad_l2,0.325088456379137
silu,4705f87e-adbe-4d8c-900f-0d7e6e52307d,lm_head,9,rel_update,0.00482320994666981
silu,4705f87e-adbe-4d8c-900f-0d7e6e52307d,final_norm,9,grad_l2,0.02554126162693117
silu,4705f87e-adbe-4d8c-900f-0d7e6e52307d,final_norm,9,rel_update,0.0011372220300779183
silu,4705f87e-adbe-4d8c-900f-0d7e6e52307d,blocks.layers.3.linear2,9,grad_l2,0.037009529178585306
silu,4705f87e-adbe-4d8c-900f-0d7e6e52307d,blocks.layers.3.linear2,9,rel_update,0.001805851317573366
silu,4705f87e-adbe-4d8c-900f-0d7e6e52307d,blocks.layers.3.linear1,9,grad_l2,0.040583905106669683
silu,4705f87e-adbe-4d8c-900f-0d7e6e52307d,blocks.layers.3.linear1,9,rel_update,0.0019426912239357001
silu,4705f87e-adbe-4d8c-900f-0d7e6e52307d,blocks.layers.3.norm2,9,grad_l2,0.0051622842021136536
silu,4705f87e-adbe-4d8c-900f-0d7e6e52307d,blocks.layers.3.norm2,9,rel_update,0.00021620680923744077
silu,4705f87e-adbe-4d8c-900f-0d7e6e52307d,blocks.layers.3.self_attn,9,grad_l2,0.04000068115479717
silu,4705f87e-adbe-4d8c-900f-0d7e6e52307d,blocks.layers.3.self_attn,9,rel_update,0.0020056470175234264
silu,4705f87e-adbe-4d8c-900f-0d7e6e52307d,blocks.layers.3.norm1,9,grad_l2,0.003873703370906864
silu,4705f87e-adbe-4d8c-900f-0d7e6e52307d,blocks.layers.3.norm1,9,rel_update,0.00014150397812979593
silu,4705f87e-adbe-4d8c-900f-0d7e6e52307d,blocks.layers.2.linear2,9,grad_l2,0.03454826737505481
silu,4705f87e-adbe-4d8c-900f-0d7e6e52307d,blocks.layers.2.linear2,9,rel_update,0.00168315759748738
silu,4705f87e-adbe-4d8c-900f-0d7e6e52307d,blocks.layers.2.linear1,9,grad_l2,0.03549869233751641
silu,4705f87e-adbe-4d8c-900f-0d7e6e52307d,blocks.layers.2.linear1,9,rel_update,0.0016929607525374023
silu,4705f87e-adbe-4d8c-900f-0d7e6e52307d,blocks.layers.2.norm2,9,grad_l2,0.0028609705180496145
silu,4705f87e-adbe-4d8c-900f-0d7e6e52307d,blocks.layers.2.norm2,9,rel_update,0.00011412965913321962
silu,4705f87e-adbe-4d8c-900f-0d7e6e52307d,blocks.layers.2.self_attn,9,grad_l2,0.04438637334978276
silu,4705f87e-adbe-4d8c-900f-0d7e6e52307d,blocks.layers.2.self_attn,9,rel_update,0.0022343288776151614
silu,4705f87e-adbe-4d8c-900f-0d7e6e52307d,blocks.layers.2.norm1,9,grad_l2,0.00420900512034531
silu,4705f87e-adbe-4d8c-900f-0d7e6e52307d,blocks.layers.2.norm1,9,rel_update,0.00015132143826608005
silu,4705f87e-adbe-4d8c-900f-0d7e6e52307d,blocks.layers.1.linear2,9,grad_l2,0.04132226990366682
silu,4705f87e-adbe-4d8c-900f-0d7e6e52307d,blocks.layers.1.linear2,9,rel_update,0.0020188480813811823
silu,4705f87e-adbe-4d8c-900f-0d7e6e52307d,blocks.layers.1.linear1,9,grad_l2,0.042320988824289085
silu,4705f87e-adbe-4d8c-900f-0d7e6e52307d,blocks.layers.1.linear1,9,rel_update,0.002040301552707428
silu,4705f87e-adbe-4d8c-900f-0d7e6e52307d,blocks.layers.1.norm2,9,grad_l2,0.0035890037209734276
silu,4705f87e-adbe-4d8c-900f-0d7e6e52307d,blocks.layers.1.norm2,9,rel_update,0.00014490686868347813
silu,4705f87e-adbe-4d8c-900f-0d7e6e52307d,blocks.layers.1.self_attn,9,grad_l2,0.05220745865716773
silu,4705f87e-adbe-4d8c-900f-0d7e6e52307d,blocks.layers.1.self_attn,9,rel_update,0.002639056036711415
silu,4705f87e-adbe-4d8c-900f-0d7e6e52307d,blocks.layers.1.norm1,9,grad_l2,0.005112918839337999
silu,4705f87e-adbe-4d8c-900f-0d7e6e52307d,blocks.layers.1.norm1,9,rel_update,0.0001715639230759351
silu,4705f87e-adbe-4d8c-900f-0d7e6e52307d,blocks.layers.0.linear2,9,grad_l2,0.0740727441893096
silu,4705f87e-adbe-4d8c-900f-0d7e6e52307d,blocks.layers.0.linear2,9,rel_update,0.0035068381715922417
silu,4705f87e-adbe-4d8c-900f-0d7e6e52307d,blocks.layers.0.linear1,9,grad_l2,0.07850202456181284
silu,4705f87e-adbe-4d8c-900f-0d7e6e52307d,blocks.layers.0.linear1,9,rel_update,0.0036941895882524113
silu,4705f87e-adbe-4d8c-900f-0d7e6e52307d,blocks.layers.0.norm2,9,grad_l2,0.008971499916076176
silu,4705f87e-adbe-4d8c-900f-0d7e6e52307d,blocks.layers.0.norm2,9,rel_update,0.00035519611820426095
silu,4705f87e-adbe-4d8c-900f-0d7e6e52307d,blocks.layers.0.self_attn,9,grad_l2,0.1719526136584233
silu,4705f87e-adbe-4d8c-900f-0d7e6e52307d,blocks.layers.0.self_attn,9,rel_update,0.008330145145749682
silu,4705f87e-adbe-4d8c-900f-0d7e6e52307d,blocks.layers.0.norm1,9,grad_l2,0.026112762408675688
silu,4705f87e-adbe-4d8c-900f-0d7e6e52307d,blocks.layers.0.norm1,9,rel_update,0.0005476917070135762
silu,efd54770-91a5-4e68-9b56-e4cbf58d3dfd,lm_head,0,grad_l2,0.9349691899645796
silu,efd54770-91a5-4e68-9b56-e4cbf58d3dfd,lm_head,0,rel_update,0.03375807223830108
silu,efd54770-91a5-4e68-9b56-e4cbf58d3dfd,final_norm,0,grad_l2,0.06313446587863522
silu,efd54770-91a5-4e68-9b56-e4cbf58d3dfd,final_norm,0,rel_update,0.0028761736845583034
silu,efd54770-91a5-4e68-9b56-e4cbf58d3dfd,blocks.layers.3.linear2,0,grad_l2,0.015104077194163052
silu,efd54770-91a5-4e68-9b56-e4cbf58d3dfd,blocks.layers.3.linear2,0,rel_update,0.0007399132161682304
silu,efd54770-91a5-4e68-9b56-e4cbf58d3dfd,blocks.layers.3.linear1,0,grad_l2,0.01718856656902134
silu,efd54770-91a5-4e68-9b56-e4cbf58d3dfd,blocks.layers.3.linear1,0,rel_update,0.0008464917913681412
silu,efd54770-91a5-4e68-9b56-e4cbf58d3dfd,blocks.layers.3.norm2,0,grad_l2,0.0013868466738300397
silu,efd54770-91a5-4e68-9b56-e4cbf58d3dfd,blocks.layers.3.norm2,0,rel_update,5.284875847580781e-05
silu,efd54770-91a5-4e68-9b56-e4cbf58d3dfd,blocks.layers.3.self_attn,0,grad_l2,0.02167440388320787
silu,efd54770-91a5-4e68-9b56-e4cbf58d3dfd,blocks.layers.3.self_attn,0,rel_update,0.0010998427253519718
silu,efd54770-91a5-4e68-9b56-e4cbf58d3dfd,blocks.layers.3.norm1,0,grad_l2,0.0019076293490167895
silu,efd54770-91a5-4e68-9b56-e4cbf58d3dfd,blocks.layers.3.norm1,0,rel_update,6.51757805905942e-05
silu,efd54770-91a5-4e68-9b56-e4cbf58d3dfd,blocks.layers.2.linear2,0,grad_l2,0.018037444730002367
silu,efd54770-91a5-4e68-9b56-e4cbf58d3dfd,blocks.layers.2.linear2,0,rel_update,0.0008824125865992899
silu,efd54770-91a5-4e68-9b56-e4cbf58d3dfd,blocks.layers.2.linear1,0,grad_l2,0.018886621611824313
silu,efd54770-91a5-4e68-9b56-e4cbf58d3dfd,blocks.layers.2.linear1,0,rel_update,0.000927966283910619
silu,efd54770-91a5-4e68-9b56-e4cbf58d3dfd,blocks.layers.2.norm2,0,grad_l2,0.0016147712408520452
silu,efd54770-91a5-4e68-9b56-e4cbf58d3dfd,blocks.layers.2.norm2,0,rel_update,5.8242660718058786e-05
silu,efd54770-91a5-4e68-9b56-e4cbf58d3dfd,blocks.layers.2.self_attn,0,grad_l2,0.024271769888017457
silu,efd54770-91a5-4e68-9b56-e4cbf58d3dfd,blocks.layers.2.self_attn,0,rel_update,0.0012302526192590683
silu,efd54770-91a5-4e68-9b56-e4cbf58d3dfd,blocks.layers.2.norm1,0,grad_l2,0.002276647522995206
silu,efd54770-91a5-4e68-9b56-e4cbf58d3dfd,blocks.layers.2.norm1,0,rel_update,7.262645424898121e-05
silu,efd54770-91a5-4e68-9b56-e4cbf58d3dfd,blocks.layers.1.linear2,0,grad_l2,0.021998543081502318
silu,efd54770-91a5-4e68-9b56-e4cbf58d3dfd,blocks.layers.1.linear2,0,rel_update,0.0010731624527799697
silu,efd54770-91a5-4e68-9b56-e4cbf58d3dfd,blocks.layers.1.linear1,0,grad_l2,0.02207416429557631
silu,efd54770-91a5-4e68-9b56-e4cbf58d3dfd,blocks.layers.1.linear1,0,rel_update,0.0010839321102610302
silu,efd54770-91a5-4e68-9b56-e4cbf58d3dfd,blocks.layers.1.norm2,0,grad_l2,0.0021403432187360482
silu,efd54770-91a5-4e68-9b56-e4cbf58d3dfd,blocks.layers.1.norm2,0,rel_update,7.397888649216596e-05
silu,efd54770-91a5-4e68-9b56-e4cbf58d3dfd,blocks.layers.1.self_attn,0,grad_l2,0.02951394994408627
silu,efd54770-91a5-4e68-9b56-e4cbf58d3dfd,blocks.layers.1.self_attn,0,rel_update,0.001491400517773237
silu,efd54770-91a5-4e68-9b56-e4cbf58d3dfd,blocks.layers.1.norm1,0,grad_l2,0.0034348002412029886
silu,efd54770-91a5-4e68-9b56-e4cbf58d3dfd,blocks.layers.1.norm1,0,rel_update,8.988133737613965e-05
silu,efd54770-91a5-4e68-9b56-e4cbf58d3dfd,blocks.layers.0.linear2,0,grad_l2,0.03574939750661676
silu,efd54770-91a5-4e68-9b56-e4cbf58d3dfd,blocks.layers.0.linear2,0,rel_update,0.0017379267525545771
silu,efd54770-91a5-4e68-9b56-e4cbf58d3dfd,blocks.layers.0.linear1,0,grad_l2,0.029912200611195507
silu,efd54770-91a5-4e68-9b56-e4cbf58d3dfd,blocks.layers.0.linear1,0,rel_update,0.0014581373171571887
silu,efd54770-91a5-4e68-9b56-e4cbf58d3dfd,blocks.layers.0.norm2,0,grad_l2,0.0036423415441204222
silu,efd54770-91a5-4e68-9b56-e4cbf58d3dfd,blocks.layers.0.norm2,0,rel_update,0.00010487383197188411
silu,efd54770-91a5-4e68-9b56-e4cbf58d3dfd,blocks.layers.0.self_attn,0,grad_l2,0.04836207327519323
silu,efd54770-91a5-4e68-9b56-e4cbf58d3dfd,blocks.layers.0.self_attn,0,rel_update,0.0023212323979727783
silu,efd54770-91a5-4e68-9b56-e4cbf58d3dfd,blocks.layers.0.norm1,0,grad_l2,0.011508200733491625
silu,efd54770-91a5-4e68-9b56-e4cbf58d3dfd,blocks.layers.0.norm1,0,rel_update,0.00014900625271525058
silu,efd54770-91a5-4e68-9b56-e4cbf58d3dfd,lm_head,1,grad_l2,0.5916241968971979
silu,efd54770-91a5-4e68-9b56-e4cbf58d3dfd,lm_head,1,rel_update,0.018244969238158115
silu,efd54770-91a5-4e68-9b56-e4cbf58d3dfd,final_norm,1,grad_l2,0.04117710589375971
silu,efd54770-91a5-4e68-9b56-e4cbf58d3dfd,final_norm,1,rel_update,0.0019077822683209991
silu,efd54770-91a5-4e68-9b56-e4cbf58d3dfd,blocks.layers.3.linear2,1,grad_l2,0.018189282046215987
silu,efd54770-91a5-4e68-9b56-e4cbf58d3dfd,blocks.layers.3.linear2,1,rel_update,0.0008897932099305176
silu,efd54770-91a5-4e68-9b56-e4cbf58d3dfd,blocks.layers.3.linear1,1,grad_l2,0.022492090954268563
silu,efd54770-91a5-4e68-9b56-e4cbf58d3dfd,blocks.layers.3.linear1,1,rel_update,0.0011025696251040719
silu,efd54770-91a5-4e68-9b56-e4cbf58d3dfd,blocks.layers.3.norm2,1,grad_l2,0.0018944171877861072
silu,efd54770-91a5-4e68-9b56-e4cbf58d3dfd,blocks.layers.3.norm2,1,rel_update,7.37367557504844e-05
silu,efd54770-91a5-4e68-9b56-e4cbf58d3dfd,blocks.layers.3.self_attn,1,grad_l2,0.023302602962002143
silu,efd54770-91a5-4e68-9b56-e4cbf58d3dfd,blocks.layers.3.self_attn,1,rel_update,0.0011818249229539003
silu,efd54770-91a5-4e68-9b56-e4cbf58d3dfd,blocks.layers.3.norm1,1,grad_l2,0.002235875446882503
silu,efd54770-91a5-4e68-9b56-e4cbf58d3dfd,blocks.layers.3.norm1,1,rel_update,7.12217490272462e-05
silu,efd54770-91a5-4e68-9b56-e4cbf58d3dfd,blocks.layers.2.linear2,1,grad_l2,0.021019298390399944
silu,efd54770-91a5-4e68-9b56-e4cbf58d3dfd,blocks.layers.2.linear2,1,rel_update,0.0010262872177591769
silu,efd54770-91a5-4e68-9b56-e4cbf58d3dfd,blocks.layers.2.linear1,1,grad_l2,0.02343059994320841
silu,efd54770-91a5-4e68-9b56-e4cbf58d3dfd,blocks.layers.2.linear1,1,rel_update,0.0011464269976248632
silu,efd54770-91a5-4e68-9b56-e4cbf58d3dfd,blocks.layers.2.norm2,1,grad_l2,0.0020869544855769513
silu,efd54770-91a5-4e68-9b56-e4cbf58d3dfd,blocks.layers.2.norm2,1,rel_update,7.771875840944929e-05
silu,efd54770-91a5-4e68-9b56-e4cbf58d3dfd,blocks.layers.2.self_attn,1,grad_l2,0.02597020873673996
silu,efd54770-91a5-4e68-9b56-e4cbf58d3dfd,blocks.layers.2.self_attn,1,rel_update,0.00131524196508167
silu,efd54770-91a5-4e68-9b56-e4cbf58d3dfd,blocks.layers.2.norm1,1,grad_l2,0.0026176086324689865
silu,efd54770-91a5-4e68-9b56-e4cbf58d3dfd,blocks.layers.2.norm1,1,rel_update,7.775333295214197e-05
silu,efd54770-91a5-4e68-9b56-e4cbf58d3dfd,blocks.layers.1.linear2,1,grad_l2,0.026260305067350137
silu,efd54770-91a5-4e68-9b56-e4cbf58d3dfd,blocks.layers.1.linear2,1,rel_update,0.0012787510924971576
silu,efd54770-91a5-4e68-9b56-e4cbf58d3dfd,blocks.layers.1.linear1,1,grad_l2,0.02754851199954835
silu,efd54770-91a5-4e68-9b56-e4cbf58d3dfd,blocks.layers.1.linear1,1,rel_update,0.0013471602897866884
silu,efd54770-91a5-4e68-9b56-e4cbf58d3dfd,blocks.layers.1.norm2,1,grad_l2,0.0028037501059136236
silu,efd54770-91a5-4e68-9b56-e4cbf58d3dfd,blocks.layers.1.norm2,1,rel_update,0.00010009653226317674
silu,efd54770-91a5-4e68-9b56-e4cbf58d3dfd,blocks.layers.1.self_attn,1,grad_l2,0.032109898782673396
silu,efd54770-91a5-4e68-9b56-e4cbf58d3dfd,blocks.layers.1.self_attn,1,rel_update,0.0016224576089530855
silu,efd54770-91a5-4e68-9b56-e4cbf58d3dfd,blocks.layers.1.norm1,1,grad_l2,0.0037793952205852034
silu,efd54770-91a5-4e68-9b56-e4cbf58d3dfd,blocks.layers.1.norm1,1,rel_update,9.908645839059366e-05
silu,efd54770-91a5-4e68-9b56-e4cbf58d3dfd,blocks.layers.0.linear2,1,grad_l2,0.043868803481251405
silu,efd54770-91a5-4e68-9b56-e4cbf58d3dfd,blocks.layers.0.linear2,1,rel_update,0.0021244217326847215
silu,efd54770-91a5-4e68-9b56-e4cbf58d3dfd,blocks.layers.0.linear1,1,grad_l2,0.040417908434682626
silu,efd54770-91a5-4e68-9b56-e4cbf58d3dfd,blocks.layers.0.linear1,1,rel_update,0.0019571641598336797
silu,efd54770-91a5-4e68-9b56-e4cbf58d3dfd,blocks.layers.0.norm2,1,grad_l2,0.0053134592840844725
silu,efd54770-91a5-4e68-9b56-e4cbf58d3dfd,blocks.layers.0.norm2,1,rel_update,0.0001746962238205795
silu,efd54770-91a5-4e68-9b56-e4cbf58d3dfd,blocks.layers.0.self_attn,1,grad_l2,0.07968837488514258
silu,efd54770-91a5-4e68-9b56-e4cbf58d3dfd,blocks.layers.0.self_attn,1,rel_update,0.0039327692208429256
silu,efd54770-91a5-4e68-9b56-e4cbf58d3dfd,blocks.layers.0.norm1,1,grad_l2,0.015739974327817735
silu,efd54770-91a5-4e68-9b56-e4cbf58d3dfd,blocks.layers.0.norm1,1,rel_update,0.00024793502468287734
silu,efd54770-91a5-4e68-9b56-e4cbf58d3dfd,lm_head,2,grad_l2,0.4783247135323279
silu,efd54770-91a5-4e68-9b56-e4cbf58d3dfd,lm_head,2,rel_update,0.012777997684230387
silu,efd54770-91a5-4e68-9b56-e4cbf58d3dfd,final_norm,2,grad_l2,0.034092307057452455
silu,efd54770-91a5-4e68-9b56-e4cbf58d3dfd,final_norm,2,rel_update,0.0015809109607070023
silu,efd54770-91a5-4e68-9b56-e4cbf58d3dfd,blocks.layers.3.linear2,2,grad_l2,0.02216886849097375
silu,efd54770-91a5-4e68-9b56-e4cbf58d3dfd,blocks.layers.3.linear2,2,rel_update,0.001083351903356156
silu,efd54770-91a5-4e68-9b56-e4cbf58d3dfd,blocks.layers.3.linear1,2,grad_l2,0.02735681345722551
silu,efd54770-91a5-4e68-9b56-e4cbf58d3dfd,blocks.layers.3.linear1,2,rel_update,0.001334258350299629
silu,efd54770-91a5-4e68-9b56-e4cbf58d3dfd,blocks.layers.3.norm2,2,grad_l2,0.0026959940371510537
silu,efd54770-91a5-4e68-9b56-e4cbf58d3dfd,blocks.layers.3.norm2,2,rel_update,0.00010456949376094662
silu,efd54770-91a5-4e68-9b56-e4cbf58d3dfd,blocks.layers.3.self_attn,2,grad_l2,0.025159980461190945
silu,efd54770-91a5-4e68-9b56-e4cbf58d3dfd,blocks.layers.3.self_attn,2,rel_update,0.0012744776322153647
silu,efd54770-91a5-4e68-9b56-e4cbf58d3dfd,blocks.layers.3.norm1,2,grad_l2,0.002485159138958129
silu,efd54770-91a5-4e68-9b56-e4cbf58d3dfd,blocks.layers.3.norm1,2,rel_update,7.827378745878694e-05
silu,efd54770-91a5-4e68-9b56-e4cbf58d3dfd,blocks.layers.2.linear2,2,grad_l2,0.023724682096482964
silu,efd54770-91a5-4e68-9b56-e4cbf58d3dfd,blocks.layers.2.linear2,2,rel_update,0.001157390948717565
silu,efd54770-91a5-4e68-9b56-e4cbf58d3dfd,blocks.layers.2.linear1,2,grad_l2,0.0260214307579308
silu,efd54770-91a5-4e68-9b56-e4cbf58d3dfd,blocks.layers.2.linear1,2,rel_update,0.001268037185781192
silu,efd54770-91a5-4e68-9b56-e4cbf58d3dfd,blocks.layers.2.norm2,2,grad_l2,0.0023536243620033335
silu,efd54770-91a5-4e68-9b56-e4cbf58d3dfd,blocks.layers.2.norm2,2,rel_update,8.835596964374024e-05
silu,efd54770-91a5-4e68-9b56-e4cbf58d3dfd,blocks.layers.2.self_attn,2,grad_l2,0.028076747320868678
silu,efd54770-91a5-4e68-9b56-e4cbf58d3dfd,blocks.layers.2.self_attn,2,rel_update,0.0014206914887220454
silu,efd54770-91a5-4e68-9b56-e4cbf58d3dfd,blocks.layers.2.norm1,2,grad_l2,0.0028775082441786326
silu,efd54770-91a5-4e68-9b56-e4cbf58d3dfd,blocks.layers.2.norm1,2,rel_update,8.562078941366185e-05
silu,efd54770-91a5-4e68-9b56-e4cbf58d3dfd,blocks.layers.1.linear2,2,grad_l2,0.0292966246529746
silu,efd54770-91a5-4e68-9b56-e4cbf58d3dfd,blocks.layers.1.linear2,2,rel_update,0.001426033882444893
silu,efd54770-91a5-4e68-9b56-e4cbf58d3dfd,blocks.layers.1.linear1,2,grad_l2,0.030619786278786944
silu,efd54770-91a5-4e68-9b56-e4cbf58d3dfd,blocks.layers.1.linear1,2,rel_update,0.0014930246746120562
silu,efd54770-91a5-4e68-9b56-e4cbf58d3dfd,blocks.layers.1.norm2,2,grad_l2,0.0030822221072393428
silu,efd54770-91a5-4e68-9b56-e4cbf58d3dfd,blocks.layers.1.norm2,2,rel_update,0.00011297850500245775
silu,efd54770-91a5-4e68-9b56-e4cbf58d3dfd,blocks.layers.1.self_attn,2,grad_l2,0.03511236686549769
silu,efd54770-91a5-4e68-9b56-e4cbf58d3dfd,blocks.layers.1.self_attn,2,rel_update,0.0017736176734323768
silu,efd54770-91a5-4e68-9b56-e4cbf58d3dfd,blocks.layers.1.norm1,2,grad_l2,0.004061702232896299
silu,efd54770-91a5-4e68-9b56-e4cbf58d3dfd,blocks.layers.1.norm1,2,rel_update,0.00011041477994573098
silu,efd54770-91a5-4e68-9b56-e4cbf58d3dfd,blocks.layers.0.linear2,2,grad_l2,0.050010843559599345
silu,efd54770-91a5-4e68-9b56-e4cbf58d3dfd,blocks.layers.0.linear2,2,rel_update,0.002409731952316994
silu,efd54770-91a5-4e68-9b56-e4cbf58d3dfd,blocks.layers.0.linear1,2,grad_l2,0.04782352726830819
silu,efd54770-91a5-4e68-9b56-e4cbf58d3dfd,blocks.layers.0.linear1,2,rel_update,0.0023006881628313204
silu,efd54770-91a5-4e68-9b56-e4cbf58d3dfd,blocks.layers.0.norm2,2,grad_l2,0.006351503567711126
silu,efd54770-91a5-4e68-9b56-e4cbf58d3dfd,blocks.layers.0.norm2,2,rel_update,0.00021907795363782211
silu,efd54770-91a5-4e68-9b56-e4cbf58d3dfd,blocks.layers.0.self_attn,2,grad_l2,0.09826462356560635
silu,efd54770-91a5-4e68-9b56-e4cbf58d3dfd,blocks.layers.0.self_attn,2,rel_update,0.0048717210579293105
silu,efd54770-91a5-4e68-9b56-e4cbf58d3dfd,blocks.layers.0.norm1,2,grad_l2,0.019092868907049865
silu,efd54770-91a5-4e68-9b56-e4cbf58d3dfd,blocks.layers.0.norm1,2,rel_update,0.0003049434373024065
silu,efd54770-91a5-4e68-9b56-e4cbf58d3dfd,lm_head,3,grad_l2,0.42265107324910334
silu,efd54770-91a5-4e68-9b56-e4cbf58d3dfd,lm_head,3,rel_update,0.00997521263598815
silu,efd54770-91a5-4e68-9b56-e4cbf58d3dfd,final_norm,3,grad_l2,0.030787642777078784
silu,efd54770-91a5-4e68-9b56-e4cbf58d3dfd,final_norm,3,rel_update,0.0014192926656643057
silu,efd54770-91a5-4e68-9b56-e4cbf58d3dfd,blocks.layers.3.linear2,3,grad_l2,0.02559979025320145
silu,efd54770-91a5-4e68-9b56-e4cbf58d3dfd,blocks.layers.3.linear2,3,rel_update,0.0012505156241655235
silu,efd54770-91a5-4e68-9b56-e4cbf58d3dfd,blocks.layers.3.linear1,3,grad_l2,0.030859852257964084
silu,efd54770-91a5-4e68-9b56-e4cbf58d3dfd,blocks.layers.3.linear1,3,rel_update,0.0014992168246939753
silu,efd54770-91a5-4e68-9b56-e4cbf58d3dfd,blocks.layers.3.norm2,3,grad_l2,0.0034367798193435856
silu,efd54770-91a5-4e68-9b56-e4cbf58d3dfd,blocks.layers.3.norm2,3,rel_update,0.00013414773035822988
silu,efd54770-91a5-4e68-9b56-e4cbf58d3dfd,blocks.layers.3.self_attn,3,grad_l2,0.027255232416301282
silu,efd54770-91a5-4e68-9b56-e4cbf58d3dfd,blocks.layers.3.self_attn,3,rel_update,0.0013783994083334046
silu,efd54770-91a5-4e68-9b56-e4cbf58d3dfd,blocks.layers.3.norm1,3,grad_l2,0.0027295545313003214
silu,efd54770-91a5-4e68-9b56-e4cbf58d3dfd,blocks.layers.3.norm1,3,rel_update,8.653578435473176e-05
silu,efd54770-91a5-4e68-9b56-e4cbf58d3dfd,blocks.layers.2.linear2,3,grad_l2,0.02605525254581765
silu,efd54770-91a5-4e68-9b56-e4cbf58d3dfd,blocks.layers.2.linear2,3,rel_update,0.0012704092060638072
silu,efd54770-91a5-4e68-9b56-e4cbf58d3dfd,blocks.layers.2.linear1,3,grad_l2,0.027934037606288042
silu,efd54770-91a5-4e68-9b56-e4cbf58d3dfd,blocks.layers.2.linear1,3,rel_update,0.0013561424968837029
silu,efd54770-91a5-4e68-9b56-e4cbf58d3dfd,blocks.layers.2.norm2,3,grad_l2,0.002528000542691046
silu,efd54770-91a5-4e68-9b56-e4cbf58d3dfd,blocks.layers.2.norm2,3,rel_update,9.534648391790383e-05
silu,efd54770-91a5-4e68-9b56-e4cbf58d3dfd,blocks.layers.2.self_attn,3,grad_l2,0.03118103871595216
silu,efd54770-91a5-4e68-9b56-e4cbf58d3dfd,blocks.layers.2.self_attn,3,rel_update,0.0015760691030536533
silu,efd54770-91a5-4e68-9b56-e4cbf58d3dfd,blocks.layers.2.norm1,3,grad_l2,0.003171519340660931
silu,efd54770-91a5-4e68-9b56-e4cbf58d3dfd,blocks.layers.2.norm1,3,rel_update,9.816804416636413e-05
silu,efd54770-91a5-4e68-9b56-e4cbf58d3dfd,blocks.layers.1.linear2,3,grad_l2,0.03199184126895347
silu,efd54770-91a5-4e68-9b56-e4cbf58d3dfd,blocks.layers.1.linear2,3,rel_update,0.001557207585034695
silu,efd54770-91a5-4e68-9b56-e4cbf58d3dfd,blocks.layers.1.linear1,3,grad_l2,0.033251156595076825
silu,efd54770-91a5-4e68-9b56-e4cbf58d3dfd,blocks.layers.1.linear1,3,rel_update,0.0016173875589425945
silu,efd54770-91a5-4e68-9b56-e4cbf58d3dfd,blocks.layers.1.norm2,3,grad_l2,0.003277064915613359
silu,efd54770-91a5-4e68-9b56-e4cbf58d3dfd,blocks.layers.1.norm2,3,rel_update,0.0001220999287627218
silu,efd54770-91a5-4e68-9b56-e4cbf58d3dfd,blocks.layers.1.self_attn,3,grad_l2,0.03840983160670382
silu,efd54770-91a5-4e68-9b56-e4cbf58d3dfd,blocks.layers.1.self_attn,3,rel_update,0.0019387394444710237
silu,efd54770-91a5-4e68-9b56-e4cbf58d3dfd,blocks.layers.1.norm1,3,grad_l2,0.00436786668117677
silu,efd54770-91a5-4e68-9b56-e4cbf58d3dfd,blocks.layers.1.norm1,3,rel_update,0.00012284035188461808
silu,efd54770-91a5-4e68-9b56-e4cbf58d3dfd,blocks.layers.0.linear2,3,grad_l2,0.05558330908984447
silu,efd54770-91a5-4e68-9b56-e4cbf58d3dfd,blocks.layers.0.linear2,3,rel_update,0.002665543450200566
silu,efd54770-91a5-4e68-9b56-e4cbf58d3dfd,blocks.layers.0.linear1,3,grad_l2,0.05421600054516935
silu,efd54770-91a5-4e68-9b56-e4cbf58d3dfd,blocks.layers.0.linear1,3,rel_update,0.0025924763654100033
silu,efd54770-91a5-4e68-9b56-e4cbf58d3dfd,blocks.layers.0.norm2,3,grad_l2,0.007122111029489271
silu,efd54770-91a5-4e68-9b56-e4cbf58d3dfd,blocks.layers.0.norm2,3,rel_update,0.00025184207569995163
silu,efd54770-91a5-4e68-9b56-e4cbf58d3dfd,blocks.layers.0.self_attn,3,grad_l2,0.11384034475491783
silu,efd54770-91a5-4e68-9b56-e4cbf58d3dfd,blocks.layers.0.self_attn,3,rel_update,0.005635934881767565
silu,efd54770-91a5-4e68-9b56-e4cbf58d3dfd,blocks.layers.0.norm1,3,grad_l2,0.021661353649572973
silu,efd54770-91a5-4e68-9b56-e4cbf58d3dfd,blocks.layers.0.norm1,3,rel_update,0.0003551498289493504
silu,efd54770-91a5-4e68-9b56-e4cbf58d3dfd,lm_head,4,grad_l2,0.38962574960710317
silu,efd54770-91a5-4e68-9b56-e4cbf58d3dfd,lm_head,4,rel_update,0.008265942112711094
silu,efd54770-91a5-4e68-9b56-e4cbf58d3dfd,final_norm,4,grad_l2,0.028890395546350776
silu,efd54770-91a5-4e68-9b56-e4cbf58d3dfd,final_norm,4,rel_update,0.001323588777720347
silu,efd54770-91a5-4e68-9b56-e4cbf58d3dfd,blocks.layers.3.linear2,4,grad_l2,0.02848740601421713
silu,efd54770-91a5-4e68-9b56-e4cbf58d3dfd,blocks.layers.3.linear2,4,rel_update,0.0013917997807357605
silu,efd54770-91a5-4e68-9b56-e4cbf58d3dfd,blocks.layers.3.linear1,4,grad_l2,0.03342095662662277
silu,efd54770-91a5-4e68-9b56-e4cbf58d3dfd,blocks.layers.3.linear1,4,rel_update,0.0016185095917085417
silu,efd54770-91a5-4e68-9b56-e4cbf58d3dfd,blocks.layers.3.norm2,4,grad_l2,0.003978949836811506
silu,efd54770-91a5-4e68-9b56-e4cbf58d3dfd,blocks.layers.3.norm2,4,rel_update,0.0001589704832399523
silu,efd54770-91a5-4e68-9b56-e4cbf58d3dfd,blocks.layers.3.self_attn,4,grad_l2,0.029508339561067617
silu,efd54770-91a5-4e68-9b56-e4cbf58d3dfd,blocks.layers.3.self_attn,4,rel_update,0.0014897750868676158
silu,efd54770-91a5-4e68-9b56-e4cbf58d3dfd,blocks.layers.3.norm1,4,grad_l2,0.0029670765472836176
silu,efd54770-91a5-4e68-9b56-e4cbf58d3dfd,blocks.layers.3.norm1,4,rel_update,9.629515597949363e-05
silu,efd54770-91a5-4e68-9b56-e4cbf58d3dfd,blocks.layers.2.linear2,4,grad_l2,0.02806208063582549
silu,efd54770-91a5-4e68-9b56-e4cbf58d3dfd,blocks.layers.2.linear2,4,rel_update,0.0013679009448026986
silu,efd54770-91a5-4e68-9b56-e4cbf58d3dfd,blocks.layers.2.linear1,4,grad_l2,0.02951735020833073
silu,efd54770-91a5-4e68-9b56-e4cbf58d3dfd,blocks.layers.2.linear1,4,rel_update,0.0014280936757051085
silu,efd54770-91a5-4e68-9b56-e4cbf58d3dfd,blocks.layers.2.norm2,4,grad_l2,0.0026294046145127624
silu,efd54770-91a5-4e68-9b56-e4cbf58d3dfd,blocks.layers.2.norm2,4,rel_update,0.00010034377599399135
silu,efd54770-91a5-4e68-9b56-e4cbf58d3dfd,blocks.layers.2.self_attn,4,grad_l2,0.03411349503269206
silu,efd54770-91a5-4e68-9b56-e4cbf58d3dfd,blocks.layers.2.self_attn,4,rel_update,0.0017222659870367448
silu,efd54770-91a5-4e68-9b56-e4cbf58d3dfd,blocks.layers.2.norm1,4,grad_l2,0.0034170438030728307
silu,efd54770-91a5-4e68-9b56-e4cbf58d3dfd,blocks.layers.2.norm1,4,rel_update,0.00010998756776148717
silu,efd54770-91a5-4e68-9b56-e4cbf58d3dfd,blocks.layers.1.linear2,4,grad_l2,0.03426170193005967
silu,efd54770-91a5-4e68-9b56-e4cbf58d3dfd,blocks.layers.1.linear2,4,rel_update,0.0016682776571080545
silu,efd54770-91a5-4e68-9b56-e4cbf58d3dfd,blocks.layers.1.linear1,4,grad_l2,0.035461555217175436
silu,efd54770-91a5-4e68-9b56-e4cbf58d3dfd,blocks.layers.1.linear1,4,rel_update,0.0017214127310162175
silu,efd54770-91a5-4e68-9b56-e4cbf58d3dfd,blocks.layers.1.norm2,4,grad_l2,0.0034056163791836742
silu,efd54770-91a5-4e68-9b56-e4cbf58d3dfd,blocks.layers.1.norm2,4,rel_update,0.0001288481836276962
silu,efd54770-91a5-4e68-9b56-e4cbf58d3dfd,blocks.layers.1.self_attn,4,grad_l2,0.041405216247441104
silu,efd54770-91a5-4e68-9b56-e4cbf58d3dfd,blocks.layers.1.self_attn,4,rel_update,0.002088454650832939
silu,efd54770-91a5-4e68-9b56-e4cbf58d3dfd,blocks.layers.1.norm1,4,grad_l2,0.004622477559156205
silu,efd54770-91a5-4e68-9b56-e4cbf58d3dfd,blocks.layers.1.norm1,4,rel_update,0.00013424725856449196
silu,efd54770-91a5-4e68-9b56-e4cbf58d3dfd,blocks.layers.0.linear2,4,grad_l2,0.060346690675993
silu,efd54770-91a5-4e68-9b56-e4cbf58d3dfd,blocks.layers.0.linear2,4,rel_update,0.0028828826314509313
silu,efd54770-91a5-4e68-9b56-e4cbf58d3dfd,blocks.layers.0.linear1,4,grad_l2,0.05978035764712012
silu,efd54770-91a5-4e68-9b56-e4cbf58d3dfd,blocks.layers.0.linear1,4,rel_update,0.0028441542723575608
silu,efd54770-91a5-4e68-9b56-e4cbf58d3dfd,blocks.layers.0.norm2,4,grad_l2,0.007694734939347721
silu,efd54770-91a5-4e68-9b56-e4cbf58d3dfd,blocks.layers.0.norm2,4,rel_update,0.0002780104110914809
silu,efd54770-91a5-4e68-9b56-e4cbf58d3dfd,blocks.layers.0.self_attn,4,grad_l2,0.1272757967443291
silu,efd54770-91a5-4e68-9b56-e4cbf58d3dfd,blocks.layers.0.self_attn,4,rel_update,0.006278181002417509
silu,efd54770-91a5-4e68-9b56-e4cbf58d3dfd,blocks.layers.0.norm1,4,grad_l2,0.02337744987065894
silu,efd54770-91a5-4e68-9b56-e4cbf58d3dfd,blocks.layers.0.norm1,4,rel_update,0.0003990229882407229
silu,efd54770-91a5-4e68-9b56-e4cbf58d3dfd,lm_head,5,grad_l2,0.3678163036279831
silu,efd54770-91a5-4e68-9b56-e4cbf58d3dfd,lm_head,5,rel_update,0.007113941505068209
silu,efd54770-91a5-4e68-9b56-e4cbf58d3dfd,final_norm,5,grad_l2,0.02772932905582115
silu,efd54770-91a5-4e68-9b56-e4cbf58d3dfd,final_norm,5,rel_update,0.001260429101770599
silu,efd54770-91a5-4e68-9b56-e4cbf58d3dfd,blocks.layers.3.linear2,5,grad_l2,0.03080943011482416
silu,efd54770-91a5-4e68-9b56-e4cbf58d3dfd,blocks.layers.3.linear2,5,rel_update,0.0015052726341767881
silu,efd54770-91a5-4e68-9b56-e4cbf58d3dfd,blocks.layers.3.linear1,5,grad_l2,0.035377256312507925
silu,efd54770-91a5-4e68-9b56-e4cbf58d3dfd,blocks.layers.3.linear1,5,rel_update,0.001708655907456555
silu,efd54770-91a5-4e68-9b56-e4cbf58d3dfd,blocks.layers.3.norm2,5,grad_l2,0.004398435225909034
silu,efd54770-91a5-4e68-9b56-e4cbf58d3dfd,blocks.layers.3.norm2,5,rel_update,0.00017696622126500895
silu,efd54770-91a5-4e68-9b56-e4cbf58d3dfd,blocks.layers.3.self_attn,5,grad_l2,0.03195391982623264
silu,efd54770-91a5-4e68-9b56-e4cbf58d3dfd,blocks.layers.3.self_attn,5,rel_update,0.0016102723407978173
silu,efd54770-91a5-4e68-9b56-e4cbf58d3dfd,blocks.layers.3.norm1,5,grad_l2,0.003229447967157612
silu,efd54770-91a5-4e68-9b56-e4cbf58d3dfd,blocks.layers.3.norm1,5,rel_update,0.00010758309840540687
silu,efd54770-91a5-4e68-9b56-e4cbf58d3dfd,blocks.layers.2.linear2,5,grad_l2,0.02984058322041613
silu,efd54770-91a5-4e68-9b56-e4cbf58d3dfd,blocks.layers.2.linear2,5,rel_update,0.0014542725093512206
silu,efd54770-91a5-4e68-9b56-e4cbf58d3dfd,blocks.layers.2.linear1,5,grad_l2,0.030950653758651213
silu,efd54770-91a5-4e68-9b56-e4cbf58d3dfd,blocks.layers.2.linear1,5,rel_update,0.0014927081522174864
silu,efd54770-91a5-4e68-9b56-e4cbf58d3dfd,blocks.layers.2.norm2,5,grad_l2,0.002704569037606562
silu,efd54770-91a5-4e68-9b56-e4cbf58d3dfd,blocks.layers.2.norm2,5,rel_update,0.00010429095048451806
silu,efd54770-91a5-4e68-9b56-e4cbf58d3dfd,blocks.layers.2.self_attn,5,grad_l2,0.03683453200813958
silu,efd54770-91a5-4e68-9b56-e4cbf58d3dfd,blocks.layers.2.self_attn,5,rel_update,0.0018572621906279274
silu,efd54770-91a5-4e68-9b56-e4cbf58d3dfd,blocks.layers.2.norm1,5,grad_l2,0.0036347920992199296
silu,efd54770-91a5-4e68-9b56-e4cbf58d3dfd,blocks.layers.2.norm1,5,rel_update,0.00012092984669165608
silu,efd54770-91a5-4e68-9b56-e4cbf58d3dfd,blocks.layers.1.linear2,5,grad_l2,0.03619790295030613
silu,efd54770-91a5-4e68-9b56-e4cbf58d3dfd,blocks.layers.1.linear2,5,rel_update,0.0017635417182717279
silu,efd54770-91a5-4e68-9b56-e4cbf58d3dfd,blocks.layers.1.linear1,5,grad_l2,0.03736033420406377
silu,efd54770-91a5-4e68-9b56-e4cbf58d3dfd,blocks.layers.1.linear1,5,rel_update,0.0018105579493854038
silu,efd54770-91a5-4e68-9b56-e4cbf58d3dfd,blocks.layers.1.norm2,5,grad_l2,0.003489643712935477
silu,efd54770-91a5-4e68-9b56-e4cbf58d3dfd,blocks.layers.1.norm2,5,rel_update,0.00013389523490329016
silu,efd54770-91a5-4e68-9b56-e4cbf58d3dfd,blocks.layers.1.self_attn,5,grad_l2,0.04403943156151502
silu,efd54770-91a5-4e68-9b56-e4cbf58d3dfd,blocks.layers.1.self_attn,5,rel_update,0.002220202003784386
silu,efd54770-91a5-4e68-9b56-e4cbf58d3dfd,blocks.layers.1.norm1,5,grad_l2,0.004823558606740579
silu,efd54770-91a5-4e68-9b56-e4cbf58d3dfd,blocks.layers.1.norm1,5,rel_update,0.00014392306407567013
silu,efd54770-91a5-4e68-9b56-e4cbf58d3dfd,blocks.layers.0.linear2,5,grad_l2,0.06429353326427471
silu,efd54770-91a5-4e68-9b56-e4cbf58d3dfd,blocks.layers.0.linear2,5,rel_update,0.003062892068728655
silu,efd54770-91a5-4e68-9b56-e4cbf58d3dfd,blocks.layers.0.linear1,5,grad_l2,0.0645415350722536
silu,efd54770-91a5-4e68-9b56-e4cbf58d3dfd,blocks.layers.0.linear1,5,rel_update,0.0030588674464083767
silu,efd54770-91a5-4e68-9b56-e4cbf58d3dfd,blocks.layers.0.norm2,5,grad_l2,0.008100849589215807
silu,efd54770-91a5-4e68-9b56-e4cbf58d3dfd,blocks.layers.0.norm2,5,rel_update,0.0002988731183282552
silu,efd54770-91a5-4e68-9b56-e4cbf58d3dfd,blocks.layers.0.self_attn,5,grad_l2,0.1390464328644221
silu,efd54770-91a5-4e68-9b56-e4cbf58d3dfd,blocks.layers.0.self_attn,5,rel_update,0.006828356903784596
silu,efd54770-91a5-4e68-9b56-e4cbf58d3dfd,blocks.layers.0.norm1,5,grad_l2,0.024498004899590108
silu,efd54770-91a5-4e68-9b56-e4cbf58d3dfd,blocks.layers.0.norm1,5,rel_update,0.00043781530325634374
silu,efd54770-91a5-4e68-9b56-e4cbf58d3dfd,lm_head,6,grad_l2,0.35237880469307903
silu,efd54770-91a5-4e68-9b56-e4cbf58d3dfd,lm_head,6,rel_update,0.006285102192473228
silu,efd54770-91a5-4e68-9b56-e4cbf58d3dfd,final_norm,6,grad_l2,0.026967710230296305
silu,efd54770-91a5-4e68-9b56-e4cbf58d3dfd,final_norm,6,rel_update,0.0012175091424524026
silu,efd54770-91a5-4e68-9b56-e4cbf58d3dfd,blocks.layers.3.linear2,6,grad_l2,0.032765884953969905
silu,efd54770-91a5-4e68-9b56-e4cbf58d3dfd,blocks.layers.3.linear2,6,rel_update,0.0016011527730533232
silu,efd54770-91a5-4e68-9b56-e4cbf58d3dfd,blocks.layers.3.linear1,6,grad_l2,0.03697421858505444
silu,efd54770-91a5-4e68-9b56-e4cbf58d3dfd,blocks.layers.3.linear1,6,rel_update,0.001781838325085508
silu,efd54770-91a5-4e68-9b56-e4cbf58d3dfd,blocks.layers.3.norm2,6,grad_l2,0.004690084321117021
silu,efd54770-91a5-4e68-9b56-e4cbf58d3dfd,blocks.layers.3.norm2,6,rel_update,0.00019123514680442557
silu,efd54770-91a5-4e68-9b56-e4cbf58d3dfd,blocks.layers.3.self_attn,6,grad_l2,0.034040338861468365
silu,efd54770-91a5-4e68-9b56-e4cbf58d3dfd,blocks.layers.3.self_attn,6,rel_update,0.0017125244814952618
silu,efd54770-91a5-4e68-9b56-e4cbf58d3dfd,blocks.layers.3.norm1,6,grad_l2,0.0034342114886854137
silu,efd54770-91a5-4e68-9b56-e4cbf58d3dfd,blocks.layers.3.norm1,6,rel_update,0.00011714585536084683
silu,efd54770-91a5-4e68-9b56-e4cbf58d3dfd,blocks.layers.2.linear2,6,grad_l2,0.03139522055659964
silu,efd54770-91a5-4e68-9b56-e4cbf58d3dfd,blocks.layers.2.linear2,6,rel_update,0.001529911884496243
silu,efd54770-91a5-4e68-9b56-e4cbf58d3dfd,blocks.layers.2.linear1,6,grad_l2,0.03224753071407278
silu,efd54770-91a5-4e68-9b56-e4cbf58d3dfd,blocks.layers.2.linear1,6,rel_update,0.0015510153473996893
silu,efd54770-91a5-4e68-9b56-e4cbf58d3dfd,blocks.layers.2.norm2,6,grad_l2,0.0027652792278268653
silu,efd54770-91a5-4e68-9b56-e4cbf58d3dfd,blocks.layers.2.norm2,6,rel_update,0.00010758815939776184
silu,efd54770-91a5-4e68-9b56-e4cbf58d3dfd,blocks.layers.2.self_attn,6,grad_l2,0.0392376680882794
silu,efd54770-91a5-4e68-9b56-e4cbf58d3dfd,blocks.layers.2.self_attn,6,rel_update,0.001976184323906409
silu,efd54770-91a5-4e68-9b56-e4cbf58d3dfd,blocks.layers.2.norm1,6,grad_l2,0.0038119481858427825
silu,efd54770-91a5-4e68-9b56-e4cbf58d3dfd,blocks.layers.2.norm1,6,rel_update,0.00013054575202749093
silu,efd54770-91a5-4e68-9b56-e4cbf58d3dfd,blocks.layers.1.linear2,6,grad_l2,0.03790508227140826
silu,efd54770-91a5-4e68-9b56-e4cbf58d3dfd,blocks.layers.1.linear2,6,rel_update,0.00184791618539377
silu,efd54770-91a5-4e68-9b56-e4cbf58d3dfd,blocks.layers.1.linear1,6,grad_l2,0.03904919604256255
silu,efd54770-91a5-4e68-9b56-e4cbf58d3dfd,blocks.layers.1.linear1,6,rel_update,0.0018898326596066253
silu,efd54770-91a5-4e68-9b56-e4cbf58d3dfd,blocks.layers.1.norm2,6,grad_l2,0.0035601006943824965
silu,efd54770-91a5-4e68-9b56-e4cbf58d3dfd,blocks.layers.1.norm2,6,rel_update,0.0001383371266141477
silu,efd54770-91a5-4e68-9b56-e4cbf58d3dfd,blocks.layers.1.self_attn,6,grad_l2,0.046390894803230415
silu,efd54770-91a5-4e68-9b56-e4cbf58d3dfd,blocks.layers.1.self_attn,6,rel_update,0.0023379213264318327
silu,efd54770-91a5-4e68-9b56-e4cbf58d3dfd,blocks.layers.1.norm1,6,grad_l2,0.004999928872775
silu,efd54770-91a5-4e68-9b56-e4cbf58d3dfd,blocks.layers.1.norm1,6,rel_update,0.00015264942872327884
silu,efd54770-91a5-4e68-9b56-e4cbf58d3dfd,blocks.layers.0.linear2,6,grad_l2,0.06763408955585795
silu,efd54770-91a5-4e68-9b56-e4cbf58d3dfd,blocks.layers.0.linear2,6,rel_update,0.003215836264261217
silu,efd54770-91a5-4e68-9b56-e4cbf58d3dfd,blocks.layers.0.linear1,6,grad_l2,0.06867020145558489
silu,efd54770-91a5-4e68-9b56-e4cbf58d3dfd,blocks.layers.0.linear1,6,rel_update,0.003245338642908047
silu,efd54770-91a5-4e68-9b56-e4cbf58d3dfd,blocks.layers.0.norm2,6,grad_l2,0.008435771478555322
silu,efd54770-91a5-4e68-9b56-e4cbf58d3dfd,blocks.layers.0.norm2,6,rel_update,0.00031634370130958757
silu,efd54770-91a5-4e68-9b56-e4cbf58d3dfd,blocks.layers.0.self_attn,6,grad_l2,0.14945177980001134
silu,efd54770-91a5-4e68-9b56-e4cbf58d3dfd,blocks.layers.0.self_attn,6,rel_update,0.00730562697609608
silu,efd54770-91a5-4e68-9b56-e4cbf58d3dfd,blocks.layers.0.norm1,6,grad_l2,0.025383497592493264
silu,efd54770-91a5-4e68-9b56-e4cbf58d3dfd,blocks.layers.0.norm1,6,rel_update,0.0004723659536300125
silu,efd54770-91a5-4e68-9b56-e4cbf58d3dfd,lm_head,7,grad_l2,0.34070856065830724
silu,efd54770-91a5-4e68-9b56-e4cbf58d3dfd,lm_head,7,rel_update,0.005659830096716276
silu,efd54770-91a5-4e68-9b56-e4cbf58d3dfd,final_norm,7,grad_l2,0.02643414558676945
silu,efd54770-91a5-4e68-9b56-e4cbf58d3dfd,final_norm,7,rel_update,0.0011873551642562154
silu,efd54770-91a5-4e68-9b56-e4cbf58d3dfd,blocks.layers.3.linear2,7,grad_l2,0.03425926170929
silu,efd54770-91a5-4e68-9b56-e4cbf58d3dfd,blocks.layers.3.linear2,7,rel_update,0.0016745821607966407
silu,efd54770-91a5-4e68-9b56-e4cbf58d3dfd,blocks.layers.3.linear1,7,grad_l2,0.03816789181861467
silu,efd54770-91a5-4e68-9b56-e4cbf58d3dfd,blocks.layers.3.linear1,7,rel_update,0.0018361720236519015
silu,efd54770-91a5-4e68-9b56-e4cbf58d3dfd,blocks.layers.3.norm2,7,grad_l2,0.0048555698003486195
silu,efd54770-91a5-4e68-9b56-e4cbf58d3dfd,blocks.layers.3.norm2,7,rel_update,0.00020077669056845044
silu,efd54770-91a5-4e68-9b56-e4cbf58d3dfd,blocks.layers.3.self_attn,7,grad_l2,0.035681991898926305
silu,efd54770-91a5-4e68-9b56-e4cbf58d3dfd,blocks.layers.3.self_attn,7,rel_update,0.0017926720894003727
silu,efd54770-91a5-4e68-9b56-e4cbf58d3dfd,blocks.layers.3.norm1,7,grad_l2,0.003570926937318983
silu,efd54770-91a5-4e68-9b56-e4cbf58d3dfd,blocks.layers.3.norm1,7,rel_update,0.0001244614001290572
silu,efd54770-91a5-4e68-9b56-e4cbf58d3dfd,blocks.layers.2.linear2,7,grad_l2,0.03267021669397041
silu,efd54770-91a5-4e68-9b56-e4cbf58d3dfd,blocks.layers.2.linear2,7,rel_update,0.0015921044902510665
silu,efd54770-91a5-4e68-9b56-e4cbf58d3dfd,blocks.layers.2.linear1,7,grad_l2,0.033345644949418975
silu,efd54770-91a5-4e68-9b56-e4cbf58d3dfd,blocks.layers.2.linear1,7,rel_update,0.0016002639125809377
silu,efd54770-91a5-4e68-9b56-e4cbf58d3dfd,blocks.layers.2.norm2,7,grad_l2,0.0028036925417346606
silu,efd54770-91a5-4e68-9b56-e4cbf58d3dfd,blocks.layers.2.norm2,7,rel_update,0.00011019122103105959
silu,efd54770-91a5-4e68-9b56-e4cbf58d3dfd,blocks.layers.2.self_attn,7,grad_l2,0.041109673743583104
silu,efd54770-91a5-4e68-9b56-e4cbf58d3dfd,blocks.layers.2.self_attn,7,rel_update,0.0020686203314989
silu,efd54770-91a5-4e68-9b56-e4cbf58d3dfd,blocks.layers.2.norm1,7,grad_l2,0.003930966584651529
silu,efd54770-91a5-4e68-9b56-e4cbf58d3dfd,blocks.layers.2.norm1,7,rel_update,0.00013778325544727053
silu,efd54770-91a5-4e68-9b56-e4cbf58d3dfd,blocks.layers.1.linear2,7,grad_l2,0.039282435106332954
silu,efd54770-91a5-4e68-9b56-e4cbf58d3dfd,blocks.layers.1.linear2,7,rel_update,0.0019163685947024766
silu,efd54770-91a5-4e68-9b56-e4cbf58d3dfd,blocks.layers.1.linear1,7,grad_l2,0.040430524109741184
silu,efd54770-91a5-4e68-9b56-e4cbf58d3dfd,blocks.layers.1.linear1,7,rel_update,0.0019546522415605496
silu,efd54770-91a5-4e68-9b56-e4cbf58d3dfd,blocks.layers.1.norm2,7,grad_l2,0.0036039810558545116
silu,efd54770-91a5-4e68-9b56-e4cbf58d3dfd,blocks.layers.1.norm2,7,rel_update,0.00014177563935939135
silu,efd54770-91a5-4e68-9b56-e4cbf58d3dfd,blocks.layers.1.self_attn,7,grad_l2,0.048262804322043204
silu,efd54770-91a5-4e68-9b56-e4cbf58d3dfd,blocks.layers.1.self_attn,7,rel_update,0.002431788850929296
silu,efd54770-91a5-4e68-9b56-e4cbf58d3dfd,blocks.layers.1.norm1,7,grad_l2,0.005115383348374766
silu,efd54770-91a5-4e68-9b56-e4cbf58d3dfd,blocks.layers.1.norm1,7,rel_update,0.0001592036772494181
silu,efd54770-91a5-4e68-9b56-e4cbf58d3dfd,blocks.layers.0.linear2,7,grad_l2,0.07024801064213838
silu,efd54770-91a5-4e68-9b56-e4cbf58d3dfd,blocks.layers.0.linear2,7,rel_update,0.0033359186722355075
silu,efd54770-91a5-4e68-9b56-e4cbf58d3dfd,blocks.layers.0.linear1,7,grad_l2,0.07204217190186046
silu,efd54770-91a5-4e68-9b56-e4cbf58d3dfd,blocks.layers.0.linear1,7,rel_update,0.003397888652550087
silu,efd54770-91a5-4e68-9b56-e4cbf58d3dfd,blocks.layers.0.norm2,7,grad_l2,0.00866259929213505
silu,efd54770-91a5-4e68-9b56-e4cbf58d3dfd,blocks.layers.0.norm2,7,rel_update,0.00033051266056405006
silu,efd54770-91a5-4e68-9b56-e4cbf58d3dfd,blocks.layers.0.self_attn,7,grad_l2,0.15810873504312428
silu,efd54770-91a5-4e68-9b56-e4cbf58d3dfd,blocks.layers.0.self_attn,7,rel_update,0.007699481820411597
silu,efd54770-91a5-4e68-9b56-e4cbf58d3dfd,blocks.layers.0.norm1,7,grad_l2,0.025821617087614126
silu,efd54770-91a5-4e68-9b56-e4cbf58d3dfd,blocks.layers.0.norm1,7,rel_update,0.0005013713575093348
silu,efd54770-91a5-4e68-9b56-e4cbf58d3dfd,lm_head,8,grad_l2,0.3315124170742001
silu,efd54770-91a5-4e68-9b56-e4cbf58d3dfd,lm_head,8,rel_update,0.005171650559280997
silu,efd54770-91a5-4e68-9b56-e4cbf58d3dfd,final_norm,8,grad_l2,0.026053163888446973
silu,efd54770-91a5-4e68-9b56-e4cbf58d3dfd,final_norm,8,rel_update,0.0011655466885310422
silu,efd54770-91a5-4e68-9b56-e4cbf58d3dfd,blocks.layers.3.linear2,8,grad_l2,0.03540479949057529
silu,efd54770-91a5-4e68-9b56-e4cbf58d3dfd,blocks.layers.3.linear2,8,rel_update,0.0017310101105914547
silu,efd54770-91a5-4e68-9b56-e4cbf58d3dfd,blocks.layers.3.linear1,8,grad_l2,0.039073848575476064
silu,efd54770-91a5-4e68-9b56-e4cbf58d3dfd,blocks.layers.3.linear1,8,rel_update,0.001877215379559119
silu,efd54770-91a5-4e68-9b56-e4cbf58d3dfd,blocks.layers.3.norm2,8,grad_l2,0.004964462365606517
silu,efd54770-91a5-4e68-9b56-e4cbf58d3dfd,blocks.layers.3.norm2,8,rel_update,0.0002076060849179159
silu,efd54770-91a5-4e68-9b56-e4cbf58d3dfd,blocks.layers.3.self_attn,8,grad_l2,0.03691698241597331
silu,efd54770-91a5-4e68-9b56-e4cbf58d3dfd,blocks.layers.3.self_attn,8,rel_update,0.0018527409089472064
silu,efd54770-91a5-4e68-9b56-e4cbf58d3dfd,blocks.layers.3.norm1,8,grad_l2,0.003665462623525231
silu,efd54770-91a5-4e68-9b56-e4cbf58d3dfd,blocks.layers.3.norm1,8,rel_update,0.00012991898635109886
silu,efd54770-91a5-4e68-9b56-e4cbf58d3dfd,blocks.layers.2.linear2,8,grad_l2,0.03368141465143524
silu,efd54770-91a5-4e68-9b56-e4cbf58d3dfd,blocks.layers.2.linear2,8,rel_update,0.00164151649755257
silu,efd54770-91a5-4e68-9b56-e4cbf58d3dfd,blocks.layers.2.linear1,8,grad_l2,0.034231633509859714
silu,efd54770-91a5-4e68-9b56-e4cbf58d3dfd,blocks.layers.2.linear1,8,rel_update,0.001639910442640515
silu,efd54770-91a5-4e68-9b56-e4cbf58d3dfd,blocks.layers.2.norm2,8,grad_l2,0.002827124058644748
silu,efd54770-91a5-4e68-9b56-e4cbf58d3dfd,blocks.layers.2.norm2,8,rel_update,0.00011224903775855888
silu,efd54770-91a5-4e68-9b56-e4cbf58d3dfd,blocks.layers.2.self_attn,8,grad_l2,0.04257249492962324
silu,efd54770-91a5-4e68-9b56-e4cbf58d3dfd,blocks.layers.2.self_attn,8,rel_update,0.002140841099283874
silu,efd54770-91a5-4e68-9b56-e4cbf58d3dfd,blocks.layers.2.norm1,8,grad_l2,0.00401361077962327
silu,efd54770-91a5-4e68-9b56-e4cbf58d3dfd,blocks.layers.2.norm1,8,rel_update,0.0001434797598498218
silu,efd54770-91a5-4e68-9b56-e4cbf58d3dfd,blocks.layers.1.linear2,8,grad_l2,0.040385809678208824
silu,efd54770-91a5-4e68-9b56-e4cbf58d3dfd,blocks.layers.1.linear2,8,rel_update,0.001971433388536598
silu,efd54770-91a5-4e68-9b56-e4cbf58d3dfd,blocks.layers.1.linear1,8,grad_l2,0.04154273095212976
silu,efd54770-91a5-4e68-9b56-e4cbf58d3dfd,blocks.layers.1.linear1,8,rel_update,0.002006854020881311
silu,efd54770-91a5-4e68-9b56-e4cbf58d3dfd,blocks.layers.1.norm2,8,grad_l2,0.003629066906190082
silu,efd54770-91a5-4e68-9b56-e4cbf58d3dfd,blocks.layers.1.norm2,8,rel_update,0.00014433551524100852
silu,efd54770-91a5-4e68-9b56-e4cbf58d3dfd,blocks.layers.1.self_attn,8,grad_l2,0.049725793645947
silu,efd54770-91a5-4e68-9b56-e4cbf58d3dfd,blocks.layers.1.self_attn,8,rel_update,0.0025052950504670475
silu,efd54770-91a5-4e68-9b56-e4cbf58d3dfd,blocks.layers.1.norm1,8,grad_l2,0.0051892152761329755
silu,efd54770-91a5-4e68-9b56-e4cbf58d3dfd,blocks.layers.1.norm1,8,rel_update,0.0001641635156755269
silu,efd54770-91a5-4e68-9b56-e4cbf58d3dfd,blocks.layers.0.linear2,8,grad_l2,0.07229172818620758
silu,efd54770-91a5-4e68-9b56-e4cbf58d3dfd,blocks.layers.0.linear2,8,rel_update,0.0034300404643955638
silu,efd54770-91a5-4e68-9b56-e4cbf58d3dfd,blocks.layers.0.linear1,8,grad_l2,0.07476260769391614
silu,efd54770-91a5-4e68-9b56-e4cbf58d3dfd,blocks.layers.0.linear1,8,rel_update,0.003521128831260455
silu,efd54770-91a5-4e68-9b56-e4cbf58d3dfd,blocks.layers.0.norm2,8,grad_l2,0.00881341675069549
silu,efd54770-91a5-4e68-9b56-e4cbf58d3dfd,blocks.layers.0.norm2,8,rel_update,0.0003415831155254229
silu,efd54770-91a5-4e68-9b56-e4cbf58d3dfd,blocks.layers.0.self_attn,8,grad_l2,0.16512371562353592
silu,efd54770-91a5-4e68-9b56-e4cbf58d3dfd,blocks.layers.0.self_attn,8,rel_update,0.008017421543639564
silu,efd54770-91a5-4e68-9b56-e4cbf58d3dfd,blocks.layers.0.norm1,8,grad_l2,0.026014247999275583
silu,efd54770-91a5-4e68-9b56-e4cbf58d3dfd,blocks.layers.0.norm1,8,rel_update,0.0005252243399261202
silu,efd54770-91a5-4e68-9b56-e4cbf58d3dfd,lm_head,9,grad_l2,0.3240424422076588
silu,efd54770-91a5-4e68-9b56-e4cbf58d3dfd,lm_head,9,rel_update,0.004780237647087419
silu,efd54770-91a5-4e68-9b56-e4cbf58d3dfd,final_norm,9,grad_l2,0.025759322356495733
silu,efd54770-91a5-4e68-9b56-e4cbf58d3dfd,final_norm,9,rel_update,0.0011491507707823267
silu,efd54770-91a5-4e68-9b56-e4cbf58d3dfd,blocks.layers.3.linear2,9,grad_l2,0.03627316531460334
silu,efd54770-91a5-4e68-9b56-e4cbf58d3dfd,blocks.layers.3.linear2,9,rel_update,0.0017739133401315113
silu,efd54770-91a5-4e68-9b56-e4cbf58d3dfd,blocks.layers.3.linear1,9,grad_l2,0.03974796154979317
silu,efd54770-91a5-4e68-9b56-e4cbf58d3dfd,blocks.layers.3.linear1,9,rel_update,0.0019076230152928015
silu,efd54770-91a5-4e68-9b56-e4cbf58d3dfd,blocks.layers.3.norm2,9,grad_l2,0.0050225841761891085
silu,efd54770-91a5-4e68-9b56-e4cbf58d3dfd,blocks.layers.3.norm2,9,rel_update,0.00021240431952570152
silu,efd54770-91a5-4e68-9b56-e4cbf58d3dfd,blocks.layers.3.self_attn,9,grad_l2,0.03784197866299402
silu,efd54770-91a5-4e68-9b56-e4cbf58d3dfd,blocks.layers.3.self_attn,9,rel_update,0.0018976412918756146
silu,efd54770-91a5-4e68-9b56-e4cbf58d3dfd,blocks.layers.3.norm1,9,grad_l2,0.0037264120712980383
silu,efd54770-91a5-4e68-9b56-e4cbf58d3dfd,blocks.layers.3.norm1,9,rel_update,0.0001339546153588978
silu,efd54770-91a5-4e68-9b56-e4cbf58d3dfd,blocks.layers.2.linear2,9,grad_l2,0.034456629922397695
silu,efd54770-91a5-4e68-9b56-e4cbf58d3dfd,blocks.layers.2.linear2,9,rel_update,0.0016794765203614627
silu,efd54770-91a5-4e68-9b56-e4cbf58d3dfd,blocks.layers.2.linear1,9,grad_l2,0.034919353514605025
silu,efd54770-91a5-4e68-9b56-e4cbf58d3dfd,blocks.layers.2.linear1,9,rel_update,0.001670598392958159
silu,efd54770-91a5-4e68-9b56-e4cbf58d3dfd,blocks.layers.2.norm2,9,grad_l2,0.002840771365971255
silu,efd54770-91a5-4e68-9b56-e4cbf58d3dfd,blocks.layers.2.norm2,9,rel_update,0.00011384059061088853
silu,efd54770-91a5-4e68-9b56-e4cbf58d3dfd,blocks.layers.2.self_attn,9,grad_l2,0.043683852626293616
silu,efd54770-91a5-4e68-9b56-e4cbf58d3dfd,blocks.layers.2.self_attn,9,rel_update,0.002195686271116163
silu,efd54770-91a5-4e68-9b56-e4cbf58d3dfd,blocks.layers.2.norm1,9,grad_l2,0.004069785751708985
silu,efd54770-91a5-4e68-9b56-e4cbf58d3dfd,blocks.layers.2.norm1,9,rel_update,0.00014789720313928824
silu,efd54770-91a5-4e68-9b56-e4cbf58d3dfd,blocks.layers.1.linear2,9,grad_l2,0.04123646290404309
silu,efd54770-91a5-4e68-9b56-e4cbf58d3dfd,blocks.layers.1.linear2,9,rel_update,0.0020140314394419575
silu,efd54770-91a5-4e68-9b56-e4cbf58d3dfd,blocks.layers.1.linear1,9,grad_l2,0.042407628174762076
silu,efd54770-91a5-4e68-9b56-e4cbf58d3dfd,blocks.layers.1.linear1,9,rel_update,0.002047426369846448
silu,efd54770-91a5-4e68-9b56-e4cbf58d3dfd,blocks.layers.1.norm2,9,grad_l2,0.0036415393592947225
silu,efd54770-91a5-4e68-9b56-e4cbf58d3dfd,blocks.layers.1.norm2,9,rel_update,0.00014632358638899787
silu,efd54770-91a5-4e68-9b56-e4cbf58d3dfd,blocks.layers.1.self_attn,9,grad_l2,0.050849177263905844
silu,efd54770-91a5-4e68-9b56-e4cbf58d3dfd,blocks.layers.1.self_attn,9,rel_update,0.0025618175404900287
silu,efd54770-91a5-4e68-9b56-e4cbf58d3dfd,blocks.layers.1.norm1,9,grad_l2,0.00523610972474824
silu,efd54770-91a5-4e68-9b56-e4cbf58d3dfd,blocks.layers.1.norm1,9,rel_update,0.0001679929492128782
silu,efd54770-91a5-4e68-9b56-e4cbf58d3dfd,blocks.layers.0.linear2,9,grad_l2,0.07387917186246491
silu,efd54770-91a5-4e68-9b56-e4cbf58d3dfd,blocks.layers.0.linear2,9,rel_update,0.0035032158393741484
silu,efd54770-91a5-4e68-9b56-e4cbf58d3dfd,blocks.layers.0.linear1,9,grad_l2,0.07692647218662005
silu,efd54770-91a5-4e68-9b56-e4cbf58d3dfd,blocks.layers.0.linear1,9,rel_update,0.0036191763759718097
silu,efd54770-91a5-4e68-9b56-e4cbf58d3dfd,blocks.layers.0.norm2,9,grad_l2,0.008915080263463104
silu,efd54770-91a5-4e68-9b56-e4cbf58d3dfd,blocks.layers.0.norm2,9,rel_update,0.0003502012411642786
silu,efd54770-91a5-4e68-9b56-e4cbf58d3dfd,blocks.layers.0.self_attn,9,grad_l2,0.17067954015736764
silu,efd54770-91a5-4e68-9b56-e4cbf58d3dfd,blocks.layers.0.self_attn,9,rel_update,0.00826884108003849
silu,efd54770-91a5-4e68-9b56-e4cbf58d3dfd,blocks.layers.0.norm1,9,grad_l2,0.026086518834841328
silu,efd54770-91a5-4e68-9b56-e4cbf58d3dfd,blocks.layers.0.norm1,9,rel_update,0.0005446171524900299
silu,86da18d5-f2c0-4f7c-a5b2-842d4d3573f6,lm_head,0,grad_l2,0.9427967997950591
silu,86da18d5-f2c0-4f7c-a5b2-842d4d3573f6,lm_head,0,rel_update,0.03391956724178396
silu,86da18d5-f2c0-4f7c-a5b2-842d4d3573f6,final_norm,0,grad_l2,0.06251026164155674
silu,86da18d5-f2c0-4f7c-a5b2-842d4d3573f6,final_norm,0,rel_update,0.002846801454212803
silu,86da18d5-f2c0-4f7c-a5b2-842d4d3573f6,blocks.layers.3.linear2,0,grad_l2,0.01524000511775962
silu,86da18d5-f2c0-4f7c-a5b2-842d4d3573f6,blocks.layers.3.linear2,0,rel_update,0.0007478092925983206
silu,86da18d5-f2c0-4f7c-a5b2-842d4d3573f6,blocks.layers.3.linear1,0,grad_l2,0.016687015988544968
silu,86da18d5-f2c0-4f7c-a5b2-842d4d3573f6,blocks.layers.3.linear1,0,rel_update,0.0008208126986404252
silu,86da18d5-f2c0-4f7c-a5b2-842d4d3573f6,blocks.layers.3.norm2,0,grad_l2,0.0012221897280617446
silu,86da18d5-f2c0-4f7c-a5b2-842d4d3573f6,blocks.layers.3.norm2,0,rel_update,4.626140690397178e-05
silu,86da18d5-f2c0-4f7c-a5b2-842d4d3573f6,blocks.layers.3.self_attn,0,grad_l2,0.02038817948901862
silu,86da18d5-f2c0-4f7c-a5b2-842d4d3573f6,blocks.layers.3.self_attn,0,rel_update,0.0010338342151997072
silu,86da18d5-f2c0-4f7c-a5b2-842d4d3573f6,blocks.layers.3.norm1,0,grad_l2,0.0017936990859962543
silu,86da18d5-f2c0-4f7c-a5b2-842d4d3573f6,blocks.layers.3.norm1,0,rel_update,6.240710274694072e-05
silu,86da18d5-f2c0-4f7c-a5b2-842d4d3573f6,blocks.layers.2.linear2,0,grad_l2,0.016660190157445184
silu,86da18d5-f2c0-4f7c-a5b2-842d4d3573f6,blocks.layers.2.linear2,0,rel_update,0.0008148900093720648
silu,86da18d5-f2c0-4f7c-a5b2-842d4d3573f6,blocks.layers.2.linear1,0,grad_l2,0.01804479486934603
silu,86da18d5-f2c0-4f7c-a5b2-842d4d3573f6,blocks.layers.2.linear1,0,rel_update,0.0008869198831836526
silu,86da18d5-f2c0-4f7c-a5b2-842d4d3573f6,blocks.layers.2.norm2,0,grad_l2,0.001527419959306396
silu,86da18d5-f2c0-4f7c-a5b2-842d4d3573f6,blocks.layers.2.norm2,0,rel_update,5.6311806130318636e-05
silu,86da18d5-f2c0-4f7c-a5b2-842d4d3573f6,blocks.layers.2.self_attn,0,grad_l2,0.022083628340779413
silu,86da18d5-f2c0-4f7c-a5b2-842d4d3573f6,blocks.layers.2.self_attn,0,rel_update,0.0011184168784652232
silu,86da18d5-f2c0-4f7c-a5b2-842d4d3573f6,blocks.layers.2.norm1,0,grad_l2,0.002217917088969394
silu,86da18d5-f2c0-4f7c-a5b2-842d4d3573f6,blocks.layers.2.norm1,0,rel_update,7.024672778702755e-05
silu,86da18d5-f2c0-4f7c-a5b2-842d4d3573f6,blocks.layers.1.linear2,0,grad_l2,0.02152159787250925
silu,86da18d5-f2c0-4f7c-a5b2-842d4d3573f6,blocks.layers.1.linear2,0,rel_update,0.0010526117526291564
silu,86da18d5-f2c0-4f7c-a5b2-842d4d3573f6,blocks.layers.1.linear1,0,grad_l2,0.021244303506819984
silu,86da18d5-f2c0-4f7c-a5b2-842d4d3573f6,blocks.layers.1.linear1,0,rel_update,0.0010426222924232009
silu,86da18d5-f2c0-4f7c-a5b2-842d4d3573f6,blocks.layers.1.norm2,0,grad_l2,0.0021028544321505644
silu,86da18d5-f2c0-4f7c-a5b2-842d4d3573f6,blocks.layers.1.norm2,0,rel_update,7.041768285916431e-05
silu,86da18d5-f2c0-4f7c-a5b2-842d4d3573f6,blocks.layers.1.self_attn,0,grad_l2,0.027703353572516024
silu,86da18d5-f2c0-4f7c-a5b2-842d4d3573f6,blocks.layers.1.self_attn,0,rel_update,0.0013973680232993156
silu,86da18d5-f2c0-4f7c-a5b2-842d4d3573f6,blocks.layers.1.norm1,0,grad_l2,0.003287998701720978
silu,86da18d5-f2c0-4f7c-a5b2-842d4d3573f6,blocks.layers.1.norm1,0,rel_update,8.484379822659133e-05
silu,86da18d5-f2c0-4f7c-a5b2-842d4d3573f6,blocks.layers.0.linear2,0,grad_l2,0.03407552441564274
silu,86da18d5-f2c0-4f7c-a5b2-842d4d3573f6,blocks.layers.0.linear2,0,rel_update,0.0016547941262953102
silu,86da18d5-f2c0-4f7c-a5b2-842d4d3573f6,blocks.layers.0.linear1,0,grad_l2,0.029073097617080865
silu,86da18d5-f2c0-4f7c-a5b2-842d4d3573f6,blocks.layers.0.linear1,0,rel_update,0.001416541151442271
silu,86da18d5-f2c0-4f7c-a5b2-842d4d3573f6,blocks.layers.0.norm2,0,grad_l2,0.0037164849025449766
silu,86da18d5-f2c0-4f7c-a5b2-842d4d3573f6,blocks.layers.0.norm2,0,rel_update,0.00010662204974264343
silu,86da18d5-f2c0-4f7c-a5b2-842d4d3573f6,blocks.layers.0.self_attn,0,grad_l2,0.04940720072569804
silu,86da18d5-f2c0-4f7c-a5b2-842d4d3573f6,blocks.layers.0.self_attn,0,rel_update,0.0023873564906105827
silu,86da18d5-f2c0-4f7c-a5b2-842d4d3573f6,blocks.layers.0.norm1,0,grad_l2,0.010753770747825912
silu,86da18d5-f2c0-4f7c-a5b2-842d4d3573f6,blocks.layers.0.norm1,0,rel_update,0.00014950762815167342
silu,86da18d5-f2c0-4f7c-a5b2-842d4d3573f6,lm_head,1,grad_l2,0.5954500070352147
silu,86da18d5-f2c0-4f7c-a5b2-842d4d3573f6,lm_head,1,rel_update,0.01831840132618942
silu,86da18d5-f2c0-4f7c-a5b2-842d4d3573f6,final_norm,1,grad_l2,0.040692678171267406
silu,86da18d5-f2c0-4f7c-a5b2-842d4d3573f6,final_norm,1,rel_update,0.0018914922520642662
silu,86da18d5-f2c0-4f7c-a5b2-842d4d3573f6,blocks.layers.3.linear2,1,grad_l2,0.018150725365081388
silu,86da18d5-f2c0-4f7c-a5b2-842d4d3573f6,blocks.layers.3.linear2,1,rel_update,0.0008889597220547868
silu,86da18d5-f2c0-4f7c-a5b2-842d4d3573f6,blocks.layers.3.linear1,1,grad_l2,0.021958613127358497
silu,86da18d5-f2c0-4f7c-a5b2-842d4d3573f6,blocks.layers.3.linear1,1,rel_update,0.0010748741125136657
silu,86da18d5-f2c0-4f7c-a5b2-842d4d3573f6,blocks.layers.3.norm2,1,grad_l2,0.0017359885360331963
silu,86da18d5-f2c0-4f7c-a5b2-842d4d3573f6,blocks.layers.3.norm2,1,rel_update,6.812676376032147e-05
silu,86da18d5-f2c0-4f7c-a5b2-842d4d3573f6,blocks.layers.3.self_attn,1,grad_l2,0.02325689588381752
silu,86da18d5-f2c0-4f7c-a5b2-842d4d3573f6,blocks.layers.3.self_attn,1,rel_update,0.0011791638778919863
silu,86da18d5-f2c0-4f7c-a5b2-842d4d3573f6,blocks.layers.3.norm1,1,grad_l2,0.0021737323175111257
silu,86da18d5-f2c0-4f7c-a5b2-842d4d3573f6,blocks.layers.3.norm1,1,rel_update,7.158845926088707e-05
silu,86da18d5-f2c0-4f7c-a5b2-842d4d3573f6,blocks.layers.2.linear2,1,grad_l2,0.02007115927610949
silu,86da18d5-f2c0-4f7c-a5b2-842d4d3573f6,blocks.layers.2.linear2,1,rel_update,0.0009801513196509924
silu,86da18d5-f2c0-4f7c-a5b2-842d4d3573f6,blocks.layers.2.linear1,1,grad_l2,0.0229801016225969
silu,86da18d5-f2c0-4f7c-a5b2-842d4d3573f6,blocks.layers.2.linear1,1,rel_update,0.0011247914086253477
silu,86da18d5-f2c0-4f7c-a5b2-842d4d3573f6,blocks.layers.2.norm2,1,grad_l2,0.0019948872987153366
silu,86da18d5-f2c0-4f7c-a5b2-842d4d3573f6,blocks.layers.2.norm2,1,rel_update,7.583904354028203e-05
silu,86da18d5-f2c0-4f7c-a5b2-842d4d3573f6,blocks.layers.2.self_attn,1,grad_l2,0.02507650335297394
silu,86da18d5-f2c0-4f7c-a5b2-842d4d3573f6,blocks.layers.2.self_attn,1,rel_update,0.001269714429598668
silu,86da18d5-f2c0-4f7c-a5b2-842d4d3573f6,blocks.layers.2.norm1,1,grad_l2,0.002603013821635957
silu,86da18d5-f2c0-4f7c-a5b2-842d4d3573f6,blocks.layers.2.norm1,1,rel_update,7.989716968678013e-05
silu,86da18d5-f2c0-4f7c-a5b2-842d4d3573f6,blocks.layers.1.linear2,1,grad_l2,0.02599152195027652
silu,86da18d5-f2c0-4f7c-a5b2-842d4d3573f6,blocks.layers.1.linear2,1,rel_update,0.0012692904939600603
silu,86da18d5-f2c0-4f7c-a5b2-842d4d3573f6,blocks.layers.1.linear1,1,grad_l2,0.02711466280309709
silu,86da18d5-f2c0-4f7c-a5b2-842d4d3573f6,blocks.layers.1.linear1,1,rel_update,0.0013262868617987353
silu,86da18d5-f2c0-4f7c-a5b2-842d4d3573f6,blocks.layers.1.norm2,1,grad_l2,0.002678033908582865
silu,86da18d5-f2c0-4f7c-a5b2-842d4d3573f6,blocks.layers.1.norm2,1,rel_update,9.61728120685774e-05
silu,86da18d5-f2c0-4f7c-a5b2-842d4d3573f6,blocks.layers.1.self_attn,1,grad_l2,0.03260895665973425
silu,86da18d5-f2c0-4f7c-a5b2-842d4d3573f6,blocks.layers.1.self_attn,1,rel_update,0.0016467014749131617
silu,86da18d5-f2c0-4f7c-a5b2-842d4d3573f6,blocks.layers.1.norm1,1,grad_l2,0.003706655426190552
silu,86da18d5-f2c0-4f7c-a5b2-842d4d3573f6,blocks.layers.1.norm1,1,rel_update,0.00010042217398212148
silu,86da18d5-f2c0-4f7c-a5b2-842d4d3573f6,blocks.layers.0.linear2,1,grad_l2,0.04318877931396553
silu,86da18d5-f2c0-4f7c-a5b2-842d4d3573f6,blocks.layers.0.linear2,1,rel_update,0.0020888601498676176
silu,86da18d5-f2c0-4f7c-a5b2-842d4d3573f6,blocks.layers.0.linear1,1,grad_l2,0.040548877456657646
silu,86da18d5-f2c0-4f7c-a5b2-842d4d3573f6,blocks.layers.0.linear1,1,rel_update,0.0019618559472645994
silu,86da18d5-f2c0-4f7c-a5b2-842d4d3573f6,blocks.layers.0.norm2,1,grad_l2,0.0053341257464663274
silu,86da18d5-f2c0-4f7c-a5b2-842d4d3573f6,blocks.layers.0.norm2,1,rel_update,0.0001785674567049642
silu,86da18d5-f2c0-4f7c-a5b2-842d4d3573f6,blocks.layers.0.self_attn,1,grad_l2,0.08170067897261335
silu,86da18d5-f2c0-4f7c-a5b2-842d4d3573f6,blocks.layers.0.self_attn,1,rel_update,0.004043635138580642
silu,86da18d5-f2c0-4f7c-a5b2-842d4d3573f6,blocks.layers.0.norm1,1,grad_l2,0.015467255289900981
silu,86da18d5-f2c0-4f7c-a5b2-842d4d3573f6,blocks.layers.0.norm1,1,rel_update,0.00024841304351638457
silu,86da18d5-f2c0-4f7c-a5b2-842d4d3573f6,lm_head,2,grad_l2,0.48104232395883134
silu,86da18d5-f2c0-4f7c-a5b2-842d4d3573f6,lm_head,2,rel_update,0.012829843755455933
silu,86da18d5-f2c0-4f7c-a5b2-842d4d3573f6,final_norm,2,grad_l2,0.03374675988107552
silu,86da18d5-f2c0-4f7c-a5b2-842d4d3573f6,final_norm,2,rel_update,0.0015708823635301988
silu,86da18d5-f2c0-4f7c-a5b2-842d4d3573f6,blocks.layers.3.linear2,2,grad_l2,0.022425671540418197
silu,86da18d5-f2c0-4f7c-a5b2-842d4d3573f6,blocks.layers.3.linear2,2,rel_update,0.0010969101250978676
silu,86da18d5-f2c0-4f7c-a5b2-842d4d3573f6,blocks.layers.3.linear1,2,grad_l2,0.027104855165326788
silu,86da18d5-f2c0-4f7c-a5b2-842d4d3573f6,blocks.layers.3.linear1,2,rel_update,0.0013195220875869959
silu,86da18d5-f2c0-4f7c-a5b2-842d4d3573f6,blocks.layers.3.norm2,2,grad_l2,0.0025154206774910216
silu,86da18d5-f2c0-4f7c-a5b2-842d4d3573f6,blocks.layers.3.norm2,2,rel_update,9.8917271476358e-05
silu,86da18d5-f2c0-4f7c-a5b2-842d4d3573f6,blocks.layers.3.self_attn,2,grad_l2,0.025883441502039577
silu,86da18d5-f2c0-4f7c-a5b2-842d4d3573f6,blocks.layers.3.self_attn,2,rel_update,0.001310676205687481
silu,86da18d5-f2c0-4f7c-a5b2-842d4d3573f6,blocks.layers.3.norm1,2,grad_l2,0.002501093177644626
silu,86da18d5-f2c0-4f7c-a5b2-842d4d3573f6,blocks.layers.3.norm1,2,rel_update,8.15055103243021e-05
silu,86da18d5-f2c0-4f7c-a5b2-842d4d3573f6,blocks.layers.2.linear2,2,grad_l2,0.023092298808737654
silu,86da18d5-f2c0-4f7c-a5b2-842d4d3573f6,blocks.layers.2.linear2,2,rel_update,0.001126672481338482
silu,86da18d5-f2c0-4f7c-a5b2-842d4d3573f6,blocks.layers.2.linear1,2,grad_l2,0.02583405736297752
silu,86da18d5-f2c0-4f7c-a5b2-842d4d3573f6,blocks.layers.2.linear1,2,rel_update,0.0012591713051819213
silu,86da18d5-f2c0-4f7c-a5b2-842d4d3573f6,blocks.layers.2.norm2,2,grad_l2,0.0022856212277933556
silu,86da18d5-f2c0-4f7c-a5b2-842d4d3573f6,blocks.layers.2.norm2,2,rel_update,8.721788391084518e-05
silu,86da18d5-f2c0-4f7c-a5b2-842d4d3573f6,blocks.layers.2.self_attn,2,grad_l2,0.027996804544777886
silu,86da18d5-f2c0-4f7c-a5b2-842d4d3573f6,blocks.layers.2.self_attn,2,rel_update,0.0014165249797428356
silu,86da18d5-f2c0-4f7c-a5b2-842d4d3573f6,blocks.layers.2.norm1,2,grad_l2,0.00290001109685213
silu,86da18d5-f2c0-4f7c-a5b2-842d4d3573f6,blocks.layers.2.norm1,2,rel_update,9.00137734409385e-05
silu,86da18d5-f2c0-4f7c-a5b2-842d4d3573f6,blocks.layers.1.linear2,2,grad_l2,0.029224899739588018
silu,86da18d5-f2c0-4f7c-a5b2-842d4d3573f6,blocks.layers.1.linear2,2,rel_update,0.0014264408743777453
silu,86da18d5-f2c0-4f7c-a5b2-842d4d3573f6,blocks.layers.1.linear1,2,grad_l2,0.030513717302212976
silu,86da18d5-f2c0-4f7c-a5b2-842d4d3573f6,blocks.layers.1.linear1,2,rel_update,0.001488301336710648
silu,86da18d5-f2c0-4f7c-a5b2-842d4d3573f6,blocks.layers.1.norm2,2,grad_l2,0.0029579958154191746
silu,86da18d5-f2c0-4f7c-a5b2-842d4d3573f6,blocks.layers.1.norm2,2,rel_update,0.0001092490159281201
silu,86da18d5-f2c0-4f7c-a5b2-842d4d3573f6,blocks.layers.1.self_attn,2,grad_l2,0.03613043356204041
silu,86da18d5-f2c0-4f7c-a5b2-842d4d3573f6,blocks.layers.1.self_attn,2,rel_update,0.0018247803999117097
silu,86da18d5-f2c0-4f7c-a5b2-842d4d3573f6,blocks.layers.1.norm1,2,grad_l2,0.004019486567812856
silu,86da18d5-f2c0-4f7c-a5b2-842d4d3573f6,blocks.layers.1.norm1,2,rel_update,0.00011290517124018913
silu,86da18d5-f2c0-4f7c-a5b2-842d4d3573f6,blocks.layers.0.linear2,2,grad_l2,0.04989464603396534
silu,86da18d5-f2c0-4f7c-a5b2-842d4d3573f6,blocks.layers.0.linear2,2,rel_update,0.002400782578139189
silu,86da18d5-f2c0-4f7c-a5b2-842d4d3573f6,blocks.layers.0.linear1,2,grad_l2,0.04845963957128806
silu,86da18d5-f2c0-4f7c-a5b2-842d4d3573f6,blocks.layers.0.linear1,2,rel_update,0.0023290344171939367
silu,86da18d5-f2c0-4f7c-a5b2-842d4d3573f6,blocks.layers.0.norm2,2,grad_l2,0.006400365597626082
silu,86da18d5-f2c0-4f7c-a5b2-842d4d3573f6,blocks.layers.0.norm2,2,rel_update,0.00022359958900496928
silu,86da18d5-f2c0-4f7c-a5b2-842d4d3573f6,blocks.layers.0.self_attn,2,grad_l2,0.10031140193910244
silu,86da18d5-f2c0-4f7c-a5b2-842d4d3573f6,blocks.layers.0.self_attn,2,rel_update,0.0049800561946646985
silu,86da18d5-f2c0-4f7c-a5b2-842d4d3573f6,blocks.layers.0.norm1,2,grad_l2,0.019026402579705524
silu,86da18d5-f2c0-4f7c-a5b2-842d4d3573f6,blocks.layers.0.norm1,2,rel_update,0.00030734732798421544
silu,86da18d5-f2c0-4f7c-a5b2-842d4d3573f6,lm_head,3,grad_l2,0.42419109504099844
silu,86da18d5-f2c0-4f7c-a5b2-842d4d3573f6,lm_head,3,rel_update,0.01001094054104543
silu,86da18d5-f2c0-4f7c-a5b2-842d4d3573f6,final_norm,3,grad_l2,0.03046894672053835
silu,86da18d5-f2c0-4f7c-a5b2-842d4d3573f6,final_norm,3,rel_update,0.001411647474819381
silu,86da18d5-f2c0-4f7c-a5b2-842d4d3573f6,blocks.layers.3.linear2,3,grad_l2,0.02583877258336319
silu,86da18d5-f2c0-4f7c-a5b2-842d4d3573f6,blocks.layers.3.linear2,3,rel_update,0.001263150461856109
silu,86da18d5-f2c0-4f7c-a5b2-842d4d3573f6,blocks.layers.3.linear1,3,grad_l2,0.030599285581521616
silu,86da18d5-f2c0-4f7c-a5b2-842d4d3573f6,blocks.layers.3.linear1,3,rel_update,0.0014833335347499204
silu,86da18d5-f2c0-4f7c-a5b2-842d4d3573f6,blocks.layers.3.norm2,3,grad_l2,0.0032066536227763507
silu,86da18d5-f2c0-4f7c-a5b2-842d4d3573f6,blocks.layers.3.norm2,3,rel_update,0.0001270660810889647
silu,86da18d5-f2c0-4f7c-a5b2-842d4d3573f6,blocks.layers.3.self_attn,3,grad_l2,0.028332586888007414
silu,86da18d5-f2c0-4f7c-a5b2-842d4d3573f6,blocks.layers.3.self_attn,3,rel_update,0.0014323115083940043
silu,86da18d5-f2c0-4f7c-a5b2-842d4d3573f6,blocks.layers.3.norm1,3,grad_l2,0.002780702455277058
silu,86da18d5-f2c0-4f7c-a5b2-842d4d3573f6,blocks.layers.3.norm1,3,rel_update,9.14677325092539e-05
silu,86da18d5-f2c0-4f7c-a5b2-842d4d3573f6,blocks.layers.2.linear2,3,grad_l2,0.02548496384934907
silu,86da18d5-f2c0-4f7c-a5b2-842d4d3573f6,blocks.layers.2.linear2,3,rel_update,0.0012428179302078604
silu,86da18d5-f2c0-4f7c-a5b2-842d4d3573f6,blocks.layers.2.linear1,3,grad_l2,0.02773830308706484
silu,86da18d5-f2c0-4f7c-a5b2-842d4d3573f6,blocks.layers.2.linear1,3,rel_update,0.0013468570983590383
silu,86da18d5-f2c0-4f7c-a5b2-842d4d3573f6,blocks.layers.2.norm2,3,grad_l2,0.0024502411405925794
silu,86da18d5-f2c0-4f7c-a5b2-842d4d3573f6,blocks.layers.2.norm2,3,rel_update,9.400097444002572e-05
silu,86da18d5-f2c0-4f7c-a5b2-842d4d3573f6,blocks.layers.2.self_attn,3,grad_l2,0.031252233445795315
silu,86da18d5-f2c0-4f7c-a5b2-842d4d3573f6,blocks.layers.2.self_attn,3,rel_update,0.0015798847129051125
silu,86da18d5-f2c0-4f7c-a5b2-842d4d3573f6,blocks.layers.2.norm1,3,grad_l2,0.003183622625465189
silu,86da18d5-f2c0-4f7c-a5b2-842d4d3573f6,blocks.layers.2.norm1,3,rel_update,0.00010292226438977508
silu,86da18d5-f2c0-4f7c-a5b2-842d4d3573f6,blocks.layers.1.linear2,3,grad_l2,0.03192056491996819
silu,86da18d5-f2c0-4f7c-a5b2-842d4d3573f6,blocks.layers.1.linear2,3,rel_update,0.0015579538270337945
silu,86da18d5-f2c0-4f7c-a5b2-842d4d3573f6,blocks.layers.1.linear1,3,grad_l2,0.033212085523089706
silu,86da18d5-f2c0-4f7c-a5b2-842d4d3573f6,blocks.layers.1.linear1,3,rel_update,0.0016159489421251933
silu,86da18d5-f2c0-4f7c-a5b2-842d4d3573f6,blocks.layers.1.norm2,3,grad_l2,0.0031441891181762066
silu,86da18d5-f2c0-4f7c-a5b2-842d4d3573f6,blocks.layers.1.norm2,3,rel_update,0.0001182756201144809
silu,86da18d5-f2c0-4f7c-a5b2-842d4d3573f6,blocks.layers.1.self_attn,3,grad_l2,0.03933545336258529
silu,86da18d5-f2c0-4f7c-a5b2-842d4d3573f6,blocks.layers.1.self_attn,3,rel_update,0.0019864894647173116
silu,86da18d5-f2c0-4f7c-a5b2-842d4d3573f6,blocks.layers.1.norm1,3,grad_l2,0.004278693139514682
silu,86da18d5-f2c0-4f7c-a5b2-842d4d3573f6,blocks.layers.1.norm1,3,rel_update,0.0001246149743882078
silu,86da18d5-f2c0-4f7c-a5b2-842d4d3573f6,blocks.layers.0.linear2,3,grad_l2,0.05544452595376858
silu,86da18d5-f2c0-4f7c-a5b2-842d4d3573f6,blocks.layers.0.linear2,3,rel_update,0.0026552681006272462
silu,86da18d5-f2c0-4f7c-a5b2-842d4d3573f6,blocks.layers.0.linear1,3,grad_l2,0.05492585372390298
silu,86da18d5-f2c0-4f7c-a5b2-842d4d3573f6,blocks.layers.0.linear1,3,rel_update,0.0026239178514435163
silu,86da18d5-f2c0-4f7c-a5b2-842d4d3573f6,blocks.layers.0.norm2,3,grad_l2,0.0071602256743883395
silu,86da18d5-f2c0-4f7c-a5b2-842d4d3573f6,blocks.layers.0.norm2,3,rel_update,0.0002562488036940835
silu,86da18d5-f2c0-4f7c-a5b2-842d4d3573f6,blocks.layers.0.self_attn,3,grad_l2,0.11508057105909017
silu,86da18d5-f2c0-4f7c-a5b2-842d4d3573f6,blocks.layers.0.self_attn,3,rel_update,0.00570333765163607
silu,86da18d5-f2c0-4f7c-a5b2-842d4d3573f6,blocks.layers.0.norm1,3,grad_l2,0.021432856444507563
silu,86da18d5-f2c0-4f7c-a5b2-842d4d3573f6,blocks.layers.0.norm1,3,rel_update,0.0003555440413702298
silu,86da18d5-f2c0-4f7c-a5b2-842d4d3573f6,lm_head,4,grad_l2,0.3910105723397163
silu,86da18d5-f2c0-4f7c-a5b2-842d4d3573f6,lm_head,4,rel_update,0.008296229415134058
silu,86da18d5-f2c0-4f7c-a5b2-842d4d3573f6,final_norm,4,grad_l2,0.028710603823192536
silu,86da18d5-f2c0-4f7c-a5b2-842d4d3573f6,final_norm,4,rel_update,0.0013181338316071622
silu,86da18d5-f2c0-4f7c-a5b2-842d4d3573f6,blocks.layers.3.linear2,4,grad_l2,0.028981026545367324
silu,86da18d5-f2c0-4f7c-a5b2-842d4d3573f6,blocks.layers.3.linear2,4,rel_update,0.0014162680448725918
silu,86da18d5-f2c0-4f7c-a5b2-842d4d3573f6,blocks.layers.3.linear1,4,grad_l2,0.03354029111201383
silu,86da18d5-f2c0-4f7c-a5b2-842d4d3573f6,blocks.layers.3.linear1,4,rel_update,0.0016200500586267457
silu,86da18d5-f2c0-4f7c-a5b2-842d4d3573f6,blocks.layers.3.norm2,4,grad_l2,0.003837341070573615
silu,86da18d5-f2c0-4f7c-a5b2-842d4d3573f6,blocks.layers.3.norm2,4,rel_update,0.00015290873197118618
silu,86da18d5-f2c0-4f7c-a5b2-842d4d3573f6,blocks.layers.3.self_attn,4,grad_l2,0.03134266851210503
silu,86da18d5-f2c0-4f7c-a5b2-842d4d3573f6,blocks.layers.3.self_attn,4,rel_update,0.0015810319329623373
silu,86da18d5-f2c0-4f7c-a5b2-842d4d3573f6,blocks.layers.3.norm1,4,grad_l2,0.0031319761560784933
silu,86da18d5-f2c0-4f7c-a5b2-842d4d3573f6,blocks.layers.3.norm1,4,rel_update,0.00010457721729815577
silu,86da18d5-f2c0-4f7c-a5b2-842d4d3573f6,blocks.layers.2.linear2,4,grad_l2,0.027700970377977304
silu,86da18d5-f2c0-4f7c-a5b2-842d4d3573f6,blocks.layers.2.linear2,4,rel_update,0.0013502997670844078
silu,86da18d5-f2c0-4f7c-a5b2-842d4d3573f6,blocks.layers.2.linear1,4,grad_l2,0.029467189418961738
silu,86da18d5-f2c0-4f7c-a5b2-842d4d3573f6,blocks.layers.2.linear1,4,rel_update,0.0014255379076233438
silu,86da18d5-f2c0-4f7c-a5b2-842d4d3573f6,blocks.layers.2.norm2,4,grad_l2,0.0025761782388729784
silu,86da18d5-f2c0-4f7c-a5b2-842d4d3573f6,blocks.layers.2.norm2,4,rel_update,9.935028445638811e-05
silu,86da18d5-f2c0-4f7c-a5b2-842d4d3573f6,blocks.layers.2.self_attn,4,grad_l2,0.03437886264479978
silu,86da18d5-f2c0-4f7c-a5b2-842d4d3573f6,blocks.layers.2.self_attn,4,rel_update,0.001736327942304858
silu,86da18d5-f2c0-4f7c-a5b2-842d4d3573f6,blocks.layers.2.norm1,4,grad_l2,0.0034585008870627225
silu,86da18d5-f2c0-4f7c-a5b2-842d4d3573f6,blocks.layers.2.norm1,4,rel_update,0.00011542651399211329
silu,86da18d5-f2c0-4f7c-a5b2-842d4d3573f6,blocks.layers.1.linear2,4,grad_l2,0.03433773505179893
silu,86da18d5-f2c0-4f7c-a5b2-842d4d3573f6,blocks.layers.1.linear2,4,rel_update,0.0016763608965541716
silu,86da18d5-f2c0-4f7c-a5b2-842d4d3573f6,blocks.layers.1.linear1,4,grad_l2,0.03556649925921628
silu,86da18d5-f2c0-4f7c-a5b2-842d4d3573f6,blocks.layers.1.linear1,4,rel_update,0.0017268588714716088
silu,86da18d5-f2c0-4f7c-a5b2-842d4d3573f6,blocks.layers.1.norm2,4,grad_l2,0.0032864836947512585
silu,86da18d5-f2c0-4f7c-a5b2-842d4d3573f6,blocks.layers.1.norm2,4,rel_update,0.00012541522371112114
silu,86da18d5-f2c0-4f7c-a5b2-842d4d3573f6,blocks.layers.1.self_attn,4,grad_l2,0.042259614007295734
silu,86da18d5-f2c0-4f7c-a5b2-842d4d3573f6,blocks.layers.1.self_attn,4,rel_update,0.0021336465138111346
silu,86da18d5-f2c0-4f7c-a5b2-842d4d3573f6,blocks.layers.1.norm1,4,grad_l2,0.004521758583622144
silu,86da18d5-f2c0-4f7c-a5b2-842d4d3573f6,blocks.layers.1.norm1,4,rel_update,0.0001355198291145104
silu,86da18d5-f2c0-4f7c-a5b2-842d4d3573f6,blocks.layers.0.linear2,4,grad_l2,0.06027304713465741
silu,86da18d5-f2c0-4f7c-a5b2-842d4d3573f6,blocks.layers.0.linear2,4,rel_update,0.0028752053860144574
silu,86da18d5-f2c0-4f7c-a5b2-842d4d3573f6,blocks.layers.0.linear1,4,grad_l2,0.06052911183646753
silu,86da18d5-f2c0-4f7c-a5b2-842d4d3573f6,blocks.layers.0.linear1,4,rel_update,0.00287675523904546
silu,86da18d5-f2c0-4f7c-a5b2-842d4d3573f6,blocks.layers.0.norm2,4,grad_l2,0.007735795728925119
silu,86da18d5-f2c0-4f7c-a5b2-842d4d3573f6,blocks.layers.0.norm2,4,rel_update,0.00028220753019872914
silu,86da18d5-f2c0-4f7c-a5b2-842d4d3573f6,blocks.layers.0.self_attn,4,grad_l2,0.12811174957394064
silu,86da18d5-f2c0-4f7c-a5b2-842d4d3573f6,blocks.layers.0.self_attn,4,rel_update,0.006322846714938272
silu,86da18d5-f2c0-4f7c-a5b2-842d4d3573f6,blocks.layers.0.norm1,4,grad_l2,0.023252485582569593
silu,86da18d5-f2c0-4f7c-a5b2-842d4d3573f6,blocks.layers.0.norm1,4,rel_update,0.0003992980564605159
silu,86da18d5-f2c0-4f7c-a5b2-842d4d3573f6,lm_head,5,grad_l2,0.36926563625021763
silu,86da18d5-f2c0-4f7c-a5b2-842d4d3573f6,lm_head,5,rel_update,0.007141820524401858
silu,86da18d5-f2c0-4f7c-a5b2-842d4d3573f6,final_norm,5,grad_l2,0.02764606959626857
silu,86da18d5-f2c0-4f7c-a5b2-842d4d3573f6,final_norm,5,rel_update,0.001256853220342825
silu,86da18d5-f2c0-4f7c-a5b2-842d4d3573f6,blocks.layers.3.linear2,5,grad_l2,0.03159969031362253
silu,86da18d5-f2c0-4f7c-a5b2-842d4d3573f6,blocks.layers.3.linear2,5,rel_update,0.0015439102851058147
silu,86da18d5-f2c0-4f7c-a5b2-842d4d3573f6,blocks.layers.3.linear1,5,grad_l2,0.03585960403085366
silu,86da18d5-f2c0-4f7c-a5b2-842d4d3573f6,blocks.layers.3.linear1,5,rel_update,0.001726912165808042
silu,86da18d5-f2c0-4f7c-a5b2-842d4d3573f6,blocks.layers.3.norm2,5,grad_l2,0.004348765739115541
silu,86da18d5-f2c0-4f7c-a5b2-842d4d3573f6,blocks.layers.3.norm2,5,rel_update,0.00017343592394728448
silu,86da18d5-f2c0-4f7c-a5b2-842d4d3573f6,blocks.layers.3.self_attn,5,grad_l2,0.03423186670517648
silu,86da18d5-f2c0-4f7c-a5b2-842d4d3573f6,blocks.layers.3.self_attn,5,rel_update,0.0017228562791984214
silu,86da18d5-f2c0-4f7c-a5b2-842d4d3573f6,blocks.layers.3.norm1,5,grad_l2,0.0034439300736514044
silu,86da18d5-f2c0-4f7c-a5b2-842d4d3573f6,blocks.layers.3.norm1,5,rel_update,0.00011742247572053155
silu,86da18d5-f2c0-4f7c-a5b2-842d4d3573f6,blocks.layers.2.linear2,5,grad_l2,0.029729305147774828
silu,86da18d5-f2c0-4f7c-a5b2-842d4d3573f6,blocks.layers.2.linear2,5,rel_update,0.0014487370364918925
silu,86da18d5-f2c0-4f7c-a5b2-842d4d3573f6,blocks.layers.2.linear1,5,grad_l2,0.031063089239234242
silu,86da18d5-f2c0-4f7c-a5b2-842d4d3573f6,blocks.layers.2.linear1,5,rel_update,0.001497685265111433
silu,86da18d5-f2c0-4f7c-a5b2-842d4d3573f6,blocks.layers.2.norm2,5,grad_l2,0.002674887109191792
silu,86da18d5-f2c0-4f7c-a5b2-842d4d3573f6,blocks.layers.2.norm2,5,rel_update,0.00010376962653134584
silu,86da18d5-f2c0-4f7c-a5b2-842d4d3573f6,blocks.layers.2.self_attn,5,grad_l2,0.03713797604571776
silu,86da18d5-f2c0-4f7c-a5b2-842d4d3573f6,blocks.layers.2.self_attn,5,rel_update,0.0018740706439292658
silu,86da18d5-f2c0-4f7c-a5b2-842d4d3573f6,blocks.layers.2.norm1,5,grad_l2,0.003687518376003793
silu,86da18d5-f2c0-4f7c-a5b2-842d4d3573f6,blocks.layers.2.norm1,5,rel_update,0.00012574337679420144
silu,86da18d5-f2c0-4f7c-a5b2-842d4d3573f6,blocks.layers.1.linear2,5,grad_l2,0.03649568356552249
silu,86da18d5-f2c0-4f7c-a5b2-842d4d3573f6,blocks.layers.1.linear2,5,rel_update,0.0017825466643178849
silu,86da18d5-f2c0-4f7c-a5b2-842d4d3573f6,blocks.layers.1.linear1,5,grad_l2,0.03765400068264196
silu,86da18d5-f2c0-4f7c-a5b2-842d4d3573f6,blocks.layers.1.linear1,5,rel_update,0.001824979988300648
silu,86da18d5-f2c0-4f7c-a5b2-842d4d3573f6,blocks.layers.1.norm2,5,grad_l2,0.0033988010073490614
silu,86da18d5-f2c0-4f7c-a5b2-842d4d3573f6,blocks.layers.1.norm2,5,rel_update,0.00013136672894718847
silu,86da18d5-f2c0-4f7c-a5b2-842d4d3573f6,blocks.layers.1.self_attn,5,grad_l2,0.04488828898449629
silu,86da18d5-f2c0-4f7c-a5b2-842d4d3573f6,blocks.layers.1.self_attn,5,rel_update,0.002265876971982811
silu,86da18d5-f2c0-4f7c-a5b2-842d4d3573f6,blocks.layers.1.norm1,5,grad_l2,0.004739198896984923
silu,86da18d5-f2c0-4f7c-a5b2-842d4d3573f6,blocks.layers.1.norm1,5,rel_update,0.0001454138022526099
silu,86da18d5-f2c0-4f7c-a5b2-842d4d3573f6,blocks.layers.0.linear2,5,grad_l2,0.06441022653954924
silu,86da18d5-f2c0-4f7c-a5b2-842d4d3573f6,blocks.layers.0.linear2,5,rel_update,0.003063593160279024
silu,86da18d5-f2c0-4f7c-a5b2-842d4d3573f6,blocks.layers.0.linear1,5,grad_l2,0.06545341352477109
silu,86da18d5-f2c0-4f7c-a5b2-842d4d3573f6,blocks.layers.0.linear1,5,rel_update,0.003098365395999727
silu,86da18d5-f2c0-4f7c-a5b2-842d4d3573f6,blocks.layers.0.norm2,5,grad_l2,0.00818252514187524
silu,86da18d5-f2c0-4f7c-a5b2-842d4d3573f6,blocks.layers.0.norm2,5,rel_update,0.00030371526378241017
silu,86da18d5-f2c0-4f7c-a5b2-842d4d3573f6,blocks.layers.0.self_attn,5,grad_l2,0.13963251290735146
silu,86da18d5-f2c0-4f7c-a5b2-842d4d3573f6,blocks.layers.0.self_attn,5,rel_update,0.0068576099148405095
silu,86da18d5-f2c0-4f7c-a5b2-842d4d3573f6,blocks.layers.0.norm1,5,grad_l2,0.024513769014438892
silu,86da18d5-f2c0-4f7c-a5b2-842d4d3573f6,blocks.layers.0.norm1,5,rel_update,0.00043791725428180754
silu,86da18d5-f2c0-4f7c-a5b2-842d4d3573f6,lm_head,6,grad_l2,0.35367736388537624
silu,86da18d5-f2c0-4f7c-a5b2-842d4d3573f6,lm_head,6,rel_update,0.00630999440540019
silu,86da18d5-f2c0-4f7c-a5b2-842d4d3573f6,final_norm,6,grad_l2,0.02689093859496291
silu,86da18d5-f2c0-4f7c-a5b2-842d4d3573f6,final_norm,6,rel_update,0.0012139471394205378
silu,86da18d5-f2c0-4f7c-a5b2-842d4d3573f6,blocks.layers.3.linear2,6,grad_l2,0.0336046550840594
silu,86da18d5-f2c0-4f7c-a5b2-842d4d3573f6,blocks.layers.3.linear2,6,rel_update,0.0016420554361216717
silu,86da18d5-f2c0-4f7c-a5b2-842d4d3573f6,blocks.layers.3.linear1,6,grad_l2,0.03755737941517113
silu,86da18d5-f2c0-4f7c-a5b2-842d4d3573f6,blocks.layers.3.linear1,6,rel_update,0.0018044372244134228
silu,86da18d5-f2c0-4f7c-a5b2-842d4d3573f6,blocks.layers.3.norm2,6,grad_l2,0.004647907323398301
silu,86da18d5-f2c0-4f7c-a5b2-842d4d3573f6,blocks.layers.3.norm2,6,rel_update,0.0001878982305369095
silu,86da18d5-f2c0-4f7c-a5b2-842d4d3573f6,blocks.layers.3.self_attn,6,grad_l2,0.03663394879319246
silu,86da18d5-f2c0-4f7c-a5b2-842d4d3573f6,blocks.layers.3.self_attn,6,rel_update,0.0018401018324530225
silu,86da18d5-f2c0-4f7c-a5b2-842d4d3573f6,blocks.layers.3.norm1,6,grad_l2,0.0036834260060878733
silu,86da18d5-f2c0-4f7c-a5b2-842d4d3573f6,blocks.layers.3.norm1,6,rel_update,0.00012837779338237886
silu,86da18d5-f2c0-4f7c-a5b2-842d4d3573f6,blocks.layers.2.linear2,6,grad_l2,0.03141850766124367
silu,86da18d5-f2c0-4f7c-a5b2-842d4d3573f6,blocks.layers.2.linear2,6,rel_update,0.0015308706938977016
silu,86da18d5-f2c0-4f7c-a5b2-842d4d3573f6,blocks.layers.2.linear1,6,grad_l2,0.03243553371513163
silu,86da18d5-f2c0-4f7c-a5b2-842d4d3573f6,blocks.layers.2.linear1,6,rel_update,0.0015593824820273362
silu,86da18d5-f2c0-4f7c-a5b2-842d4d3573f6,blocks.layers.2.norm2,6,grad_l2,0.002740429080806323
silu,86da18d5-f2c0-4f7c-a5b2-842d4d3573f6,blocks.layers.2.norm2,6,rel_update,0.00010719963111667765
silu,86da18d5-f2c0-4f7c-a5b2-842d4d3573f6,blocks.layers.2.self_attn,6,grad_l2,0.039387429179680376
silu,86da18d5-f2c0-4f7c-a5b2-842d4d3573f6,blocks.layers.2.self_attn,6,rel_update,0.0019861636843137203
silu,86da18d5-f2c0-4f7c-a5b2-842d4d3573f6,blocks.layers.2.norm1,6,grad_l2,0.0038578370917468365
silu,86da18d5-f2c0-4f7c-a5b2-842d4d3573f6,blocks.layers.2.norm1,6,rel_update,0.00013392702518995084
silu,86da18d5-f2c0-4f7c-a5b2-842d4d3573f6,blocks.layers.1.linear2,6,grad_l2,0.038274158323112005
silu,86da18d5-f2c0-4f7c-a5b2-842d4d3573f6,blocks.layers.1.linear2,6,rel_update,0.001870581918916178
silu,86da18d5-f2c0-4f7c-a5b2-842d4d3573f6,blocks.layers.1.linear1,6,grad_l2,0.039394159447976605
silu,86da18d5-f2c0-4f7c-a5b2-842d4d3573f6,blocks.layers.1.linear1,6,rel_update,0.001906681363702278
silu,86da18d5-f2c0-4f7c-a5b2-842d4d3573f6,blocks.layers.1.norm2,6,grad_l2,0.0034770302744582403
silu,86da18d5-f2c0-4f7c-a5b2-842d4d3573f6,blocks.layers.1.norm2,6,rel_update,0.0001359406349020644
silu,86da18d5-f2c0-4f7c-a5b2-842d4d3573f6,blocks.layers.1.self_attn,6,grad_l2,0.04711429153214532
silu,86da18d5-f2c0-4f7c-a5b2-842d4d3573f6,blocks.layers.1.self_attn,6,rel_update,0.0023779897588751815
silu,86da18d5-f2c0-4f7c-a5b2-842d4d3573f6,blocks.layers.1.norm1,6,grad_l2,0.004909893549965167
silu,86da18d5-f2c0-4f7c-a5b2-842d4d3573f6,blocks.layers.1.norm1,6,rel_update,0.0001534857860932719
silu,86da18d5-f2c0-4f7c-a5b2-842d4d3573f6,blocks.layers.0.linear2,6,grad_l2,0.06773046547435693
silu,86da18d5-f2c0-4f7c-a5b2-842d4d3573f6,blocks.layers.0.linear2,6,rel_update,0.003215031195503434
silu,86da18d5-f2c0-4f7c-a5b2-842d4d3573f6,blocks.layers.0.linear1,6,grad_l2,0.069561301506792
silu,86da18d5-f2c0-4f7c-a5b2-842d4d3573f6,blocks.layers.0.linear1,6,rel_update,0.003283151021525529
silu,86da18d5-f2c0-4f7c-a5b2-842d4d3573f6,blocks.layers.0.norm2,6,grad_l2,0.008512346486256844
silu,86da18d5-f2c0-4f7c-a5b2-842d4d3573f6,blocks.layers.0.norm2,6,rel_update,0.00032083577826786254
silu,86da18d5-f2c0-4f7c-a5b2-842d4d3573f6,blocks.layers.0.self_attn,6,grad_l2,0.1496850178351366
silu,86da18d5-f2c0-4f7c-a5b2-842d4d3573f6,blocks.layers.0.self_attn,6,rel_update,0.007316575427592392
silu,86da18d5-f2c0-4f7c-a5b2-842d4d3573f6,blocks.layers.0.norm1,6,grad_l2,0.025352355800564604
silu,86da18d5-f2c0-4f7c-a5b2-842d4d3573f6,blocks.layers.0.norm1,6,rel_update,0.00047058845150523703
silu,86da18d5-f2c0-4f7c-a5b2-842d4d3573f6,lm_head,7,grad_l2,0.34188433537703816
silu,86da18d5-f2c0-4f7c-a5b2-842d4d3573f6,lm_head,7,rel_update,0.005682204840697201
silu,86da18d5-f2c0-4f7c-a5b2-842d4d3573f6,final_norm,7,grad_l2,0.026359639746219715
silu,86da18d5-f2c0-4f7c-a5b2-842d4d3573f6,final_norm,7,rel_update,0.0011837797765443493
silu,86da18d5-f2c0-4f7c-a5b2-842d4d3573f6,blocks.layers.3.linear2,7,grad_l2,0.035155141087652615
silu,86da18d5-f2c0-4f7c-a5b2-842d4d3573f6,blocks.layers.3.linear2,7,rel_update,0.0017182339835717694
silu,86da18d5-f2c0-4f7c-a5b2-842d4d3573f6,blocks.layers.3.linear1,7,grad_l2,0.038855715955019236
silu,86da18d5-f2c0-4f7c-a5b2-842d4d3573f6,blocks.layers.3.linear1,7,rel_update,0.001863393945403362
silu,86da18d5-f2c0-4f7c-a5b2-842d4d3573f6,blocks.layers.3.norm2,7,grad_l2,0.004830848151541218
silu,86da18d5-f2c0-4f7c-a5b2-842d4d3573f6,blocks.layers.3.norm2,7,rel_update,0.00019818779252708568
silu,86da18d5-f2c0-4f7c-a5b2-842d4d3573f6,blocks.layers.3.self_attn,7,grad_l2,0.03850074558321452
silu,86da18d5-f2c0-4f7c-a5b2-842d4d3573f6,blocks.layers.3.self_attn,7,rel_update,0.001930775030467388
silu,86da18d5-f2c0-4f7c-a5b2-842d4d3573f6,blocks.layers.3.norm1,7,grad_l2,0.0038402055064324057
silu,86da18d5-f2c0-4f7c-a5b2-842d4d3573f6,blocks.layers.3.norm1,7,rel_update,0.00013660617740918226
silu,86da18d5-f2c0-4f7c-a5b2-842d4d3573f6,blocks.layers.2.linear2,7,grad_l2,0.032818970246904486
silu,86da18d5-f2c0-4f7c-a5b2-842d4d3573f6,blocks.layers.2.linear2,7,rel_update,0.0015991070103839723
silu,86da18d5-f2c0-4f7c-a5b2-842d4d3573f6,blocks.layers.2.linear1,7,grad_l2,0.03360942249126865
silu,86da18d5-f2c0-4f7c-a5b2-842d4d3573f6,blocks.layers.2.linear1,7,rel_update,0.0016120447077727165
silu,86da18d5-f2c0-4f7c-a5b2-842d4d3573f6,blocks.layers.2.norm2,7,grad_l2,0.002787985060363687
silu,86da18d5-f2c0-4f7c-a5b2-842d4d3573f6,blocks.layers.2.norm2,7,rel_update,0.00011010169562258847
silu,86da18d5-f2c0-4f7c-a5b2-842d4d3573f6,blocks.layers.2.self_attn,7,grad_l2,0.04127932784582376
silu,86da18d5-f2c0-4f7c-a5b2-842d4d3573f6,blocks.layers.2.self_attn,7,rel_update,0.0020804309965290627
silu,86da18d5-f2c0-4f7c-a5b2-842d4d3573f6,blocks.layers.2.norm1,7,grad_l2,0.003989103032821284
silu,86da18d5-f2c0-4f7c-a5b2-842d4d3573f6,blocks.layers.2.norm1,7,rel_update,0.0001408367194575796
silu,86da18d5-f2c0-4f7c-a5b2-842d4d3573f6,blocks.layers.1.linear2,7,grad_l2,0.03975427584300572
silu,86da18d5-f2c0-4f7c-a5b2-842d4d3573f6,blocks.layers.1.linear2,7,rel_update,0.0019442012242416908
silu,86da18d5-f2c0-4f7c-a5b2-842d4d3573f6,blocks.layers.1.linear1,7,grad_l2,0.040850287169095514
silu,86da18d5-f2c0-4f7c-a5b2-842d4d3573f6,blocks.layers.1.linear1,7,rel_update,0.0019750699430976914
silu,86da18d5-f2c0-4f7c-a5b2-842d4d3573f6,blocks.layers.1.norm2,7,grad_l2,0.0035331683779491045
silu,86da18d5-f2c0-4f7c-a5b2-842d4d3573f6,blocks.layers.1.norm2,7,rel_update,0.00013969109552523874
silu,86da18d5-f2c0-4f7c-a5b2-842d4d3573f6,blocks.layers.1.self_attn,7,grad_l2,0.04894089871935888
silu,86da18d5-f2c0-4f7c-a5b2-842d4d3573f6,blocks.layers.1.self_attn,7,rel_update,0.00247010968597138
silu,86da18d5-f2c0-4f7c-a5b2-842d4d3573f6,blocks.layers.1.norm1,7,grad_l2,0.005031691207408171
silu,86da18d5-f2c0-4f7c-a5b2-842d4d3573f6,blocks.layers.1.norm1,7,rel_update,0.0001598222569921838
silu,86da18d5-f2c0-4f7c-a5b2-842d4d3573f6,blocks.layers.0.linear2,7,grad_l2,0.07041003651216947
silu,86da18d5-f2c0-4f7c-a5b2-842d4d3573f6,blocks.layers.0.linear2,7,rel_update,0.003337659580557275
silu,86da18d5-f2c0-4f7c-a5b2-842d4d3573f6,blocks.layers.0.linear1,7,grad_l2,0.07297067793052546
silu,86da18d5-f2c0-4f7c-a5b2-842d4d3573f6,blocks.layers.0.linear1,7,rel_update,0.0034367403304963687
silu,86da18d5-f2c0-4f7c-a5b2-842d4d3573f6,blocks.layers.0.norm2,7,grad_l2,0.008748456285049652
silu,86da18d5-f2c0-4f7c-a5b2-842d4d3573f6,blocks.layers.0.norm2,7,rel_update,0.0003345241183026697
silu,86da18d5-f2c0-4f7c-a5b2-842d4d3573f6,blocks.layers.0.self_attn,7,grad_l2,0.1581299391584942
silu,86da18d5-f2c0-4f7c-a5b2-842d4d3573f6,blocks.layers.0.self_attn,7,rel_update,0.007698691664479401
silu,86da18d5-f2c0-4f7c-a5b2-842d4d3573f6,blocks.layers.0.norm1,7,grad_l2,0.025827786705394366
silu,86da18d5-f2c0-4f7c-a5b2-842d4d3573f6,blocks.layers.0.norm1,7,rel_update,0.0004986554934302284
silu,86da18d5-f2c0-4f7c-a5b2-842d4d3573f6,lm_head,8,grad_l2,0.33255427187259323
silu,86da18d5-f2c0-4f7c-a5b2-842d4d3573f6,lm_head,8,rel_update,0.0051917704887792186
silu,86da18d5-f2c0-4f7c-a5b2-842d4d3573f6,final_norm,8,grad_l2,0.02598700934087428
silu,86da18d5-f2c0-4f7c-a5b2-842d4d3573f6,final_norm,8,rel_update,0.0011622627383092656
silu,86da18d5-f2c0-4f7c-a5b2-842d4d3573f6,blocks.layers.3.linear2,8,grad_l2,0.03632537621931791
silu,86da18d5-f2c0-4f7c-a5b2-842d4d3573f6,blocks.layers.3.linear2,8,rel_update,0.0017758337913463722
silu,86da18d5-f2c0-4f7c-a5b2-842d4d3573f6,blocks.layers.3.linear1,8,grad_l2,0.03983878941797058
silu,86da18d5-f2c0-4f7c-a5b2-842d4d3573f6,blocks.layers.3.linear1,8,rel_update,0.0019078221084196368
silu,86da18d5-f2c0-4f7c-a5b2-842d4d3573f6,blocks.layers.3.norm2,8,grad_l2,0.004961306561226413
silu,86da18d5-f2c0-4f7c-a5b2-842d4d3573f6,blocks.layers.3.norm2,8,rel_update,0.00020582973372792177
silu,86da18d5-f2c0-4f7c-a5b2-842d4d3573f6,blocks.layers.3.self_attn,8,grad_l2,0.03989173993098232
silu,86da18d5-f2c0-4f7c-a5b2-842d4d3573f6,blocks.layers.3.self_attn,8,rel_update,0.0019980950408688474
silu,86da18d5-f2c0-4f7c-a5b2-842d4d3573f6,blocks.layers.3.norm1,8,grad_l2,0.003944045655545472
silu,86da18d5-f2c0-4f7c-a5b2-842d4d3573f6,blocks.layers.3.norm1,8,rel_update,0.00014278660496180678
silu,86da18d5-f2c0-4f7c-a5b2-842d4d3573f6,blocks.layers.2.linear2,8,grad_l2,0.033917758778650914
silu,86da18d5-f2c0-4f7c-a5b2-842d4d3573f6,blocks.layers.2.linear2,8,rel_update,0.0016527958227273503
silu,86da18d5-f2c0-4f7c-a5b2-842d4d3573f6,blocks.layers.2.linear1,8,grad_l2,0.034548504592170536
silu,86da18d5-f2c0-4f7c-a5b2-842d4d3573f6,blocks.layers.2.linear1,8,rel_update,0.0016540702695693717
silu,86da18d5-f2c0-4f7c-a5b2-842d4d3573f6,blocks.layers.2.norm2,8,grad_l2,0.0028153267998183742
silu,86da18d5-f2c0-4f7c-a5b2-842d4d3573f6,blocks.layers.2.norm2,8,rel_update,0.00011229131376279046
silu,86da18d5-f2c0-4f7c-a5b2-842d4d3573f6,blocks.layers.2.self_attn,8,grad_l2,0.04269327625353956
silu,86da18d5-f2c0-4f7c-a5b2-842d4d3573f6,blocks.layers.2.self_attn,8,rel_update,0.002150872616384003
silu,86da18d5-f2c0-4f7c-a5b2-842d4d3573f6,blocks.layers.2.norm1,8,grad_l2,0.004074096978192166
silu,86da18d5-f2c0-4f7c-a5b2-842d4d3573f6,blocks.layers.2.norm1,8,rel_update,0.00014608462686120242
silu,86da18d5-f2c0-4f7c-a5b2-842d4d3573f6,blocks.layers.1.linear2,8,grad_l2,0.04091796826200265
silu,86da18d5-f2c0-4f7c-a5b2-842d4d3573f6,blocks.layers.1.linear2,8,rel_update,0.002002383713272693
silu,86da18d5-f2c0-4f7c-a5b2-842d4d3573f6,blocks.layers.1.linear1,8,grad_l2,0.0420043526916545
silu,86da18d5-f2c0-4f7c-a5b2-842d4d3573f6,blocks.layers.1.linear1,8,rel_update,0.0020292795106399064
silu,86da18d5-f2c0-4f7c-a5b2-842d4d3573f6,blocks.layers.1.norm2,8,grad_l2,0.003565250823662481
silu,86da18d5-f2c0-4f7c-a5b2-842d4d3573f6,blocks.layers.1.norm2,8,rel_update,0.00014256451893377643
silu,86da18d5-f2c0-4f7c-a5b2-842d4d3573f6,blocks.layers.1.self_attn,8,grad_l2,0.05031238013959535
silu,86da18d5-f2c0-4f7c-a5b2-842d4d3573f6,blocks.layers.1.self_attn,8,rel_update,0.0025394312645956943
silu,86da18d5-f2c0-4f7c-a5b2-842d4d3573f6,blocks.layers.1.norm1,8,grad_l2,0.005104448141799269
silu,86da18d5-f2c0-4f7c-a5b2-842d4d3573f6,blocks.layers.1.norm1,8,rel_update,0.00016460441661771968
silu,86da18d5-f2c0-4f7c-a5b2-842d4d3573f6,blocks.layers.0.linear2,8,grad_l2,0.0724649405686382
silu,86da18d5-f2c0-4f7c-a5b2-842d4d3573f6,blocks.layers.0.linear2,8,rel_update,0.0034319442956670556
silu,86da18d5-f2c0-4f7c-a5b2-842d4d3573f6,blocks.layers.0.linear1,8,grad_l2,0.07570335365830787
silu,86da18d5-f2c0-4f7c-a5b2-842d4d3573f6,blocks.layers.0.linear1,8,rel_update,0.003559984372738535
silu,86da18d5-f2c0-4f7c-a5b2-842d4d3573f6,blocks.layers.0.norm2,8,grad_l2,0.008893641735487526
silu,86da18d5-f2c0-4f7c-a5b2-842d4d3573f6,blocks.layers.0.norm2,8,rel_update,0.0003450187512257383
silu,86da18d5-f2c0-4f7c-a5b2-842d4d3573f6,blocks.layers.0.self_attn,8,grad_l2,0.1649237691857571
silu,86da18d5-f2c0-4f7c-a5b2-842d4d3573f6,blocks.layers.0.self_attn,8,rel_update,0.008004742571684167
silu,86da18d5-f2c0-4f7c-a5b2-842d4d3573f6,blocks.layers.0.norm1,8,grad_l2,0.026047584564618614
silu,86da18d5-f2c0-4f7c-a5b2-842d4d3573f6,blocks.layers.0.norm1,8,rel_update,0.0005220973864713801
silu,86da18d5-f2c0-4f7c-a5b2-842d4d3573f6,lm_head,9,grad_l2,0.32507650957731166
silu,86da18d5-f2c0-4f7c-a5b2-842d4d3573f6,lm_head,9,rel_update,0.004799016343970929
silu,86da18d5-f2c0-4f7c-a5b2-842d4d3573f6,final_norm,9,grad_l2,0.025710194878438758
silu,86da18d5-f2c0-4f7c-a5b2-842d4d3573f6,final_norm,9,rel_update,0.0011464291881838938
silu,86da18d5-f2c0-4f7c-a5b2-842d4d3573f6,blocks.layers.3.linear2,9,grad_l2,0.03721256610397529
silu,86da18d5-f2c0-4f7c-a5b2-842d4d3573f6,blocks.layers.3.linear2,9,rel_update,0.001819618008568249
silu,86da18d5-f2c0-4f7c-a5b2-842d4d3573f6,blocks.layers.3.linear1,9,grad_l2,0.04057772166245352
silu,86da18d5-f2c0-4f7c-a5b2-842d4d3573f6,blocks.layers.3.linear1,9,rel_update,0.0019410894650666564
silu,86da18d5-f2c0-4f7c-a5b2-842d4d3573f6,blocks.layers.3.norm2,9,grad_l2,0.0050308508140364085
silu,86da18d5-f2c0-4f7c-a5b2-842d4d3573f6,blocks.layers.3.norm2,9,rel_update,0.00021122663382490428
silu,86da18d5-f2c0-4f7c-a5b2-842d4d3573f6,blocks.layers.3.self_attn,9,grad_l2,0.04097924122921015
silu,86da18d5-f2c0-4f7c-a5b2-842d4d3573f6,blocks.layers.3.self_attn,9,rel_update,0.0020506673805503407
silu,86da18d5-f2c0-4f7c-a5b2-842d4d3573f6,blocks.layers.3.norm1,9,grad_l2,0.00401539566556334
silu,86da18d5-f2c0-4f7c-a5b2-842d4d3573f6,blocks.layers.3.norm1,9,rel_update,0.00014763642185033261
silu,86da18d5-f2c0-4f7c-a5b2-842d4d3573f6,blocks.layers.2.linear2,9,grad_l2,0.03478656648686609
silu,86da18d5-f2c0-4f7c-a5b2-842d4d3573f6,blocks.layers.2.linear2,9,rel_update,0.0016952933930764697
silu,86da18d5-f2c0-4f7c-a5b2-842d4d3573f6,blocks.layers.2.linear1,9,grad_l2,0.03529673933869107
silu,86da18d5-f2c0-4f7c-a5b2-842d4d3573f6,blocks.layers.2.linear1,9,rel_update,0.0016875102266714667
silu,86da18d5-f2c0-4f7c-a5b2-842d4d3573f6,blocks.layers.2.norm2,9,grad_l2,0.002833644526040776
silu,86da18d5-f2c0-4f7c-a5b2-842d4d3573f6,blocks.layers.2.norm2,9,rel_update,0.00011402452357869166
silu,86da18d5-f2c0-4f7c-a5b2-842d4d3573f6,blocks.layers.2.self_attn,9,grad_l2,0.04378474154878858
silu,86da18d5-f2c0-4f7c-a5b2-842d4d3573f6,blocks.layers.2.self_attn,9,rel_update,0.0022052419493016305
silu,86da18d5-f2c0-4f7c-a5b2-842d4d3573f6,blocks.layers.2.norm1,9,grad_l2,0.004132570950474196
silu,86da18d5-f2c0-4f7c-a5b2-842d4d3573f6,blocks.layers.2.norm1,9,rel_update,0.00015004727470070334
silu,86da18d5-f2c0-4f7c-a5b2-842d4d3573f6,blocks.layers.1.linear2,9,grad_l2,0.041825426880077794
silu,86da18d5-f2c0-4f7c-a5b2-842d4d3573f6,blocks.layers.1.linear2,9,rel_update,0.002047864696331248
silu,86da18d5-f2c0-4f7c-a5b2-842d4d3573f6,blocks.layers.1.linear1,9,grad_l2,0.04291700246754352
silu,86da18d5-f2c0-4f7c-a5b2-842d4d3573f6,blocks.layers.1.linear1,9,rel_update,0.00207214040011829
silu,86da18d5-f2c0-4f7c-a5b2-842d4d3573f6,blocks.layers.1.norm2,9,grad_l2,0.0035876894914030964
silu,86da18d5-f2c0-4f7c-a5b2-842d4d3573f6,blocks.layers.1.norm2,9,rel_update,0.0001449011794197954
silu,86da18d5-f2c0-4f7c-a5b2-842d4d3573f6,blocks.layers.1.self_attn,9,grad_l2,0.051361744165303626
silu,86da18d5-f2c0-4f7c-a5b2-842d4d3573f6,blocks.layers.1.self_attn,9,rel_update,0.002592517440799847
silu,86da18d5-f2c0-4f7c-a5b2-842d4d3573f6,blocks.layers.1.norm1,9,grad_l2,0.005152525941023119
silu,86da18d5-f2c0-4f7c-a5b2-842d4d3573f6,blocks.layers.1.norm1,9,rel_update,0.00016825092603066371
silu,86da18d5-f2c0-4f7c-a5b2-842d4d3573f6,blocks.layers.0.linear2,9,grad_l2,0.07405468357899328
silu,86da18d5-f2c0-4f7c-a5b2-842d4d3573f6,blocks.layers.0.linear2,9,rel_update,0.003504897896874504
silu,86da18d5-f2c0-4f7c-a5b2-842d4d3573f6,blocks.layers.0.linear1,9,grad_l2,0.0778663282938341
silu,86da18d5-f2c0-4f7c-a5b2-842d4d3573f6,blocks.layers.0.linear1,9,rel_update,0.00365751338033947
silu,86da18d5-f2c0-4f7c-a5b2-842d4d3573f6,blocks.layers.0.norm2,9,grad_l2,0.008998175333890421
silu,86da18d5-f2c0-4f7c-a5b2-842d4d3573f6,blocks.layers.0.norm2,9,rel_update,0.00035342939276886376
silu,86da18d5-f2c0-4f7c-a5b2-842d4d3573f6,blocks.layers.0.self_attn,9,grad_l2,0.17033531198522428
silu,86da18d5-f2c0-4f7c-a5b2-842d4d3573f6,blocks.layers.0.self_attn,9,rel_update,0.00824819637401721
silu,86da18d5-f2c0-4f7c-a5b2-842d4d3573f6,blocks.layers.0.norm1,9,grad_l2,0.026162115802635062
silu,86da18d5-f2c0-4f7c-a5b2-842d4d3573f6,blocks.layers.0.norm1,9,rel_update,0.0005415512844530401
tanh,f80b8aa2-c3b9-4157-996b-6c7b84466755,lm_head,0,grad_l2,0.9253823796943413
tanh,f80b8aa2-c3b9-4157-996b-6c7b84466755,lm_head,0,rel_update,0.03339066434356294
tanh,f80b8aa2-c3b9-4157-996b-6c7b84466755,final_norm,0,grad_l2,0.06252627620616073
tanh,f80b8aa2-c3b9-4157-996b-6c7b84466755,final_norm,0,rel_update,0.0028335196233632677
tanh,f80b8aa2-c3b9-4157-996b-6c7b84466755,blocks.layers.3.linear2,0,grad_l2,0.0163961080943564
tanh,f80b8aa2-c3b9-4157-996b-6c7b84466755,blocks.layers.3.linear2,0,rel_update,0.0008063039508410316
tanh,f80b8aa2-c3b9-4157-996b-6c7b84466755,blocks.layers.3.linear1,0,grad_l2,0.018629886794964266
tanh,f80b8aa2-c3b9-4157-996b-6c7b84466755,blocks.layers.3.linear1,0,rel_update,0.0009166584655534286
tanh,f80b8aa2-c3b9-4157-996b-6c7b84466755,blocks.layers.3.norm2,0,grad_l2,0.0014682833522628338
tanh,f80b8aa2-c3b9-4157-996b-6c7b84466755,blocks.layers.3.norm2,0,rel_update,5.372639454559357e-05
tanh,f80b8aa2-c3b9-4157-996b-6c7b84466755,blocks.layers.3.self_attn,0,grad_l2,0.017445798879773818
tanh,f80b8aa2-c3b9-4157-996b-6c7b84466755,blocks.layers.3.self_attn,0,rel_update,0.0008835132945049239
tanh,f80b8aa2-c3b9-4157-996b-6c7b84466755,blocks.layers.3.norm1,0,grad_l2,0.0016770384849506019
tanh,f80b8aa2-c3b9-4157-996b-6c7b84466755,blocks.layers.3.norm1,0,rel_update,5.52262220844275e-05
tanh,f80b8aa2-c3b9-4157-996b-6c7b84466755,blocks.layers.2.linear2,0,grad_l2,0.017912334269787132
tanh,f80b8aa2-c3b9-4157-996b-6c7b84466755,blocks.layers.2.linear2,0,rel_update,0.0008790385984893049
tanh,f80b8aa2-c3b9-4157-996b-6c7b84466755,blocks.layers.2.linear1,0,grad_l2,0.020724289824225597
tanh,f80b8aa2-c3b9-4157-996b-6c7b84466755,blocks.layers.2.linear1,0,rel_update,0.001017904408576192
tanh,f80b8aa2-c3b9-4157-996b-6c7b84466755,blocks.layers.2.norm2,0,grad_l2,0.0019526648319229268
tanh,f80b8aa2-c3b9-4157-996b-6c7b84466755,blocks.layers.2.norm2,0,rel_update,7.025388331344366e-05
tanh,f80b8aa2-c3b9-4157-996b-6c7b84466755,blocks.layers.2.self_attn,0,grad_l2,0.02018214962588801
tanh,f80b8aa2-c3b9-4157-996b-6c7b84466755,blocks.layers.2.self_attn,0,rel_update,0.0010208507384318554
tanh,f80b8aa2-c3b9-4157-996b-6c7b84466755,blocks.layers.2.norm1,0,grad_l2,0.002075569366561874
tanh,f80b8aa2-c3b9-4157-996b-6c7b84466755,blocks.layers.2.norm1,0,rel_update,6.623119139823534e-05
tanh,f80b8aa2-c3b9-4157-996b-6c7b84466755,blocks.layers.1.linear2,0,grad_l2,0.022061929317453197
tanh,f80b8aa2-c3b9-4157-996b-6c7b84466755,blocks.layers.1.linear2,0,rel_update,0.0010806682542045909
tanh,f80b8aa2-c3b9-4157-996b-6c7b84466755,blocks.layers.1.linear1,0,grad_l2,0.024973498680072856
tanh,f80b8aa2-c3b9-4157-996b-6c7b84466755,blocks.layers.1.linear1,0,rel_update,0.0012249460791868697
tanh,f80b8aa2-c3b9-4157-996b-6c7b84466755,blocks.layers.1.norm2,0,grad_l2,0.002706807863429998
tanh,f80b8aa2-c3b9-4157-996b-6c7b84466755,blocks.layers.1.norm2,0,rel_update,8.866207065589181e-05
tanh,f80b8aa2-c3b9-4157-996b-6c7b84466755,blocks.layers.1.self_attn,0,grad_l2,0.027491090906779633
tanh,f80b8aa2-c3b9-4157-996b-6c7b84466755,blocks.layers.1.self_attn,0,rel_update,0.0013861169926754238
tanh,f80b8aa2-c3b9-4157-996b-6c7b84466755,blocks.layers.1.norm1,0,grad_l2,0.0032911379148212218
tanh,f80b8aa2-c3b9-4157-996b-6c7b84466755,blocks.layers.1.norm1,0,rel_update,8.849255284191266e-05
tanh,f80b8aa2-c3b9-4157-996b-6c7b84466755,blocks.layers.0.linear2,0,grad_l2,0.03767013134622892
tanh,f80b8aa2-c3b9-4157-996b-6c7b84466755,blocks.layers.0.linear2,0,rel_update,0.001838323862879273
tanh,f80b8aa2-c3b9-4157-996b-6c7b84466755,blocks.layers.0.linear1,0,grad_l2,0.038547066595357296
tanh,f80b8aa2-c3b9-4157-996b-6c7b84466755,blocks.layers.0.linear1,0,rel_update,0.0018820361544729799
tanh,f80b8aa2-c3b9-4157-996b-6c7b84466755,blocks.layers.0.norm2,0,grad_l2,0.00537482149293616
tanh,f80b8aa2-c3b9-4157-996b-6c7b84466755,blocks.layers.0.norm2,0,rel_update,0.0001546156256201314
tanh,f80b8aa2-c3b9-4157-996b-6c7b84466755,blocks.layers.0.self_attn,0,grad_l2,0.06770310155704007
tanh,f80b8aa2-c3b9-4157-996b-6c7b84466755,blocks.layers.0.self_attn,0,rel_update,0.003280470354160076
tanh,f80b8aa2-c3b9-4157-996b-6c7b84466755,blocks.layers.0.norm1,0,grad_l2,0.014909522731042374
tanh,f80b8aa2-c3b9-4157-996b-6c7b84466755,blocks.layers.0.norm1,0,rel_update,0.0002097265927294635
tanh,f80b8aa2-c3b9-4157-996b-6c7b84466755,lm_head,1,grad_l2,0.5901683301688089
tanh,f80b8aa2-c3b9-4157-996b-6c7b84466755,lm_head,1,rel_update,0.0181001989448964
tanh,f80b8aa2-c3b9-4157-996b-6c7b84466755,final_norm,1,grad_l2,0.04128643059516231
tanh,f80b8aa2-c3b9-4157-996b-6c7b84466755,final_norm,1,rel_update,0.00187248284000412
tanh,f80b8aa2-c3b9-4157-996b-6c7b84466755,blocks.layers.3.linear2,1,grad_l2,0.021619880833459056
tanh,f80b8aa2-c3b9-4157-996b-6c7b84466755,blocks.layers.3.linear2,1,rel_update,0.0010642295795162602
tanh,f80b8aa2-c3b9-4157-996b-6c7b84466755,blocks.layers.3.linear1,1,grad_l2,0.02410116688531144
tanh,f80b8aa2-c3b9-4157-996b-6c7b84466755,blocks.layers.3.linear1,1,rel_update,0.0011828288395282736
tanh,f80b8aa2-c3b9-4157-996b-6c7b84466755,blocks.layers.3.norm2,1,grad_l2,0.0020136810630960646
tanh,f80b8aa2-c3b9-4157-996b-6c7b84466755,blocks.layers.3.norm2,1,rel_update,7.678356468750411e-05
tanh,f80b8aa2-c3b9-4157-996b-6c7b84466755,blocks.layers.3.self_attn,1,grad_l2,0.02402605844618767
tanh,f80b8aa2-c3b9-4157-996b-6c7b84466755,blocks.layers.3.self_attn,1,rel_update,0.0012155275617088909
tanh,f80b8aa2-c3b9-4157-996b-6c7b84466755,blocks.layers.3.norm1,1,grad_l2,0.0024221285601377764
tanh,f80b8aa2-c3b9-4157-996b-6c7b84466755,blocks.layers.3.norm1,1,rel_update,8.149409625105483e-05
tanh,f80b8aa2-c3b9-4157-996b-6c7b84466755,blocks.layers.2.linear2,1,grad_l2,0.024381257178473285
tanh,f80b8aa2-c3b9-4157-996b-6c7b84466755,blocks.layers.2.linear2,1,rel_update,0.0011974433963422286
tanh,f80b8aa2-c3b9-4157-996b-6c7b84466755,blocks.layers.2.linear1,1,grad_l2,0.02725111318585646
tanh,f80b8aa2-c3b9-4157-996b-6c7b84466755,blocks.layers.2.linear1,1,rel_update,0.0013353048608697564
tanh,f80b8aa2-c3b9-4157-996b-6c7b84466755,blocks.layers.2.norm2,1,grad_l2,0.002643101472683256
tanh,f80b8aa2-c3b9-4157-996b-6c7b84466755,blocks.layers.2.norm2,1,rel_update,9.688964098913445e-05
tanh,f80b8aa2-c3b9-4157-996b-6c7b84466755,blocks.layers.2.self_attn,1,grad_l2,0.026760535236615198
tanh,f80b8aa2-c3b9-4157-996b-6c7b84466755,blocks.layers.2.self_attn,1,rel_update,0.0013525823494201397
tanh,f80b8aa2-c3b9-4157-996b-6c7b84466755,blocks.layers.2.norm1,1,grad_l2,0.0028495103868972707
tanh,f80b8aa2-c3b9-4157-996b-6c7b84466755,blocks.layers.2.norm1,1,rel_update,9.164087156922641e-05
tanh,f80b8aa2-c3b9-4157-996b-6c7b84466755,blocks.layers.1.linear2,1,grad_l2,0.030766774290489123
tanh,f80b8aa2-c3b9-4157-996b-6c7b84466755,blocks.layers.1.linear2,1,rel_update,0.0015069683849673803
tanh,f80b8aa2-c3b9-4157-996b-6c7b84466755,blocks.layers.1.linear1,1,grad_l2,0.03293596014325946
tanh,f80b8aa2-c3b9-4157-996b-6c7b84466755,blocks.layers.1.linear1,1,rel_update,0.0016117970905376888
tanh,f80b8aa2-c3b9-4157-996b-6c7b84466755,blocks.layers.1.norm2,1,grad_l2,0.0036673663851381068
tanh,f80b8aa2-c3b9-4157-996b-6c7b84466755,blocks.layers.1.norm2,1,rel_update,0.00012531779093698876
tanh,f80b8aa2-c3b9-4157-996b-6c7b84466755,blocks.layers.1.self_attn,1,grad_l2,0.036044736966351326
tanh,f80b8aa2-c3b9-4157-996b-6c7b84466755,blocks.layers.1.self_attn,1,rel_update,0.0018184813527190175
tanh,f80b8aa2-c3b9-4157-996b-6c7b84466755,blocks.layers.1.norm1,1,grad_l2,0.0042743358083904915
tanh,f80b8aa2-c3b9-4157-996b-6c7b84466755,blocks.layers.1.norm1,1,rel_update,0.00011574281177180672
tanh,f80b8aa2-c3b9-4157-996b-6c7b84466755,blocks.layers.0.linear2,1,grad_l2,0.0497658863355527
tanh,f80b8aa2-c3b9-4157-996b-6c7b84466755,blocks.layers.0.linear2,1,rel_update,0.002414510520062667
tanh,f80b8aa2-c3b9-4157-996b-6c7b84466755,blocks.layers.0.linear1,1,grad_l2,0.05190326953328193
tanh,f80b8aa2-c3b9-4157-996b-6c7b84466755,blocks.layers.0.linear1,1,rel_update,0.0025211553624305875
tanh,f80b8aa2-c3b9-4157-996b-6c7b84466755,blocks.layers.0.norm2,1,grad_l2,0.008095284821116645
tanh,f80b8aa2-c3b9-4157-996b-6c7b84466755,blocks.layers.0.norm2,1,rel_update,0.00024678551516593017
tanh,f80b8aa2-c3b9-4157-996b-6c7b84466755,blocks.layers.0.self_attn,1,grad_l2,0.10574083827114804
tanh,f80b8aa2-c3b9-4157-996b-6c7b84466755,blocks.layers.0.self_attn,1,rel_update,0.005212529466867425
tanh,f80b8aa2-c3b9-4157-996b-6c7b84466755,blocks.layers.0.norm1,1,grad_l2,0.019521721415963922
tanh,f80b8aa2-c3b9-4157-996b-6c7b84466755,blocks.layers.0.norm1,1,rel_update,0.00030413189732954814
tanh,f80b8aa2-c3b9-4157-996b-6c7b84466755,lm_head,2,grad_l2,0.47842031135748575
tanh,f80b8aa2-c3b9-4157-996b-6c7b84466755,lm_head,2,rel_update,0.0126933366218655
tanh,f80b8aa2-c3b9-4157-996b-6c7b84466755,final_norm,2,grad_l2,0.03441971965270367
tanh,f80b8aa2-c3b9-4157-996b-6c7b84466755,final_norm,2,rel_update,0.001549394453536531
tanh,f80b8aa2-c3b9-4157-996b-6c7b84466755,blocks.layers.3.linear2,2,grad_l2,0.027410412042431255
tanh,f80b8aa2-c3b9-4157-996b-6c7b84466755,blocks.layers.3.linear2,2,rel_update,0.0013508458526250025
tanh,f80b8aa2-c3b9-4157-996b-6c7b84466755,blocks.layers.3.linear1,2,grad_l2,0.028100449050322912
tanh,f80b8aa2-c3b9-4157-996b-6c7b84466755,blocks.layers.3.linear1,2,rel_update,0.001373560361316463
tanh,f80b8aa2-c3b9-4157-996b-6c7b84466755,blocks.layers.3.norm2,2,grad_l2,0.002479411586640122
tanh,f80b8aa2-c3b9-4157-996b-6c7b84466755,blocks.layers.3.norm2,2,rel_update,9.454618048478063e-05
tanh,f80b8aa2-c3b9-4157-996b-6c7b84466755,blocks.layers.3.self_attn,2,grad_l2,0.02813471271670735
tanh,f80b8aa2-c3b9-4157-996b-6c7b84466755,blocks.layers.3.self_attn,2,rel_update,0.0014205441278208216
tanh,f80b8aa2-c3b9-4157-996b-6c7b84466755,blocks.layers.3.norm1,2,grad_l2,0.0028550609993376963
tanh,f80b8aa2-c3b9-4157-996b-6c7b84466755,blocks.layers.3.norm1,2,rel_update,9.551213555055364e-05
tanh,f80b8aa2-c3b9-4157-996b-6c7b84466755,blocks.layers.2.linear2,2,grad_l2,0.02921944619787434
tanh,f80b8aa2-c3b9-4157-996b-6c7b84466755,blocks.layers.2.linear2,2,rel_update,0.0014369633878047936
tanh,f80b8aa2-c3b9-4157-996b-6c7b84466755,blocks.layers.2.linear1,2,grad_l2,0.029943704410504063
tanh,f80b8aa2-c3b9-4157-996b-6c7b84466755,blocks.layers.2.linear1,2,rel_update,0.001462755203342879
tanh,f80b8aa2-c3b9-4157-996b-6c7b84466755,blocks.layers.2.norm2,2,grad_l2,0.002904033158395738
tanh,f80b8aa2-c3b9-4157-996b-6c7b84466755,blocks.layers.2.norm2,2,rel_update,0.0001069672054846708
tanh,f80b8aa2-c3b9-4157-996b-6c7b84466755,blocks.layers.2.self_attn,2,grad_l2,0.028759961120421784
tanh,f80b8aa2-c3b9-4157-996b-6c7b84466755,blocks.layers.2.self_attn,2,rel_update,0.0014511304208301172
tanh,f80b8aa2-c3b9-4157-996b-6c7b84466755,blocks.layers.2.norm1,2,grad_l2,0.0030587881139705585
tanh,f80b8aa2-c3b9-4157-996b-6c7b84466755,blocks.layers.2.norm1,2,rel_update,9.687597250625307e-05
tanh,f80b8aa2-c3b9-4157-996b-6c7b84466755,blocks.layers.1.linear2,2,grad_l2,0.03525966149432627
tanh,f80b8aa2-c3b9-4157-996b-6c7b84466755,blocks.layers.1.linear2,2,rel_update,0.0017287730480162323
tanh,f80b8aa2-c3b9-4157-996b-6c7b84466755,blocks.layers.1.linear1,2,grad_l2,0.03527986715234625
tanh,f80b8aa2-c3b9-4157-996b-6c7b84466755,blocks.layers.1.linear1,2,rel_update,0.0017223438106832322
tanh,f80b8aa2-c3b9-4157-996b-6c7b84466755,blocks.layers.1.norm2,2,grad_l2,0.0038899159461822834
tanh,f80b8aa2-c3b9-4157-996b-6c7b84466755,blocks.layers.1.norm2,2,rel_update,0.00013591328806477831
tanh,f80b8aa2-c3b9-4157-996b-6c7b84466755,blocks.layers.1.self_attn,2,grad_l2,0.038044744679350165
tanh,f80b8aa2-c3b9-4157-996b-6c7b84466755,blocks.layers.1.self_attn,2,rel_update,0.001918380824428151
tanh,f80b8aa2-c3b9-4157-996b-6c7b84466755,blocks.layers.1.norm1,2,grad_l2,0.004438104038910827
tanh,f80b8aa2-c3b9-4157-996b-6c7b84466755,blocks.layers.1.norm1,2,rel_update,0.00012293501949756027
tanh,f80b8aa2-c3b9-4157-996b-6c7b84466755,blocks.layers.0.linear2,2,grad_l2,0.05408925604162048
tanh,f80b8aa2-c3b9-4157-996b-6c7b84466755,blocks.layers.0.linear2,2,rel_update,0.0026112818488697484
tanh,f80b8aa2-c3b9-4157-996b-6c7b84466755,blocks.layers.0.linear1,2,grad_l2,0.05663533810031723
tanh,f80b8aa2-c3b9-4157-996b-6c7b84466755,blocks.layers.0.linear1,2,rel_update,0.002738818720548062
tanh,f80b8aa2-c3b9-4157-996b-6c7b84466755,blocks.layers.0.norm2,2,grad_l2,0.008967819290695048
tanh,f80b8aa2-c3b9-4157-996b-6c7b84466755,blocks.layers.0.norm2,2,rel_update,0.00028369044109640166
tanh,f80b8aa2-c3b9-4157-996b-6c7b84466755,blocks.layers.0.self_attn,2,grad_l2,0.12135705561539578
tanh,f80b8aa2-c3b9-4157-996b-6c7b84466755,blocks.layers.0.self_attn,2,rel_update,0.00600008859751401
tanh,f80b8aa2-c3b9-4157-996b-6c7b84466755,blocks.layers.0.norm1,2,grad_l2,0.021849976562422994
tanh,f80b8aa2-c3b9-4157-996b-6c7b84466755,blocks.layers.0.norm1,2,rel_update,0.0003478720609661208
tanh,f80b8aa2-c3b9-4157-996b-6c7b84466755,lm_head,3,grad_l2,0.4230923323736284
tanh,f80b8aa2-c3b9-4157-996b-6c7b84466755,lm_head,3,rel_update,0.009916849497523852
tanh,f80b8aa2-c3b9-4157-996b-6c7b84466755,final_norm,3,grad_l2,0.03093282149319815
tanh,f80b8aa2-c3b9-4157-996b-6c7b84466755,final_norm,3,rel_update,0.0013869638814237321
tanh,f80b8aa2-c3b9-4157-996b-6c7b84466755,blocks.layers.3.linear2,3,grad_l2,0.031235520693338428
tanh,f80b8aa2-c3b9-4157-996b-6c7b84466755,blocks.layers.3.linear2,3,rel_update,0.0015413779732970875
tanh,f80b8aa2-c3b9-4157-996b-6c7b84466755,blocks.layers.3.linear1,3,grad_l2,0.03076699935937713
tanh,f80b8aa2-c3b9-4157-996b-6c7b84466755,blocks.layers.3.linear1,3,rel_update,0.0014988036387022445
tanh,f80b8aa2-c3b9-4157-996b-6c7b84466755,blocks.layers.3.norm2,3,grad_l2,0.002834530853343842
tanh,f80b8aa2-c3b9-4157-996b-6c7b84466755,blocks.layers.3.norm2,3,rel_update,0.00010956252656641983
tanh,f80b8aa2-c3b9-4157-996b-6c7b84466755,blocks.layers.3.self_attn,3,grad_l2,0.029472719863696623
tanh,f80b8aa2-c3b9-4157-996b-6c7b84466755,blocks.layers.3.self_attn,3,rel_update,0.0014856342956016332
tanh,f80b8aa2-c3b9-4157-996b-6c7b84466755,blocks.layers.3.norm1,3,grad_l2,0.0029873185722296644
tanh,f80b8aa2-c3b9-4157-996b-6c7b84466755,blocks.layers.3.norm1,3,rel_update,0.00010115065814670564
tanh,f80b8aa2-c3b9-4157-996b-6c7b84466755,blocks.layers.2.linear2,3,grad_l2,0.03176263558525072
tanh,f80b8aa2-c3b9-4157-996b-6c7b84466755,blocks.layers.2.linear2,3,rel_update,0.0015639567265441259
tanh,f80b8aa2-c3b9-4157-996b-6c7b84466755,blocks.layers.2.linear1,3,grad_l2,0.03099877226617719
tanh,f80b8aa2-c3b9-4157-996b-6c7b84466755,blocks.layers.2.linear1,3,rel_update,0.0015101267448473473
tanh,f80b8aa2-c3b9-4157-996b-6c7b84466755,blocks.layers.2.norm2,3,grad_l2,0.002987473259325738
tanh,f80b8aa2-c3b9-4157-996b-6c7b84466755,blocks.layers.2.norm2,3,rel_update,0.00011109570215154851
tanh,f80b8aa2-c3b9-4157-996b-6c7b84466755,blocks.layers.2.self_attn,3,grad_l2,0.029495966485589765
tanh,f80b8aa2-c3b9-4157-996b-6c7b84466755,blocks.layers.2.self_attn,3,rel_update,0.0014861297030406544
tanh,f80b8aa2-c3b9-4157-996b-6c7b84466755,blocks.layers.2.norm1,3,grad_l2,0.0030914152325254183
tanh,f80b8aa2-c3b9-4157-996b-6c7b84466755,blocks.layers.2.norm1,3,rel_update,9.913604918327346e-05
tanh,f80b8aa2-c3b9-4157-996b-6c7b84466755,blocks.layers.1.linear2,3,grad_l2,0.03752281656133351
tanh,f80b8aa2-c3b9-4157-996b-6c7b84466755,blocks.layers.1.linear2,3,rel_update,0.0018419669712025648
tanh,f80b8aa2-c3b9-4157-996b-6c7b84466755,blocks.layers.1.linear1,3,grad_l2,0.03612370814863781
tanh,f80b8aa2-c3b9-4157-996b-6c7b84466755,blocks.layers.1.linear1,3,rel_update,0.0017596637438626285
tanh,f80b8aa2-c3b9-4157-996b-6c7b84466755,blocks.layers.1.norm2,3,grad_l2,0.003925396654461835
tanh,f80b8aa2-c3b9-4157-996b-6c7b84466755,blocks.layers.1.norm2,3,rel_update,0.00013989988144986546
tanh,f80b8aa2-c3b9-4157-996b-6c7b84466755,blocks.layers.1.self_attn,3,grad_l2,0.038823590557551774
tanh,f80b8aa2-c3b9-4157-996b-6c7b84466755,blocks.layers.1.self_attn,3,rel_update,0.001956434397178575
tanh,f80b8aa2-c3b9-4157-996b-6c7b84466755,blocks.layers.1.norm1,3,grad_l2,0.004420118678470037
tanh,f80b8aa2-c3b9-4157-996b-6c7b84466755,blocks.layers.1.norm1,3,rel_update,0.00012708083531261406
tanh,f80b8aa2-c3b9-4157-996b-6c7b84466755,blocks.layers.0.linear2,3,grad_l2,0.056410954006824825
tanh,f80b8aa2-c3b9-4157-996b-6c7b84466755,blocks.layers.0.linear2,3,rel_update,0.0027104238370981508
tanh,f80b8aa2-c3b9-4157-996b-6c7b84466755,blocks.layers.0.linear1,3,grad_l2,0.059559581557380045
tanh,f80b8aa2-c3b9-4157-996b-6c7b84466755,blocks.layers.0.linear1,3,rel_update,0.0028673572492743113
tanh,f80b8aa2-c3b9-4157-996b-6c7b84466755,blocks.layers.0.norm2,3,grad_l2,0.009347838984507728
tanh,f80b8aa2-c3b9-4157-996b-6c7b84466755,blocks.layers.0.norm2,3,rel_update,0.00030735980768731904
tanh,f80b8aa2-c3b9-4157-996b-6c7b84466755,blocks.layers.0.self_attn,3,grad_l2,0.13313620521002245
tanh,f80b8aa2-c3b9-4157-996b-6c7b84466755,blocks.layers.0.self_attn,3,rel_update,0.006575348128261085
tanh,f80b8aa2-c3b9-4157-996b-6c7b84466755,blocks.layers.0.norm1,3,grad_l2,0.023585770838356897
tanh,f80b8aa2-c3b9-4157-996b-6c7b84466755,blocks.layers.0.norm1,3,rel_update,0.0003885641219411772
tanh,f80b8aa2-c3b9-4157-996b-6c7b84466755,lm_head,4,grad_l2,0.3902091255497678
tanh,f80b8aa2-c3b9-4157-996b-6c7b84466755,lm_head,4,rel_update,0.008221817848767818
tanh,f80b8aa2-c3b9-4157-996b-6c7b84466755,final_norm,4,grad_l2,0.02899551948590743
tanh,f80b8aa2-c3b9-4157-996b-6c7b84466755,final_norm,4,rel_update,0.0012903428316611435
tanh,f80b8aa2-c3b9-4157-996b-6c7b84466755,blocks.layers.3.linear2,4,grad_l2,0.03435974339801328
tanh,f80b8aa2-c3b9-4157-996b-6c7b84466755,blocks.layers.3.linear2,4,rel_update,0.001697817799999576
tanh,f80b8aa2-c3b9-4157-996b-6c7b84466755,blocks.layers.3.linear1,4,grad_l2,0.03294917576016541
tanh,f80b8aa2-c3b9-4157-996b-6c7b84466755,blocks.layers.3.linear1,4,rel_update,0.0016003350307175956
tanh,f80b8aa2-c3b9-4157-996b-6c7b84466755,blocks.layers.3.norm2,4,grad_l2,0.003220665627543576
tanh,f80b8aa2-c3b9-4157-996b-6c7b84466755,blocks.layers.3.norm2,4,rel_update,0.0001253530726892387
tanh,f80b8aa2-c3b9-4157-996b-6c7b84466755,blocks.layers.3.self_attn,4,grad_l2,0.03032331366797996
tanh,f80b8aa2-c3b9-4157-996b-6c7b84466755,blocks.layers.3.self_attn,4,rel_update,0.001525984133688771
tanh,f80b8aa2-c3b9-4157-996b-6c7b84466755,blocks.layers.3.norm1,4,grad_l2,0.003090044666830304
tanh,f80b8aa2-c3b9-4157-996b-6c7b84466755,blocks.layers.3.norm1,4,rel_update,0.00010554302831254945
tanh,f80b8aa2-c3b9-4157-996b-6c7b84466755,blocks.layers.2.linear2,4,grad_l2,0.03357000923383867
tanh,f80b8aa2-c3b9-4157-996b-6c7b84466755,blocks.layers.2.linear2,4,rel_update,0.0016549107502581012
tanh,f80b8aa2-c3b9-4157-996b-6c7b84466755,blocks.layers.2.linear1,4,grad_l2,0.0316532985277534
tanh,f80b8aa2-c3b9-4157-996b-6c7b84466755,blocks.layers.2.linear1,4,rel_update,0.0015380804666560058
tanh,f80b8aa2-c3b9-4157-996b-6c7b84466755,blocks.layers.2.norm2,4,grad_l2,0.0030267672142834058
tanh,f80b8aa2-c3b9-4157-996b-6c7b84466755,blocks.layers.2.norm2,4,rel_update,0.000113570269698122
tanh,f80b8aa2-c3b9-4157-996b-6c7b84466755,blocks.layers.2.self_attn,4,grad_l2,0.030167058330778436
tanh,f80b8aa2-c3b9-4157-996b-6c7b84466755,blocks.layers.2.self_attn,4,rel_update,0.0015177792196267555
tanh,f80b8aa2-c3b9-4157-996b-6c7b84466755,blocks.layers.2.norm1,4,grad_l2,0.0031196637372662233
tanh,f80b8aa2-c3b9-4157-996b-6c7b84466755,blocks.layers.2.norm1,4,rel_update,0.00010177064223773288
tanh,f80b8aa2-c3b9-4157-996b-6c7b84466755,blocks.layers.1.linear2,4,grad_l2,0.039174162646552046
tanh,f80b8aa2-c3b9-4157-996b-6c7b84466755,blocks.layers.1.linear2,4,rel_update,0.0019255519045986696
tanh,f80b8aa2-c3b9-4157-996b-6c7b84466755,blocks.layers.1.linear1,4,grad_l2,0.036720593058744935
tanh,f80b8aa2-c3b9-4157-996b-6c7b84466755,blocks.layers.1.linear1,4,rel_update,0.0017851184159566446
tanh,f80b8aa2-c3b9-4157-996b-6c7b84466755,blocks.layers.1.norm2,4,grad_l2,0.003915285507560232
tanh,f80b8aa2-c3b9-4157-996b-6c7b84466755,blocks.layers.1.norm2,4,rel_update,0.00014244279577076856
tanh,f80b8aa2-c3b9-4157-996b-6c7b84466755,blocks.layers.1.self_attn,4,grad_l2,0.03942309166369952
tanh,f80b8aa2-c3b9-4157-996b-6c7b84466755,blocks.layers.1.self_attn,4,rel_update,0.001985342034471697
tanh,f80b8aa2-c3b9-4157-996b-6c7b84466755,blocks.layers.1.norm1,4,grad_l2,0.00440435663918843
tanh,f80b8aa2-c3b9-4157-996b-6c7b84466755,blocks.layers.1.norm1,4,rel_update,0.00013062952407887554
tanh,f80b8aa2-c3b9-4157-996b-6c7b84466755,blocks.layers.0.linear2,4,grad_l2,0.058268942406134214
tanh,f80b8aa2-c3b9-4157-996b-6c7b84466755,blocks.layers.0.linear2,4,rel_update,0.002787354640078776
tanh,f80b8aa2-c3b9-4157-996b-6c7b84466755,blocks.layers.0.linear1,4,grad_l2,0.06197574287715509
tanh,f80b8aa2-c3b9-4157-996b-6c7b84466755,blocks.layers.0.linear1,4,rel_update,0.002970845713900534
tanh,f80b8aa2-c3b9-4157-996b-6c7b84466755,blocks.layers.0.norm2,4,grad_l2,0.009565062442543786
tanh,f80b8aa2-c3b9-4157-996b-6c7b84466755,blocks.layers.0.norm2,4,rel_update,0.0003253898903087625
tanh,f80b8aa2-c3b9-4157-996b-6c7b84466755,blocks.layers.0.self_attn,4,grad_l2,0.1437733479460925
tanh,f80b8aa2-c3b9-4157-996b-6c7b84466755,blocks.layers.0.self_attn,4,rel_update,0.007077541594806734
tanh,f80b8aa2-c3b9-4157-996b-6c7b84466755,blocks.layers.0.norm1,4,grad_l2,0.02468743383103013
tanh,f80b8aa2-c3b9-4157-996b-6c7b84466755,blocks.layers.0.norm1,4,rel_update,0.0004259246049553864
tanh,f80b8aa2-c3b9-4157-996b-6c7b84466755,lm_head,5,grad_l2,0.3685217824270717
tanh,f80b8aa2-c3b9-4157-996b-6c7b84466755,lm_head,5,rel_update,0.007078021789138225
tanh,f80b8aa2-c3b9-4157-996b-6c7b84466755,final_norm,5,grad_l2,0.027669686857840235
tanh,f80b8aa2-c3b9-4157-996b-6c7b84466755,final_norm,5,rel_update,0.0012250769983998605
tanh,f80b8aa2-c3b9-4157-996b-6c7b84466755,blocks.layers.3.linear2,5,grad_l2,0.03642732997431913
tanh,f80b8aa2-c3b9-4157-996b-6c7b84466755,blocks.layers.3.linear2,5,rel_update,0.0018022033640842908
tanh,f80b8aa2-c3b9-4157-996b-6c7b84466755,blocks.layers.3.linear1,5,grad_l2,0.03434756320157476
tanh,f80b8aa2-c3b9-4157-996b-6c7b84466755,blocks.layers.3.linear1,5,rel_update,0.0016643531027832898
tanh,f80b8aa2-c3b9-4157-996b-6c7b84466755,blocks.layers.3.norm2,5,grad_l2,0.0034823072162879333
tanh,f80b8aa2-c3b9-4157-996b-6c7b84466755,blocks.layers.3.norm2,5,rel_update,0.00013727950395784873
tanh,f80b8aa2-c3b9-4157-996b-6c7b84466755,blocks.layers.3.self_attn,5,grad_l2,0.030775624682131745
tanh,f80b8aa2-c3b9-4157-996b-6c7b84466755,blocks.layers.3.self_attn,5,rel_update,0.0015463431162377355
tanh,f80b8aa2-c3b9-4157-996b-6c7b84466755,blocks.layers.3.norm1,5,grad_l2,0.0031393718040506713
tanh,f80b8aa2-c3b9-4157-996b-6c7b84466755,blocks.layers.3.norm1,5,rel_update,0.00010841816462118733
tanh,f80b8aa2-c3b9-4157-996b-6c7b84466755,blocks.layers.2.linear2,5,grad_l2,0.03479951808462103
tanh,f80b8aa2-c3b9-4157-996b-6c7b84466755,blocks.layers.2.linear2,5,rel_update,0.0017174425579335074
tanh,f80b8aa2-c3b9-4157-996b-6c7b84466755,blocks.layers.2.linear1,5,grad_l2,0.03203257697198453
tanh,f80b8aa2-c3b9-4157-996b-6c7b84466755,blocks.layers.2.linear1,5,rel_update,0.0015530628858824017
tanh,f80b8aa2-c3b9-4157-996b-6c7b84466755,blocks.layers.2.norm2,5,grad_l2,0.0030214478486642075
tanh,f80b8aa2-c3b9-4157-996b-6c7b84466755,blocks.layers.2.norm2,5,rel_update,0.00011459115869791764
tanh,f80b8aa2-c3b9-4157-996b-6c7b84466755,blocks.layers.2.self_attn,5,grad_l2,0.030740853207971583
tanh,f80b8aa2-c3b9-4157-996b-6c7b84466755,blocks.layers.2.self_attn,5,rel_update,0.0015446130296076742
tanh,f80b8aa2-c3b9-4157-996b-6c7b84466755,blocks.layers.2.norm1,5,grad_l2,0.0031273594337488534
tanh,f80b8aa2-c3b9-4157-996b-6c7b84466755,blocks.layers.2.norm1,5,rel_update,0.00010443534679742893
tanh,f80b8aa2-c3b9-4157-996b-6c7b84466755,blocks.layers.1.linear2,5,grad_l2,0.04045379796281957
tanh,f80b8aa2-c3b9-4157-996b-6c7b84466755,blocks.layers.1.linear2,5,rel_update,0.0019911647626888723
tanh,f80b8aa2-c3b9-4157-996b-6c7b84466755,blocks.layers.1.linear1,5,grad_l2,0.03721260608237119
tanh,f80b8aa2-c3b9-4157-996b-6c7b84466755,blocks.layers.1.linear1,5,rel_update,0.0018058727735402067
tanh,f80b8aa2-c3b9-4157-996b-6c7b84466755,blocks.layers.1.norm2,5,grad_l2,0.003887714882189887
tanh,f80b8aa2-c3b9-4157-996b-6c7b84466755,blocks.layers.1.norm2,5,rel_update,0.0001438667460602391
tanh,f80b8aa2-c3b9-4157-996b-6c7b84466755,blocks.layers.1.self_attn,5,grad_l2,0.039930101906630745
tanh,f80b8aa2-c3b9-4157-996b-6c7b84466755,blocks.layers.1.self_attn,5,rel_update,0.002009644375518973
tanh,f80b8aa2-c3b9-4157-996b-6c7b84466755,blocks.layers.1.norm1,5,grad_l2,0.004377300888207724
tanh,f80b8aa2-c3b9-4157-996b-6c7b84466755,blocks.layers.1.norm1,5,rel_update,0.0001337853606636222
tanh,f80b8aa2-c3b9-4157-996b-6c7b84466755,blocks.layers.0.linear2,5,grad_l2,0.059811834415458974
tanh,f80b8aa2-c3b9-4157-996b-6c7b84466755,blocks.layers.0.linear2,5,rel_update,0.0028504861735904074
tanh,f80b8aa2-c3b9-4157-996b-6c7b84466755,blocks.layers.0.linear1,5,grad_l2,0.06405183986904625
tanh,f80b8aa2-c3b9-4157-996b-6c7b84466755,blocks.layers.0.linear1,5,rel_update,0.0030587307794979492
tanh,f80b8aa2-c3b9-4157-996b-6c7b84466755,blocks.layers.0.norm2,5,grad_l2,0.009691010997651888
tanh,f80b8aa2-c3b9-4157-996b-6c7b84466755,blocks.layers.0.norm2,5,rel_update,0.00033959669737575356
tanh,f80b8aa2-c3b9-4157-996b-6c7b84466755,blocks.layers.0.self_attn,5,grad_l2,0.1534277515358693
tanh,f80b8aa2-c3b9-4157-996b-6c7b84466755,blocks.layers.0.self_attn,5,rel_update,0.007522248624974096
tanh,f80b8aa2-c3b9-4157-996b-6c7b84466755,blocks.layers.0.norm1,5,grad_l2,0.025350939371971085
tanh,f80b8aa2-c3b9-4157-996b-6c7b84466755,blocks.layers.0.norm1,5,rel_update,0.0004606854196905675
tanh,f80b8aa2-c3b9-4157-996b-6c7b84466755,lm_head,6,grad_l2,0.35297010759441877
tanh,f80b8aa2-c3b9-4157-996b-6c7b84466755,lm_head,6,rel_update,0.006253669254335011
tanh,f80b8aa2-c3b9-4157-996b-6c7b84466755,final_norm,6,grad_l2,0.02676468634976627
tanh,f80b8aa2-c3b9-4157-996b-6c7b84466755,final_norm,6,rel_update,0.0011797593834495211
tanh,f80b8aa2-c3b9-4157-996b-6c7b84466755,blocks.layers.3.linear2,6,grad_l2,0.037883859523079516
tanh,f80b8aa2-c3b9-4157-996b-6c7b84466755,blocks.layers.3.linear2,6,rel_update,0.0018762740142179313
tanh,f80b8aa2-c3b9-4157-996b-6c7b84466755,blocks.layers.3.linear1,6,grad_l2,0.035281877406311696
tanh,f80b8aa2-c3b9-4157-996b-6c7b84466755,blocks.layers.3.linear1,6,rel_update,0.0017064063370708495
tanh,f80b8aa2-c3b9-4157-996b-6c7b84466755,blocks.layers.3.norm2,6,grad_l2,0.0036757461162078586
tanh,f80b8aa2-c3b9-4157-996b-6c7b84466755,blocks.layers.3.norm2,6,rel_update,0.0001461927172427863
tanh,f80b8aa2-c3b9-4157-996b-6c7b84466755,blocks.layers.3.self_attn,6,grad_l2,0.03105480923554902
tanh,f80b8aa2-c3b9-4157-996b-6c7b84466755,blocks.layers.3.self_attn,6,rel_update,0.0015581711946286584
tanh,f80b8aa2-c3b9-4157-996b-6c7b84466755,blocks.layers.3.norm1,6,grad_l2,0.0031631260056032427
tanh,f80b8aa2-c3b9-4157-996b-6c7b84466755,blocks.layers.3.norm1,6,rel_update,0.0001105318763947876
tanh,f80b8aa2-c3b9-4157-996b-6c7b84466755,blocks.layers.2.linear2,6,grad_l2,0.03570994470263601
tanh,f80b8aa2-c3b9-4157-996b-6c7b84466755,blocks.layers.2.linear2,6,rel_update,0.001764180264623369
tanh,f80b8aa2-c3b9-4157-996b-6c7b84466755,blocks.layers.2.linear1,6,grad_l2,0.032314314624807286
tanh,f80b8aa2-c3b9-4157-996b-6c7b84466755,blocks.layers.2.linear1,6,rel_update,0.0015637835074138432
tanh,f80b8aa2-c3b9-4157-996b-6c7b84466755,blocks.layers.2.norm2,6,grad_l2,0.0029996831220159416
tanh,f80b8aa2-c3b9-4157-996b-6c7b84466755,blocks.layers.2.norm2,6,rel_update,0.00011504693971688278
tanh,f80b8aa2-c3b9-4157-996b-6c7b84466755,blocks.layers.2.self_attn,6,grad_l2,0.03127710338670929
tanh,f80b8aa2-c3b9-4157-996b-6c7b84466755,blocks.layers.2.self_attn,6,rel_update,0.0015697977862760243
tanh,f80b8aa2-c3b9-4157-996b-6c7b84466755,blocks.layers.2.norm1,6,grad_l2,0.0031269998278760187
tanh,f80b8aa2-c3b9-4157-996b-6c7b84466755,blocks.layers.2.norm1,6,rel_update,0.0001069335299765771
tanh,f80b8aa2-c3b9-4157-996b-6c7b84466755,blocks.layers.1.linear2,6,grad_l2,0.04147815042129804
tanh,f80b8aa2-c3b9-4157-996b-6c7b84466755,blocks.layers.1.linear2,6,rel_update,0.0020443011545565734
tanh,f80b8aa2-c3b9-4157-996b-6c7b84466755,blocks.layers.1.linear1,6,grad_l2,0.03765235920830485
tanh,f80b8aa2-c3b9-4157-996b-6c7b84466755,blocks.layers.1.linear1,6,rel_update,0.0018246166818652388
tanh,f80b8aa2-c3b9-4157-996b-6c7b84466755,blocks.layers.1.norm2,6,grad_l2,0.003847556401613942
tanh,f80b8aa2-c3b9-4157-996b-6c7b84466755,blocks.layers.1.norm2,6,rel_update,0.00014489335708015372
tanh,f80b8aa2-c3b9-4157-996b-6c7b84466755,blocks.layers.1.self_attn,6,grad_l2,0.04036190608088323
tanh,f80b8aa2-c3b9-4157-996b-6c7b84466755,blocks.layers.1.self_attn,6,rel_update,0.0020303266323117666
tanh,f80b8aa2-c3b9-4157-996b-6c7b84466755,blocks.layers.1.norm1,6,grad_l2,0.004339037246813078
tanh,f80b8aa2-c3b9-4157-996b-6c7b84466755,blocks.layers.1.norm1,6,rel_update,0.0001361300379076871
tanh,f80b8aa2-c3b9-4157-996b-6c7b84466755,blocks.layers.0.linear2,6,grad_l2,0.06112212480483957
tanh,f80b8aa2-c3b9-4157-996b-6c7b84466755,blocks.layers.0.linear2,6,rel_update,0.0029042909186239117
tanh,f80b8aa2-c3b9-4157-996b-6c7b84466755,blocks.layers.0.linear1,6,grad_l2,0.06583497527402521
tanh,f80b8aa2-c3b9-4157-996b-6c7b84466755,blocks.layers.0.linear1,6,rel_update,0.003134060501562923
tanh,f80b8aa2-c3b9-4157-996b-6c7b84466755,blocks.layers.0.norm2,6,grad_l2,0.009757891592605011
tanh,f80b8aa2-c3b9-4157-996b-6c7b84466755,blocks.layers.0.norm2,6,rel_update,0.00035143748641107246
tanh,f80b8aa2-c3b9-4157-996b-6c7b84466755,blocks.layers.0.self_attn,6,grad_l2,0.1622246820489277
tanh,f80b8aa2-c3b9-4157-996b-6c7b84466755,blocks.layers.0.self_attn,6,rel_update,0.007921270823351857
tanh,f80b8aa2-c3b9-4157-996b-6c7b84466755,blocks.layers.0.norm1,6,grad_l2,0.025750095934904144
tanh,f80b8aa2-c3b9-4157-996b-6c7b84466755,blocks.layers.0.norm1,6,rel_update,0.0004923459743414383
tanh,f80b8aa2-c3b9-4157-996b-6c7b84466755,lm_head,7,grad_l2,0.34137187723826046
tanh,f80b8aa2-c3b9-4157-996b-6c7b84466755,lm_head,7,rel_update,0.005632375081125548
tanh,f80b8aa2-c3b9-4157-996b-6c7b84466755,final_norm,7,grad_l2,0.026139740330993866
tanh,f80b8aa2-c3b9-4157-996b-6c7b84466755,final_norm,7,rel_update,0.0011478837183542627
tanh,f80b8aa2-c3b9-4157-996b-6c7b84466755,blocks.layers.3.linear2,7,grad_l2,0.03897497798921753
tanh,f80b8aa2-c3b9-4157-996b-6c7b84466755,blocks.layers.3.linear2,7,rel_update,0.00193204053950093
tanh,f80b8aa2-c3b9-4157-996b-6c7b84466755,blocks.layers.3.linear1,7,grad_l2,0.03595146286682013
tanh,f80b8aa2-c3b9-4157-996b-6c7b84466755,blocks.layers.3.linear1,7,rel_update,0.0017361519175765302
tanh,f80b8aa2-c3b9-4157-996b-6c7b84466755,blocks.layers.3.norm2,7,grad_l2,0.0038189608573137614
tanh,f80b8aa2-c3b9-4157-996b-6c7b84466755,blocks.layers.3.norm2,7,rel_update,0.00015296331014903373
tanh,f80b8aa2-c3b9-4157-996b-6c7b84466755,blocks.layers.3.self_attn,7,grad_l2,0.03132358410745946
tanh,f80b8aa2-c3b9-4157-996b-6c7b84466755,blocks.layers.3.self_attn,7,rel_update,0.0015696836074632686
tanh,f80b8aa2-c3b9-4157-996b-6c7b84466755,blocks.layers.3.norm1,7,grad_l2,0.003187115536167034
tanh,f80b8aa2-c3b9-4157-996b-6c7b84466755,blocks.layers.3.norm1,7,rel_update,0.00011252314258699051
tanh,f80b8aa2-c3b9-4157-996b-6c7b84466755,blocks.layers.2.linear2,7,grad_l2,0.036426862814710644
tanh,f80b8aa2-c3b9-4157-996b-6c7b84466755,blocks.layers.2.linear2,7,rel_update,0.0018011862789134648
tanh,f80b8aa2-c3b9-4157-996b-6c7b84466755,blocks.layers.2.linear1,7,grad_l2,0.032555736704261234
tanh,f80b8aa2-c3b9-4157-996b-6c7b84466755,blocks.layers.2.linear1,7,rel_update,0.001573002301350023
tanh,f80b8aa2-c3b9-4157-996b-6c7b84466755,blocks.layers.2.norm2,7,grad_l2,0.002974989159363932
tanh,f80b8aa2-c3b9-4157-996b-6c7b84466755,blocks.layers.2.norm2,7,rel_update,0.00011519988621326014
tanh,f80b8aa2-c3b9-4157-996b-6c7b84466755,blocks.layers.2.self_attn,7,grad_l2,0.031800762398994716
tanh,f80b8aa2-c3b9-4157-996b-6c7b84466755,blocks.layers.2.self_attn,7,rel_update,0.0015945602561034822
tanh,f80b8aa2-c3b9-4157-996b-6c7b84466755,blocks.layers.2.norm1,7,grad_l2,0.00313336052095829
tanh,f80b8aa2-c3b9-4157-996b-6c7b84466755,blocks.layers.2.norm1,7,rel_update,0.0001096049852018566
tanh,f80b8aa2-c3b9-4157-996b-6c7b84466755,blocks.layers.1.linear2,7,grad_l2,0.04234652496563514
tanh,f80b8aa2-c3b9-4157-996b-6c7b84466755,blocks.layers.1.linear2,7,rel_update,0.002089631544624304
tanh,f80b8aa2-c3b9-4157-996b-6c7b84466755,blocks.layers.1.linear1,7,grad_l2,0.038058011535922434
tanh,f80b8aa2-c3b9-4157-996b-6c7b84466755,blocks.layers.1.linear1,7,rel_update,0.0018421869792622102
tanh,f80b8aa2-c3b9-4157-996b-6c7b84466755,blocks.layers.1.norm2,7,grad_l2,0.0038109660059355765
tanh,f80b8aa2-c3b9-4157-996b-6c7b84466755,blocks.layers.1.norm2,7,rel_update,0.00014577433921390728
tanh,f80b8aa2-c3b9-4157-996b-6c7b84466755,blocks.layers.1.self_attn,7,grad_l2,0.04075957274113246
tanh,f80b8aa2-c3b9-4157-996b-6c7b84466755,blocks.layers.1.self_attn,7,rel_update,0.002049434555149092
tanh,f80b8aa2-c3b9-4157-996b-6c7b84466755,blocks.layers.1.norm1,7,grad_l2,0.004307665339975409
tanh,f80b8aa2-c3b9-4157-996b-6c7b84466755,blocks.layers.1.norm1,7,rel_update,0.00013818293642380594
tanh,f80b8aa2-c3b9-4157-996b-6c7b84466755,blocks.layers.0.linear2,7,grad_l2,0.06225535774304102
tanh,f80b8aa2-c3b9-4157-996b-6c7b84466755,blocks.layers.0.linear2,7,rel_update,0.002951334477504691
tanh,f80b8aa2-c3b9-4157-996b-6c7b84466755,blocks.layers.0.linear1,7,grad_l2,0.0673649470218772
tanh,f80b8aa2-c3b9-4157-996b-6c7b84466755,blocks.layers.0.linear1,7,rel_update,0.003198895624338525
tanh,f80b8aa2-c3b9-4157-996b-6c7b84466755,blocks.layers.0.norm2,7,grad_l2,0.009793942687249453
tanh,f80b8aa2-c3b9-4157-996b-6c7b84466755,blocks.layers.0.norm2,7,rel_update,0.0003610110379352702
tanh,f80b8aa2-c3b9-4157-996b-6c7b84466755,blocks.layers.0.self_attn,7,grad_l2,0.16986207833474906
tanh,f80b8aa2-c3b9-4157-996b-6c7b84466755,blocks.layers.0.self_attn,7,rel_update,0.008263548634000006
tanh,f80b8aa2-c3b9-4157-996b-6c7b84466755,blocks.layers.0.norm1,7,grad_l2,0.02596859963403679
tanh,f80b8aa2-c3b9-4157-996b-6c7b84466755,blocks.layers.0.norm1,7,rel_update,0.0005199153038287992
tanh,f80b8aa2-c3b9-4157-996b-6c7b84466755,lm_head,8,grad_l2,0.3320764505248053
tanh,f80b8aa2-c3b9-4157-996b-6c7b84466755,lm_head,8,rel_update,0.005146484605444476
tanh,f80b8aa2-c3b9-4157-996b-6c7b84466755,final_norm,8,grad_l2,0.025631154147869706
tanh,f80b8aa2-c3b9-4157-996b-6c7b84466755,final_norm,8,rel_update,0.001124457198976882
tanh,f80b8aa2-c3b9-4157-996b-6c7b84466755,blocks.layers.3.linear2,8,grad_l2,0.03951064616649294
tanh,f80b8aa2-c3b9-4157-996b-6c7b84466755,blocks.layers.3.linear2,8,rel_update,0.0019600425818630655
tanh,f80b8aa2-c3b9-4157-996b-6c7b84466755,blocks.layers.3.linear1,8,grad_l2,0.03628579270645259
tanh,f80b8aa2-c3b9-4157-996b-6c7b84466755,blocks.layers.3.linear1,8,rel_update,0.0017503659517504764
tanh,f80b8aa2-c3b9-4157-996b-6c7b84466755,blocks.layers.3.norm2,8,grad_l2,0.003844210062783228
tanh,f80b8aa2-c3b9-4157-996b-6c7b84466755,blocks.layers.3.norm2,8,rel_update,0.00015665322513554536
tanh,f80b8aa2-c3b9-4157-996b-6c7b84466755,blocks.layers.3.self_attn,8,grad_l2,0.031335814720879165
tanh,f80b8aa2-c3b9-4157-996b-6c7b84466755,blocks.layers.3.self_attn,8,rel_update,0.001568814192363937
tanh,f80b8aa2-c3b9-4157-996b-6c7b84466755,blocks.layers.3.norm1,8,grad_l2,0.003162365626814244
tanh,f80b8aa2-c3b9-4157-996b-6c7b84466755,blocks.layers.3.norm1,8,rel_update,0.00011309428203302176
tanh,f80b8aa2-c3b9-4157-996b-6c7b84466755,blocks.layers.2.linear2,8,grad_l2,0.03684785930168568
tanh,f80b8aa2-c3b9-4157-996b-6c7b84466755,blocks.layers.2.linear2,8,rel_update,0.0018233545580246236
tanh,f80b8aa2-c3b9-4157-996b-6c7b84466755,blocks.layers.2.linear1,8,grad_l2,0.03268515111991576
tanh,f80b8aa2-c3b9-4157-996b-6c7b84466755,blocks.layers.2.linear1,8,rel_update,0.0015773282504245628
tanh,f80b8aa2-c3b9-4157-996b-6c7b84466755,blocks.layers.2.norm2,8,grad_l2,0.0029355997379645875
tanh,f80b8aa2-c3b9-4157-996b-6c7b84466755,blocks.layers.2.norm2,8,rel_update,0.00011498593682679279
tanh,f80b8aa2-c3b9-4157-996b-6c7b84466755,blocks.layers.2.self_attn,8,grad_l2,0.032110049310257224
tanh,f80b8aa2-c3b9-4157-996b-6c7b84466755,blocks.layers.2.self_attn,8,rel_update,0.0016088946477237835
tanh,f80b8aa2-c3b9-4157-996b-6c7b84466755,blocks.layers.2.norm1,8,grad_l2,0.0031190633792113616
tanh,f80b8aa2-c3b9-4157-996b-6c7b84466755,blocks.layers.2.norm1,8,rel_update,0.00011127109502473272
tanh,f80b8aa2-c3b9-4157-996b-6c7b84466755,blocks.layers.1.linear2,8,grad_l2,0.04293388956075353
tanh,f80b8aa2-c3b9-4157-996b-6c7b84466755,blocks.layers.1.linear2,8,rel_update,0.002120797249155778
tanh,f80b8aa2-c3b9-4157-996b-6c7b84466755,blocks.layers.1.linear1,8,grad_l2,0.038341591122822344
tanh,f80b8aa2-c3b9-4157-996b-6c7b84466755,blocks.layers.1.linear1,8,rel_update,0.00185431266859192
tanh,f80b8aa2-c3b9-4157-996b-6c7b84466755,blocks.layers.1.norm2,8,grad_l2,0.0037668937729314275
tanh,f80b8aa2-c3b9-4157-996b-6c7b84466755,blocks.layers.1.norm2,8,rel_update,0.00014621207124485024
tanh,f80b8aa2-c3b9-4157-996b-6c7b84466755,blocks.layers.1.self_attn,8,grad_l2,0.04099912763566059
tanh,f80b8aa2-c3b9-4157-996b-6c7b84466755,blocks.layers.1.self_attn,8,rel_update,0.0020608343284830902
tanh,f80b8aa2-c3b9-4157-996b-6c7b84466755,blocks.layers.1.norm1,8,grad_l2,0.004257559426938697
tanh,f80b8aa2-c3b9-4157-996b-6c7b84466755,blocks.layers.1.norm1,8,rel_update,0.00013951338349792525
tanh,f80b8aa2-c3b9-4157-996b-6c7b84466755,blocks.layers.0.linear2,8,grad_l2,0.06307657692621078
tanh,f80b8aa2-c3b9-4157-996b-6c7b84466755,blocks.layers.0.linear2,8,rel_update,0.0029850891745128554
tanh,f80b8aa2-c3b9-4157-996b-6c7b84466755,blocks.layers.0.linear1,8,grad_l2,0.06854034069855128
tanh,f80b8aa2-c3b9-4157-996b-6c7b84466755,blocks.layers.0.linear1,8,rel_update,0.003248456361027876
tanh,f80b8aa2-c3b9-4157-996b-6c7b84466755,blocks.layers.0.norm2,8,grad_l2,0.009784147506012426
tanh,f80b8aa2-c3b9-4157-996b-6c7b84466755,blocks.layers.0.norm2,8,rel_update,0.0003684205991050626
tanh,f80b8aa2-c3b9-4157-996b-6c7b84466755,blocks.layers.0.self_attn,8,grad_l2,0.17596791502154435
tanh,f80b8aa2-c3b9-4157-996b-6c7b84466755,blocks.layers.0.self_attn,8,rel_update,0.008535926607113761
tanh,f80b8aa2-c3b9-4157-996b-6c7b84466755,blocks.layers.0.norm1,8,grad_l2,0.02599623504474191
tanh,f80b8aa2-c3b9-4157-996b-6c7b84466755,blocks.layers.0.norm1,8,rel_update,0.0005431928655288665
tanh,f80b8aa2-c3b9-4157-996b-6c7b84466755,lm_head,9,grad_l2,0.3245535585220598
tanh,f80b8aa2-c3b9-4157-996b-6c7b84466755,lm_head,9,rel_update,0.0047570166596874915
tanh,f80b8aa2-c3b9-4157-996b-6c7b84466755,final_norm,9,grad_l2,0.02525159695366673
tanh,f80b8aa2-c3b9-4157-996b-6c7b84466755,final_norm,9,rel_update,0.0011071871850753929
tanh,f80b8aa2-c3b9-4157-996b-6c7b84466755,blocks.layers.3.linear2,9,grad_l2,0.039871204480244254
tanh,f80b8aa2-c3b9-4157-996b-6c7b84466755,blocks.layers.3.linear2,9,rel_update,0.0019790933142422723
tanh,f80b8aa2-c3b9-4157-996b-6c7b84466755,blocks.layers.3.linear1,9,grad_l2,0.036495339762255614
tanh,f80b8aa2-c3b9-4157-996b-6c7b84466755,blocks.layers.3.linear1,9,rel_update,0.0017589398813378486
tanh,f80b8aa2-c3b9-4157-996b-6c7b84466755,blocks.layers.3.norm2,9,grad_l2,0.0038567622742232913
tanh,f80b8aa2-c3b9-4157-996b-6c7b84466755,blocks.layers.3.norm2,9,rel_update,0.00015920264801564884
tanh,f80b8aa2-c3b9-4157-996b-6c7b84466755,blocks.layers.3.self_attn,9,grad_l2,0.03129890921685642
tanh,f80b8aa2-c3b9-4157-996b-6c7b84466755,blocks.layers.3.self_attn,9,rel_update,0.0015657817164104876
tanh,f80b8aa2-c3b9-4157-996b-6c7b84466755,blocks.layers.3.norm1,9,grad_l2,0.0031316418609380423
tanh,f80b8aa2-c3b9-4157-996b-6c7b84466755,blocks.layers.3.norm1,9,rel_update,0.00011336555193649845
tanh,f80b8aa2-c3b9-4157-996b-6c7b84466755,blocks.layers.2.linear2,9,grad_l2,0.037146062147196526
tanh,f80b8aa2-c3b9-4157-996b-6c7b84466755,blocks.layers.2.linear2,9,rel_update,0.0018392138406765864
tanh,f80b8aa2-c3b9-4157-996b-6c7b84466755,blocks.layers.2.linear1,9,grad_l2,0.03276450812084688
tanh,f80b8aa2-c3b9-4157-996b-6c7b84466755,blocks.layers.2.linear1,9,rel_update,0.0015796172725236035
tanh,f80b8aa2-c3b9-4157-996b-6c7b84466755,blocks.layers.2.norm2,9,grad_l2,0.002898292744850871
tanh,f80b8aa2-c3b9-4157-996b-6c7b84466755,blocks.layers.2.norm2,9,rel_update,0.00011469849355928335
tanh,f80b8aa2-c3b9-4157-996b-6c7b84466755,blocks.layers.2.self_attn,9,grad_l2,0.032324405424851
tanh,f80b8aa2-c3b9-4157-996b-6c7b84466755,blocks.layers.2.self_attn,9,rel_update,0.0016187114251299797
tanh,f80b8aa2-c3b9-4157-996b-6c7b84466755,blocks.layers.2.norm1,9,grad_l2,0.0030971451466255046
tanh,f80b8aa2-c3b9-4157-996b-6c7b84466755,blocks.layers.2.norm1,9,rel_update,0.00011234247552689851
tanh,f80b8aa2-c3b9-4157-996b-6c7b84466755,blocks.layers.1.linear2,9,grad_l2,0.0433667546733806
tanh,f80b8aa2-c3b9-4157-996b-6c7b84466755,blocks.layers.1.linear2,9,rel_update,0.002143972850879042
tanh,f80b8aa2-c3b9-4157-996b-6c7b84466755,blocks.layers.1.linear1,9,grad_l2,0.038542105098529934
tanh,f80b8aa2-c3b9-4157-996b-6c7b84466755,blocks.layers.1.linear1,9,rel_update,0.0018627562285932755
tanh,f80b8aa2-c3b9-4157-996b-6c7b84466755,blocks.layers.1.norm2,9,grad_l2,0.003722422135863108
tanh,f80b8aa2-c3b9-4157-996b-6c7b84466755,blocks.layers.1.norm2,9,rel_update,0.0001463769139156323
tanh,f80b8aa2-c3b9-4157-996b-6c7b84466755,blocks.layers.1.self_attn,9,grad_l2,0.04114113970932409
tanh,f80b8aa2-c3b9-4157-996b-6c7b84466755,blocks.layers.1.self_attn,9,rel_update,0.0020674993167629396
tanh,f80b8aa2-c3b9-4157-996b-6c7b84466755,blocks.layers.1.norm1,9,grad_l2,0.004204315788699541
tanh,f80b8aa2-c3b9-4157-996b-6c7b84466755,blocks.layers.1.norm1,9,rel_update,0.00014030522376299925
tanh,f80b8aa2-c3b9-4157-996b-6c7b84466755,blocks.layers.0.linear2,9,grad_l2,0.0636956504752648
tanh,f80b8aa2-c3b9-4157-996b-6c7b84466755,blocks.layers.0.linear2,9,rel_update,0.0030103462331003785
tanh,f80b8aa2-c3b9-4157-996b-6c7b84466755,blocks.layers.0.linear1,9,grad_l2,0.06945712897802725
tanh,f80b8aa2-c3b9-4157-996b-6c7b84466755,blocks.layers.0.linear1,9,rel_update,0.0032869928306063305
tanh,f80b8aa2-c3b9-4157-996b-6c7b84466755,blocks.layers.0.norm2,9,grad_l2,0.009751957080483174
tanh,f80b8aa2-c3b9-4157-996b-6c7b84466755,blocks.layers.0.norm2,9,rel_update,0.0003742039148114534
tanh,f80b8aa2-c3b9-4157-996b-6c7b84466755,blocks.layers.0.self_attn,9,grad_l2,0.18086037954187997
tanh,f80b8aa2-c3b9-4157-996b-6c7b84466755,blocks.layers.0.self_attn,9,rel_update,0.008754030444847218
tanh,f80b8aa2-c3b9-4157-996b-6c7b84466755,blocks.layers.0.norm1,9,grad_l2,0.025937777933161574
tanh,f80b8aa2-c3b9-4157-996b-6c7b84466755,blocks.layers.0.norm1,9,rel_update,0.0005627568375437838
tanh,9c5c5f67-9358-45dc-a262-b8632fd8822e,lm_head,0,grad_l2,0.9128608659068885
tanh,9c5c5f67-9358-45dc-a262-b8632fd8822e,lm_head,0,rel_update,0.03281726664695006
tanh,9c5c5f67-9358-45dc-a262-b8632fd8822e,final_norm,0,grad_l2,0.0620736876137684
tanh,9c5c5f67-9358-45dc-a262-b8632fd8822e,final_norm,0,rel_update,0.0028060659853990496
tanh,9c5c5f67-9358-45dc-a262-b8632fd8822e,blocks.layers.3.linear2,0,grad_l2,0.015354984416642705
tanh,9c5c5f67-9358-45dc-a262-b8632fd8822e,blocks.layers.3.linear2,0,rel_update,0.0007549916992179137
tanh,9c5c5f67-9358-45dc-a262-b8632fd8822e,blocks.layers.3.linear1,0,grad_l2,0.01780371127927858
tanh,9c5c5f67-9358-45dc-a262-b8632fd8822e,blocks.layers.3.linear1,0,rel_update,0.0008767367556281733
tanh,9c5c5f67-9358-45dc-a262-b8632fd8822e,blocks.layers.3.norm2,0,grad_l2,0.0015053774245149419
tanh,9c5c5f67-9358-45dc-a262-b8632fd8822e,blocks.layers.3.norm2,0,rel_update,5.582906054404269e-05
tanh,9c5c5f67-9358-45dc-a262-b8632fd8822e,blocks.layers.3.self_attn,0,grad_l2,0.017405856165463415
tanh,9c5c5f67-9358-45dc-a262-b8632fd8822e,blocks.layers.3.self_attn,0,rel_update,0.000881674213634685
tanh,9c5c5f67-9358-45dc-a262-b8632fd8822e,blocks.layers.3.norm1,0,grad_l2,0.0016046774381142659
tanh,9c5c5f67-9358-45dc-a262-b8632fd8822e,blocks.layers.3.norm1,0,rel_update,5.367847477300629e-05
tanh,9c5c5f67-9358-45dc-a262-b8632fd8822e,blocks.layers.2.linear2,0,grad_l2,0.017604364776286963
tanh,9c5c5f67-9358-45dc-a262-b8632fd8822e,blocks.layers.2.linear2,0,rel_update,0.000863795459533146
tanh,9c5c5f67-9358-45dc-a262-b8632fd8822e,blocks.layers.2.linear1,0,grad_l2,0.019555549771803103
tanh,9c5c5f67-9358-45dc-a262-b8632fd8822e,blocks.layers.2.linear1,0,rel_update,0.0009605373439380042
tanh,9c5c5f67-9358-45dc-a262-b8632fd8822e,blocks.layers.2.norm2,0,grad_l2,0.0017400207655851323
tanh,9c5c5f67-9358-45dc-a262-b8632fd8822e,blocks.layers.2.norm2,0,rel_update,5.981831627608524e-05
tanh,9c5c5f67-9358-45dc-a262-b8632fd8822e,blocks.layers.2.self_attn,0,grad_l2,0.019837762428739705
tanh,9c5c5f67-9358-45dc-a262-b8632fd8822e,blocks.layers.2.self_attn,0,rel_update,0.001004156730928693
tanh,9c5c5f67-9358-45dc-a262-b8632fd8822e,blocks.layers.2.norm1,0,grad_l2,0.0019885653467785164
tanh,9c5c5f67-9358-45dc-a262-b8632fd8822e,blocks.layers.2.norm1,0,rel_update,6.378663369286176e-05
tanh,9c5c5f67-9358-45dc-a262-b8632fd8822e,blocks.layers.1.linear2,0,grad_l2,0.021745311708931923
tanh,9c5c5f67-9358-45dc-a262-b8632fd8822e,blocks.layers.1.linear2,0,rel_update,0.0010646007756368848
tanh,9c5c5f67-9358-45dc-a262-b8632fd8822e,blocks.layers.1.linear1,0,grad_l2,0.02404561596027096
tanh,9c5c5f67-9358-45dc-a262-b8632fd8822e,blocks.layers.1.linear1,0,rel_update,0.0011805205654025735
tanh,9c5c5f67-9358-45dc-a262-b8632fd8822e,blocks.layers.1.norm2,0,grad_l2,0.0025344622430107993
tanh,9c5c5f67-9358-45dc-a262-b8632fd8822e,blocks.layers.1.norm2,0,rel_update,8.543129246405322e-05
tanh,9c5c5f67-9358-45dc-a262-b8632fd8822e,blocks.layers.1.self_attn,0,grad_l2,0.025970610563464662
tanh,9c5c5f67-9358-45dc-a262-b8632fd8822e,blocks.layers.1.self_attn,0,rel_update,0.0013105605194408947
tanh,9c5c5f67-9358-45dc-a262-b8632fd8822e,blocks.layers.1.norm1,0,grad_l2,0.003249842274321893
tanh,9c5c5f67-9358-45dc-a262-b8632fd8822e,blocks.layers.1.norm1,0,rel_update,8.789512679538425e-05
tanh,9c5c5f67-9358-45dc-a262-b8632fd8822e,blocks.layers.0.linear2,0,grad_l2,0.03521106746589372
tanh,9c5c5f67-9358-45dc-a262-b8632fd8822e,blocks.layers.0.linear2,0,rel_update,0.001720190474192489
tanh,9c5c5f67-9358-45dc-a262-b8632fd8822e,blocks.layers.0.linear1,0,grad_l2,0.03618780738996162
tanh,9c5c5f67-9358-45dc-a262-b8632fd8822e,blocks.layers.0.linear1,0,rel_update,0.0017679694088433855
tanh,9c5c5f67-9358-45dc-a262-b8632fd8822e,blocks.layers.0.norm2,0,grad_l2,0.004816726857743385
tanh,9c5c5f67-9358-45dc-a262-b8632fd8822e,blocks.layers.0.norm2,0,rel_update,0.00014727429944542424
tanh,9c5c5f67-9358-45dc-a262-b8632fd8822e,blocks.layers.0.self_attn,0,grad_l2,0.06182841832746821
tanh,9c5c5f67-9358-45dc-a262-b8632fd8822e,blocks.layers.0.self_attn,0,rel_update,0.002974691022112768
tanh,9c5c5f67-9358-45dc-a262-b8632fd8822e,blocks.layers.0.norm1,0,grad_l2,0.014577887465825895
tanh,9c5c5f67-9358-45dc-a262-b8632fd8822e,blocks.layers.0.norm1,0,rel_update,0.00019073777190908105
tanh,9c5c5f67-9358-45dc-a262-b8632fd8822e,lm_head,1,grad_l2,0.583058197727407
tanh,9c5c5f67-9358-45dc-a262-b8632fd8822e,lm_head,1,rel_update,0.017803123399141012
tanh,9c5c5f67-9358-45dc-a262-b8632fd8822e,final_norm,1,grad_l2,0.040622820801922394
tanh,9c5c5f67-9358-45dc-a262-b8632fd8822e,final_norm,1,rel_update,0.0018482399976048364
tanh,9c5c5f67-9358-45dc-a262-b8632fd8822e,blocks.layers.3.linear2,1,grad_l2,0.021139146992707577
tanh,9c5c5f67-9358-45dc-a262-b8632fd8822e,blocks.layers.3.linear2,1,rel_update,0.001041241599010475
tanh,9c5c5f67-9358-45dc-a262-b8632fd8822e,blocks.layers.3.linear1,1,grad_l2,0.023772559657812303
tanh,9c5c5f67-9358-45dc-a262-b8632fd8822e,blocks.layers.3.linear1,1,rel_update,0.0011683441514234608
tanh,9c5c5f67-9358-45dc-a262-b8632fd8822e,blocks.layers.3.norm2,1,grad_l2,0.0020757047703429104
tanh,9c5c5f67-9358-45dc-a262-b8632fd8822e,blocks.layers.3.norm2,1,rel_update,8.046045279160674e-05
tanh,9c5c5f67-9358-45dc-a262-b8632fd8822e,blocks.layers.3.self_attn,1,grad_l2,0.024534938511835705
tanh,9c5c5f67-9358-45dc-a262-b8632fd8822e,blocks.layers.3.self_attn,1,rel_update,0.0012421705576515266
tanh,9c5c5f67-9358-45dc-a262-b8632fd8822e,blocks.layers.3.norm1,1,grad_l2,0.002287956728913308
tanh,9c5c5f67-9358-45dc-a262-b8632fd8822e,blocks.layers.3.norm1,1,rel_update,8.100762403701144e-05
tanh,9c5c5f67-9358-45dc-a262-b8632fd8822e,blocks.layers.2.linear2,1,grad_l2,0.02474252105974855
tanh,9c5c5f67-9358-45dc-a262-b8632fd8822e,blocks.layers.2.linear2,1,rel_update,0.001215503226490953
tanh,9c5c5f67-9358-45dc-a262-b8632fd8822e,blocks.layers.2.linear1,1,grad_l2,0.026490562772354728
tanh,9c5c5f67-9358-45dc-a262-b8632fd8822e,blocks.layers.2.linear1,1,rel_update,0.0012978924773137323
tanh,9c5c5f67-9358-45dc-a262-b8632fd8822e,blocks.layers.2.norm2,1,grad_l2,0.002431364210382529
tanh,9c5c5f67-9358-45dc-a262-b8632fd8822e,blocks.layers.2.norm2,1,rel_update,8.827144191768655e-05
tanh,9c5c5f67-9358-45dc-a262-b8632fd8822e,blocks.layers.2.self_attn,1,grad_l2,0.02590336874753329
tanh,9c5c5f67-9358-45dc-a262-b8632fd8822e,blocks.layers.2.self_attn,1,rel_update,0.001311096779879498
tanh,9c5c5f67-9358-45dc-a262-b8632fd8822e,blocks.layers.2.norm1,1,grad_l2,0.002654582895832557
tanh,9c5c5f67-9358-45dc-a262-b8632fd8822e,blocks.layers.2.norm1,1,rel_update,8.490488642205364e-05
tanh,9c5c5f67-9358-45dc-a262-b8632fd8822e,blocks.layers.1.linear2,1,grad_l2,0.03037603440627102
tanh,9c5c5f67-9358-45dc-a262-b8632fd8822e,blocks.layers.1.linear2,1,rel_update,0.0014872581921088915
tanh,9c5c5f67-9358-45dc-a262-b8632fd8822e,blocks.layers.1.linear1,1,grad_l2,0.0324500278581671
tanh,9c5c5f67-9358-45dc-a262-b8632fd8822e,blocks.layers.1.linear1,1,rel_update,0.001589069991766868
tanh,9c5c5f67-9358-45dc-a262-b8632fd8822e,blocks.layers.1.norm2,1,grad_l2,0.003631787697211551
tanh,9c5c5f67-9358-45dc-a262-b8632fd8822e,blocks.layers.1.norm2,1,rel_update,0.00012555121515729845
tanh,9c5c5f67-9358-45dc-a262-b8632fd8822e,blocks.layers.1.self_attn,1,grad_l2,0.03307495912907402
tanh,9c5c5f67-9358-45dc-a262-b8632fd8822e,blocks.layers.1.self_attn,1,rel_update,0.0016694872560237364
tanh,9c5c5f67-9358-45dc-a262-b8632fd8822e,blocks.layers.1.norm1,1,grad_l2,0.00407870025383536
tanh,9c5c5f67-9358-45dc-a262-b8632fd8822e,blocks.layers.1.norm1,1,rel_update,0.00010964909989334214
tanh,9c5c5f67-9358-45dc-a262-b8632fd8822e,blocks.layers.0.linear2,1,grad_l2,0.046344044586085494
tanh,9c5c5f67-9358-45dc-a262-b8632fd8822e,blocks.layers.0.linear2,1,rel_update,0.0022512158078459793
tanh,9c5c5f67-9358-45dc-a262-b8632fd8822e,blocks.layers.0.linear1,1,grad_l2,0.04925071506766846
tanh,9c5c5f67-9358-45dc-a262-b8632fd8822e,blocks.layers.0.linear1,1,rel_update,0.0023945574882665906
tanh,9c5c5f67-9358-45dc-a262-b8632fd8822e,blocks.layers.0.norm2,1,grad_l2,0.007350907005104367
tanh,9c5c5f67-9358-45dc-a262-b8632fd8822e,blocks.layers.0.norm2,1,rel_update,0.00023417222546408614
tanh,9c5c5f67-9358-45dc-a262-b8632fd8822e,blocks.layers.0.self_attn,1,grad_l2,0.09980263925238878
tanh,9c5c5f67-9358-45dc-a262-b8632fd8822e,blocks.layers.0.self_attn,1,rel_update,0.004914063944327578
tanh,9c5c5f67-9358-45dc-a262-b8632fd8822e,blocks.layers.0.norm1,1,grad_l2,0.018906310089164192
tanh,9c5c5f67-9358-45dc-a262-b8632fd8822e,blocks.layers.0.norm1,1,rel_update,0.0002922149679505952
tanh,9c5c5f67-9358-45dc-a262-b8632fd8822e,lm_head,2,grad_l2,0.4735985036811229
tanh,9c5c5f67-9358-45dc-a262-b8632fd8822e,lm_head,2,rel_update,0.01249251051949176
tanh,9c5c5f67-9358-45dc-a262-b8632fd8822e,final_norm,2,grad_l2,0.03386570719653095
tanh,9c5c5f67-9358-45dc-a262-b8632fd8822e,final_norm,2,rel_update,0.0015343995952900224
tanh,9c5c5f67-9358-45dc-a262-b8632fd8822e,blocks.layers.3.linear2,2,grad_l2,0.026902910607603907
tanh,9c5c5f67-9358-45dc-a262-b8632fd8822e,blocks.layers.3.linear2,2,rel_update,0.0013270317807649423
tanh,9c5c5f67-9358-45dc-a262-b8632fd8822e,blocks.layers.3.linear1,2,grad_l2,0.028019064039945828
tanh,9c5c5f67-9358-45dc-a262-b8632fd8822e,blocks.layers.3.linear1,2,rel_update,0.0013719297255586045
tanh,9c5c5f67-9358-45dc-a262-b8632fd8822e,blocks.layers.3.norm2,2,grad_l2,0.0025368757945346205
tanh,9c5c5f67-9358-45dc-a262-b8632fd8822e,blocks.layers.3.norm2,2,rel_update,9.851319933712311e-05
tanh,9c5c5f67-9358-45dc-a262-b8632fd8822e,blocks.layers.3.self_attn,2,grad_l2,0.027379076984283615
tanh,9c5c5f67-9358-45dc-a262-b8632fd8822e,blocks.layers.3.self_attn,2,rel_update,0.0013837016854986335
tanh,9c5c5f67-9358-45dc-a262-b8632fd8822e,blocks.layers.3.norm1,2,grad_l2,0.002566764701806637
tanh,9c5c5f67-9358-45dc-a262-b8632fd8822e,blocks.layers.3.norm1,2,rel_update,8.916864492445429e-05
tanh,9c5c5f67-9358-45dc-a262-b8632fd8822e,blocks.layers.2.linear2,2,grad_l2,0.029565965234168667
tanh,9c5c5f67-9358-45dc-a262-b8632fd8822e,blocks.layers.2.linear2,2,rel_update,0.0014542220242619453
tanh,9c5c5f67-9358-45dc-a262-b8632fd8822e,blocks.layers.2.linear1,2,grad_l2,0.029565396700885094
tanh,9c5c5f67-9358-45dc-a262-b8632fd8822e,blocks.layers.2.linear1,2,rel_update,0.0014436847271720758
tanh,9c5c5f67-9358-45dc-a262-b8632fd8822e,blocks.layers.2.norm2,2,grad_l2,0.002712165523165213
tanh,9c5c5f67-9358-45dc-a262-b8632fd8822e,blocks.layers.2.norm2,2,rel_update,9.959804782593526e-05
tanh,9c5c5f67-9358-45dc-a262-b8632fd8822e,blocks.layers.2.self_attn,2,grad_l2,0.028070466003268225
tanh,9c5c5f67-9358-45dc-a262-b8632fd8822e,blocks.layers.2.self_attn,2,rel_update,0.0014183930451694708
tanh,9c5c5f67-9358-45dc-a262-b8632fd8822e,blocks.layers.2.norm1,2,grad_l2,0.0028538508562537916
tanh,9c5c5f67-9358-45dc-a262-b8632fd8822e,blocks.layers.2.norm1,2,rel_update,9.094597209108469e-05
tanh,9c5c5f67-9358-45dc-a262-b8632fd8822e,blocks.layers.1.linear2,2,grad_l2,0.03467430974403657
tanh,9c5c5f67-9358-45dc-a262-b8632fd8822e,blocks.layers.1.linear2,2,rel_update,0.0016993761361426614
tanh,9c5c5f67-9358-45dc-a262-b8632fd8822e,blocks.layers.1.linear1,2,grad_l2,0.03491832103534654
tanh,9c5c5f67-9358-45dc-a262-b8632fd8822e,blocks.layers.1.linear1,2,rel_update,0.001705742768333612
tanh,9c5c5f67-9358-45dc-a262-b8632fd8822e,blocks.layers.1.norm2,2,grad_l2,0.0038657880979143574
tanh,9c5c5f67-9358-45dc-a262-b8632fd8822e,blocks.layers.1.norm2,2,rel_update,0.00013611020236403148
tanh,9c5c5f67-9358-45dc-a262-b8632fd8822e,blocks.layers.1.self_attn,2,grad_l2,0.03534514082555652
tanh,9c5c5f67-9358-45dc-a262-b8632fd8822e,blocks.layers.1.self_attn,2,rel_update,0.0017829040952093305
tanh,9c5c5f67-9358-45dc-a262-b8632fd8822e,blocks.layers.1.norm1,2,grad_l2,0.004249028501487938
tanh,9c5c5f67-9358-45dc-a262-b8632fd8822e,blocks.layers.1.norm1,2,rel_update,0.00011608869196501806
tanh,9c5c5f67-9358-45dc-a262-b8632fd8822e,blocks.layers.0.linear2,2,grad_l2,0.05104184850172639
tanh,9c5c5f67-9358-45dc-a262-b8632fd8822e,blocks.layers.0.linear2,2,rel_update,0.002466004125533701
tanh,9c5c5f67-9358-45dc-a262-b8632fd8822e,blocks.layers.0.linear1,2,grad_l2,0.05444013257510653
tanh,9c5c5f67-9358-45dc-a262-b8632fd8822e,blocks.layers.0.linear1,2,rel_update,0.0026343478206374447
tanh,9c5c5f67-9358-45dc-a262-b8632fd8822e,blocks.layers.0.norm2,2,grad_l2,0.008234349314294108
tanh,9c5c5f67-9358-45dc-a262-b8632fd8822e,blocks.layers.0.norm2,2,rel_update,0.00027257412161562164
tanh,9c5c5f67-9358-45dc-a262-b8632fd8822e,blocks.layers.0.self_attn,2,grad_l2,0.11656996771619675
tanh,9c5c5f67-9358-45dc-a262-b8632fd8822e,blocks.layers.0.self_attn,2,rel_update,0.005764043043788747
tanh,9c5c5f67-9358-45dc-a262-b8632fd8822e,blocks.layers.0.norm1,2,grad_l2,0.021356116072055998
tanh,9c5c5f67-9358-45dc-a262-b8632fd8822e,blocks.layers.0.norm1,2,rel_update,0.0003401423448129399
tanh,9c5c5f67-9358-45dc-a262-b8632fd8822e,lm_head,3,grad_l2,0.4196555373189288
tanh,9c5c5f67-9358-45dc-a262-b8632fd8822e,lm_head,3,rel_update,0.009764990236687247
tanh,9c5c5f67-9358-45dc-a262-b8632fd8822e,final_norm,3,grad_l2,0.0306899052285441
tanh,9c5c5f67-9358-45dc-a262-b8632fd8822e,final_norm,3,rel_update,0.0013789452701853595
tanh,9c5c5f67-9358-45dc-a262-b8632fd8822e,blocks.layers.3.linear2,3,grad_l2,0.03153794650490191
tanh,9c5c5f67-9358-45dc-a262-b8632fd8822e,blocks.layers.3.linear2,3,rel_update,0.0015578040386419246
tanh,9c5c5f67-9358-45dc-a262-b8632fd8822e,blocks.layers.3.linear1,3,grad_l2,0.03148356810489961
tanh,9c5c5f67-9358-45dc-a262-b8632fd8822e,blocks.layers.3.linear1,3,rel_update,0.0015363598721354927
tanh,9c5c5f67-9358-45dc-a262-b8632fd8822e,blocks.layers.3.norm2,3,grad_l2,0.0030450549192997584
tanh,9c5c5f67-9358-45dc-a262-b8632fd8822e,blocks.layers.3.norm2,3,rel_update,0.0001183068219328752
tanh,9c5c5f67-9358-45dc-a262-b8632fd8822e,blocks.layers.3.self_attn,3,grad_l2,0.028904808353048084
tanh,9c5c5f67-9358-45dc-a262-b8632fd8822e,blocks.layers.3.self_attn,3,rel_update,0.0014581115884961982
tanh,9c5c5f67-9358-45dc-a262-b8632fd8822e,blocks.layers.3.norm1,3,grad_l2,0.002746849709756412
tanh,9c5c5f67-9358-45dc-a262-b8632fd8822e,blocks.layers.3.norm1,3,rel_update,9.41920805543204e-05
tanh,9c5c5f67-9358-45dc-a262-b8632fd8822e,blocks.layers.2.linear2,3,grad_l2,0.03273862736115071
tanh,9c5c5f67-9358-45dc-a262-b8632fd8822e,blocks.layers.2.linear2,3,rel_update,0.0016120970949283285
tanh,9c5c5f67-9358-45dc-a262-b8632fd8822e,blocks.layers.2.linear1,3,grad_l2,0.03121514707957416
tanh,9c5c5f67-9358-45dc-a262-b8632fd8822e,blocks.layers.2.linear1,3,rel_update,0.0015195197801085552
tanh,9c5c5f67-9358-45dc-a262-b8632fd8822e,blocks.layers.2.norm2,3,grad_l2,0.002875652266630407
tanh,9c5c5f67-9358-45dc-a262-b8632fd8822e,blocks.layers.2.norm2,3,rel_update,0.00010616912666489349
tanh,9c5c5f67-9358-45dc-a262-b8632fd8822e,blocks.layers.2.self_attn,3,grad_l2,0.029692815305910454
tanh,9c5c5f67-9358-45dc-a262-b8632fd8822e,blocks.layers.2.self_attn,3,rel_update,0.0014975714586431567
tanh,9c5c5f67-9358-45dc-a262-b8632fd8822e,blocks.layers.2.norm1,3,grad_l2,0.0029816081475177473
tanh,9c5c5f67-9358-45dc-a262-b8632fd8822e,blocks.layers.2.norm1,3,rel_update,9.634756307918523e-05
tanh,9c5c5f67-9358-45dc-a262-b8632fd8822e,blocks.layers.1.linear2,3,grad_l2,0.03750850461816357
tanh,9c5c5f67-9358-45dc-a262-b8632fd8822e,blocks.layers.1.linear2,3,rel_update,0.0018403384977148253
tanh,9c5c5f67-9358-45dc-a262-b8632fd8822e,blocks.layers.1.linear1,3,grad_l2,0.036236388380094874
tanh,9c5c5f67-9358-45dc-a262-b8632fd8822e,blocks.layers.1.linear1,3,rel_update,0.0017658627194750037
tanh,9c5c5f67-9358-45dc-a262-b8632fd8822e,blocks.layers.1.norm2,3,grad_l2,0.003970399547928163
tanh,9c5c5f67-9358-45dc-a262-b8632fd8822e,blocks.layers.1.norm2,3,rel_update,0.00014190069870111466
tanh,9c5c5f67-9358-45dc-a262-b8632fd8822e,blocks.layers.1.self_attn,3,grad_l2,0.03700545450494396
tanh,9c5c5f67-9358-45dc-a262-b8632fd8822e,blocks.layers.1.self_attn,3,rel_update,0.0018649288502560388
tanh,9c5c5f67-9358-45dc-a262-b8632fd8822e,blocks.layers.1.norm1,3,grad_l2,0.004349815760846067
tanh,9c5c5f67-9358-45dc-a262-b8632fd8822e,blocks.layers.1.norm1,3,rel_update,0.00012210807222703704
tanh,9c5c5f67-9358-45dc-a262-b8632fd8822e,blocks.layers.0.linear2,3,grad_l2,0.05442802507193903
tanh,9c5c5f67-9358-45dc-a262-b8632fd8822e,blocks.layers.0.linear2,3,rel_update,0.002615492786073331
tanh,9c5c5f67-9358-45dc-a262-b8632fd8822e,blocks.layers.0.linear1,3,grad_l2,0.058254929676303295
tanh,9c5c5f67-9358-45dc-a262-b8632fd8822e,blocks.layers.0.linear1,3,rel_update,0.002804921539053736
tanh,9c5c5f67-9358-45dc-a262-b8632fd8822e,blocks.layers.0.norm2,3,grad_l2,0.008821276780868189
tanh,9c5c5f67-9358-45dc-a262-b8632fd8822e,blocks.layers.0.norm2,3,rel_update,0.00029986342795667724
tanh,9c5c5f67-9358-45dc-a262-b8632fd8822e,blocks.layers.0.self_attn,3,grad_l2,0.13034866452297117
tanh,9c5c5f67-9358-45dc-a262-b8632fd8822e,blocks.layers.0.self_attn,3,rel_update,0.0064382445366680295
tanh,9c5c5f67-9358-45dc-a262-b8632fd8822e,blocks.layers.0.norm1,3,grad_l2,0.02335610471040774
tanh,9c5c5f67-9358-45dc-a262-b8632fd8822e,blocks.layers.0.norm1,3,rel_update,0.00038436952922879454
tanh,9c5c5f67-9358-45dc-a262-b8632fd8822e,lm_head,4,grad_l2,0.3875301012471053
tanh,9c5c5f67-9358-45dc-a262-b8632fd8822e,lm_head,4,rel_update,0.008098487988608086
tanh,9c5c5f67-9358-45dc-a262-b8632fd8822e,final_norm,4,grad_l2,0.028787080134572728
tanh,9c5c5f67-9358-45dc-a262-b8632fd8822e,final_norm,4,rel_update,0.0012839677258912885
tanh,9c5c5f67-9358-45dc-a262-b8632fd8822e,blocks.layers.3.linear2,4,grad_l2,0.034674746247646354
tanh,9c5c5f67-9358-45dc-a262-b8632fd8822e,blocks.layers.3.linear2,4,rel_update,0.0017151364911515852
tanh,9c5c5f67-9358-45dc-a262-b8632fd8822e,blocks.layers.3.linear1,4,grad_l2,0.03374468320059187
tanh,9c5c5f67-9358-45dc-a262-b8632fd8822e,blocks.layers.3.linear1,4,rel_update,0.001642256309880486
tanh,9c5c5f67-9358-45dc-a262-b8632fd8822e,blocks.layers.3.norm2,4,grad_l2,0.003454219290551456
tanh,9c5c5f67-9358-45dc-a262-b8632fd8822e,blocks.layers.3.norm2,4,rel_update,0.0001356062004753107
tanh,9c5c5f67-9358-45dc-a262-b8632fd8822e,blocks.layers.3.self_attn,4,grad_l2,0.029407468297728483
tanh,9c5c5f67-9358-45dc-a262-b8632fd8822e,blocks.layers.3.self_attn,4,rel_update,0.0014809818722117847
tanh,9c5c5f67-9358-45dc-a262-b8632fd8822e,blocks.layers.3.norm1,4,grad_l2,0.0028209300151374353
tanh,9c5c5f67-9358-45dc-a262-b8632fd8822e,blocks.layers.3.norm1,4,rel_update,9.657683297146278e-05
tanh,9c5c5f67-9358-45dc-a262-b8632fd8822e,blocks.layers.2.linear2,4,grad_l2,0.034613574849472806
tanh,9c5c5f67-9358-45dc-a262-b8632fd8822e,blocks.layers.2.linear2,4,rel_update,0.0017064160481314204
tanh,9c5c5f67-9358-45dc-a262-b8632fd8822e,blocks.layers.2.linear1,4,grad_l2,0.03196721509059906
tanh,9c5c5f67-9358-45dc-a262-b8632fd8822e,blocks.layers.2.linear1,4,rel_update,0.0015520625094424768
tanh,9c5c5f67-9358-45dc-a262-b8632fd8822e,blocks.layers.2.norm2,4,grad_l2,0.0029320394665229323
tanh,9c5c5f67-9358-45dc-a262-b8632fd8822e,blocks.layers.2.norm2,4,rel_update,0.00010954501940878008
tanh,9c5c5f67-9358-45dc-a262-b8632fd8822e,blocks.layers.2.self_attn,4,grad_l2,0.030777083711689704
tanh,9c5c5f67-9358-45dc-a262-b8632fd8822e,blocks.layers.2.self_attn,4,rel_update,0.0015496235167612384
tanh,9c5c5f67-9358-45dc-a262-b8632fd8822e,blocks.layers.2.norm1,4,grad_l2,0.0030371373845298243
tanh,9c5c5f67-9358-45dc-a262-b8632fd8822e,blocks.layers.2.norm1,4,rel_update,0.00010151997457389672
tanh,9c5c5f67-9358-45dc-a262-b8632fd8822e,blocks.layers.1.linear2,4,grad_l2,0.03938725153738385
tanh,9c5c5f67-9358-45dc-a262-b8632fd8822e,blocks.layers.1.linear2,4,rel_update,0.0019349989639518574
tanh,9c5c5f67-9358-45dc-a262-b8632fd8822e,blocks.layers.1.linear1,4,grad_l2,0.037013123967462945
tanh,9c5c5f67-9358-45dc-a262-b8632fd8822e,blocks.layers.1.linear1,4,rel_update,0.0017998985288743138
tanh,9c5c5f67-9358-45dc-a262-b8632fd8822e,blocks.layers.1.norm2,4,grad_l2,0.003978835330048136
tanh,9c5c5f67-9358-45dc-a262-b8632fd8822e,blocks.layers.1.norm2,4,rel_update,0.00014492931484594935
tanh,9c5c5f67-9358-45dc-a262-b8632fd8822e,blocks.layers.1.self_attn,4,grad_l2,0.03801588288134248
tanh,9c5c5f67-9358-45dc-a262-b8632fd8822e,blocks.layers.1.self_attn,4,rel_update,0.0019142351248265463
tanh,9c5c5f67-9358-45dc-a262-b8632fd8822e,blocks.layers.1.norm1,4,grad_l2,0.0043733902359505885
tanh,9c5c5f67-9358-45dc-a262-b8632fd8822e,blocks.layers.1.norm1,4,rel_update,0.00012659979199873192
tanh,9c5c5f67-9358-45dc-a262-b8632fd8822e,blocks.layers.0.linear2,4,grad_l2,0.0569550120595806
tanh,9c5c5f67-9358-45dc-a262-b8632fd8822e,blocks.layers.0.linear2,4,rel_update,0.0027239625755585057
tanh,9c5c5f67-9358-45dc-a262-b8632fd8822e,blocks.layers.0.linear1,4,grad_l2,0.061256608498450466
tanh,9c5c5f67-9358-45dc-a262-b8632fd8822e,blocks.layers.0.linear1,4,rel_update,0.0029359259774682494
tanh,9c5c5f67-9358-45dc-a262-b8632fd8822e,blocks.layers.0.norm2,4,grad_l2,0.009165637992312662
tanh,9c5c5f67-9358-45dc-a262-b8632fd8822e,blocks.layers.0.norm2,4,rel_update,0.00032059740395750714
tanh,9c5c5f67-9358-45dc-a262-b8632fd8822e,blocks.layers.0.self_attn,4,grad_l2,0.14179777763425044
tanh,9c5c5f67-9358-45dc-a262-b8632fd8822e,blocks.layers.0.self_attn,4,rel_update,0.006982281520214156
tanh,9c5c5f67-9358-45dc-a262-b8632fd8822e,blocks.layers.0.norm1,4,grad_l2,0.02455759045290848
tanh,9c5c5f67-9358-45dc-a262-b8632fd8822e,blocks.layers.0.norm1,4,rel_update,0.00042344625982135303
tanh,9c5c5f67-9358-45dc-a262-b8632fd8822e,lm_head,5,grad_l2,0.3662254184413776
tanh,9c5c5f67-9358-45dc-a262-b8632fd8822e,lm_head,5,rel_update,0.00697358598541898
tanh,9c5c5f67-9358-45dc-a262-b8632fd8822e,final_norm,5,grad_l2,0.027625486312176935
tanh,9c5c5f67-9358-45dc-a262-b8632fd8822e,final_norm,5,rel_update,0.0012207479886254607
tanh,9c5c5f67-9358-45dc-a262-b8632fd8822e,blocks.layers.3.linear2,5,grad_l2,0.03706131188677914
tanh,9c5c5f67-9358-45dc-a262-b8632fd8822e,blocks.layers.3.linear2,5,rel_update,0.0018354111015962916
tanh,9c5c5f67-9358-45dc-a262-b8632fd8822e,blocks.layers.3.linear1,5,grad_l2,0.035342788372781
tanh,9c5c5f67-9358-45dc-a262-b8632fd8822e,blocks.layers.3.linear1,5,rel_update,0.0017160814297554313
tanh,9c5c5f67-9358-45dc-a262-b8632fd8822e,blocks.layers.3.norm2,5,grad_l2,0.0038361894418203206
tanh,9c5c5f67-9358-45dc-a262-b8632fd8822e,blocks.layers.3.norm2,5,rel_update,0.00014965715339262164
tanh,9c5c5f67-9358-45dc-a262-b8632fd8822e,blocks.layers.3.self_attn,5,grad_l2,0.029905753615121503
tanh,9c5c5f67-9358-45dc-a262-b8632fd8822e,blocks.layers.3.self_attn,5,rel_update,0.0015034688379905856
tanh,9c5c5f67-9358-45dc-a262-b8632fd8822e,blocks.layers.3.norm1,5,grad_l2,0.0029070639692460945
tanh,9c5c5f67-9358-45dc-a262-b8632fd8822e,blocks.layers.3.norm1,5,rel_update,9.932081617460932e-05
tanh,9c5c5f67-9358-45dc-a262-b8632fd8822e,blocks.layers.2.linear2,5,grad_l2,0.03596045168661437
tanh,9c5c5f67-9358-45dc-a262-b8632fd8822e,blocks.layers.2.linear2,5,rel_update,0.0017747324896235147
tanh,9c5c5f67-9358-45dc-a262-b8632fd8822e,blocks.layers.2.linear1,5,grad_l2,0.0324418988545073
tanh,9c5c5f67-9358-45dc-a262-b8632fd8822e,blocks.layers.2.linear1,5,rel_update,0.0015714893039019216
tanh,9c5c5f67-9358-45dc-a262-b8632fd8822e,blocks.layers.2.norm2,5,grad_l2,0.0029564213399074337
tanh,9c5c5f67-9358-45dc-a262-b8632fd8822e,blocks.layers.2.norm2,5,rel_update,0.00011138500534921729
tanh,9c5c5f67-9358-45dc-a262-b8632fd8822e,blocks.layers.2.self_attn,5,grad_l2,0.03182292494364661
tanh,9c5c5f67-9358-45dc-a262-b8632fd8822e,blocks.layers.2.self_attn,5,rel_update,0.0015996228180306484
tanh,9c5c5f67-9358-45dc-a262-b8632fd8822e,blocks.layers.2.norm1,5,grad_l2,0.003098896432362392
tanh,9c5c5f67-9358-45dc-a262-b8632fd8822e,blocks.layers.2.norm1,5,rel_update,0.00010687437057511012
tanh,9c5c5f67-9358-45dc-a262-b8632fd8822e,blocks.layers.1.linear2,5,grad_l2,0.04086302182608536
tanh,9c5c5f67-9358-45dc-a262-b8632fd8822e,blocks.layers.1.linear2,5,rel_update,0.0020102284918011174
tanh,9c5c5f67-9358-45dc-a262-b8632fd8822e,blocks.layers.1.linear1,5,grad_l2,0.037661281873586604
tanh,9c5c5f67-9358-45dc-a262-b8632fd8822e,blocks.layers.1.linear1,5,rel_update,0.0018281271762625073
tanh,9c5c5f67-9358-45dc-a262-b8632fd8822e,blocks.layers.1.norm2,5,grad_l2,0.0039602002892999205
tanh,9c5c5f67-9358-45dc-a262-b8632fd8822e,blocks.layers.1.norm2,5,rel_update,0.00014706798489409455
tanh,9c5c5f67-9358-45dc-a262-b8632fd8822e,blocks.layers.1.self_attn,5,grad_l2,0.038828795468313616
tanh,9c5c5f67-9358-45dc-a262-b8632fd8822e,blocks.layers.1.self_attn,5,rel_update,0.001953546355354818
tanh,9c5c5f67-9358-45dc-a262-b8632fd8822e,blocks.layers.1.norm1,5,grad_l2,0.004381604554621197
tanh,9c5c5f67-9358-45dc-a262-b8632fd8822e,blocks.layers.1.norm1,5,rel_update,0.00013012839816770635
tanh,9c5c5f67-9358-45dc-a262-b8632fd8822e,blocks.layers.0.linear2,5,grad_l2,0.05898430222239712
tanh,9c5c5f67-9358-45dc-a262-b8632fd8822e,blocks.layers.0.linear2,5,rel_update,0.002810043356018155
tanh,9c5c5f67-9358-45dc-a262-b8632fd8822e,blocks.layers.0.linear1,5,grad_l2,0.0637095249849225
tanh,9c5c5f67-9358-45dc-a262-b8632fd8822e,blocks.layers.0.linear1,5,rel_update,0.0030414804150345706
tanh,9c5c5f67-9358-45dc-a262-b8632fd8822e,blocks.layers.0.norm2,5,grad_l2,0.009381277320234626
tanh,9c5c5f67-9358-45dc-a262-b8632fd8822e,blocks.layers.0.norm2,5,rel_update,0.00033654158208958697
tanh,9c5c5f67-9358-45dc-a262-b8632fd8822e,blocks.layers.0.self_attn,5,grad_l2,0.15202635885369692
tanh,9c5c5f67-9358-45dc-a262-b8632fd8822e,blocks.layers.0.self_attn,5,rel_update,0.007455386080174351
tanh,9c5c5f67-9358-45dc-a262-b8632fd8822e,blocks.layers.0.norm1,5,grad_l2,0.025269067237621363
tanh,9c5c5f67-9358-45dc-a262-b8632fd8822e,blocks.layers.0.norm1,5,rel_update,0.00045820047730722914
tanh,9c5c5f67-9358-45dc-a262-b8632fd8822e,lm_head,6,grad_l2,0.35114258381547087
tanh,9c5c5f67-9358-45dc-a262-b8632fd8822e,lm_head,6,rel_update,0.006163695940135413
tanh,9c5c5f67-9358-45dc-a262-b8632fd8822e,final_norm,6,grad_l2,0.026781973806628653
tanh,9c5c5f67-9358-45dc-a262-b8632fd8822e,final_norm,6,rel_update,0.0011761484686328883
tanh,9c5c5f67-9358-45dc-a262-b8632fd8822e,blocks.layers.3.linear2,6,grad_l2,0.038661820362447835
tanh,9c5c5f67-9358-45dc-a262-b8632fd8822e,blocks.layers.3.linear2,6,rel_update,0.001916698545144077
tanh,9c5c5f67-9358-45dc-a262-b8632fd8822e,blocks.layers.3.linear1,6,grad_l2,0.036366049558665216
tanh,9c5c5f67-9358-45dc-a262-b8632fd8822e,blocks.layers.3.linear1,6,rel_update,0.0017626064806811933
tanh,9c5c5f67-9358-45dc-a262-b8632fd8822e,blocks.layers.3.norm2,6,grad_l2,0.004075345109860592
tanh,9c5c5f67-9358-45dc-a262-b8632fd8822e,blocks.layers.3.norm2,6,rel_update,0.000159478296152352
tanh,9c5c5f67-9358-45dc-a262-b8632fd8822e,blocks.layers.3.self_attn,6,grad_l2,0.030280662967734077
tanh,9c5c5f67-9358-45dc-a262-b8632fd8822e,blocks.layers.3.self_attn,6,rel_update,0.001519994416922859
tanh,9c5c5f67-9358-45dc-a262-b8632fd8822e,blocks.layers.3.norm1,6,grad_l2,0.0029530036899293875
tanh,9c5c5f67-9358-45dc-a262-b8632fd8822e,blocks.layers.3.norm1,6,rel_update,0.0001015629376862956
tanh,9c5c5f67-9358-45dc-a262-b8632fd8822e,blocks.layers.2.linear2,6,grad_l2,0.0369523415972406
tanh,9c5c5f67-9358-45dc-a262-b8632fd8822e,blocks.layers.2.linear2,6,rel_update,0.0018254945265703507
tanh,9c5c5f67-9358-45dc-a262-b8632fd8822e,blocks.layers.2.linear1,6,grad_l2,0.032808333762813655
tanh,9c5c5f67-9358-45dc-a262-b8632fd8822e,blocks.layers.2.linear1,6,rel_update,0.0015861309615539218
tanh,9c5c5f67-9358-45dc-a262-b8632fd8822e,blocks.layers.2.norm2,6,grad_l2,0.0029628105619759486
tanh,9c5c5f67-9358-45dc-a262-b8632fd8822e,blocks.layers.2.norm2,6,rel_update,0.00011265705227615147
tanh,9c5c5f67-9358-45dc-a262-b8632fd8822e,blocks.layers.2.self_attn,6,grad_l2,0.03276401830450187
tanh,9c5c5f67-9358-45dc-a262-b8632fd8822e,blocks.layers.2.self_attn,6,rel_update,0.0016444730731305377
tanh,9c5c5f67-9358-45dc-a262-b8632fd8822e,blocks.layers.2.norm1,6,grad_l2,0.0031520919981480855
tanh,9c5c5f67-9358-45dc-a262-b8632fd8822e,blocks.layers.2.norm1,6,rel_update,0.0001119934474621696
tanh,9c5c5f67-9358-45dc-a262-b8632fd8822e,blocks.layers.1.linear2,6,grad_l2,0.04209807368493415
tanh,9c5c5f67-9358-45dc-a262-b8632fd8822e,blocks.layers.1.linear2,6,rel_update,0.0020738157128063293
tanh,9c5c5f67-9358-45dc-a262-b8632fd8822e,blocks.layers.1.linear1,6,grad_l2,0.038259152793579894
tanh,9c5c5f67-9358-45dc-a262-b8632fd8822e,blocks.layers.1.linear1,6,rel_update,0.001854429947848943
tanh,9c5c5f67-9358-45dc-a262-b8632fd8822e,blocks.layers.1.norm2,6,grad_l2,0.003937632312036027
tanh,9c5c5f67-9358-45dc-a262-b8632fd8822e,blocks.layers.1.norm2,6,rel_update,0.00014853271745781963
tanh,9c5c5f67-9358-45dc-a262-b8632fd8822e,blocks.layers.1.self_attn,6,grad_l2,0.03949550644702799
tanh,9c5c5f67-9358-45dc-a262-b8632fd8822e,blocks.layers.1.self_attn,6,rel_update,0.0019856250340654115
tanh,9c5c5f67-9358-45dc-a262-b8632fd8822e,blocks.layers.1.norm1,6,grad_l2,0.00437732117624215
tanh,9c5c5f67-9358-45dc-a262-b8632fd8822e,blocks.layers.1.norm1,6,rel_update,0.0001331042630139579
tanh,9c5c5f67-9358-45dc-a262-b8632fd8822e,blocks.layers.0.linear2,6,grad_l2,0.06071737220498415
tanh,9c5c5f67-9358-45dc-a262-b8632fd8822e,blocks.layers.0.linear2,6,rel_update,0.0028838109772753792
tanh,9c5c5f67-9358-45dc-a262-b8632fd8822e,blocks.layers.0.linear1,6,grad_l2,0.06581357060643556
tanh,9c5c5f67-9358-45dc-a262-b8632fd8822e,blocks.layers.0.linear1,6,rel_update,0.003131805601782656
tanh,9c5c5f67-9358-45dc-a262-b8632fd8822e,blocks.layers.0.norm2,6,grad_l2,0.00953493870439266
tanh,9c5c5f67-9358-45dc-a262-b8632fd8822e,blocks.layers.0.norm2,6,rel_update,0.00034970552301968145
tanh,9c5c5f67-9358-45dc-a262-b8632fd8822e,blocks.layers.0.self_attn,6,grad_l2,0.16120201865920808
tanh,9c5c5f67-9358-45dc-a262-b8632fd8822e,blocks.layers.0.self_attn,6,rel_update,0.007871931885337248
tanh,9c5c5f67-9358-45dc-a262-b8632fd8822e,blocks.layers.0.norm1,6,grad_l2,0.025820900140602294
tanh,9c5c5f67-9358-45dc-a262-b8632fd8822e,blocks.layers.0.norm1,6,rel_update,0.000489998381979786
tanh,9c5c5f67-9358-45dc-a262-b8632fd8822e,lm_head,7,grad_l2,0.339704331998246
tanh,9c5c5f67-9358-45dc-a262-b8632fd8822e,lm_head,7,rel_update,0.005552336575248904
tanh,9c5c5f67-9358-45dc-a262-b8632fd8822e,final_norm,7,grad_l2,0.02610835031943358
tanh,9c5c5f67-9358-45dc-a262-b8632fd8822e,final_norm,7,rel_update,0.0011441651524792863
tanh,9c5c5f67-9358-45dc-a262-b8632fd8822e,blocks.layers.3.linear2,7,grad_l2,0.03946956575418883
tanh,9c5c5f67-9358-45dc-a262-b8632fd8822e,blocks.layers.3.linear2,7,rel_update,0.0019584973981110277
tanh,9c5c5f67-9358-45dc-a262-b8632fd8822e,blocks.layers.3.linear1,7,grad_l2,0.03687969695425592
tanh,9c5c5f67-9358-45dc-a262-b8632fd8822e,blocks.layers.3.linear1,7,rel_update,0.0017851689814932321
tanh,9c5c5f67-9358-45dc-a262-b8632fd8822e,blocks.layers.3.norm2,7,grad_l2,0.0041425819049127
tanh,9c5c5f67-9358-45dc-a262-b8632fd8822e,blocks.layers.3.norm2,7,rel_update,0.00016512551348313073
tanh,9c5c5f67-9358-45dc-a262-b8632fd8822e,blocks.layers.3.self_attn,7,grad_l2,0.03037861229320108
tanh,9c5c5f67-9358-45dc-a262-b8632fd8822e,blocks.layers.3.self_attn,7,rel_update,0.0015230752220955835
tanh,9c5c5f67-9358-45dc-a262-b8632fd8822e,blocks.layers.3.norm1,7,grad_l2,0.002945325354774199
tanh,9c5c5f67-9358-45dc-a262-b8632fd8822e,blocks.layers.3.norm1,7,rel_update,0.00010264640293831092
tanh,9c5c5f67-9358-45dc-a262-b8632fd8822e,blocks.layers.2.linear2,7,grad_l2,0.037536846882470595
tanh,9c5c5f67-9358-45dc-a262-b8632fd8822e,blocks.layers.2.linear2,7,rel_update,0.001855985599019207
tanh,9c5c5f67-9358-45dc-a262-b8632fd8822e,blocks.layers.2.linear1,7,grad_l2,0.03302114998369081
tanh,9c5c5f67-9358-45dc-a262-b8632fd8822e,blocks.layers.2.linear1,7,rel_update,0.0015939311433415381
tanh,9c5c5f67-9358-45dc-a262-b8632fd8822e,blocks.layers.2.norm2,7,grad_l2,0.0029404262124448598
tanh,9c5c5f67-9358-45dc-a262-b8632fd8822e,blocks.layers.2.norm2,7,rel_update,0.00011328583799204778
tanh,9c5c5f67-9358-45dc-a262-b8632fd8822e,blocks.layers.2.self_attn,7,grad_l2,0.03343150015848518
tanh,9c5c5f67-9358-45dc-a262-b8632fd8822e,blocks.layers.2.self_attn,7,rel_update,0.0016759368558768983
tanh,9c5c5f67-9358-45dc-a262-b8632fd8822e,blocks.layers.2.norm1,7,grad_l2,0.003176110222123613
tanh,9c5c5f67-9358-45dc-a262-b8632fd8822e,blocks.layers.2.norm1,7,rel_update,0.00011579787875034333
tanh,9c5c5f67-9358-45dc-a262-b8632fd8822e,blocks.layers.1.linear2,7,grad_l2,0.04298792224354138
tanh,9c5c5f67-9358-45dc-a262-b8632fd8822e,blocks.layers.1.linear2,7,rel_update,0.002120315666079067
tanh,9c5c5f67-9358-45dc-a262-b8632fd8822e,blocks.layers.1.linear1,7,grad_l2,0.03873151740957557
tanh,9c5c5f67-9358-45dc-a262-b8632fd8822e,blocks.layers.1.linear1,7,rel_update,0.0018752217747720545
tanh,9c5c5f67-9358-45dc-a262-b8632fd8822e,blocks.layers.1.norm2,7,grad_l2,0.0039037431016966796
tanh,9c5c5f67-9358-45dc-a262-b8632fd8822e,blocks.layers.1.norm2,7,rel_update,0.00014954297846293506
tanh,9c5c5f67-9358-45dc-a262-b8632fd8822e,blocks.layers.1.self_attn,7,grad_l2,0.03999572632012732
tanh,9c5c5f67-9358-45dc-a262-b8632fd8822e,blocks.layers.1.self_attn,7,rel_update,0.0020096320257081087
tanh,9c5c5f67-9358-45dc-a262-b8632fd8822e,blocks.layers.1.norm1,7,grad_l2,0.004346361046519572
tanh,9c5c5f67-9358-45dc-a262-b8632fd8822e,blocks.layers.1.norm1,7,rel_update,0.00013538934907465498
tanh,9c5c5f67-9358-45dc-a262-b8632fd8822e,blocks.layers.0.linear2,7,grad_l2,0.06204997394316138
tanh,9c5c5f67-9358-45dc-a262-b8632fd8822e,blocks.layers.0.linear2,7,rel_update,0.0029404284777969697
tanh,9c5c5f67-9358-45dc-a262-b8632fd8822e,blocks.layers.0.linear1,7,grad_l2,0.0674889813288496
tanh,9c5c5f67-9358-45dc-a262-b8632fd8822e,blocks.layers.0.linear1,7,rel_update,0.003203504013762235
tanh,9c5c5f67-9358-45dc-a262-b8632fd8822e,blocks.layers.0.norm2,7,grad_l2,0.009604983474623385
tanh,9c5c5f67-9358-45dc-a262-b8632fd8822e,blocks.layers.0.norm2,7,rel_update,0.00035986438083336804
tanh,9c5c5f67-9358-45dc-a262-b8632fd8822e,blocks.layers.0.self_attn,7,grad_l2,0.16875852120347543
tanh,9c5c5f67-9358-45dc-a262-b8632fd8822e,blocks.layers.0.self_attn,7,rel_update,0.008211658079363682
tanh,9c5c5f67-9358-45dc-a262-b8632fd8822e,blocks.layers.0.norm1,7,grad_l2,0.026065416897204683
tanh,9c5c5f67-9358-45dc-a262-b8632fd8822e,blocks.layers.0.norm1,7,rel_update,0.0005170182390594344
tanh,9c5c5f67-9358-45dc-a262-b8632fd8822e,lm_head,8,grad_l2,0.33063157606897925
tanh,9c5c5f67-9358-45dc-a262-b8632fd8822e,lm_head,8,rel_update,0.0050746909074579965
tanh,9c5c5f67-9358-45dc-a262-b8632fd8822e,final_norm,8,grad_l2,0.025614673104781695
tanh,9c5c5f67-9358-45dc-a262-b8632fd8822e,final_norm,8,rel_update,0.0011211289618704968
tanh,9c5c5f67-9358-45dc-a262-b8632fd8822e,blocks.layers.3.linear2,8,grad_l2,0.040029158361081126
tanh,9c5c5f67-9358-45dc-a262-b8632fd8822e,blocks.layers.3.linear2,8,rel_update,0.00198772995777713
tanh,9c5c5f67-9358-45dc-a262-b8632fd8822e,blocks.layers.3.linear1,8,grad_l2,0.03722719999668943
tanh,9c5c5f67-9358-45dc-a262-b8632fd8822e,blocks.layers.3.linear1,8,rel_update,0.0018001356130018327
tanh,9c5c5f67-9358-45dc-a262-b8632fd8822e,blocks.layers.3.norm2,8,grad_l2,0.004176779791811018
tanh,9c5c5f67-9358-45dc-a262-b8632fd8822e,blocks.layers.3.norm2,8,rel_update,0.00016922539578208254
tanh,9c5c5f67-9358-45dc-a262-b8632fd8822e,blocks.layers.3.self_attn,8,grad_l2,0.030426884003756188
tanh,9c5c5f67-9358-45dc-a262-b8632fd8822e,blocks.layers.3.self_attn,8,rel_update,0.001523990801543793
tanh,9c5c5f67-9358-45dc-a262-b8632fd8822e,blocks.layers.3.norm1,8,grad_l2,0.0029300439063216564
tanh,9c5c5f67-9358-45dc-a262-b8632fd8822e,blocks.layers.3.norm1,8,rel_update,0.00010338531240812307
tanh,9c5c5f67-9358-45dc-a262-b8632fd8822e,blocks.layers.2.linear2,8,grad_l2,0.037947120428515876
tanh,9c5c5f67-9358-45dc-a262-b8632fd8822e,blocks.layers.2.linear2,8,rel_update,0.0018776498765063529
tanh,9c5c5f67-9358-45dc-a262-b8632fd8822e,blocks.layers.2.linear1,8,grad_l2,0.03317103294600339
tanh,9c5c5f67-9358-45dc-a262-b8632fd8822e,blocks.layers.2.linear1,8,rel_update,0.001599172227687688
tanh,9c5c5f67-9358-45dc-a262-b8632fd8822e,blocks.layers.2.norm2,8,grad_l2,0.0029103645438938864
tanh,9c5c5f67-9358-45dc-a262-b8632fd8822e,blocks.layers.2.norm2,8,rel_update,0.00011355531043056559
tanh,9c5c5f67-9358-45dc-a262-b8632fd8822e,blocks.layers.2.self_attn,8,grad_l2,0.03391003396148852
tanh,9c5c5f67-9358-45dc-a262-b8632fd8822e,blocks.layers.2.self_attn,8,rel_update,0.001698306409702252
tanh,9c5c5f67-9358-45dc-a262-b8632fd8822e,blocks.layers.2.norm1,8,grad_l2,0.0031807779290352555
tanh,9c5c5f67-9358-45dc-a262-b8632fd8822e,blocks.layers.2.norm1,8,rel_update,0.00011847449387754211
tanh,9c5c5f67-9358-45dc-a262-b8632fd8822e,blocks.layers.1.linear2,8,grad_l2,0.043650066134849924
tanh,9c5c5f67-9358-45dc-a262-b8632fd8822e,blocks.layers.1.linear2,8,rel_update,0.002155289797986142
tanh,9c5c5f67-9358-45dc-a262-b8632fd8822e,blocks.layers.1.linear1,8,grad_l2,0.039088992990061425
tanh,9c5c5f67-9358-45dc-a262-b8632fd8822e,blocks.layers.1.linear1,8,rel_update,0.0018909133676157563
tanh,9c5c5f67-9358-45dc-a262-b8632fd8822e,blocks.layers.1.norm2,8,grad_l2,0.0038608649033971126
tanh,9c5c5f67-9358-45dc-a262-b8632fd8822e,blocks.layers.1.norm2,8,rel_update,0.00015011333024519795
tanh,9c5c5f67-9358-45dc-a262-b8632fd8822e,blocks.layers.1.self_attn,8,grad_l2,0.04036747541269271
tanh,9c5c5f67-9358-45dc-a262-b8632fd8822e,blocks.layers.1.self_attn,8,rel_update,0.002027453155741439
tanh,9c5c5f67-9358-45dc-a262-b8632fd8822e,blocks.layers.1.norm1,8,grad_l2,0.0043052853622793825
tanh,9c5c5f67-9358-45dc-a262-b8632fd8822e,blocks.layers.1.norm1,8,rel_update,0.00013711632109087877
tanh,9c5c5f67-9358-45dc-a262-b8632fd8822e,blocks.layers.0.linear2,8,grad_l2,0.06307914091799911
tanh,9c5c5f67-9358-45dc-a262-b8632fd8822e,blocks.layers.0.linear2,8,rel_update,0.002984117149267058
tanh,9c5c5f67-9358-45dc-a262-b8632fd8822e,blocks.layers.0.linear1,8,grad_l2,0.06882008497207627
tanh,9c5c5f67-9358-45dc-a262-b8632fd8822e,blocks.layers.0.linear1,8,rel_update,0.003260403559281389
tanh,9c5c5f67-9358-45dc-a262-b8632fd8822e,blocks.layers.0.norm2,8,grad_l2,0.009626980926983336
tanh,9c5c5f67-9358-45dc-a262-b8632fd8822e,blocks.layers.0.norm2,8,rel_update,0.0003678790703189362
tanh,9c5c5f67-9358-45dc-a262-b8632fd8822e,blocks.layers.0.self_attn,8,grad_l2,0.174945474957981
tanh,9c5c5f67-9358-45dc-a262-b8632fd8822e,blocks.layers.0.self_attn,8,rel_update,0.008488749033252278
tanh,9c5c5f67-9358-45dc-a262-b8632fd8822e,blocks.layers.0.norm1,8,grad_l2,0.026112748938073128
tanh,9c5c5f67-9358-45dc-a262-b8632fd8822e,blocks.layers.0.norm1,8,rel_update,0.0005398470189263874
tanh,9c5c5f67-9358-45dc-a262-b8632fd8822e,lm_head,9,grad_l2,0.3232544613955708
tanh,9c5c5f67-9358-45dc-a262-b8632fd8822e,lm_head,9,rel_update,0.00469168366231043
tanh,9c5c5f67-9358-45dc-a262-b8632fd8822e,final_norm,9,grad_l2,0.025224362124879458
tanh,9c5c5f67-9358-45dc-a262-b8632fd8822e,final_norm,9,rel_update,0.0011036250189934732
tanh,9c5c5f67-9358-45dc-a262-b8632fd8822e,blocks.layers.3.linear2,9,grad_l2,0.040324283533027055
tanh,9c5c5f67-9358-45dc-a262-b8632fd8822e,blocks.layers.3.linear2,9,rel_update,0.002003554959642417
tanh,9c5c5f67-9358-45dc-a262-b8632fd8822e,blocks.layers.3.linear1,9,grad_l2,0.037407312363730634
tanh,9c5c5f67-9358-45dc-a262-b8632fd8822e,blocks.layers.3.linear1,9,rel_update,0.001807410517152371
tanh,9c5c5f67-9358-45dc-a262-b8632fd8822e,blocks.layers.3.norm2,9,grad_l2,0.004173524146450884
tanh,9c5c5f67-9358-45dc-a262-b8632fd8822e,blocks.layers.3.norm2,9,rel_update,0.00017159146579931022
tanh,9c5c5f67-9358-45dc-a262-b8632fd8822e,blocks.layers.3.self_attn,9,grad_l2,0.0303907136853351
tanh,9c5c5f67-9358-45dc-a262-b8632fd8822e,blocks.layers.3.self_attn,9,rel_update,0.0015209982055158081
tanh,9c5c5f67-9358-45dc-a262-b8632fd8822e,blocks.layers.3.norm1,9,grad_l2,0.002906268368051873
tanh,9c5c5f67-9358-45dc-a262-b8632fd8822e,blocks.layers.3.norm1,9,rel_update,0.00010377139621152177
tanh,9c5c5f67-9358-45dc-a262-b8632fd8822e,blocks.layers.2.linear2,9,grad_l2,0.03819912842531969
tanh,9c5c5f67-9358-45dc-a262-b8632fd8822e,blocks.layers.2.linear2,9,rel_update,0.001891239206984799
tanh,9c5c5f67-9358-45dc-a262-b8632fd8822e,blocks.layers.2.linear1,9,grad_l2,0.03325761544305426
tanh,9c5c5f67-9358-45dc-a262-b8632fd8822e,blocks.layers.2.linear1,9,rel_update,0.0016017642645929102
tanh,9c5c5f67-9358-45dc-a262-b8632fd8822e,blocks.layers.2.norm2,9,grad_l2,0.0028793483068421024
tanh,9c5c5f67-9358-45dc-a262-b8632fd8822e,blocks.layers.2.norm2,9,rel_update,0.00011363462903861153
tanh,9c5c5f67-9358-45dc-a262-b8632fd8822e,blocks.layers.2.self_attn,9,grad_l2,0.034253099084639534
tanh,9c5c5f67-9358-45dc-a262-b8632fd8822e,blocks.layers.2.self_attn,9,rel_update,0.001714208333788353
tanh,9c5c5f67-9358-45dc-a262-b8632fd8822e,blocks.layers.2.norm1,9,grad_l2,0.0031784357440675965
tanh,9c5c5f67-9358-45dc-a262-b8632fd8822e,blocks.layers.2.norm1,9,rel_update,0.00012053874171543921
tanh,9c5c5f67-9358-45dc-a262-b8632fd8822e,blocks.layers.1.linear2,9,grad_l2,0.044130358050169294
tanh,9c5c5f67-9358-45dc-a262-b8632fd8822e,blocks.layers.1.linear2,9,rel_update,0.002180901602187444
tanh,9c5c5f67-9358-45dc-a262-b8632fd8822e,blocks.layers.1.linear1,9,grad_l2,0.03935365241884518
tanh,9c5c5f67-9358-45dc-a262-b8632fd8822e,blocks.layers.1.linear1,9,rel_update,0.0019024545566192453
tanh,9c5c5f67-9358-45dc-a262-b8632fd8822e,blocks.layers.1.norm2,9,grad_l2,0.0038193395293634113
tanh,9c5c5f67-9358-45dc-a262-b8632fd8822e,blocks.layers.1.norm2,9,rel_update,0.00015055245441851492
tanh,9c5c5f67-9358-45dc-a262-b8632fd8822e,blocks.layers.1.self_attn,9,grad_l2,0.040609574574551104
tanh,9c5c5f67-9358-45dc-a262-b8632fd8822e,blocks.layers.1.self_attn,9,rel_update,0.0020389508097997206
tanh,9c5c5f67-9358-45dc-a262-b8632fd8822e,blocks.layers.1.norm1,9,grad_l2,0.0042602772573648775
tanh,9c5c5f67-9358-45dc-a262-b8632fd8822e,blocks.layers.1.norm1,9,rel_update,0.00013829113484915826
tanh,9c5c5f67-9358-45dc-a262-b8632fd8822e,blocks.layers.0.linear2,9,grad_l2,0.06386568315479091
tanh,9c5c5f67-9358-45dc-a262-b8632fd8822e,blocks.layers.0.linear2,9,rel_update,0.0030173783292417743
tanh,9c5c5f67-9358-45dc-a262-b8632fd8822e,blocks.layers.0.linear1,9,grad_l2,0.06985273836856867
tanh,9c5c5f67-9358-45dc-a262-b8632fd8822e,blocks.layers.0.linear1,9,rel_update,0.003304398997013984
tanh,9c5c5f67-9358-45dc-a262-b8632fd8822e,blocks.layers.0.norm2,9,grad_l2,0.009621661905213082
tanh,9c5c5f67-9358-45dc-a262-b8632fd8822e,blocks.layers.0.norm2,9,rel_update,0.00037404897314999975
tanh,9c5c5f67-9358-45dc-a262-b8632fd8822e,blocks.layers.0.self_attn,9,grad_l2,0.1797831454542649
tanh,9c5c5f67-9358-45dc-a262-b8632fd8822e,blocks.layers.0.self_attn,9,rel_update,0.008704807552673692
tanh,9c5c5f67-9358-45dc-a262-b8632fd8822e,blocks.layers.0.norm1,9,grad_l2,0.026073115946660164
tanh,9c5c5f67-9358-45dc-a262-b8632fd8822e,blocks.layers.0.norm1,9,rel_update,0.000558601975332888
tanh,31b4bb89-57ee-4c91-9c1f-55627e89f1d3,lm_head,0,grad_l2,0.9293853624117332
tanh,31b4bb89-57ee-4c91-9c1f-55627e89f1d3,lm_head,0,rel_update,0.03351811262174855
tanh,31b4bb89-57ee-4c91-9c1f-55627e89f1d3,final_norm,0,grad_l2,0.06158753475258735
tanh,31b4bb89-57ee-4c91-9c1f-55627e89f1d3,final_norm,0,rel_update,0.0027750351008586104
tanh,31b4bb89-57ee-4c91-9c1f-55627e89f1d3,blocks.layers.3.linear2,0,grad_l2,0.015302317256293234
tanh,31b4bb89-57ee-4c91-9c1f-55627e89f1d3,blocks.layers.3.linear2,0,rel_update,0.0007519101565690913
tanh,31b4bb89-57ee-4c91-9c1f-55627e89f1d3,blocks.layers.3.linear1,0,grad_l2,0.017883343210715604
tanh,31b4bb89-57ee-4c91-9c1f-55627e89f1d3,blocks.layers.3.linear1,0,rel_update,0.0008813732247095306
tanh,31b4bb89-57ee-4c91-9c1f-55627e89f1d3,blocks.layers.3.norm2,0,grad_l2,0.001446057358497266
tanh,31b4bb89-57ee-4c91-9c1f-55627e89f1d3,blocks.layers.3.norm2,0,rel_update,5.392549227801927e-05
tanh,31b4bb89-57ee-4c91-9c1f-55627e89f1d3,blocks.layers.3.self_attn,0,grad_l2,0.017511837873933928
tanh,31b4bb89-57ee-4c91-9c1f-55627e89f1d3,blocks.layers.3.self_attn,0,rel_update,0.0008881721350961345
tanh,31b4bb89-57ee-4c91-9c1f-55627e89f1d3,blocks.layers.3.norm1,0,grad_l2,0.0016918232271026924
tanh,31b4bb89-57ee-4c91-9c1f-55627e89f1d3,blocks.layers.3.norm1,0,rel_update,5.8136668519806374e-05
tanh,31b4bb89-57ee-4c91-9c1f-55627e89f1d3,blocks.layers.2.linear2,0,grad_l2,0.01777383574631376
tanh,31b4bb89-57ee-4c91-9c1f-55627e89f1d3,blocks.layers.2.linear2,0,rel_update,0.0008733078310220975
tanh,31b4bb89-57ee-4c91-9c1f-55627e89f1d3,blocks.layers.2.linear1,0,grad_l2,0.019933873850908303
tanh,31b4bb89-57ee-4c91-9c1f-55627e89f1d3,blocks.layers.2.linear1,0,rel_update,0.0009800729283665104
tanh,31b4bb89-57ee-4c91-9c1f-55627e89f1d3,blocks.layers.2.norm2,0,grad_l2,0.001814556285061056
tanh,31b4bb89-57ee-4c91-9c1f-55627e89f1d3,blocks.layers.2.norm2,0,rel_update,6.511764435639807e-05
tanh,31b4bb89-57ee-4c91-9c1f-55627e89f1d3,blocks.layers.2.self_attn,0,grad_l2,0.02059510152872618
tanh,31b4bb89-57ee-4c91-9c1f-55627e89f1d3,blocks.layers.2.self_attn,0,rel_update,0.001043605620063847
tanh,31b4bb89-57ee-4c91-9c1f-55627e89f1d3,blocks.layers.2.norm1,0,grad_l2,0.002217879864169436
tanh,31b4bb89-57ee-4c91-9c1f-55627e89f1d3,blocks.layers.2.norm1,0,rel_update,7.132512444345664e-05
tanh,31b4bb89-57ee-4c91-9c1f-55627e89f1d3,blocks.layers.1.linear2,0,grad_l2,0.022625143178207623
tanh,31b4bb89-57ee-4c91-9c1f-55627e89f1d3,blocks.layers.1.linear2,0,rel_update,0.0011088811635235156
tanh,31b4bb89-57ee-4c91-9c1f-55627e89f1d3,blocks.layers.1.linear1,0,grad_l2,0.024605871126134753
tanh,31b4bb89-57ee-4c91-9c1f-55627e89f1d3,blocks.layers.1.linear1,0,rel_update,0.0012076021705675064
tanh,31b4bb89-57ee-4c91-9c1f-55627e89f1d3,blocks.layers.1.norm2,0,grad_l2,0.002559917289343193
tanh,31b4bb89-57ee-4c91-9c1f-55627e89f1d3,blocks.layers.1.norm2,0,rel_update,8.759637156634778e-05
tanh,31b4bb89-57ee-4c91-9c1f-55627e89f1d3,blocks.layers.1.self_attn,0,grad_l2,0.026593023902454185
tanh,31b4bb89-57ee-4c91-9c1f-55627e89f1d3,blocks.layers.1.self_attn,0,rel_update,0.001344627429676241
tanh,31b4bb89-57ee-4c91-9c1f-55627e89f1d3,blocks.layers.1.norm1,0,grad_l2,0.003282285123128547
tanh,31b4bb89-57ee-4c91-9c1f-55627e89f1d3,blocks.layers.1.norm1,0,rel_update,9.087583946950693e-05
tanh,31b4bb89-57ee-4c91-9c1f-55627e89f1d3,blocks.layers.0.linear2,0,grad_l2,0.03627854411674001
tanh,31b4bb89-57ee-4c91-9c1f-55627e89f1d3,blocks.layers.0.linear2,0,rel_update,0.001772409671684149
tanh,31b4bb89-57ee-4c91-9c1f-55627e89f1d3,blocks.layers.0.linear1,0,grad_l2,0.03776940607362841
tanh,31b4bb89-57ee-4c91-9c1f-55627e89f1d3,blocks.layers.0.linear1,0,rel_update,0.0018476995724895655
tanh,31b4bb89-57ee-4c91-9c1f-55627e89f1d3,blocks.layers.0.norm2,0,grad_l2,0.005083528447671051
tanh,31b4bb89-57ee-4c91-9c1f-55627e89f1d3,blocks.layers.0.norm2,0,rel_update,0.0001537164892380142
tanh,31b4bb89-57ee-4c91-9c1f-55627e89f1d3,blocks.layers.0.self_attn,0,grad_l2,0.06353583849863985
tanh,31b4bb89-57ee-4c91-9c1f-55627e89f1d3,blocks.layers.0.self_attn,0,rel_update,0.0030862446717470067
tanh,31b4bb89-57ee-4c91-9c1f-55627e89f1d3,blocks.layers.0.norm1,0,grad_l2,0.014241228547681598
tanh,31b4bb89-57ee-4c91-9c1f-55627e89f1d3,blocks.layers.0.norm1,0,rel_update,0.0002102651731040873
tanh,31b4bb89-57ee-4c91-9c1f-55627e89f1d3,lm_head,1,grad_l2,0.5913842067493663
tanh,31b4bb89-57ee-4c91-9c1f-55627e89f1d3,lm_head,1,rel_update,0.018159500585255714
tanh,31b4bb89-57ee-4c91-9c1f-55627e89f1d3,final_norm,1,grad_l2,0.04053584416206521
tanh,31b4bb89-57ee-4c91-9c1f-55627e89f1d3,final_norm,1,rel_update,0.0018301606244601552
tanh,31b4bb89-57ee-4c91-9c1f-55627e89f1d3,blocks.layers.3.linear2,1,grad_l2,0.021159586644020303
tanh,31b4bb89-57ee-4c91-9c1f-55627e89f1d3,blocks.layers.3.linear2,1,rel_update,0.0010409143501383538
tanh,31b4bb89-57ee-4c91-9c1f-55627e89f1d3,blocks.layers.3.linear1,1,grad_l2,0.02404415445854441
tanh,31b4bb89-57ee-4c91-9c1f-55627e89f1d3,blocks.layers.3.linear1,1,rel_update,0.001182342748514814
tanh,31b4bb89-57ee-4c91-9c1f-55627e89f1d3,blocks.layers.3.norm2,1,grad_l2,0.0020963876851760204
tanh,31b4bb89-57ee-4c91-9c1f-55627e89f1d3,blocks.layers.3.norm2,1,rel_update,7.977378036812274e-05
tanh,31b4bb89-57ee-4c91-9c1f-55627e89f1d3,blocks.layers.3.self_attn,1,grad_l2,0.024234980518440138
tanh,31b4bb89-57ee-4c91-9c1f-55627e89f1d3,blocks.layers.3.self_attn,1,rel_update,0.0012271151742054259
tanh,31b4bb89-57ee-4c91-9c1f-55627e89f1d3,blocks.layers.3.norm1,1,grad_l2,0.002449655788435744
tanh,31b4bb89-57ee-4c91-9c1f-55627e89f1d3,blocks.layers.3.norm1,1,rel_update,8.300491277081343e-05
tanh,31b4bb89-57ee-4c91-9c1f-55627e89f1d3,blocks.layers.2.linear2,1,grad_l2,0.02515420642250722
tanh,31b4bb89-57ee-4c91-9c1f-55627e89f1d3,blocks.layers.2.linear2,1,rel_update,0.0012367595123589487
tanh,31b4bb89-57ee-4c91-9c1f-55627e89f1d3,blocks.layers.2.linear1,1,grad_l2,0.02716525729163207
tanh,31b4bb89-57ee-4c91-9c1f-55627e89f1d3,blocks.layers.2.linear1,1,rel_update,0.0013319939705702451
tanh,31b4bb89-57ee-4c91-9c1f-55627e89f1d3,blocks.layers.2.norm2,1,grad_l2,0.0026095632510676407
tanh,31b4bb89-57ee-4c91-9c1f-55627e89f1d3,blocks.layers.2.norm2,1,rel_update,9.551215171925618e-05
tanh,31b4bb89-57ee-4c91-9c1f-55627e89f1d3,blocks.layers.2.self_attn,1,grad_l2,0.030041173090957815
tanh,31b4bb89-57ee-4c91-9c1f-55627e89f1d3,blocks.layers.2.self_attn,1,rel_update,0.0015211309233497691
tanh,31b4bb89-57ee-4c91-9c1f-55627e89f1d3,blocks.layers.2.norm1,1,grad_l2,0.003133135618702785
tanh,31b4bb89-57ee-4c91-9c1f-55627e89f1d3,blocks.layers.2.norm1,1,rel_update,0.00010188190171032186
tanh,31b4bb89-57ee-4c91-9c1f-55627e89f1d3,blocks.layers.1.linear2,1,grad_l2,0.032364059509624656
tanh,31b4bb89-57ee-4c91-9c1f-55627e89f1d3,blocks.layers.1.linear2,1,rel_update,0.0015854132732368454
tanh,31b4bb89-57ee-4c91-9c1f-55627e89f1d3,blocks.layers.1.linear1,1,grad_l2,0.03330337584677423
tanh,31b4bb89-57ee-4c91-9c1f-55627e89f1d3,blocks.layers.1.linear1,1,rel_update,0.0016292456039755437
tanh,31b4bb89-57ee-4c91-9c1f-55627e89f1d3,blocks.layers.1.norm2,1,grad_l2,0.003673770250172322
tanh,31b4bb89-57ee-4c91-9c1f-55627e89f1d3,blocks.layers.1.norm2,1,rel_update,0.0001278292424099949
tanh,31b4bb89-57ee-4c91-9c1f-55627e89f1d3,blocks.layers.1.self_attn,1,grad_l2,0.03450462911229093
tanh,31b4bb89-57ee-4c91-9c1f-55627e89f1d3,blocks.layers.1.self_attn,1,rel_update,0.001743761493424636
tanh,31b4bb89-57ee-4c91-9c1f-55627e89f1d3,blocks.layers.1.norm1,1,grad_l2,0.00433742375618872
tanh,31b4bb89-57ee-4c91-9c1f-55627e89f1d3,blocks.layers.1.norm1,1,rel_update,0.00011638641194145535
tanh,31b4bb89-57ee-4c91-9c1f-55627e89f1d3,blocks.layers.0.linear2,1,grad_l2,0.048072044102982145
tanh,31b4bb89-57ee-4c91-9c1f-55627e89f1d3,blocks.layers.0.linear2,1,rel_update,0.002332765323558003
tanh,31b4bb89-57ee-4c91-9c1f-55627e89f1d3,blocks.layers.0.linear1,1,grad_l2,0.05074394665692773
tanh,31b4bb89-57ee-4c91-9c1f-55627e89f1d3,blocks.layers.0.linear1,1,rel_update,0.0024682046510605686
tanh,31b4bb89-57ee-4c91-9c1f-55627e89f1d3,blocks.layers.0.norm2,1,grad_l2,0.007771481228198792
tanh,31b4bb89-57ee-4c91-9c1f-55627e89f1d3,blocks.layers.0.norm2,1,rel_update,0.00024033249339211013
tanh,31b4bb89-57ee-4c91-9c1f-55627e89f1d3,blocks.layers.0.self_attn,1,grad_l2,0.10182966382759004
tanh,31b4bb89-57ee-4c91-9c1f-55627e89f1d3,blocks.layers.0.self_attn,1,rel_update,0.005023460133816412
tanh,31b4bb89-57ee-4c91-9c1f-55627e89f1d3,blocks.layers.0.norm1,1,grad_l2,0.018908277261274895
tanh,31b4bb89-57ee-4c91-9c1f-55627e89f1d3,blocks.layers.0.norm1,1,rel_update,0.00030374004483602496
tanh,31b4bb89-57ee-4c91-9c1f-55627e89f1d3,lm_head,2,grad_l2,0.47962806447191453
tanh,31b4bb89-57ee-4c91-9c1f-55627e89f1d3,lm_head,2,rel_update,0.012735997773059296
tanh,31b4bb89-57ee-4c91-9c1f-55627e89f1d3,final_norm,2,grad_l2,0.03408479555546115
tanh,31b4bb89-57ee-4c91-9c1f-55627e89f1d3,final_norm,2,rel_update,0.001528609041615433
tanh,31b4bb89-57ee-4c91-9c1f-55627e89f1d3,blocks.layers.3.linear2,2,grad_l2,0.02738458882957277
tanh,31b4bb89-57ee-4c91-9c1f-55627e89f1d3,blocks.layers.3.linear2,2,rel_update,0.0013488678922211456
tanh,31b4bb89-57ee-4c91-9c1f-55627e89f1d3,blocks.layers.3.linear1,2,grad_l2,0.028293630240385826
tanh,31b4bb89-57ee-4c91-9c1f-55627e89f1d3,blocks.layers.3.linear1,2,rel_update,0.001386216093027789
tanh,31b4bb89-57ee-4c91-9c1f-55627e89f1d3,blocks.layers.3.norm2,2,grad_l2,0.002564643081962818
tanh,31b4bb89-57ee-4c91-9c1f-55627e89f1d3,blocks.layers.3.norm2,2,rel_update,9.811819330894598e-05
tanh,31b4bb89-57ee-4c91-9c1f-55627e89f1d3,blocks.layers.3.self_attn,2,grad_l2,0.028276456018549192
tanh,31b4bb89-57ee-4c91-9c1f-55627e89f1d3,blocks.layers.3.self_attn,2,rel_update,0.0014277650499238692
tanh,31b4bb89-57ee-4c91-9c1f-55627e89f1d3,blocks.layers.3.norm1,2,grad_l2,0.002844184542149616
tanh,31b4bb89-57ee-4c91-9c1f-55627e89f1d3,blocks.layers.3.norm1,2,rel_update,9.550705887952042e-05
tanh,31b4bb89-57ee-4c91-9c1f-55627e89f1d3,blocks.layers.2.linear2,2,grad_l2,0.030450385140302922
tanh,31b4bb89-57ee-4c91-9c1f-55627e89f1d3,blocks.layers.2.linear2,2,rel_update,0.0014989854425463784
tanh,31b4bb89-57ee-4c91-9c1f-55627e89f1d3,blocks.layers.2.linear1,2,grad_l2,0.030277726643367486
tanh,31b4bb89-57ee-4c91-9c1f-55627e89f1d3,blocks.layers.2.linear1,2,rel_update,0.0014798096091779322
tanh,31b4bb89-57ee-4c91-9c1f-55627e89f1d3,blocks.layers.2.norm2,2,grad_l2,0.0029051783622166577
tanh,31b4bb89-57ee-4c91-9c1f-55627e89f1d3,blocks.layers.2.norm2,2,rel_update,0.00010690579470714137
tanh,31b4bb89-57ee-4c91-9c1f-55627e89f1d3,blocks.layers.2.self_attn,2,grad_l2,0.03252960914215796
tanh,31b4bb89-57ee-4c91-9c1f-55627e89f1d3,blocks.layers.2.self_attn,2,rel_update,0.0016442212455108733
tanh,31b4bb89-57ee-4c91-9c1f-55627e89f1d3,blocks.layers.2.norm1,2,grad_l2,0.00337535588808121
tanh,31b4bb89-57ee-4c91-9c1f-55627e89f1d3,blocks.layers.2.norm1,2,rel_update,0.00010899780324563884
tanh,31b4bb89-57ee-4c91-9c1f-55627e89f1d3,blocks.layers.1.linear2,2,grad_l2,0.03724233144942889
tanh,31b4bb89-57ee-4c91-9c1f-55627e89f1d3,blocks.layers.1.linear2,2,rel_update,0.0018261086425744334
tanh,31b4bb89-57ee-4c91-9c1f-55627e89f1d3,blocks.layers.1.linear1,2,grad_l2,0.03601946592248146
tanh,31b4bb89-57ee-4c91-9c1f-55627e89f1d3,blocks.layers.1.linear1,2,rel_update,0.0017574033403852188
tanh,31b4bb89-57ee-4c91-9c1f-55627e89f1d3,blocks.layers.1.norm2,2,grad_l2,0.003898915606533622
tanh,31b4bb89-57ee-4c91-9c1f-55627e89f1d3,blocks.layers.1.norm2,2,rel_update,0.00013811809511731844
tanh,31b4bb89-57ee-4c91-9c1f-55627e89f1d3,blocks.layers.1.self_attn,2,grad_l2,0.03652678376003947
tanh,31b4bb89-57ee-4c91-9c1f-55627e89f1d3,blocks.layers.1.self_attn,2,rel_update,0.0018443435108318495
tanh,31b4bb89-57ee-4c91-9c1f-55627e89f1d3,blocks.layers.1.norm1,2,grad_l2,0.004528071978280585
tanh,31b4bb89-57ee-4c91-9c1f-55627e89f1d3,blocks.layers.1.norm1,2,rel_update,0.00012306775469289762
tanh,31b4bb89-57ee-4c91-9c1f-55627e89f1d3,blocks.layers.0.linear2,2,grad_l2,0.052832431421514024
tanh,31b4bb89-57ee-4c91-9c1f-55627e89f1d3,blocks.layers.0.linear2,2,rel_update,0.002550071212406724
tanh,31b4bb89-57ee-4c91-9c1f-55627e89f1d3,blocks.layers.0.linear1,2,grad_l2,0.0559389056245961
tanh,31b4bb89-57ee-4c91-9c1f-55627e89f1d3,blocks.layers.0.linear1,2,rel_update,0.002708157232934614
tanh,31b4bb89-57ee-4c91-9c1f-55627e89f1d3,blocks.layers.0.norm2,2,grad_l2,0.008737583108774887
tanh,31b4bb89-57ee-4c91-9c1f-55627e89f1d3,blocks.layers.0.norm2,2,rel_update,0.0002788657381832969
tanh,31b4bb89-57ee-4c91-9c1f-55627e89f1d3,blocks.layers.0.self_attn,2,grad_l2,0.1188420219925933
tanh,31b4bb89-57ee-4c91-9c1f-55627e89f1d3,blocks.layers.0.self_attn,2,rel_update,0.005879067460529781
tanh,31b4bb89-57ee-4c91-9c1f-55627e89f1d3,blocks.layers.0.norm1,2,grad_l2,0.021608071958095096
tanh,31b4bb89-57ee-4c91-9c1f-55627e89f1d3,blocks.layers.0.norm1,2,rel_update,0.00035145210070699297
tanh,31b4bb89-57ee-4c91-9c1f-55627e89f1d3,lm_head,3,grad_l2,0.4237942388049224
tanh,31b4bb89-57ee-4c91-9c1f-55627e89f1d3,lm_head,3,rel_update,0.009945807038872505
tanh,31b4bb89-57ee-4c91-9c1f-55627e89f1d3,final_norm,3,grad_l2,0.030953539912080597
tanh,31b4bb89-57ee-4c91-9c1f-55627e89f1d3,final_norm,3,rel_update,0.0013766130391534015
tanh,31b4bb89-57ee-4c91-9c1f-55627e89f1d3,blocks.layers.3.linear2,3,grad_l2,0.0317494275306509
tanh,31b4bb89-57ee-4c91-9c1f-55627e89f1d3,blocks.layers.3.linear2,3,rel_update,0.0015656962736464721
tanh,31b4bb89-57ee-4c91-9c1f-55627e89f1d3,blocks.layers.3.linear1,3,grad_l2,0.031220216681691886
tanh,31b4bb89-57ee-4c91-9c1f-55627e89f1d3,blocks.layers.3.linear1,3,rel_update,0.0015244907625203996
tanh,31b4bb89-57ee-4c91-9c1f-55627e89f1d3,blocks.layers.3.norm2,3,grad_l2,0.003017886908927938
tanh,31b4bb89-57ee-4c91-9c1f-55627e89f1d3,blocks.layers.3.norm2,3,rel_update,0.00011558942020468342
tanh,31b4bb89-57ee-4c91-9c1f-55627e89f1d3,blocks.layers.3.self_attn,3,grad_l2,0.030275691879912553
tanh,31b4bb89-57ee-4c91-9c1f-55627e89f1d3,blocks.layers.3.self_attn,3,rel_update,0.0015250023978240566
tanh,31b4bb89-57ee-4c91-9c1f-55627e89f1d3,blocks.layers.3.norm1,3,grad_l2,0.0030605397874134306
tanh,31b4bb89-57ee-4c91-9c1f-55627e89f1d3,blocks.layers.3.norm1,3,rel_update,0.00010374994089789334
tanh,31b4bb89-57ee-4c91-9c1f-55627e89f1d3,blocks.layers.2.linear2,3,grad_l2,0.0334400316487911
tanh,31b4bb89-57ee-4c91-9c1f-55627e89f1d3,blocks.layers.2.linear2,3,rel_update,0.0016482076712667376
tanh,31b4bb89-57ee-4c91-9c1f-55627e89f1d3,blocks.layers.2.linear1,3,grad_l2,0.03163972936277434
tanh,31b4bb89-57ee-4c91-9c1f-55627e89f1d3,blocks.layers.2.linear1,3,rel_update,0.0015418803680428154
tanh,31b4bb89-57ee-4c91-9c1f-55627e89f1d3,blocks.layers.2.norm2,3,grad_l2,0.0030385526569964207
tanh,31b4bb89-57ee-4c91-9c1f-55627e89f1d3,blocks.layers.2.norm2,3,rel_update,0.00011257068881708135
tanh,31b4bb89-57ee-4c91-9c1f-55627e89f1d3,blocks.layers.2.self_attn,3,grad_l2,0.03340076659687664
tanh,31b4bb89-57ee-4c91-9c1f-55627e89f1d3,blocks.layers.2.self_attn,3,rel_update,0.001685385265880244
tanh,31b4bb89-57ee-4c91-9c1f-55627e89f1d3,blocks.layers.2.norm1,3,grad_l2,0.0034341267343604527
tanh,31b4bb89-57ee-4c91-9c1f-55627e89f1d3,blocks.layers.2.norm1,3,rel_update,0.00011205771099750153
tanh,31b4bb89-57ee-4c91-9c1f-55627e89f1d3,blocks.layers.1.linear2,3,grad_l2,0.039794170797079
tanh,31b4bb89-57ee-4c91-9c1f-55627e89f1d3,blocks.layers.1.linear2,3,rel_update,0.0019535759490891826
tanh,31b4bb89-57ee-4c91-9c1f-55627e89f1d3,blocks.layers.1.linear1,3,grad_l2,0.037114129473913626
tanh,31b4bb89-57ee-4c91-9c1f-55627e89f1d3,blocks.layers.1.linear1,3,rel_update,0.0018065427849266362
tanh,31b4bb89-57ee-4c91-9c1f-55627e89f1d3,blocks.layers.1.norm2,3,grad_l2,0.003950816385966941
tanh,31b4bb89-57ee-4c91-9c1f-55627e89f1d3,blocks.layers.1.norm2,3,rel_update,0.00014253394017808962
tanh,31b4bb89-57ee-4c91-9c1f-55627e89f1d3,blocks.layers.1.self_attn,3,grad_l2,0.038002458072605085
tanh,31b4bb89-57ee-4c91-9c1f-55627e89f1d3,blocks.layers.1.self_attn,3,rel_update,0.0019174391860061575
tanh,31b4bb89-57ee-4c91-9c1f-55627e89f1d3,blocks.layers.1.norm1,3,grad_l2,0.0046003846901534785
tanh,31b4bb89-57ee-4c91-9c1f-55627e89f1d3,blocks.layers.1.norm1,3,rel_update,0.0001295591364414042
tanh,31b4bb89-57ee-4c91-9c1f-55627e89f1d3,blocks.layers.0.linear2,3,grad_l2,0.05584991503976337
tanh,31b4bb89-57ee-4c91-9c1f-55627e89f1d3,blocks.layers.0.linear2,3,rel_update,0.0026823446873867115
tanh,31b4bb89-57ee-4c91-9c1f-55627e89f1d3,blocks.layers.0.linear1,3,grad_l2,0.05945230679799168
tanh,31b4bb89-57ee-4c91-9c1f-55627e89f1d3,blocks.layers.0.linear1,3,rel_update,0.0028650589432571557
tanh,31b4bb89-57ee-4c91-9c1f-55627e89f1d3,blocks.layers.0.norm2,3,grad_l2,0.009225871237944966
tanh,31b4bb89-57ee-4c91-9c1f-55627e89f1d3,blocks.layers.0.norm2,3,rel_update,0.000305386836771653
tanh,31b4bb89-57ee-4c91-9c1f-55627e89f1d3,blocks.layers.0.self_attn,3,grad_l2,0.13205038214093626
tanh,31b4bb89-57ee-4c91-9c1f-55627e89f1d3,blocks.layers.0.self_attn,3,rel_update,0.006525852804845757
tanh,31b4bb89-57ee-4c91-9c1f-55627e89f1d3,blocks.layers.0.norm1,3,grad_l2,0.023424668691950992
tanh,31b4bb89-57ee-4c91-9c1f-55627e89f1d3,blocks.layers.0.norm1,3,rel_update,0.0003930854381189648
tanh,31b4bb89-57ee-4c91-9c1f-55627e89f1d3,lm_head,4,grad_l2,0.3906131749369496
tanh,31b4bb89-57ee-4c91-9c1f-55627e89f1d3,lm_head,4,rel_update,0.008241924666759172
tanh,31b4bb89-57ee-4c91-9c1f-55627e89f1d3,final_norm,4,grad_l2,0.029018240200220865
tanh,31b4bb89-57ee-4c91-9c1f-55627e89f1d3,final_norm,4,rel_update,0.0012824797638866182
tanh,31b4bb89-57ee-4c91-9c1f-55627e89f1d3,blocks.layers.3.linear2,4,grad_l2,0.034808871572954904
tanh,31b4bb89-57ee-4c91-9c1f-55627e89f1d3,blocks.layers.3.linear2,4,rel_update,0.0017186171158692194
tanh,31b4bb89-57ee-4c91-9c1f-55627e89f1d3,blocks.layers.3.linear1,4,grad_l2,0.03328681906603243
tanh,31b4bb89-57ee-4c91-9c1f-55627e89f1d3,blocks.layers.3.linear1,4,rel_update,0.0016208308670076098
tanh,31b4bb89-57ee-4c91-9c1f-55627e89f1d3,blocks.layers.3.norm2,4,grad_l2,0.003395709925647557
tanh,31b4bb89-57ee-4c91-9c1f-55627e89f1d3,blocks.layers.3.norm2,4,rel_update,0.00013114578980916544
tanh,31b4bb89-57ee-4c91-9c1f-55627e89f1d3,blocks.layers.3.self_attn,4,grad_l2,0.031374877324754184
tanh,31b4bb89-57ee-4c91-9c1f-55627e89f1d3,blocks.layers.3.self_attn,4,rel_update,0.0015768691351468734
tanh,31b4bb89-57ee-4c91-9c1f-55627e89f1d3,blocks.layers.3.norm1,4,grad_l2,0.0031819446407121113
tanh,31b4bb89-57ee-4c91-9c1f-55627e89f1d3,blocks.layers.3.norm1,4,rel_update,0.00010989433039035288
tanh,31b4bb89-57ee-4c91-9c1f-55627e89f1d3,blocks.layers.2.linear2,4,grad_l2,0.03533693495482699
tanh,31b4bb89-57ee-4c91-9c1f-55627e89f1d3,blocks.layers.2.linear2,4,rel_update,0.0017439323003006386
tanh,31b4bb89-57ee-4c91-9c1f-55627e89f1d3,blocks.layers.2.linear1,4,grad_l2,0.03237518333230792
tanh,31b4bb89-57ee-4c91-9c1f-55627e89f1d3,blocks.layers.2.linear1,4,rel_update,0.001573673002211386
tanh,31b4bb89-57ee-4c91-9c1f-55627e89f1d3,blocks.layers.2.norm2,4,grad_l2,0.003087922706526856
tanh,31b4bb89-57ee-4c91-9c1f-55627e89f1d3,blocks.layers.2.norm2,4,rel_update,0.00011533446142407747
tanh,31b4bb89-57ee-4c91-9c1f-55627e89f1d3,blocks.layers.2.self_attn,4,grad_l2,0.03385914873438883
tanh,31b4bb89-57ee-4c91-9c1f-55627e89f1d3,blocks.layers.2.self_attn,4,rel_update,0.0017059294613129613
tanh,31b4bb89-57ee-4c91-9c1f-55627e89f1d3,blocks.layers.2.norm1,4,grad_l2,0.0034388389054836443
tanh,31b4bb89-57ee-4c91-9c1f-55627e89f1d3,blocks.layers.2.norm1,4,rel_update,0.00011434201453533745
tanh,31b4bb89-57ee-4c91-9c1f-55627e89f1d3,blocks.layers.1.linear2,4,grad_l2,0.04149906200924922
tanh,31b4bb89-57ee-4c91-9c1f-55627e89f1d3,blocks.layers.1.linear2,4,rel_update,0.002039940199492378
tanh,31b4bb89-57ee-4c91-9c1f-55627e89f1d3,blocks.layers.1.linear1,4,grad_l2,0.0378276481179837
tanh,31b4bb89-57ee-4c91-9c1f-55627e89f1d3,blocks.layers.1.linear1,4,rel_update,0.0018373492115901543
tanh,31b4bb89-57ee-4c91-9c1f-55627e89f1d3,blocks.layers.1.norm2,4,grad_l2,0.003963066340215584
tanh,31b4bb89-57ee-4c91-9c1f-55627e89f1d3,blocks.layers.1.norm2,4,rel_update,0.00014520648295276414
tanh,31b4bb89-57ee-4c91-9c1f-55627e89f1d3,blocks.layers.1.self_attn,4,grad_l2,0.03925596940139049
tanh,31b4bb89-57ee-4c91-9c1f-55627e89f1d3,blocks.layers.1.self_attn,4,rel_update,0.001979227708469275
tanh,31b4bb89-57ee-4c91-9c1f-55627e89f1d3,blocks.layers.1.norm1,4,grad_l2,0.004638663890411693
tanh,31b4bb89-57ee-4c91-9c1f-55627e89f1d3,blocks.layers.1.norm1,4,rel_update,0.0001354193449950341
tanh,31b4bb89-57ee-4c91-9c1f-55627e89f1d3,blocks.layers.0.linear2,4,grad_l2,0.0582176690681394
tanh,31b4bb89-57ee-4c91-9c1f-55627e89f1d3,blocks.layers.0.linear2,4,rel_update,0.0027836196043816907
tanh,31b4bb89-57ee-4c91-9c1f-55627e89f1d3,blocks.layers.0.linear1,4,grad_l2,0.06232666989847238
tanh,31b4bb89-57ee-4c91-9c1f-55627e89f1d3,blocks.layers.0.linear1,4,rel_update,0.0029906104104129557
tanh,31b4bb89-57ee-4c91-9c1f-55627e89f1d3,blocks.layers.0.norm2,4,grad_l2,0.009531336899167613
tanh,31b4bb89-57ee-4c91-9c1f-55627e89f1d3,blocks.layers.0.norm2,4,rel_update,0.00032538120040969125
tanh,31b4bb89-57ee-4c91-9c1f-55627e89f1d3,blocks.layers.0.self_attn,4,grad_l2,0.14347307692718228
tanh,31b4bb89-57ee-4c91-9c1f-55627e89f1d3,blocks.layers.0.self_attn,4,rel_update,0.007066178092742881
tanh,31b4bb89-57ee-4c91-9c1f-55627e89f1d3,blocks.layers.0.norm1,4,grad_l2,0.02472583921586883
tanh,31b4bb89-57ee-4c91-9c1f-55627e89f1d3,blocks.layers.0.norm1,4,rel_update,0.00043058161232268196
tanh,31b4bb89-57ee-4c91-9c1f-55627e89f1d3,lm_head,5,grad_l2,0.36880986991726206
tanh,31b4bb89-57ee-4c91-9c1f-55627e89f1d3,lm_head,5,rel_update,0.007093834978169551
tanh,31b4bb89-57ee-4c91-9c1f-55627e89f1d3,final_norm,5,grad_l2,0.027771698664310396
tanh,31b4bb89-57ee-4c91-9c1f-55627e89f1d3,final_norm,5,rel_update,0.0012194594817766604
tanh,31b4bb89-57ee-4c91-9c1f-55627e89f1d3,blocks.layers.3.linear2,5,grad_l2,0.03707551894434205
tanh,31b4bb89-57ee-4c91-9c1f-55627e89f1d3,blocks.layers.3.linear2,5,rel_update,0.001832527116957025
tanh,31b4bb89-57ee-4c91-9c1f-55627e89f1d3,blocks.layers.3.linear1,5,grad_l2,0.034779950155423435
tanh,31b4bb89-57ee-4c91-9c1f-55627e89f1d3,blocks.layers.3.linear1,5,rel_update,0.0016895339369663812
tanh,31b4bb89-57ee-4c91-9c1f-55627e89f1d3,blocks.layers.3.norm2,5,grad_l2,0.0037147432687872524
tanh,31b4bb89-57ee-4c91-9c1f-55627e89f1d3,blocks.layers.3.norm2,5,rel_update,0.00014435513579590987
tanh,31b4bb89-57ee-4c91-9c1f-55627e89f1d3,blocks.layers.3.self_attn,5,grad_l2,0.03242384842538548
tanh,31b4bb89-57ee-4c91-9c1f-55627e89f1d3,blocks.layers.3.self_attn,5,rel_update,0.0016260969965310262
tanh,31b4bb89-57ee-4c91-9c1f-55627e89f1d3,blocks.layers.3.norm1,5,grad_l2,0.0032909501285129186
tanh,31b4bb89-57ee-4c91-9c1f-55627e89f1d3,blocks.layers.3.norm1,5,rel_update,0.00011654069160692165
tanh,31b4bb89-57ee-4c91-9c1f-55627e89f1d3,blocks.layers.2.linear2,5,grad_l2,0.036768785755399006
tanh,31b4bb89-57ee-4c91-9c1f-55627e89f1d3,blocks.layers.2.linear2,5,rel_update,0.00181681915232644
tanh,31b4bb89-57ee-4c91-9c1f-55627e89f1d3,blocks.layers.2.linear1,5,grad_l2,0.03292085549121946
tanh,31b4bb89-57ee-4c91-9c1f-55627e89f1d3,blocks.layers.2.linear1,5,rel_update,0.0015965844981773313
tanh,31b4bb89-57ee-4c91-9c1f-55627e89f1d3,blocks.layers.2.norm2,5,grad_l2,0.003101532855438735
tanh,31b4bb89-57ee-4c91-9c1f-55627e89f1d3,blocks.layers.2.norm2,5,rel_update,0.00011700637827835353
tanh,31b4bb89-57ee-4c91-9c1f-55627e89f1d3,blocks.layers.2.self_attn,5,grad_l2,0.034398533906298795
tanh,31b4bb89-57ee-4c91-9c1f-55627e89f1d3,blocks.layers.2.self_attn,5,rel_update,0.00173057034316632
tanh,31b4bb89-57ee-4c91-9c1f-55627e89f1d3,blocks.layers.2.norm1,5,grad_l2,0.0034390314581891125
tanh,31b4bb89-57ee-4c91-9c1f-55627e89f1d3,blocks.layers.2.norm1,5,rel_update,0.0001169638792950034
tanh,31b4bb89-57ee-4c91-9c1f-55627e89f1d3,blocks.layers.1.linear2,5,grad_l2,0.0429142488584977
tanh,31b4bb89-57ee-4c91-9c1f-55627e89f1d3,blocks.layers.1.linear2,5,rel_update,0.0021125116679164223
tanh,31b4bb89-57ee-4c91-9c1f-55627e89f1d3,blocks.layers.1.linear1,5,grad_l2,0.038476097889326336
tanh,31b4bb89-57ee-4c91-9c1f-55627e89f1d3,blocks.layers.1.linear1,5,rel_update,0.0018654800961232574
tanh,31b4bb89-57ee-4c91-9c1f-55627e89f1d3,blocks.layers.1.norm2,5,grad_l2,0.003952001183207956
tanh,31b4bb89-57ee-4c91-9c1f-55627e89f1d3,blocks.layers.1.norm2,5,rel_update,0.000147137381977862
tanh,31b4bb89-57ee-4c91-9c1f-55627e89f1d3,blocks.layers.1.self_attn,5,grad_l2,0.0402660970165192
tanh,31b4bb89-57ee-4c91-9c1f-55627e89f1d3,blocks.layers.1.self_attn,5,rel_update,0.0020286897260787732
tanh,31b4bb89-57ee-4c91-9c1f-55627e89f1d3,blocks.layers.1.norm1,5,grad_l2,0.004656369637236667
tanh,31b4bb89-57ee-4c91-9c1f-55627e89f1d3,blocks.layers.1.norm1,5,rel_update,0.00014000603799794867
tanh,31b4bb89-57ee-4c91-9c1f-55627e89f1d3,blocks.layers.0.linear2,5,grad_l2,0.06016639157704502
tanh,31b4bb89-57ee-4c91-9c1f-55627e89f1d3,blocks.layers.0.linear2,5,rel_update,0.0028662480506490783
tanh,31b4bb89-57ee-4c91-9c1f-55627e89f1d3,blocks.layers.0.linear1,5,grad_l2,0.06473101369446478
tanh,31b4bb89-57ee-4c91-9c1f-55627e89f1d3,blocks.layers.0.linear1,5,rel_update,0.003094444995625374
tanh,31b4bb89-57ee-4c91-9c1f-55627e89f1d3,blocks.layers.0.norm2,5,grad_l2,0.009705996728321654
tanh,31b4bb89-57ee-4c91-9c1f-55627e89f1d3,blocks.layers.0.norm2,5,rel_update,0.00034098350203438975
tanh,31b4bb89-57ee-4c91-9c1f-55627e89f1d3,blocks.layers.0.self_attn,5,grad_l2,0.1535146147777384
tanh,31b4bb89-57ee-4c91-9c1f-55627e89f1d3,blocks.layers.0.self_attn,5,rel_update,0.0075292106121983855
tanh,31b4bb89-57ee-4c91-9c1f-55627e89f1d3,blocks.layers.0.norm1,5,grad_l2,0.025501027154908054
tanh,31b4bb89-57ee-4c91-9c1f-55627e89f1d3,blocks.layers.0.norm1,5,rel_update,0.000464788840123333
tanh,31b4bb89-57ee-4c91-9c1f-55627e89f1d3,lm_head,6,grad_l2,0.3532779775389452
tanh,31b4bb89-57ee-4c91-9c1f-55627e89f1d3,lm_head,6,rel_update,0.006266908526738995
tanh,31b4bb89-57ee-4c91-9c1f-55627e89f1d3,final_norm,6,grad_l2,0.026929663097086064
tanh,31b4bb89-57ee-4c91-9c1f-55627e89f1d3,final_norm,6,rel_update,0.0011755865121437013
tanh,31b4bb89-57ee-4c91-9c1f-55627e89f1d3,blocks.layers.3.linear2,6,grad_l2,0.03876937912946036
tanh,31b4bb89-57ee-4c91-9c1f-55627e89f1d3,blocks.layers.3.linear2,6,rel_update,0.0019180232697196009
tanh,31b4bb89-57ee-4c91-9c1f-55627e89f1d3,blocks.layers.3.linear1,6,grad_l2,0.03586131169671317
tanh,31b4bb89-57ee-4c91-9c1f-55627e89f1d3,blocks.layers.3.linear1,6,rel_update,0.001738667716933647
tanh,31b4bb89-57ee-4c91-9c1f-55627e89f1d3,blocks.layers.3.norm2,6,grad_l2,0.003963020803934003
tanh,31b4bb89-57ee-4c91-9c1f-55627e89f1d3,blocks.layers.3.norm2,6,rel_update,0.00015453870016130073
tanh,31b4bb89-57ee-4c91-9c1f-55627e89f1d3,blocks.layers.3.self_attn,6,grad_l2,0.0334809000171689
tanh,31b4bb89-57ee-4c91-9c1f-55627e89f1d3,blocks.layers.3.self_attn,6,rel_update,0.0016757725026409207
tanh,31b4bb89-57ee-4c91-9c1f-55627e89f1d3,blocks.layers.3.norm1,6,grad_l2,0.0034107167630361064
tanh,31b4bb89-57ee-4c91-9c1f-55627e89f1d3,blocks.layers.3.norm1,6,rel_update,0.00012361447035056682
tanh,31b4bb89-57ee-4c91-9c1f-55627e89f1d3,blocks.layers.2.linear2,6,grad_l2,0.03793226192029344
tanh,31b4bb89-57ee-4c91-9c1f-55627e89f1d3,blocks.layers.2.linear2,6,rel_update,0.00187640712273227
tanh,31b4bb89-57ee-4c91-9c1f-55627e89f1d3,blocks.layers.2.linear1,6,grad_l2,0.03341386485900611
tanh,31b4bb89-57ee-4c91-9c1f-55627e89f1d3,blocks.layers.2.linear1,6,rel_update,0.0016173443221057717
tanh,31b4bb89-57ee-4c91-9c1f-55627e89f1d3,blocks.layers.2.norm2,6,grad_l2,0.003102849341884569
tanh,31b4bb89-57ee-4c91-9c1f-55627e89f1d3,blocks.layers.2.norm2,6,rel_update,0.00011810490524723043
tanh,31b4bb89-57ee-4c91-9c1f-55627e89f1d3,blocks.layers.2.self_attn,6,grad_l2,0.03494851523873546
tanh,31b4bb89-57ee-4c91-9c1f-55627e89f1d3,blocks.layers.2.self_attn,6,rel_update,0.0017558850691311821
tanh,31b4bb89-57ee-4c91-9c1f-55627e89f1d3,blocks.layers.2.norm1,6,grad_l2,0.0034478701567217827
tanh,31b4bb89-57ee-4c91-9c1f-55627e89f1d3,blocks.layers.2.norm1,6,rel_update,0.0001198787294701265
tanh,31b4bb89-57ee-4c91-9c1f-55627e89f1d3,blocks.layers.1.linear2,6,grad_l2,0.04413811197026177
tanh,31b4bb89-57ee-4c91-9c1f-55627e89f1d3,blocks.layers.1.linear2,6,rel_update,0.002175790854379752
tanh,31b4bb89-57ee-4c91-9c1f-55627e89f1d3,blocks.layers.1.linear1,6,grad_l2,0.03910667584931824
tanh,31b4bb89-57ee-4c91-9c1f-55627e89f1d3,blocks.layers.1.linear1,6,rel_update,0.0018932421105760946
tanh,31b4bb89-57ee-4c91-9c1f-55627e89f1d3,blocks.layers.1.norm2,6,grad_l2,0.003939560851999492
tanh,31b4bb89-57ee-4c91-9c1f-55627e89f1d3,blocks.layers.1.norm2,6,rel_update,0.0001487851881167007
tanh,31b4bb89-57ee-4c91-9c1f-55627e89f1d3,blocks.layers.1.self_attn,6,grad_l2,0.04110908390771325
tanh,31b4bb89-57ee-4c91-9c1f-55627e89f1d3,blocks.layers.1.self_attn,6,rel_update,0.0020697176974877837
tanh,31b4bb89-57ee-4c91-9c1f-55627e89f1d3,blocks.layers.1.norm1,6,grad_l2,0.004668964032982997
tanh,31b4bb89-57ee-4c91-9c1f-55627e89f1d3,blocks.layers.1.norm1,6,rel_update,0.00014369474241284418
tanh,31b4bb89-57ee-4c91-9c1f-55627e89f1d3,blocks.layers.0.linear2,6,grad_l2,0.06184868029423353
tanh,31b4bb89-57ee-4c91-9c1f-55627e89f1d3,blocks.layers.0.linear2,6,rel_update,0.00293786867810511
tanh,31b4bb89-57ee-4c91-9c1f-55627e89f1d3,blocks.layers.0.linear1,6,grad_l2,0.06679785045060731
tanh,31b4bb89-57ee-4c91-9c1f-55627e89f1d3,blocks.layers.0.linear1,6,rel_update,0.0031834749683969615
tanh,31b4bb89-57ee-4c91-9c1f-55627e89f1d3,blocks.layers.0.norm2,6,grad_l2,0.009847171804684992
tanh,31b4bb89-57ee-4c91-9c1f-55627e89f1d3,blocks.layers.0.norm2,6,rel_update,0.0003542719114150782
tanh,31b4bb89-57ee-4c91-9c1f-55627e89f1d3,blocks.layers.0.self_attn,6,grad_l2,0.1626094236769476
tanh,31b4bb89-57ee-4c91-9c1f-55627e89f1d3,blocks.layers.0.self_attn,6,rel_update,0.00794038374640315
tanh,31b4bb89-57ee-4c91-9c1f-55627e89f1d3,blocks.layers.0.norm1,6,grad_l2,0.026044309677626328
tanh,31b4bb89-57ee-4c91-9c1f-55627e89f1d3,blocks.layers.0.norm1,6,rel_update,0.0004960363042442191
tanh,31b4bb89-57ee-4c91-9c1f-55627e89f1d3,lm_head,7,grad_l2,0.34143537580569233
tanh,31b4bb89-57ee-4c91-9c1f-55627e89f1d3,lm_head,7,rel_update,0.005642562158306422
tanh,31b4bb89-57ee-4c91-9c1f-55627e89f1d3,final_norm,7,grad_l2,0.026277428537015816
tanh,31b4bb89-57ee-4c91-9c1f-55627e89f1d3,final_norm,7,rel_update,0.0011437764462186415
tanh,31b4bb89-57ee-4c91-9c1f-55627e89f1d3,blocks.layers.3.linear2,7,grad_l2,0.039783176465074455
tanh,31b4bb89-57ee-4c91-9c1f-55627e89f1d3,blocks.layers.3.linear2,7,rel_update,0.0019697076410664263
tanh,31b4bb89-57ee-4c91-9c1f-55627e89f1d3,blocks.layers.3.linear1,7,grad_l2,0.03648391595296593
tanh,31b4bb89-57ee-4c91-9c1f-55627e89f1d3,blocks.layers.3.linear1,7,rel_update,0.0017662291366634705
tanh,31b4bb89-57ee-4c91-9c1f-55627e89f1d3,blocks.layers.3.norm2,7,grad_l2,0.004090484331567867
tanh,31b4bb89-57ee-4c91-9c1f-55627e89f1d3,blocks.layers.3.norm2,7,rel_update,0.00016103396311129787
tanh,31b4bb89-57ee-4c91-9c1f-55627e89f1d3,blocks.layers.3.self_attn,7,grad_l2,0.03406969776563548
tanh,31b4bb89-57ee-4c91-9c1f-55627e89f1d3,blocks.layers.3.self_attn,7,rel_update,0.0017025516750798603
tanh,31b4bb89-57ee-4c91-9c1f-55627e89f1d3,blocks.layers.3.norm1,7,grad_l2,0.003457831000948517
tanh,31b4bb89-57ee-4c91-9c1f-55627e89f1d3,blocks.layers.3.norm1,7,rel_update,0.00012796164023400205
tanh,31b4bb89-57ee-4c91-9c1f-55627e89f1d3,blocks.layers.2.linear2,7,grad_l2,0.03867555061088576
tanh,31b4bb89-57ee-4c91-9c1f-55627e89f1d3,blocks.layers.2.linear2,7,rel_update,0.001915026531586778
tanh,31b4bb89-57ee-4c91-9c1f-55627e89f1d3,blocks.layers.2.linear1,7,grad_l2,0.03373517410785536
tanh,31b4bb89-57ee-4c91-9c1f-55627e89f1d3,blocks.layers.2.linear1,7,rel_update,0.0016303720286992317
tanh,31b4bb89-57ee-4c91-9c1f-55627e89f1d3,blocks.layers.2.norm2,7,grad_l2,0.0030801888843369
tanh,31b4bb89-57ee-4c91-9c1f-55627e89f1d3,blocks.layers.2.norm2,7,rel_update,0.00011854956437967893
tanh,31b4bb89-57ee-4c91-9c1f-55627e89f1d3,blocks.layers.2.self_attn,7,grad_l2,0.0353036618595351
tanh,31b4bb89-57ee-4c91-9c1f-55627e89f1d3,blocks.layers.2.self_attn,7,rel_update,0.001771809097689293
tanh,31b4bb89-57ee-4c91-9c1f-55627e89f1d3,blocks.layers.2.norm1,7,grad_l2,0.0034359800337530185
tanh,31b4bb89-57ee-4c91-9c1f-55627e89f1d3,blocks.layers.2.norm1,7,rel_update,0.00012195648946628008
tanh,31b4bb89-57ee-4c91-9c1f-55627e89f1d3,blocks.layers.1.linear2,7,grad_l2,0.044990326322277986
tanh,31b4bb89-57ee-4c91-9c1f-55627e89f1d3,blocks.layers.1.linear2,7,rel_update,0.0022206125713288964
tanh,31b4bb89-57ee-4c91-9c1f-55627e89f1d3,blocks.layers.1.linear1,7,grad_l2,0.03957384965161808
tanh,31b4bb89-57ee-4c91-9c1f-55627e89f1d3,blocks.layers.1.linear1,7,rel_update,0.0019137006409621544
tanh,31b4bb89-57ee-4c91-9c1f-55627e89f1d3,blocks.layers.1.norm2,7,grad_l2,0.0039048149202697735
tanh,31b4bb89-57ee-4c91-9c1f-55627e89f1d3,blocks.layers.1.norm2,7,rel_update,0.0001497480924947293
tanh,31b4bb89-57ee-4c91-9c1f-55627e89f1d3,blocks.layers.1.self_attn,7,grad_l2,0.041676096842426305
tanh,31b4bb89-57ee-4c91-9c1f-55627e89f1d3,blocks.layers.1.self_attn,7,rel_update,0.002097203898130008
tanh,31b4bb89-57ee-4c91-9c1f-55627e89f1d3,blocks.layers.1.norm1,7,grad_l2,0.004640981031728282
tanh,31b4bb89-57ee-4c91-9c1f-55627e89f1d3,blocks.layers.1.norm1,7,rel_update,0.0001461067693832231
tanh,31b4bb89-57ee-4c91-9c1f-55627e89f1d3,blocks.layers.0.linear2,7,grad_l2,0.06312879008899053
tanh,31b4bb89-57ee-4c91-9c1f-55627e89f1d3,blocks.layers.0.linear2,7,rel_update,0.0029922138330527102
tanh,31b4bb89-57ee-4c91-9c1f-55627e89f1d3,blocks.layers.0.linear1,7,grad_l2,0.06842224861875726
tanh,31b4bb89-57ee-4c91-9c1f-55627e89f1d3,blocks.layers.0.linear1,7,rel_update,0.0032531515350335003
tanh,31b4bb89-57ee-4c91-9c1f-55627e89f1d3,blocks.layers.0.norm2,7,grad_l2,0.009896565843933594
tanh,31b4bb89-57ee-4c91-9c1f-55627e89f1d3,blocks.layers.0.norm2,7,rel_update,0.0003642886758486768
tanh,31b4bb89-57ee-4c91-9c1f-55627e89f1d3,blocks.layers.0.self_attn,7,grad_l2,0.17015548919173412
tanh,31b4bb89-57ee-4c91-9c1f-55627e89f1d3,blocks.layers.0.self_attn,7,rel_update,0.008278347931962662
tanh,31b4bb89-57ee-4c91-9c1f-55627e89f1d3,blocks.layers.0.norm1,7,grad_l2,0.02624648595724524
tanh,31b4bb89-57ee-4c91-9c1f-55627e89f1d3,blocks.layers.0.norm1,7,rel_update,0.0005222610214123002
tanh,31b4bb89-57ee-4c91-9c1f-55627e89f1d3,lm_head,8,grad_l2,0.33210729174507425
tanh,31b4bb89-57ee-4c91-9c1f-55627e89f1d3,lm_head,8,rel_update,0.0051551266130626565
tanh,31b4bb89-57ee-4c91-9c1f-55627e89f1d3,final_norm,8,grad_l2,0.025770936579698454
tanh,31b4bb89-57ee-4c91-9c1f-55627e89f1d3,final_norm,8,rel_update,0.0011206871370181297
tanh,31b4bb89-57ee-4c91-9c1f-55627e89f1d3,blocks.layers.3.linear2,8,grad_l2,0.040323433181110195
tanh,31b4bb89-57ee-4c91-9c1f-55627e89f1d3,blocks.layers.3.linear2,8,rel_update,0.00199772320262252
tanh,31b4bb89-57ee-4c91-9c1f-55627e89f1d3,blocks.layers.3.linear1,8,grad_l2,0.03681600699616737
tanh,31b4bb89-57ee-4c91-9c1f-55627e89f1d3,blocks.layers.3.linear1,8,rel_update,0.0017803118562409732
tanh,31b4bb89-57ee-4c91-9c1f-55627e89f1d3,blocks.layers.3.norm2,8,grad_l2,0.004133078827412229
tanh,31b4bb89-57ee-4c91-9c1f-55627e89f1d3,blocks.layers.3.norm2,8,rel_update,0.00016474366535522832
tanh,31b4bb89-57ee-4c91-9c1f-55627e89f1d3,blocks.layers.3.self_attn,8,grad_l2,0.03446690047751701
tanh,31b4bb89-57ee-4c91-9c1f-55627e89f1d3,blocks.layers.3.self_attn,8,rel_update,0.001720246490168125
tanh,31b4bb89-57ee-4c91-9c1f-55627e89f1d3,blocks.layers.3.norm1,8,grad_l2,0.003477639592900206
tanh,31b4bb89-57ee-4c91-9c1f-55627e89f1d3,blocks.layers.3.norm1,8,rel_update,0.00013123753404444861
tanh,31b4bb89-57ee-4c91-9c1f-55627e89f1d3,blocks.layers.2.linear2,8,grad_l2,0.039144672822212484
tanh,31b4bb89-57ee-4c91-9c1f-55627e89f1d3,blocks.layers.2.linear2,8,rel_update,0.00193981317343068
tanh,31b4bb89-57ee-4c91-9c1f-55627e89f1d3,blocks.layers.2.linear1,8,grad_l2,0.03394703933813333
tanh,31b4bb89-57ee-4c91-9c1f-55627e89f1d3,blocks.layers.2.linear1,8,rel_update,0.0016386141953337009
tanh,31b4bb89-57ee-4c91-9c1f-55627e89f1d3,blocks.layers.2.norm2,8,grad_l2,0.003048209288317026
tanh,31b4bb89-57ee-4c91-9c1f-55627e89f1d3,blocks.layers.2.norm2,8,rel_update,0.00011866041061601084
tanh,31b4bb89-57ee-4c91-9c1f-55627e89f1d3,blocks.layers.2.self_attn,8,grad_l2,0.03551063789515464
tanh,31b4bb89-57ee-4c91-9c1f-55627e89f1d3,blocks.layers.2.self_attn,8,rel_update,0.0017806627956021013
tanh,31b4bb89-57ee-4c91-9c1f-55627e89f1d3,blocks.layers.2.norm1,8,grad_l2,0.003412881218719818
tanh,31b4bb89-57ee-4c91-9c1f-55627e89f1d3,blocks.layers.2.norm1,8,rel_update,0.00012336360046931655
tanh,31b4bb89-57ee-4c91-9c1f-55627e89f1d3,blocks.layers.1.linear2,8,grad_l2,0.04558402491373713
tanh,31b4bb89-57ee-4c91-9c1f-55627e89f1d3,blocks.layers.1.linear2,8,rel_update,0.002252328920753983
tanh,31b4bb89-57ee-4c91-9c1f-55627e89f1d3,blocks.layers.1.linear1,8,grad_l2,0.03991958011965128
tanh,31b4bb89-57ee-4c91-9c1f-55627e89f1d3,blocks.layers.1.linear1,8,rel_update,0.0019287510397622326
tanh,31b4bb89-57ee-4c91-9c1f-55627e89f1d3,blocks.layers.1.norm2,8,grad_l2,0.0038679340845275342
tanh,31b4bb89-57ee-4c91-9c1f-55627e89f1d3,blocks.layers.1.norm2,8,rel_update,0.0001503288493088508
tanh,31b4bb89-57ee-4c91-9c1f-55627e89f1d3,blocks.layers.1.self_attn,8,grad_l2,0.04204790502408215
tanh,31b4bb89-57ee-4c91-9c1f-55627e89f1d3,blocks.layers.1.self_attn,8,rel_update,0.0021151035701715763
tanh,31b4bb89-57ee-4c91-9c1f-55627e89f1d3,blocks.layers.1.norm1,8,grad_l2,0.0045966453017270755
tanh,31b4bb89-57ee-4c91-9c1f-55627e89f1d3,blocks.layers.1.norm1,8,rel_update,0.00014762538504617704
tanh,31b4bb89-57ee-4c91-9c1f-55627e89f1d3,blocks.layers.0.linear2,8,grad_l2,0.06407821264126579
tanh,31b4bb89-57ee-4c91-9c1f-55627e89f1d3,blocks.layers.0.linear2,8,rel_update,0.003032318409397269
tanh,31b4bb89-57ee-4c91-9c1f-55627e89f1d3,blocks.layers.0.linear1,8,grad_l2,0.06968216184114583
tanh,31b4bb89-57ee-4c91-9c1f-55627e89f1d3,blocks.layers.0.linear1,8,rel_update,0.0033070050083607973
tanh,31b4bb89-57ee-4c91-9c1f-55627e89f1d3,blocks.layers.0.norm2,8,grad_l2,0.009900032432775024
tanh,31b4bb89-57ee-4c91-9c1f-55627e89f1d3,blocks.layers.0.norm2,8,rel_update,0.00037178104186115615
tanh,31b4bb89-57ee-4c91-9c1f-55627e89f1d3,blocks.layers.0.self_attn,8,grad_l2,0.17617608449171993
tanh,31b4bb89-57ee-4c91-9c1f-55627e89f1d3,blocks.layers.0.self_attn,8,rel_update,0.008546239118831508
tanh,31b4bb89-57ee-4c91-9c1f-55627e89f1d3,blocks.layers.0.norm1,8,grad_l2,0.026311454608561737
tanh,31b4bb89-57ee-4c91-9c1f-55627e89f1d3,blocks.layers.0.norm1,8,rel_update,0.0005442524691450523
tanh,31b4bb89-57ee-4c91-9c1f-55627e89f1d3,lm_head,9,grad_l2,0.32451613621779607
tanh,31b4bb89-57ee-4c91-9c1f-55627e89f1d3,lm_head,9,rel_update,0.004764234686987467
tanh,31b4bb89-57ee-4c91-9c1f-55627e89f1d3,final_norm,9,grad_l2,0.025374072135965264
tanh,31b4bb89-57ee-4c91-9c1f-55627e89f1d3,final_norm,9,rel_update,0.0011037381088166791
tanh,31b4bb89-57ee-4c91-9c1f-55627e89f1d3,blocks.layers.3.linear2,9,grad_l2,0.04062241908896658
tanh,31b4bb89-57ee-4c91-9c1f-55627e89f1d3,blocks.layers.3.linear2,9,rel_update,0.0020135891280552392
tanh,31b4bb89-57ee-4c91-9c1f-55627e89f1d3,blocks.layers.3.linear1,9,grad_l2,0.03700634178833433
tanh,31b4bb89-57ee-4c91-9c1f-55627e89f1d3,blocks.layers.3.linear1,9,rel_update,0.0017879950777565737
tanh,31b4bb89-57ee-4c91-9c1f-55627e89f1d3,blocks.layers.3.norm2,9,grad_l2,0.004126341291887822
tanh,31b4bb89-57ee-4c91-9c1f-55627e89f1d3,blocks.layers.3.norm2,9,rel_update,0.00016713682481068418
tanh,31b4bb89-57ee-4c91-9c1f-55627e89f1d3,blocks.layers.3.self_attn,9,grad_l2,0.034670405655062374
tanh,31b4bb89-57ee-4c91-9c1f-55627e89f1d3,blocks.layers.3.self_attn,9,rel_update,0.001728748875380529
tanh,31b4bb89-57ee-4c91-9c1f-55627e89f1d3,blocks.layers.3.norm1,9,grad_l2,0.0034715037729121543
tanh,31b4bb89-57ee-4c91-9c1f-55627e89f1d3,blocks.layers.3.norm1,9,rel_update,0.00013337472968429103
tanh,31b4bb89-57ee-4c91-9c1f-55627e89f1d3,blocks.layers.2.linear2,9,grad_l2,0.03942929483862041
tanh,31b4bb89-57ee-4c91-9c1f-55627e89f1d3,blocks.layers.2.linear2,9,rel_update,0.0019551908487242457
tanh,31b4bb89-57ee-4c91-9c1f-55627e89f1d3,blocks.layers.2.linear1,9,grad_l2,0.03407101109487764
tanh,31b4bb89-57ee-4c91-9c1f-55627e89f1d3,blocks.layers.2.linear1,9,rel_update,0.0016430337046248777
tanh,31b4bb89-57ee-4c91-9c1f-55627e89f1d3,blocks.layers.2.norm2,9,grad_l2,0.0030102204948634866
tanh,31b4bb89-57ee-4c91-9c1f-55627e89f1d3,blocks.layers.2.norm2,9,rel_update,0.0001185566845644359
tanh,31b4bb89-57ee-4c91-9c1f-55627e89f1d3,blocks.layers.2.self_attn,9,grad_l2,0.03558278559677126
tanh,31b4bb89-57ee-4c91-9c1f-55627e89f1d3,blocks.layers.2.self_attn,9,rel_update,0.001783096981609669
tanh,31b4bb89-57ee-4c91-9c1f-55627e89f1d3,blocks.layers.2.norm1,9,grad_l2,0.0033773144573111084
tanh,31b4bb89-57ee-4c91-9c1f-55627e89f1d3,blocks.layers.2.norm1,9,rel_update,0.00012401997687510596
tanh,31b4bb89-57ee-4c91-9c1f-55627e89f1d3,blocks.layers.1.linear2,9,grad_l2,0.045977457227025224
tanh,31b4bb89-57ee-4c91-9c1f-55627e89f1d3,blocks.layers.1.linear2,9,rel_update,0.002273744996909576
tanh,31b4bb89-57ee-4c91-9c1f-55627e89f1d3,blocks.layers.1.linear1,9,grad_l2,0.04015246312397654
tanh,31b4bb89-57ee-4c91-9c1f-55627e89f1d3,blocks.layers.1.linear1,9,rel_update,0.0019387129354065315
tanh,31b4bb89-57ee-4c91-9c1f-55627e89f1d3,blocks.layers.1.norm2,9,grad_l2,0.003826247799236173
tanh,31b4bb89-57ee-4c91-9c1f-55627e89f1d3,blocks.layers.1.norm2,9,rel_update,0.00015066893237781332
tanh,31b4bb89-57ee-4c91-9c1f-55627e89f1d3,blocks.layers.1.self_attn,9,grad_l2,0.04227730597775991
tanh,31b4bb89-57ee-4c91-9c1f-55627e89f1d3,blocks.layers.1.self_attn,9,rel_update,0.002126067421464737
tanh,31b4bb89-57ee-4c91-9c1f-55627e89f1d3,blocks.layers.1.norm1,9,grad_l2,0.004539560939211986
tanh,31b4bb89-57ee-4c91-9c1f-55627e89f1d3,blocks.layers.1.norm1,9,rel_update,0.00014860555382328208
tanh,31b4bb89-57ee-4c91-9c1f-55627e89f1d3,blocks.layers.0.linear2,9,grad_l2,0.06477503331828109
tanh,31b4bb89-57ee-4c91-9c1f-55627e89f1d3,blocks.layers.0.linear2,9,rel_update,0.0030615136944718395
tanh,31b4bb89-57ee-4c91-9c1f-55627e89f1d3,blocks.layers.0.linear1,9,grad_l2,0.07064400898741985
tanh,31b4bb89-57ee-4c91-9c1f-55627e89f1d3,blocks.layers.0.linear1,9,rel_update,0.0033479311671928
tanh,31b4bb89-57ee-4c91-9c1f-55627e89f1d3,blocks.layers.0.norm2,9,grad_l2,0.009872332296043795
tanh,31b4bb89-57ee-4c91-9c1f-55627e89f1d3,blocks.layers.0.norm2,9,rel_update,0.00037755050605436344
tanh,31b4bb89-57ee-4c91-9c1f-55627e89f1d3,blocks.layers.0.self_attn,9,grad_l2,0.18090661516102527
tanh,31b4bb89-57ee-4c91-9c1f-55627e89f1d3,blocks.layers.0.self_attn,9,rel_update,0.008756705294609982
tanh,31b4bb89-57ee-4c91-9c1f-55627e89f1d3,blocks.layers.0.norm1,9,grad_l2,0.02624248037364541
tanh,31b4bb89-57ee-4c91-9c1f-55627e89f1d3,blocks.layers.0.norm1,9,rel_update,0.0005622113181030562
tanh,d476da16-f851-488a-8a50-6ddda81c51c2,lm_head,0,grad_l2,0.9208383032011391
tanh,d476da16-f851-488a-8a50-6ddda81c51c2,lm_head,0,rel_update,0.03308901761186545
tanh,d476da16-f851-488a-8a50-6ddda81c51c2,final_norm,0,grad_l2,0.062109884830574474
tanh,d476da16-f851-488a-8a50-6ddda81c51c2,final_norm,0,rel_update,0.0028205081406072097
tanh,d476da16-f851-488a-8a50-6ddda81c51c2,blocks.layers.3.linear2,0,grad_l2,0.015489431136165818
tanh,d476da16-f851-488a-8a50-6ddda81c51c2,blocks.layers.3.linear2,0,rel_update,0.0007624699115533532
tanh,d476da16-f851-488a-8a50-6ddda81c51c2,blocks.layers.3.linear1,0,grad_l2,0.01744473986138282
tanh,d476da16-f851-488a-8a50-6ddda81c51c2,blocks.layers.3.linear1,0,rel_update,0.0008580228939562085
tanh,d476da16-f851-488a-8a50-6ddda81c51c2,blocks.layers.3.norm2,0,grad_l2,0.0013983707357436395
tanh,d476da16-f851-488a-8a50-6ddda81c51c2,blocks.layers.3.norm2,0,rel_update,5.184806456396507e-05
tanh,d476da16-f851-488a-8a50-6ddda81c51c2,blocks.layers.3.self_attn,0,grad_l2,0.016455595662985177
tanh,d476da16-f851-488a-8a50-6ddda81c51c2,blocks.layers.3.self_attn,0,rel_update,0.0008327435104622033
tanh,d476da16-f851-488a-8a50-6ddda81c51c2,blocks.layers.3.norm1,0,grad_l2,0.0015656610602595615
tanh,d476da16-f851-488a-8a50-6ddda81c51c2,blocks.layers.3.norm1,0,rel_update,5.319285561268059e-05
tanh,d476da16-f851-488a-8a50-6ddda81c51c2,blocks.layers.2.linear2,0,grad_l2,0.01664702409015059
tanh,d476da16-f851-488a-8a50-6ddda81c51c2,blocks.layers.2.linear2,0,rel_update,0.0008168285881917231
tanh,d476da16-f851-488a-8a50-6ddda81c51c2,blocks.layers.2.linear1,0,grad_l2,0.019249546394846096
tanh,d476da16-f851-488a-8a50-6ddda81c51c2,blocks.layers.2.linear1,0,rel_update,0.0009457804372369869
tanh,d476da16-f851-488a-8a50-6ddda81c51c2,blocks.layers.2.norm2,0,grad_l2,0.0017966377204076478
tanh,d476da16-f851-488a-8a50-6ddda81c51c2,blocks.layers.2.norm2,0,rel_update,6.347731677363087e-05
tanh,d476da16-f851-488a-8a50-6ddda81c51c2,blocks.layers.2.self_attn,0,grad_l2,0.018857140292977713
tanh,d476da16-f851-488a-8a50-6ddda81c51c2,blocks.layers.2.self_attn,0,rel_update,0.0009538053879309221
tanh,d476da16-f851-488a-8a50-6ddda81c51c2,blocks.layers.2.norm1,0,grad_l2,0.001995930725887729
tanh,d476da16-f851-488a-8a50-6ddda81c51c2,blocks.layers.2.norm1,0,rel_update,6.490001489956148e-05
tanh,d476da16-f851-488a-8a50-6ddda81c51c2,blocks.layers.1.linear2,0,grad_l2,0.02112342661742174
tanh,d476da16-f851-488a-8a50-6ddda81c51c2,blocks.layers.1.linear2,0,rel_update,0.0010364097510019454
tanh,d476da16-f851-488a-8a50-6ddda81c51c2,blocks.layers.1.linear1,0,grad_l2,0.02274088265136036
tanh,d476da16-f851-488a-8a50-6ddda81c51c2,blocks.layers.1.linear1,0,rel_update,0.0011154630613617478
tanh,d476da16-f851-488a-8a50-6ddda81c51c2,blocks.layers.1.norm2,0,grad_l2,0.002421977757308797
tanh,d476da16-f851-488a-8a50-6ddda81c51c2,blocks.layers.1.norm2,0,rel_update,8.066576996534254e-05
tanh,d476da16-f851-488a-8a50-6ddda81c51c2,blocks.layers.1.self_attn,0,grad_l2,0.023928803789408228
tanh,d476da16-f851-488a-8a50-6ddda81c51c2,blocks.layers.1.self_attn,0,rel_update,0.0012057744442229756
tanh,d476da16-f851-488a-8a50-6ddda81c51c2,blocks.layers.1.norm1,0,grad_l2,0.0029437635373287248
tanh,d476da16-f851-488a-8a50-6ddda81c51c2,blocks.layers.1.norm1,0,rel_update,7.71193621877982e-05
tanh,d476da16-f851-488a-8a50-6ddda81c51c2,blocks.layers.0.linear2,0,grad_l2,0.0336273485384867
tanh,d476da16-f851-488a-8a50-6ddda81c51c2,blocks.layers.0.linear2,0,rel_update,0.0016408181993329324
tanh,d476da16-f851-488a-8a50-6ddda81c51c2,blocks.layers.0.linear1,0,grad_l2,0.03464357335902544
tanh,d476da16-f851-488a-8a50-6ddda81c51c2,blocks.layers.0.linear1,0,rel_update,0.0016922571998994908
tanh,d476da16-f851-488a-8a50-6ddda81c51c2,blocks.layers.0.norm2,0,grad_l2,0.004959599707558535
tanh,d476da16-f851-488a-8a50-6ddda81c51c2,blocks.layers.0.norm2,0,rel_update,0.00015135692658857684
tanh,d476da16-f851-488a-8a50-6ddda81c51c2,blocks.layers.0.self_attn,0,grad_l2,0.06101790522717684
tanh,d476da16-f851-488a-8a50-6ddda81c51c2,blocks.layers.0.self_attn,0,rel_update,0.002948443676273491
tanh,d476da16-f851-488a-8a50-6ddda81c51c2,blocks.layers.0.norm1,0,grad_l2,0.013952220419222306
tanh,d476da16-f851-488a-8a50-6ddda81c51c2,blocks.layers.0.norm1,0,rel_update,0.00019134540091485735
tanh,d476da16-f851-488a-8a50-6ddda81c51c2,lm_head,1,grad_l2,0.5863425005426186
tanh,d476da16-f851-488a-8a50-6ddda81c51c2,lm_head,1,rel_update,0.01791938369541577
tanh,d476da16-f851-488a-8a50-6ddda81c51c2,final_norm,1,grad_l2,0.04064599310410176
tanh,d476da16-f851-488a-8a50-6ddda81c51c2,final_norm,1,rel_update,0.0018605870076937362
tanh,d476da16-f851-488a-8a50-6ddda81c51c2,blocks.layers.3.linear2,1,grad_l2,0.021086151901184253
tanh,d476da16-f851-488a-8a50-6ddda81c51c2,blocks.layers.3.linear2,1,rel_update,0.00103953932551877
tanh,d476da16-f851-488a-8a50-6ddda81c51c2,blocks.layers.3.linear1,1,grad_l2,0.023514370051932503
tanh,d476da16-f851-488a-8a50-6ddda81c51c2,blocks.layers.3.linear1,1,rel_update,0.0011539859335427355
tanh,d476da16-f851-488a-8a50-6ddda81c51c2,blocks.layers.3.norm2,1,grad_l2,0.0020369533328975183
tanh,d476da16-f851-488a-8a50-6ddda81c51c2,blocks.layers.3.norm2,1,rel_update,7.863689243195144e-05
tanh,d476da16-f851-488a-8a50-6ddda81c51c2,blocks.layers.3.self_attn,1,grad_l2,0.024684445568314804
tanh,d476da16-f851-488a-8a50-6ddda81c51c2,blocks.layers.3.self_attn,1,rel_update,0.0012481116038666096
tanh,d476da16-f851-488a-8a50-6ddda81c51c2,blocks.layers.3.norm1,1,grad_l2,0.0022564255637166626
tanh,d476da16-f851-488a-8a50-6ddda81c51c2,blocks.layers.3.norm1,1,rel_update,8.116338567435112e-05
tanh,d476da16-f851-488a-8a50-6ddda81c51c2,blocks.layers.2.linear2,1,grad_l2,0.02357289608282306
tanh,d476da16-f851-488a-8a50-6ddda81c51c2,blocks.layers.2.linear2,1,rel_update,0.0011579582738489322
tanh,d476da16-f851-488a-8a50-6ddda81c51c2,blocks.layers.2.linear1,1,grad_l2,0.026549250847127455
tanh,d476da16-f851-488a-8a50-6ddda81c51c2,blocks.layers.2.linear1,1,rel_update,0.0013016249456270189
tanh,d476da16-f851-488a-8a50-6ddda81c51c2,blocks.layers.2.norm2,1,grad_l2,0.0025963079611323026
tanh,d476da16-f851-488a-8a50-6ddda81c51c2,blocks.layers.2.norm2,1,rel_update,9.598478849997513e-05
tanh,d476da16-f851-488a-8a50-6ddda81c51c2,blocks.layers.2.self_attn,1,grad_l2,0.027281233785126542
tanh,d476da16-f851-488a-8a50-6ddda81c51c2,blocks.layers.2.self_attn,1,rel_update,0.0013802055728862077
tanh,d476da16-f851-488a-8a50-6ddda81c51c2,blocks.layers.2.norm1,1,grad_l2,0.0027064528255310687
tanh,d476da16-f851-488a-8a50-6ddda81c51c2,blocks.layers.2.norm1,1,rel_update,9.336352981610026e-05
tanh,d476da16-f851-488a-8a50-6ddda81c51c2,blocks.layers.1.linear2,1,grad_l2,0.030616708340716337
tanh,d476da16-f851-488a-8a50-6ddda81c51c2,blocks.layers.1.linear2,1,rel_update,0.0015021602701383462
tanh,d476da16-f851-488a-8a50-6ddda81c51c2,blocks.layers.1.linear1,1,grad_l2,0.03128963822864769
tanh,d476da16-f851-488a-8a50-6ddda81c51c2,blocks.layers.1.linear1,1,rel_update,0.0015307281231279352
tanh,d476da16-f851-488a-8a50-6ddda81c51c2,blocks.layers.1.norm2,1,grad_l2,0.0033239810145931133
tanh,d476da16-f851-488a-8a50-6ddda81c51c2,blocks.layers.1.norm2,1,rel_update,0.00011696107416372557
tanh,d476da16-f851-488a-8a50-6ddda81c51c2,blocks.layers.1.self_attn,1,grad_l2,0.0320591418824613
tanh,d476da16-f851-488a-8a50-6ddda81c51c2,blocks.layers.1.self_attn,1,rel_update,0.0016166408110214127
tanh,d476da16-f851-488a-8a50-6ddda81c51c2,blocks.layers.1.norm1,1,grad_l2,0.003748696306957382
tanh,d476da16-f851-488a-8a50-6ddda81c51c2,blocks.layers.1.norm1,1,rel_update,0.00010196623043575994
tanh,d476da16-f851-488a-8a50-6ddda81c51c2,blocks.layers.0.linear2,1,grad_l2,0.04533119133153412
tanh,d476da16-f851-488a-8a50-6ddda81c51c2,blocks.layers.0.linear2,1,rel_update,0.002198902030155056
tanh,d476da16-f851-488a-8a50-6ddda81c51c2,blocks.layers.0.linear1,1,grad_l2,0.04784861209192282
tanh,d476da16-f851-488a-8a50-6ddda81c51c2,blocks.layers.0.linear1,1,rel_update,0.002325378370545808
tanh,d476da16-f851-488a-8a50-6ddda81c51c2,blocks.layers.0.norm2,1,grad_l2,0.007316548608462162
tanh,d476da16-f851-488a-8a50-6ddda81c51c2,blocks.layers.0.norm2,1,rel_update,0.0002357664075459327
tanh,d476da16-f851-488a-8a50-6ddda81c51c2,blocks.layers.0.self_attn,1,grad_l2,0.0985741745335996
tanh,d476da16-f851-488a-8a50-6ddda81c51c2,blocks.layers.0.self_attn,1,rel_update,0.00486737165794102
tanh,d476da16-f851-488a-8a50-6ddda81c51c2,blocks.layers.0.norm1,1,grad_l2,0.018594859249934852
tanh,d476da16-f851-488a-8a50-6ddda81c51c2,blocks.layers.0.norm1,1,rel_update,0.00029237875288406725
tanh,d476da16-f851-488a-8a50-6ddda81c51c2,lm_head,2,grad_l2,0.4758713574878969
tanh,d476da16-f851-488a-8a50-6ddda81c51c2,lm_head,2,rel_update,0.012569716754944997
tanh,d476da16-f851-488a-8a50-6ddda81c51c2,final_norm,2,grad_l2,0.03403846670606102
tanh,d476da16-f851-488a-8a50-6ddda81c51c2,final_norm,2,rel_update,0.0015453173541951002
tanh,d476da16-f851-488a-8a50-6ddda81c51c2,blocks.layers.3.linear2,2,grad_l2,0.027380756850087853
tanh,d476da16-f851-488a-8a50-6ddda81c51c2,blocks.layers.3.linear2,2,rel_update,0.0013514967314399115
tanh,d476da16-f851-488a-8a50-6ddda81c51c2,blocks.layers.3.linear1,2,grad_l2,0.028364776797122366
tanh,d476da16-f851-488a-8a50-6ddda81c51c2,blocks.layers.3.linear1,2,rel_update,0.0013864776623548857
tanh,d476da16-f851-488a-8a50-6ddda81c51c2,blocks.layers.3.norm2,2,grad_l2,0.002592211764064465
tanh,d476da16-f851-488a-8a50-6ddda81c51c2,blocks.layers.3.norm2,2,rel_update,9.92508414624612e-05
tanh,d476da16-f851-488a-8a50-6ddda81c51c2,blocks.layers.3.self_attn,2,grad_l2,0.029239457603031378
tanh,d476da16-f851-488a-8a50-6ddda81c51c2,blocks.layers.3.self_attn,2,rel_update,0.0014757205732561372
tanh,d476da16-f851-488a-8a50-6ddda81c51c2,blocks.layers.3.norm1,2,grad_l2,0.002686038825781595
tanh,d476da16-f851-488a-8a50-6ddda81c51c2,blocks.layers.3.norm1,2,rel_update,9.653690341440158e-05
tanh,d476da16-f851-488a-8a50-6ddda81c51c2,blocks.layers.2.linear2,2,grad_l2,0.028697030404493302
tanh,d476da16-f851-488a-8a50-6ddda81c51c2,blocks.layers.2.linear2,2,rel_update,0.00141137259369907
tanh,d476da16-f851-488a-8a50-6ddda81c51c2,blocks.layers.2.linear1,2,grad_l2,0.03001031340208154
tanh,d476da16-f851-488a-8a50-6ddda81c51c2,blocks.layers.2.linear1,2,rel_update,0.0014669828490466647
tanh,d476da16-f851-488a-8a50-6ddda81c51c2,blocks.layers.2.norm2,2,grad_l2,0.002972269159712034
tanh,d476da16-f851-488a-8a50-6ddda81c51c2,blocks.layers.2.norm2,2,rel_update,0.0001096201834006483
tanh,d476da16-f851-488a-8a50-6ddda81c51c2,blocks.layers.2.self_attn,2,grad_l2,0.030288893575302747
tanh,d476da16-f851-488a-8a50-6ddda81c51c2,blocks.layers.2.self_attn,2,rel_update,0.0015294443449349049
tanh,d476da16-f851-488a-8a50-6ddda81c51c2,blocks.layers.2.norm1,2,grad_l2,0.0030016693474481113
tanh,d476da16-f851-488a-8a50-6ddda81c51c2,blocks.layers.2.norm1,2,rel_update,0.00010218010854657642
tanh,d476da16-f851-488a-8a50-6ddda81c51c2,blocks.layers.1.linear2,2,grad_l2,0.03569780191286204
tanh,d476da16-f851-488a-8a50-6ddda81c51c2,blocks.layers.1.linear2,2,rel_update,0.0017526986973333777
tanh,d476da16-f851-488a-8a50-6ddda81c51c2,blocks.layers.1.linear1,2,grad_l2,0.03454901554006196
tanh,d476da16-f851-488a-8a50-6ddda81c51c2,blocks.layers.1.linear1,2,rel_update,0.0016854288227450857
tanh,d476da16-f851-488a-8a50-6ddda81c51c2,blocks.layers.1.norm2,2,grad_l2,0.0036432337075614466
tanh,d476da16-f851-488a-8a50-6ddda81c51c2,blocks.layers.1.norm2,2,rel_update,0.00013018198670088817
tanh,d476da16-f851-488a-8a50-6ddda81c51c2,blocks.layers.1.self_attn,2,grad_l2,0.03571865339456477
tanh,d476da16-f851-488a-8a50-6ddda81c51c2,blocks.layers.1.self_attn,2,rel_update,0.00179951780066381
tanh,d476da16-f851-488a-8a50-6ddda81c51c2,blocks.layers.1.norm1,2,grad_l2,0.004100266032681347
tanh,d476da16-f851-488a-8a50-6ddda81c51c2,blocks.layers.1.norm1,2,rel_update,0.00011518548428238431
tanh,d476da16-f851-488a-8a50-6ddda81c51c2,blocks.layers.0.linear2,2,grad_l2,0.051051292482411734
tanh,d476da16-f851-488a-8a50-6ddda81c51c2,blocks.layers.0.linear2,2,rel_update,0.0024622827498931594
tanh,d476da16-f851-488a-8a50-6ddda81c51c2,blocks.layers.0.linear1,2,grad_l2,0.0540977858879705
tanh,d476da16-f851-488a-8a50-6ddda81c51c2,blocks.layers.0.linear1,2,rel_update,0.002615588163770616
tanh,d476da16-f851-488a-8a50-6ddda81c51c2,blocks.layers.0.norm2,2,grad_l2,0.008395985322303736
tanh,d476da16-f851-488a-8a50-6ddda81c51c2,blocks.layers.0.norm2,2,rel_update,0.00027610511329319743
tanh,d476da16-f851-488a-8a50-6ddda81c51c2,blocks.layers.0.self_attn,2,grad_l2,0.11668886436670245
tanh,d476da16-f851-488a-8a50-6ddda81c51c2,blocks.layers.0.self_attn,2,rel_update,0.0057794504222853154
tanh,d476da16-f851-488a-8a50-6ddda81c51c2,blocks.layers.0.norm1,2,grad_l2,0.021625512268728206
tanh,d476da16-f851-488a-8a50-6ddda81c51c2,blocks.layers.0.norm1,2,rel_update,0.0003450760273357218
tanh,d476da16-f851-488a-8a50-6ddda81c51c2,lm_head,3,grad_l2,0.4208836218481386
tanh,d476da16-f851-488a-8a50-6ddda81c51c2,lm_head,3,rel_update,0.009819011327198557
tanh,d476da16-f851-488a-8a50-6ddda81c51c2,final_norm,3,grad_l2,0.030807780692092945
tanh,d476da16-f851-488a-8a50-6ddda81c51c2,final_norm,3,rel_update,0.001385707604834287
tanh,d476da16-f851-488a-8a50-6ddda81c51c2,blocks.layers.3.linear2,3,grad_l2,0.03164802858617889
tanh,d476da16-f851-488a-8a50-6ddda81c51c2,blocks.layers.3.linear2,3,rel_update,0.0015640614489701753
tanh,d476da16-f851-488a-8a50-6ddda81c51c2,blocks.layers.3.linear1,3,grad_l2,0.031499639864221184
tanh,d476da16-f851-488a-8a50-6ddda81c51c2,blocks.layers.3.linear1,3,rel_update,0.0015344416860241198
tanh,d476da16-f851-488a-8a50-6ddda81c51c2,blocks.layers.3.norm2,3,grad_l2,0.0030690099056523723
tanh,d476da16-f851-488a-8a50-6ddda81c51c2,blocks.layers.3.norm2,3,rel_update,0.00011684496014876259
tanh,d476da16-f851-488a-8a50-6ddda81c51c2,blocks.layers.3.self_attn,3,grad_l2,0.030685174953066063
tanh,d476da16-f851-488a-8a50-6ddda81c51c2,blocks.layers.3.self_attn,3,rel_update,0.001546017693032151
tanh,d476da16-f851-488a-8a50-6ddda81c51c2,blocks.layers.3.norm1,3,grad_l2,0.0028525150235243334
tanh,d476da16-f851-488a-8a50-6ddda81c51c2,blocks.layers.3.norm1,3,rel_update,0.00010275173615171275
tanh,d476da16-f851-488a-8a50-6ddda81c51c2,blocks.layers.2.linear2,3,grad_l2,0.03144297663981452
tanh,d476da16-f851-488a-8a50-6ddda81c51c2,blocks.layers.2.linear2,3,rel_update,0.0015482740706733022
tanh,d476da16-f851-488a-8a50-6ddda81c51c2,blocks.layers.2.linear1,3,grad_l2,0.031350894874668106
tanh,d476da16-f851-488a-8a50-6ddda81c51c2,blocks.layers.2.linear1,3,rel_update,0.001528549590349865
tanh,d476da16-f851-488a-8a50-6ddda81c51c2,blocks.layers.2.norm2,3,grad_l2,0.003100418782770353
tanh,d476da16-f851-488a-8a50-6ddda81c51c2,blocks.layers.2.norm2,3,rel_update,0.0001148209123803723
tanh,d476da16-f851-488a-8a50-6ddda81c51c2,blocks.layers.2.self_attn,3,grad_l2,0.03117772843191311
tanh,d476da16-f851-488a-8a50-6ddda81c51c2,blocks.layers.2.self_attn,3,rel_update,0.001571508303353379
tanh,d476da16-f851-488a-8a50-6ddda81c51c2,blocks.layers.2.norm1,3,grad_l2,0.003087035699755407
tanh,d476da16-f851-488a-8a50-6ddda81c51c2,blocks.layers.2.norm1,3,rel_update,0.00010522644229271607
tanh,d476da16-f851-488a-8a50-6ddda81c51c2,blocks.layers.1.linear2,3,grad_l2,0.0382819995231127
tanh,d476da16-f851-488a-8a50-6ddda81c51c2,blocks.layers.1.linear2,3,rel_update,0.0018815760717566046
tanh,d476da16-f851-488a-8a50-6ddda81c51c2,blocks.layers.1.linear1,3,grad_l2,0.03587477208989875
tanh,d476da16-f851-488a-8a50-6ddda81c51c2,blocks.layers.1.linear1,3,rel_update,0.0017458408514606446
tanh,d476da16-f851-488a-8a50-6ddda81c51c2,blocks.layers.1.norm2,3,grad_l2,0.003743226179184735
tanh,d476da16-f851-488a-8a50-6ddda81c51c2,blocks.layers.1.norm2,3,rel_update,0.0001362648436179584
tanh,d476da16-f851-488a-8a50-6ddda81c51c2,blocks.layers.1.self_attn,3,grad_l2,0.037705017762919825
tanh,d476da16-f851-488a-8a50-6ddda81c51c2,blocks.layers.1.self_attn,3,rel_update,0.0018982304681277224
tanh,d476da16-f851-488a-8a50-6ddda81c51c2,blocks.layers.1.norm1,3,grad_l2,0.004220880201584619
tanh,d476da16-f851-488a-8a50-6ddda81c51c2,blocks.layers.1.norm1,3,rel_update,0.00012422652078190714
tanh,d476da16-f851-488a-8a50-6ddda81c51c2,blocks.layers.0.linear2,3,grad_l2,0.054469304399770914
tanh,d476da16-f851-488a-8a50-6ddda81c51c2,blocks.layers.0.linear2,3,rel_update,0.0026135597576732094
tanh,d476da16-f851-488a-8a50-6ddda81c51c2,blocks.layers.0.linear1,3,grad_l2,0.05812255089092976
tanh,d476da16-f851-488a-8a50-6ddda81c51c2,blocks.layers.0.linear1,3,rel_update,0.0027965151757603007
tanh,d476da16-f851-488a-8a50-6ddda81c51c2,blocks.layers.0.norm2,3,grad_l2,0.008914243620519322
tanh,d476da16-f851-488a-8a50-6ddda81c51c2,blocks.layers.0.norm2,3,rel_update,0.00030332209458276937
tanh,d476da16-f851-488a-8a50-6ddda81c51c2,blocks.layers.0.self_attn,3,grad_l2,0.12938886739138492
tanh,d476da16-f851-488a-8a50-6ddda81c51c2,blocks.layers.0.self_attn,3,rel_update,0.0064017549482072444
tanh,d476da16-f851-488a-8a50-6ddda81c51c2,blocks.layers.0.norm1,3,grad_l2,0.023307929948952682
tanh,d476da16-f851-488a-8a50-6ddda81c51c2,blocks.layers.0.norm1,3,rel_update,0.00038648815997921276
tanh,d476da16-f851-488a-8a50-6ddda81c51c2,lm_head,4,grad_l2,0.38880015497105824
tanh,d476da16-f851-488a-8a50-6ddda81c51c2,lm_head,4,rel_update,0.008143189917383956
tanh,d476da16-f851-488a-8a50-6ddda81c51c2,final_norm,4,grad_l2,0.02897205384340326
tanh,d476da16-f851-488a-8a50-6ddda81c51c2,final_norm,4,rel_update,0.0012897173537073008
tanh,d476da16-f851-488a-8a50-6ddda81c51c2,blocks.layers.3.linear2,4,grad_l2,0.035071198164149754
tanh,d476da16-f851-488a-8a50-6ddda81c51c2,blocks.layers.3.linear2,4,rel_update,0.001735493819239164
tanh,d476da16-f851-488a-8a50-6ddda81c51c2,blocks.layers.3.linear1,4,grad_l2,0.033909043384139644
tanh,d476da16-f851-488a-8a50-6ddda81c51c2,blocks.layers.3.linear1,4,rel_update,0.0016470089938091291
tanh,d476da16-f851-488a-8a50-6ddda81c51c2,blocks.layers.3.norm2,4,grad_l2,0.0035124889622645344
tanh,d476da16-f851-488a-8a50-6ddda81c51c2,blocks.layers.3.norm2,4,rel_update,0.0001341863048042296
tanh,d476da16-f851-488a-8a50-6ddda81c51c2,blocks.layers.3.self_attn,4,grad_l2,0.03171512215514884
tanh,d476da16-f851-488a-8a50-6ddda81c51c2,blocks.layers.3.self_attn,4,rel_update,0.0015950774190065394
tanh,d476da16-f851-488a-8a50-6ddda81c51c2,blocks.layers.3.norm1,4,grad_l2,0.0029919556579613453
tanh,d476da16-f851-488a-8a50-6ddda81c51c2,blocks.layers.3.norm1,4,rel_update,0.00010851214269895149
tanh,d476da16-f851-488a-8a50-6ddda81c51c2,blocks.layers.2.linear2,4,grad_l2,0.033440058083152015
tanh,d476da16-f851-488a-8a50-6ddda81c51c2,blocks.layers.2.linear2,4,rel_update,0.0016486049116142061
tanh,d476da16-f851-488a-8a50-6ddda81c51c2,blocks.layers.2.linear1,4,grad_l2,0.03218838440878661
tanh,d476da16-f851-488a-8a50-6ddda81c51c2,blocks.layers.2.linear1,4,rel_update,0.0015656373357803256
tanh,d476da16-f851-488a-8a50-6ddda81c51c2,blocks.layers.2.norm2,4,grad_l2,0.0031602423707661987
tanh,d476da16-f851-488a-8a50-6ddda81c51c2,blocks.layers.2.norm2,4,rel_update,0.00011785209028600789
tanh,d476da16-f851-488a-8a50-6ddda81c51c2,blocks.layers.2.self_attn,4,grad_l2,0.031898258909401636
tanh,d476da16-f851-488a-8a50-6ddda81c51c2,blocks.layers.2.self_attn,4,rel_update,0.0016053559444150747
tanh,d476da16-f851-488a-8a50-6ddda81c51c2,blocks.layers.2.norm1,4,grad_l2,0.003151693629330233
tanh,d476da16-f851-488a-8a50-6ddda81c51c2,blocks.layers.2.norm1,4,rel_update,0.00010799896435829797
tanh,d476da16-f851-488a-8a50-6ddda81c51c2,blocks.layers.1.linear2,4,grad_l2,0.040238648878972945
tanh,d476da16-f851-488a-8a50-6ddda81c51c2,blocks.layers.1.linear2,4,rel_update,0.0019801860070278103
tanh,d476da16-f851-488a-8a50-6ddda81c51c2,blocks.layers.1.linear1,4,grad_l2,0.036801857044841624
tanh,d476da16-f851-488a-8a50-6ddda81c51c2,blocks.layers.1.linear1,4,rel_update,0.0017870102518520138
tanh,d476da16-f851-488a-8a50-6ddda81c51c2,blocks.layers.1.norm2,4,grad_l2,0.0037831439515939717
tanh,d476da16-f851-488a-8a50-6ddda81c51c2,blocks.layers.1.norm2,4,rel_update,0.0001399520341432384
tanh,d476da16-f851-488a-8a50-6ddda81c51c2,blocks.layers.1.self_attn,4,grad_l2,0.039160326949384205
tanh,d476da16-f851-488a-8a50-6ddda81c51c2,blocks.layers.1.self_attn,4,rel_update,0.001970224415682005
tanh,d476da16-f851-488a-8a50-6ddda81c51c2,blocks.layers.1.norm1,4,grad_l2,0.0042949788037728994
tanh,d476da16-f851-488a-8a50-6ddda81c51c2,blocks.layers.1.norm1,4,rel_update,0.00013109661549721855
tanh,d476da16-f851-488a-8a50-6ddda81c51c2,blocks.layers.0.linear2,4,grad_l2,0.057094132350214925
tanh,d476da16-f851-488a-8a50-6ddda81c51c2,blocks.layers.0.linear2,4,rel_update,0.0027266470725926407
tanh,d476da16-f851-488a-8a50-6ddda81c51c2,blocks.layers.0.linear1,4,grad_l2,0.06125405446027428
tanh,d476da16-f851-488a-8a50-6ddda81c51c2,blocks.layers.0.linear1,4,rel_update,0.002933737430410099
tanh,d476da16-f851-488a-8a50-6ddda81c51c2,blocks.layers.0.norm2,4,grad_l2,0.009269718082834591
tanh,d476da16-f851-488a-8a50-6ddda81c51c2,blocks.layers.0.norm2,4,rel_update,0.0003238808231600585
tanh,d476da16-f851-488a-8a50-6ddda81c51c2,blocks.layers.0.self_attn,4,grad_l2,0.14131487816815128
tanh,d476da16-f851-488a-8a50-6ddda81c51c2,blocks.layers.0.self_attn,4,rel_update,0.006966978118661021
tanh,d476da16-f851-488a-8a50-6ddda81c51c2,blocks.layers.0.norm1,4,grad_l2,0.024653087289752015
tanh,d476da16-f851-488a-8a50-6ddda81c51c2,blocks.layers.0.norm1,4,rel_update,0.0004266360840051293
tanh,d476da16-f851-488a-8a50-6ddda81c51c2,lm_head,5,grad_l2,0.36759439709100294
tanh,d476da16-f851-488a-8a50-6ddda81c51c2,lm_head,5,rel_update,0.0070130671050986715
tanh,d476da16-f851-488a-8a50-6ddda81c51c2,final_norm,5,grad_l2,0.027717281377144486
tanh,d476da16-f851-488a-8a50-6ddda81c51c2,final_norm,5,rel_update,0.0012247563671354761
tanh,d476da16-f851-488a-8a50-6ddda81c51c2,blocks.layers.3.linear2,5,grad_l2,0.03727144948278901
tanh,d476da16-f851-488a-8a50-6ddda81c51c2,blocks.layers.3.linear2,5,rel_update,0.001846552186030094
tanh,d476da16-f851-488a-8a50-6ddda81c51c2,blocks.layers.3.linear1,5,grad_l2,0.03538701863231998
tanh,d476da16-f851-488a-8a50-6ddda81c51c2,blocks.layers.3.linear1,5,rel_update,0.001714867118936707
tanh,d476da16-f851-488a-8a50-6ddda81c51c2,blocks.layers.3.norm2,5,grad_l2,0.0038256915219698623
tanh,d476da16-f851-488a-8a50-6ddda81c51c2,blocks.layers.3.norm2,5,rel_update,0.00014736464385286792
tanh,d476da16-f851-488a-8a50-6ddda81c51c2,blocks.layers.3.self_attn,5,grad_l2,0.032127488411539215
tanh,d476da16-f851-488a-8a50-6ddda81c51c2,blocks.layers.3.self_attn,5,rel_update,0.0016132244784487178
tanh,d476da16-f851-488a-8a50-6ddda81c51c2,blocks.layers.3.norm1,5,grad_l2,0.003047568139746721
tanh,d476da16-f851-488a-8a50-6ddda81c51c2,blocks.layers.3.norm1,5,rel_update,0.00011157245226980664
tanh,d476da16-f851-488a-8a50-6ddda81c51c2,blocks.layers.2.linear2,5,grad_l2,0.034778454330338986
tanh,d476da16-f851-488a-8a50-6ddda81c51c2,blocks.layers.2.linear2,5,rel_update,0.0017165607589010217
tanh,d476da16-f851-488a-8a50-6ddda81c51c2,blocks.layers.2.linear1,5,grad_l2,0.03264634174148862
tanh,d476da16-f851-488a-8a50-6ddda81c51c2,blocks.layers.2.linear1,5,rel_update,0.0015846411254484434
tanh,d476da16-f851-488a-8a50-6ddda81c51c2,blocks.layers.2.norm2,5,grad_l2,0.0031615579912054083
tanh,d476da16-f851-488a-8a50-6ddda81c51c2,blocks.layers.2.norm2,5,rel_update,0.00011899816399480057
tanh,d476da16-f851-488a-8a50-6ddda81c51c2,blocks.layers.2.self_attn,5,grad_l2,0.03244949570752662
tanh,d476da16-f851-488a-8a50-6ddda81c51c2,blocks.layers.2.self_attn,5,rel_update,0.0016308931940692652
tanh,d476da16-f851-488a-8a50-6ddda81c51c2,blocks.layers.2.norm1,5,grad_l2,0.003183184466455235
tanh,d476da16-f851-488a-8a50-6ddda81c51c2,blocks.layers.2.norm1,5,rel_update,0.00011019044535890998
tanh,d476da16-f851-488a-8a50-6ddda81c51c2,blocks.layers.1.linear2,5,grad_l2,0.04166657743716276
tanh,d476da16-f851-488a-8a50-6ddda81c51c2,blocks.layers.1.linear2,5,rel_update,0.0020531188330712314
tanh,d476da16-f851-488a-8a50-6ddda81c51c2,blocks.layers.1.linear1,5,grad_l2,0.037480876039707546
tanh,d476da16-f851-488a-8a50-6ddda81c51c2,blocks.layers.1.linear1,5,rel_update,0.0018165685230218344
tanh,d476da16-f851-488a-8a50-6ddda81c51c2,blocks.layers.1.norm2,5,grad_l2,0.003792873103059279
tanh,d476da16-f851-488a-8a50-6ddda81c51c2,blocks.layers.1.norm2,5,rel_update,0.00014250438772858508
tanh,d476da16-f851-488a-8a50-6ddda81c51c2,blocks.layers.1.self_attn,5,grad_l2,0.04010065880291093
tanh,d476da16-f851-488a-8a50-6ddda81c51c2,blocks.layers.1.self_attn,5,rel_update,0.0020164499495517324
tanh,d476da16-f851-488a-8a50-6ddda81c51c2,blocks.layers.1.norm1,5,grad_l2,0.004322074994678838
tanh,d476da16-f851-488a-8a50-6ddda81c51c2,blocks.layers.1.norm1,5,rel_update,0.00013568782648654205
tanh,d476da16-f851-488a-8a50-6ddda81c51c2,blocks.layers.0.linear2,5,grad_l2,0.05909793135769984
tanh,d476da16-f851-488a-8a50-6ddda81c51c2,blocks.layers.0.linear2,5,rel_update,0.0028114166943258513
tanh,d476da16-f851-488a-8a50-6ddda81c51c2,blocks.layers.0.linear1,5,grad_l2,0.06374226759117602
tanh,d476da16-f851-488a-8a50-6ddda81c51c2,blocks.layers.0.linear1,5,rel_update,0.003040970577289666
tanh,d476da16-f851-488a-8a50-6ddda81c51c2,blocks.layers.0.norm2,5,grad_l2,0.009497828926906976
tanh,d476da16-f851-488a-8a50-6ddda81c51c2,blocks.layers.0.norm2,5,rel_update,0.00033994706765925955
tanh,d476da16-f851-488a-8a50-6ddda81c51c2,blocks.layers.0.self_attn,5,grad_l2,0.15169910595180544
tanh,d476da16-f851-488a-8a50-6ddda81c51c2,blocks.layers.0.self_attn,5,rel_update,0.007445439439568261
tanh,d476da16-f851-488a-8a50-6ddda81c51c2,blocks.layers.0.norm1,5,grad_l2,0.0255678403610142
tanh,d476da16-f851-488a-8a50-6ddda81c51c2,blocks.layers.0.norm1,5,rel_update,0.0004625556792047698
tanh,d476da16-f851-488a-8a50-6ddda81c51c2,lm_head,6,grad_l2,0.3522994404949388
tanh,d476da16-f851-488a-8a50-6ddda81c51c2,lm_head,6,rel_update,0.006198087393134201
tanh,d476da16-f851-488a-8a50-6ddda81c51c2,final_norm,6,grad_l2,0.02681613754149036
tanh,d476da16-f851-488a-8a50-6ddda81c51c2,final_norm,6,rel_update,0.0011790298193843107
tanh,d476da16-f851-488a-8a50-6ddda81c51c2,blocks.layers.3.linear2,6,grad_l2,0.038757441696191046
tanh,d476da16-f851-488a-8a50-6ddda81c51c2,blocks.layers.3.linear2,6,rel_update,0.0019221850305606697
tanh,d476da16-f851-488a-8a50-6ddda81c51c2,blocks.layers.3.linear1,6,grad_l2,0.03633396820358844
tanh,d476da16-f851-488a-8a50-6ddda81c51c2,blocks.layers.3.linear1,6,rel_update,0.0017575681640302047
tanh,d476da16-f851-488a-8a50-6ddda81c51c2,blocks.layers.3.norm2,6,grad_l2,0.004017372812265523
tanh,d476da16-f851-488a-8a50-6ddda81c51c2,blocks.layers.3.norm2,6,rel_update,0.0001568135721304408
tanh,d476da16-f851-488a-8a50-6ddda81c51c2,blocks.layers.3.self_attn,6,grad_l2,0.03248986237726085
tanh,d476da16-f851-488a-8a50-6ddda81c51c2,blocks.layers.3.self_attn,6,rel_update,0.0016289753859705237
tanh,d476da16-f851-488a-8a50-6ddda81c51c2,blocks.layers.3.norm1,6,grad_l2,0.0030921932327897476
tanh,d476da16-f851-488a-8a50-6ddda81c51c2,blocks.layers.3.norm1,6,rel_update,0.0001144657043762899
tanh,d476da16-f851-488a-8a50-6ddda81c51c2,blocks.layers.2.linear2,6,grad_l2,0.035749761580048826
tanh,d476da16-f851-488a-8a50-6ddda81c51c2,blocks.layers.2.linear2,6,rel_update,0.0017663485858975593
tanh,d476da16-f851-488a-8a50-6ddda81c51c2,blocks.layers.2.linear1,6,grad_l2,0.03297209723057846
tanh,d476da16-f851-488a-8a50-6ddda81c51c2,blocks.layers.2.linear1,6,rel_update,0.0015976356746720411
tanh,d476da16-f851-488a-8a50-6ddda81c51c2,blocks.layers.2.norm2,6,grad_l2,0.003137874434276601
tanh,d476da16-f851-488a-8a50-6ddda81c51c2,blocks.layers.2.norm2,6,rel_update,0.00011943595628046409
tanh,d476da16-f851-488a-8a50-6ddda81c51c2,blocks.layers.2.self_attn,6,grad_l2,0.03289681729745645
tanh,d476da16-f851-488a-8a50-6ddda81c51c2,blocks.layers.2.self_attn,6,rel_update,0.0016515043571114867
tanh,d476da16-f851-488a-8a50-6ddda81c51c2,blocks.layers.2.norm1,6,grad_l2,0.0031956064249844445
tanh,d476da16-f851-488a-8a50-6ddda81c51c2,blocks.layers.2.norm1,6,rel_update,0.00011210403941001712
tanh,d476da16-f851-488a-8a50-6ddda81c51c2,blocks.layers.1.linear2,6,grad_l2,0.04277522038858402
tanh,d476da16-f851-488a-8a50-6ddda81c51c2,blocks.layers.1.linear2,6,rel_update,0.0021104504578161373
tanh,d476da16-f851-488a-8a50-6ddda81c51c2,blocks.layers.1.linear1,6,grad_l2,0.03803363880657062
tanh,d476da16-f851-488a-8a50-6ddda81c51c2,blocks.layers.1.linear1,6,rel_update,0.0018405332995368652
tanh,d476da16-f851-488a-8a50-6ddda81c51c2,blocks.layers.1.norm2,6,grad_l2,0.0037838444126482716
tanh,d476da16-f851-488a-8a50-6ddda81c51c2,blocks.layers.1.norm2,6,rel_update,0.0001442648401624255
tanh,d476da16-f851-488a-8a50-6ddda81c51c2,blocks.layers.1.self_attn,6,grad_l2,0.040781274335386995
tanh,d476da16-f851-488a-8a50-6ddda81c51c2,blocks.layers.1.self_attn,6,rel_update,0.00204980006684413
tanh,d476da16-f851-488a-8a50-6ddda81c51c2,blocks.layers.1.norm1,6,grad_l2,0.004330155193456626
tanh,d476da16-f851-488a-8a50-6ddda81c51c2,blocks.layers.1.norm1,6,rel_update,0.0001392343521256523
tanh,d476da16-f851-488a-8a50-6ddda81c51c2,blocks.layers.0.linear2,6,grad_l2,0.06070190069441542
tanh,d476da16-f851-488a-8a50-6ddda81c51c2,blocks.layers.0.linear2,6,rel_update,0.002878905301292463
tanh,d476da16-f851-488a-8a50-6ddda81c51c2,blocks.layers.0.linear1,6,grad_l2,0.06576360634352922
tanh,d476da16-f851-488a-8a50-6ddda81c51c2,blocks.layers.0.linear1,6,rel_update,0.003127411911884668
tanh,d476da16-f851-488a-8a50-6ddda81c51c2,blocks.layers.0.norm2,6,grad_l2,0.00963713349544795
tanh,d476da16-f851-488a-8a50-6ddda81c51c2,blocks.layers.0.norm2,6,rel_update,0.00035280468807740676
tanh,d476da16-f851-488a-8a50-6ddda81c51c2,blocks.layers.0.self_attn,6,grad_l2,0.16078574459330736
tanh,d476da16-f851-488a-8a50-6ddda81c51c2,blocks.layers.0.self_attn,6,rel_update,0.007857251918266276
tanh,d476da16-f851-488a-8a50-6ddda81c51c2,blocks.layers.0.norm1,6,grad_l2,0.026079288776650292
tanh,d476da16-f851-488a-8a50-6ddda81c51c2,blocks.layers.0.norm1,6,rel_update,0.0004935624517512509
tanh,d476da16-f851-488a-8a50-6ddda81c51c2,lm_head,7,grad_l2,0.34070303818721365
tanh,d476da16-f851-488a-8a50-6ddda81c51c2,lm_head,7,rel_update,0.005582960716919658
tanh,d476da16-f851-488a-8a50-6ddda81c51c2,final_norm,7,grad_l2,0.026143559710549043
tanh,d476da16-f851-488a-8a50-6ddda81c51c2,final_norm,7,rel_update,0.0011462133416235672
tanh,d476da16-f851-488a-8a50-6ddda81c51c2,blocks.layers.3.linear2,7,grad_l2,0.03963600815218798
tanh,d476da16-f851-488a-8a50-6ddda81c51c2,blocks.layers.3.linear2,7,rel_update,0.0019674957774852265
tanh,d476da16-f851-488a-8a50-6ddda81c51c2,blocks.layers.3.linear1,7,grad_l2,0.03685571349487574
tanh,d476da16-f851-488a-8a50-6ddda81c51c2,blocks.layers.3.linear1,7,rel_update,0.0017803304773874094
tanh,d476da16-f851-488a-8a50-6ddda81c51c2,blocks.layers.3.norm2,7,grad_l2,0.004095640598265112
tanh,d476da16-f851-488a-8a50-6ddda81c51c2,blocks.layers.3.norm2,7,rel_update,0.0001624112032412152
tanh,d476da16-f851-488a-8a50-6ddda81c51c2,blocks.layers.3.self_attn,7,grad_l2,0.03264773292206431
tanh,d476da16-f851-488a-8a50-6ddda81c51c2,blocks.layers.3.self_attn,7,rel_update,0.0016348497129249464
tanh,d476da16-f851-488a-8a50-6ddda81c51c2,blocks.layers.3.norm1,7,grad_l2,0.003102009835851498
tanh,d476da16-f851-488a-8a50-6ddda81c51c2,blocks.layers.3.norm1,7,rel_update,0.0001160960392847013
tanh,d476da16-f851-488a-8a50-6ddda81c51c2,blocks.layers.2.linear2,7,grad_l2,0.0364252248163949
tanh,d476da16-f851-488a-8a50-6ddda81c51c2,blocks.layers.2.linear2,7,rel_update,0.0018013695367614408
tanh,d476da16-f851-488a-8a50-6ddda81c51c2,blocks.layers.2.linear1,7,grad_l2,0.03319266255782949
tanh,d476da16-f851-488a-8a50-6ddda81c51c2,blocks.layers.2.linear1,7,rel_update,0.0016060163992926613
tanh,d476da16-f851-488a-8a50-6ddda81c51c2,blocks.layers.2.norm2,7,grad_l2,0.0030996135051351527
tanh,d476da16-f851-488a-8a50-6ddda81c51c2,blocks.layers.2.norm2,7,rel_update,0.00011945661373838222
tanh,d476da16-f851-488a-8a50-6ddda81c51c2,blocks.layers.2.self_attn,7,grad_l2,0.0332212192776151
tanh,d476da16-f851-488a-8a50-6ddda81c51c2,blocks.layers.2.self_attn,7,rel_update,0.0016662718428011487
tanh,d476da16-f851-488a-8a50-6ddda81c51c2,blocks.layers.2.norm1,7,grad_l2,0.003190653964403091
tanh,d476da16-f851-488a-8a50-6ddda81c51c2,blocks.layers.2.norm1,7,rel_update,0.00011357711327546518
tanh,d476da16-f851-488a-8a50-6ddda81c51c2,blocks.layers.1.linear2,7,grad_l2,0.04360280817002111
tanh,d476da16-f851-488a-8a50-6ddda81c51c2,blocks.layers.1.linear2,7,rel_update,0.0021538040180196644
tanh,d476da16-f851-488a-8a50-6ddda81c51c2,blocks.layers.1.linear1,7,grad_l2,0.03847010026190349
tanh,d476da16-f851-488a-8a50-6ddda81c51c2,blocks.layers.1.linear1,7,rel_update,0.0018594150156049766
tanh,d476da16-f851-488a-8a50-6ddda81c51c2,blocks.layers.1.norm2,7,grad_l2,0.003760992284159624
tanh,d476da16-f851-488a-8a50-6ddda81c51c2,blocks.layers.1.norm2,7,rel_update,0.00014544615183347069
tanh,d476da16-f851-488a-8a50-6ddda81c51c2,blocks.layers.1.self_attn,7,grad_l2,0.04126689140931181
tanh,d476da16-f851-488a-8a50-6ddda81c51c2,blocks.layers.1.self_attn,7,rel_update,0.0020735466683051407
tanh,d476da16-f851-488a-8a50-6ddda81c51c2,blocks.layers.1.norm1,7,grad_l2,0.004312104750801479
tanh,d476da16-f851-488a-8a50-6ddda81c51c2,blocks.layers.1.norm1,7,rel_update,0.0001417027179691505
tanh,d476da16-f851-488a-8a50-6ddda81c51c2,blocks.layers.0.linear2,7,grad_l2,0.0619628464982247
tanh,d476da16-f851-488a-8a50-6ddda81c51c2,blocks.layers.0.linear2,7,rel_update,0.0029318884290810508
tanh,d476da16-f851-488a-8a50-6ddda81c51c2,blocks.layers.0.linear1,7,grad_l2,0.06740406504118973
tanh,d476da16-f851-488a-8a50-6ddda81c51c2,blocks.layers.0.linear1,7,rel_update,0.0031974055799634847
tanh,d476da16-f851-488a-8a50-6ddda81c51c2,blocks.layers.0.norm2,7,grad_l2,0.009704866972883218
tanh,d476da16-f851-488a-8a50-6ddda81c51c2,blocks.layers.0.norm2,7,rel_update,0.00036273268795983715
tanh,d476da16-f851-488a-8a50-6ddda81c51c2,blocks.layers.0.self_attn,7,grad_l2,0.1685255362313828
tanh,d476da16-f851-488a-8a50-6ddda81c51c2,blocks.layers.0.self_attn,7,rel_update,0.008204762848904413
tanh,d476da16-f851-488a-8a50-6ddda81c51c2,blocks.layers.0.norm1,7,grad_l2,0.026305554020598414
tanh,d476da16-f851-488a-8a50-6ddda81c51c2,blocks.layers.0.norm1,7,rel_update,0.0005204642677040791
tanh,d476da16-f851-488a-8a50-6ddda81c51c2,lm_head,8,grad_l2,0.33152839298680065
tanh,d476da16-f851-488a-8a50-6ddda81c51c2,lm_head,8,rel_update,0.005102467247970438
tanh,d476da16-f851-488a-8a50-6ddda81c51c2,final_norm,8,grad_l2,0.025643532550086723
tanh,d476da16-f851-488a-8a50-6ddda81c51c2,final_norm,8,rel_update,0.001122637213978537
tanh,d476da16-f851-488a-8a50-6ddda81c51c2,blocks.layers.3.linear2,8,grad_l2,0.04017087512430734
tanh,d476da16-f851-488a-8a50-6ddda81c51c2,blocks.layers.3.linear2,8,rel_update,0.0019954885575201443
tanh,d476da16-f851-488a-8a50-6ddda81c51c2,blocks.layers.3.linear1,8,grad_l2,0.03715961035530979
tanh,d476da16-f851-488a-8a50-6ddda81c51c2,blocks.layers.3.linear1,8,rel_update,0.0017930765967832606
tanh,d476da16-f851-488a-8a50-6ddda81c51c2,blocks.layers.3.norm2,8,grad_l2,0.004128599176706199
tanh,d476da16-f851-488a-8a50-6ddda81c51c2,blocks.layers.3.norm2,8,rel_update,0.00016609788661721143
tanh,d476da16-f851-488a-8a50-6ddda81c51c2,blocks.layers.3.self_attn,8,grad_l2,0.032675895840723654
tanh,d476da16-f851-488a-8a50-6ddda81c51c2,blocks.layers.3.self_attn,8,rel_update,0.0016346477539850915
tanh,d476da16-f851-488a-8a50-6ddda81c51c2,blocks.layers.3.norm1,8,grad_l2,0.0030889086732068926
tanh,d476da16-f851-488a-8a50-6ddda81c51c2,blocks.layers.3.norm1,8,rel_update,0.00011701824379208268
tanh,d476da16-f851-488a-8a50-6ddda81c51c2,blocks.layers.2.linear2,8,grad_l2,0.03688605761679459
tanh,d476da16-f851-488a-8a50-6ddda81c51c2,blocks.layers.2.linear2,8,rel_update,0.0018255645632431804
tanh,d476da16-f851-488a-8a50-6ddda81c51c2,blocks.layers.2.linear1,8,grad_l2,0.03333430225924377
tanh,d476da16-f851-488a-8a50-6ddda81c51c2,blocks.layers.2.linear1,8,rel_update,0.0016110341328719213
tanh,d476da16-f851-488a-8a50-6ddda81c51c2,blocks.layers.2.norm2,8,grad_l2,0.003055358574004566
tanh,d476da16-f851-488a-8a50-6ddda81c51c2,blocks.layers.2.norm2,8,rel_update,0.00011919673244255631
tanh,d476da16-f851-488a-8a50-6ddda81c51c2,blocks.layers.2.self_attn,8,grad_l2,0.033396547128329436
tanh,d476da16-f851-488a-8a50-6ddda81c51c2,blocks.layers.2.self_attn,8,rel_update,0.001673907470601596
tanh,d476da16-f851-488a-8a50-6ddda81c51c2,blocks.layers.2.norm1,8,grad_l2,0.0031671348117829597
tanh,d476da16-f851-488a-8a50-6ddda81c51c2,blocks.layers.2.norm1,8,rel_update,0.00011443640106071475
tanh,d476da16-f851-488a-8a50-6ddda81c51c2,blocks.layers.1.linear2,8,grad_l2,0.044183232441162686
tanh,d476da16-f851-488a-8a50-6ddda81c51c2,blocks.layers.1.linear2,8,rel_update,0.0021846651760256052
tanh,d476da16-f851-488a-8a50-6ddda81c51c2,blocks.layers.1.linear1,8,grad_l2,0.03878398877476048
tanh,d476da16-f851-488a-8a50-6ddda81c51c2,blocks.layers.1.linear1,8,rel_update,0.0018728578509744126
tanh,d476da16-f851-488a-8a50-6ddda81c51c2,blocks.layers.1.norm2,8,grad_l2,0.0037238829301467157
tanh,d476da16-f851-488a-8a50-6ddda81c51c2,blocks.layers.1.norm2,8,rel_update,0.00014603991411498622
tanh,d476da16-f851-488a-8a50-6ddda81c51c2,blocks.layers.1.self_attn,8,grad_l2,0.041551069699517836
tanh,d476da16-f851-488a-8a50-6ddda81c51c2,blocks.layers.1.self_attn,8,rel_update,0.0020873823844021334
tanh,d476da16-f851-488a-8a50-6ddda81c51c2,blocks.layers.1.norm1,8,grad_l2,0.004270226031823259
tanh,d476da16-f851-488a-8a50-6ddda81c51c2,blocks.layers.1.norm1,8,rel_update,0.00014320961742910808
tanh,d476da16-f851-488a-8a50-6ddda81c51c2,blocks.layers.0.linear2,8,grad_l2,0.06290607248191445
tanh,d476da16-f851-488a-8a50-6ddda81c51c2,blocks.layers.0.linear2,8,rel_update,0.0029713323043561975
tanh,d476da16-f851-488a-8a50-6ddda81c51c2,blocks.layers.0.linear1,8,grad_l2,0.06867027316149851
tanh,d476da16-f851-488a-8a50-6ddda81c51c2,blocks.layers.0.linear1,8,rel_update,0.0032512264003372714
tanh,d476da16-f851-488a-8a50-6ddda81c51c2,blocks.layers.0.norm2,8,grad_l2,0.009707079263007306
tanh,d476da16-f851-488a-8a50-6ddda81c51c2,blocks.layers.0.norm2,8,rel_update,0.0003702376396646836
tanh,d476da16-f851-488a-8a50-6ddda81c51c2,blocks.layers.0.self_attn,8,grad_l2,0.17472326183119363
tanh,d476da16-f851-488a-8a50-6ddda81c51c2,blocks.layers.0.self_attn,8,rel_update,0.008481738106147692
tanh,d476da16-f851-488a-8a50-6ddda81c51c2,blocks.layers.0.norm1,8,grad_l2,0.02632592024453902
tanh,d476da16-f851-488a-8a50-6ddda81c51c2,blocks.layers.0.norm1,8,rel_update,0.000543474198285248
tanh,d476da16-f851-488a-8a50-6ddda81c51c2,lm_head,9,grad_l2,0.3241374394329417
tanh,d476da16-f851-488a-8a50-6ddda81c51c2,lm_head,9,rel_update,0.004717504936132205
tanh,d476da16-f851-488a-8a50-6ddda81c51c2,final_norm,9,grad_l2,0.025247544051197113
tanh,d476da16-f851-488a-8a50-6ddda81c51c2,final_norm,9,rel_update,0.0011047837675562363
tanh,d476da16-f851-488a-8a50-6ddda81c51c2,blocks.layers.3.linear2,9,grad_l2,0.0404500458525488
tanh,d476da16-f851-488a-8a50-6ddda81c51c2,blocks.layers.3.linear2,9,rel_update,0.0020105241191394714
tanh,d476da16-f851-488a-8a50-6ddda81c51c2,blocks.layers.3.linear1,9,grad_l2,0.037315766191207786
tanh,d476da16-f851-488a-8a50-6ddda81c51c2,blocks.layers.3.linear1,9,rel_update,0.0017991213098550707
tanh,d476da16-f851-488a-8a50-6ddda81c51c2,blocks.layers.3.norm2,9,grad_l2,0.00412012785130523
tanh,d476da16-f851-488a-8a50-6ddda81c51c2,blocks.layers.3.norm2,9,rel_update,0.00016834656066441194
tanh,d476da16-f851-488a-8a50-6ddda81c51c2,blocks.layers.3.self_attn,9,grad_l2,0.03258589746176249
tanh,d476da16-f851-488a-8a50-6ddda81c51c2,blocks.layers.3.self_attn,9,rel_update,0.001628896009502515
tanh,d476da16-f851-488a-8a50-6ddda81c51c2,blocks.layers.3.norm1,9,grad_l2,0.003057930941105448
tanh,d476da16-f851-488a-8a50-6ddda81c51c2,blocks.layers.3.norm1,9,rel_update,0.00011722193353687223
tanh,d476da16-f851-488a-8a50-6ddda81c51c2,blocks.layers.2.linear2,9,grad_l2,0.037187558797723744
tanh,d476da16-f851-488a-8a50-6ddda81c51c2,blocks.layers.2.linear2,9,rel_update,0.001841629252613751
tanh,d476da16-f851-488a-8a50-6ddda81c51c2,blocks.layers.2.linear1,9,grad_l2,0.03341074315702919
tanh,d476da16-f851-488a-8a50-6ddda81c51c2,blocks.layers.2.linear1,9,rel_update,0.0016132734997035387
tanh,d476da16-f851-488a-8a50-6ddda81c51c2,blocks.layers.2.norm2,9,grad_l2,0.0030112852536341834
tanh,d476da16-f851-488a-8a50-6ddda81c51c2,blocks.layers.2.norm2,9,rel_update,0.00011880530217401149
tanh,d476da16-f851-488a-8a50-6ddda81c51c2,blocks.layers.2.self_attn,9,grad_l2,0.03347332562857764
tanh,d476da16-f851-488a-8a50-6ddda81c51c2,blocks.layers.2.self_attn,9,rel_update,0.0016768516730635917
tanh,d476da16-f851-488a-8a50-6ddda81c51c2,blocks.layers.2.norm1,9,grad_l2,0.0031415695514584287
tanh,d476da16-f851-488a-8a50-6ddda81c51c2,blocks.layers.2.norm1,9,rel_update,0.00011501031565615059
tanh,d476da16-f851-488a-8a50-6ddda81c51c2,blocks.layers.1.linear2,9,grad_l2,0.04458303771197508
tanh,d476da16-f851-488a-8a50-6ddda81c51c2,blocks.layers.1.linear2,9,rel_update,0.002206218995736876
tanh,d476da16-f851-488a-8a50-6ddda81c51c2,blocks.layers.1.linear1,9,grad_l2,0.03900192787846036
tanh,d476da16-f851-488a-8a50-6ddda81c51c2,blocks.layers.1.linear1,9,rel_update,0.001882019335075686
tanh,d476da16-f851-488a-8a50-6ddda81c51c2,blocks.layers.1.norm2,9,grad_l2,0.0036890889061550807
tanh,d476da16-f851-488a-8a50-6ddda81c51c2,blocks.layers.1.norm2,9,rel_update,0.00014641947083521417
tanh,d476da16-f851-488a-8a50-6ddda81c51c2,blocks.layers.1.self_attn,9,grad_l2,0.041748041417392835
tanh,d476da16-f851-488a-8a50-6ddda81c51c2,blocks.layers.1.self_attn,9,rel_update,0.0020969456664410926
tanh,d476da16-f851-488a-8a50-6ddda81c51c2,blocks.layers.1.norm1,9,grad_l2,0.004229413237165206
tanh,d476da16-f851-488a-8a50-6ddda81c51c2,blocks.layers.1.norm1,9,rel_update,0.0001443889957709105
tanh,d476da16-f851-488a-8a50-6ddda81c51c2,blocks.layers.0.linear2,9,grad_l2,0.06361819807985461
tanh,d476da16-f851-488a-8a50-6ddda81c51c2,blocks.layers.0.linear2,9,rel_update,0.0030009130849986765
tanh,d476da16-f851-488a-8a50-6ddda81c51c2,blocks.layers.0.linear1,9,grad_l2,0.06965288401322837
tanh,d476da16-f851-488a-8a50-6ddda81c51c2,blocks.layers.0.linear1,9,rel_update,0.00329283069585689
tanh,d476da16-f851-488a-8a50-6ddda81c51c2,blocks.layers.0.norm2,9,grad_l2,0.009693070188226483
tanh,d476da16-f851-488a-8a50-6ddda81c51c2,blocks.layers.0.norm2,9,rel_update,0.0003762551248241918
tanh,d476da16-f851-488a-8a50-6ddda81c51c2,blocks.layers.0.self_attn,9,grad_l2,0.1795900287732528
tanh,d476da16-f851-488a-8a50-6ddda81c51c2,blocks.layers.0.self_attn,9,rel_update,0.00869866006037879
tanh,d476da16-f851-488a-8a50-6ddda81c51c2,blocks.layers.0.norm1,9,grad_l2,0.026255674058518957
tanh,d476da16-f851-488a-8a50-6ddda81c51c2,blocks.layers.0.norm1,9,rel_update,0.0005619333185352231
