run_id,task,activation,seed,metric,row_index,value
dfbabb6a-65d5-4cd4-b95c-832d04e89b09,vision_cnn,scaled_tanh,6,val_top1,14,0.2930999994277954
dfbabb6a-65d5-4cd4-b95c-832d04e89b09,vision_cnn,scaled_tanh,6,val_top1,32,0.3427000045776367
dfbabb6a-65d5-4cd4-b95c-832d04e89b09,vision_cnn,scaled_tanh,6,val_top1,50,0.4084999859333038
dfbabb6a-65d5-4cd4-b95c-832d04e89b09,vision_cnn,scaled_tanh,6,val_top1,68,0.4205999970436096
dfbabb6a-65d5-4cd4-b95c-832d04e89b09,vision_cnn,scaled_tanh,6,val_top1,86,0.4474000036716461
dfbabb6a-65d5-4cd4-b95c-832d04e89b09,vision_cnn,scaled_tanh,6,val_top1,102,0.4611000120639801
dfbabb6a-65d5-4cd4-b95c-832d04e89b09,vision_cnn,scaled_tanh,6,val_top1,120,0.4864999949932098
dfbabb6a-65d5-4cd4-b95c-832d04e89b09,vision_cnn,scaled_tanh,6,val_top1,138,0.5022000074386597
dfbabb6a-65d5-4cd4-b95c-832d04e89b09,vision_cnn,scaled_tanh,6,val_top1,156,0.5101000070571899
dfbabb6a-65d5-4cd4-b95c-832d04e89b09,vision_cnn,scaled_tanh,6,val_top1,174,0.5164999961853027
dfbabb6a-65d5-4cd4-b95c-832d04e89b09,vision_cnn,scaled_tanh,6,val_top1,190,0.536300003528595
dfbabb6a-65d5-4cd4-b95c-832d04e89b09,vision_cnn,scaled_tanh,6,val_top1,208,0.5462999939918518
dfbabb6a-65d5-4cd4-b95c-832d04e89b09,vision_cnn,scaled_tanh,6,val_top1,226,0.5559999942779541
dfbabb6a-65d5-4cd4-b95c-832d04e89b09,vision_cnn,scaled_tanh,6,val_top1,244,0.5626000165939331
dfbabb6a-65d5-4cd4-b95c-832d04e89b09,vision_cnn,scaled_tanh,6,val_top1,262,0.5741999745368958
dfbabb6a-65d5-4cd4-b95c-832d04e89b09,vision_cnn,scaled_tanh,6,val_top1,278,0.5794000029563904
dfbabb6a-65d5-4cd4-b95c-832d04e89b09,vision_cnn,scaled_tanh,6,val_top1,296,0.5828999876976013
dfbabb6a-65d5-4cd4-b95c-832d04e89b09,vision_cnn,scaled_tanh,6,val_top1,314,0.5842000246047974
dfbabb6a-65d5-4cd4-b95c-832d04e89b09,vision_cnn,scaled_tanh,6,val_top1,332,0.5856999754905701
dfbabb6a-65d5-4cd4-b95c-832d04e89b09,vision_cnn,scaled_tanh,6,val_top1,350,0.5853000283241272
dfbabb6a-65d5-4cd4-b95c-832d04e89b09,vision_cnn,scaled_tanh,6,train_loss_epoch,15,2.1702394485473637
dfbabb6a-65d5-4cd4-b95c-832d04e89b09,vision_cnn,scaled_tanh,6,train_loss_epoch,33,1.94981849193573
dfbabb6a-65d5-4cd4-b95c-832d04e89b09,vision_cnn,scaled_tanh,6,train_loss_epoch,51,1.790853500366211
dfbabb6a-65d5-4cd4-b95c-832d04e89b09,vision_cnn,scaled_tanh,6,train_loss_epoch,69,1.6725659370422363
dfbabb6a-65d5-4cd4-b95c-832d04e89b09,vision_cnn,scaled_tanh,6,train_loss_epoch,87,1.588852047920227
dfbabb6a-65d5-4cd4-b95c-832d04e89b09,vision_cnn,scaled_tanh,6,train_loss_epoch,103,1.5185807943344116
dfbabb6a-65d5-4cd4-b95c-832d04e89b09,vision_cnn,scaled_tanh,6,train_loss_epoch,121,1.4639722108840942
dfbabb6a-65d5-4cd4-b95c-832d04e89b09,vision_cnn,scaled_tanh,6,train_loss_epoch,139,1.4116564989089966
dfbabb6a-65d5-4cd4-b95c-832d04e89b09,vision_cnn,scaled_tanh,6,train_loss_epoch,157,1.3708776235580444
dfbabb6a-65d5-4cd4-b95c-832d04e89b09,vision_cnn,scaled_tanh,6,train_loss_epoch,175,1.3275725841522217
dfbabb6a-65d5-4cd4-b95c-832d04e89b09,vision_cnn,scaled_tanh,6,train_loss_epoch,191,1.2959657907485962
dfbabb6a-65d5-4cd4-b95c-832d04e89b09,vision_cnn,scaled_tanh,6,train_loss_epoch,209,1.2652626037597656
dfbabb6a-65d5-4cd4-b95c-832d04e89b09,vision_cnn,scaled_tanh,6,train_loss_epoch,227,1.2349251508712769
dfbabb6a-65d5-4cd4-b95c-832d04e89b09,vision_cnn,scaled_tanh,6,train_loss_epoch,245,1.2086732387542725
dfbabb6a-65d5-4cd4-b95c-832d04e89b09,vision_cnn,scaled_tanh,6,train_loss_epoch,263,1.18233060836792
dfbabb6a-65d5-4cd4-b95c-832d04e89b09,vision_cnn,scaled_tanh,6,train_loss_epoch,279,1.1652165651321411
dfbabb6a-65d5-4cd4-b95c-832d04e89b09,vision_cnn,scaled_tanh,6,train_loss_epoch,297,1.1588927507400513
dfbabb6a-65d5-4cd4-b95c-832d04e89b09,vision_cnn,scaled_tanh,6,train_loss_epoch,315,1.1443896293640137
dfbabb6a-65d5-4cd4-b95c-832d04e89b09,vision_cnn,scaled_tanh,6,train_loss_epoch,333,1.1454006433486938
dfbabb6a-65d5-4cd4-b95c-832d04e89b09,vision_cnn,scaled_tanh,6,train_loss_epoch,351,1.1372698545455933
d9bd409a-5a20-4131-bd3a-dd747ae94885,vision_cnn,scaled_tanh,4,val_top1,14,0.3009000122547149
d9bd409a-5a20-4131-bd3a-dd747ae94885,vision_cnn,scaled_tanh,4,val_top1,32,0.356900006532669
d9bd409a-5a20-4131-bd3a-dd747ae94885,vision_cnn,scaled_tanh,4,val_top1,50,0.4000999927520752
d9bd409a-5a20-4131-bd3a-dd747ae94885,vision_cnn,scaled_tanh,4,val_top1,68,0.4314999878406524
d9bd409a-5a20-4131-bd3a-dd747ae94885,vision_cnn,scaled_tanh,4,val_top1,86,0.4408999979496002
d9bd409a-5a20-4131-bd3a-dd747ae94885,vision_cnn,scaled_tanh,4,val_top1,102,0.4621999859809875
d9bd409a-5a20-4131-bd3a-dd747ae94885,vision_cnn,scaled_tanh,4,val_top1,120,0.4790000021457672
d9bd409a-5a20-4131-bd3a-dd747ae94885,vision_cnn,scaled_tanh,4,val_top1,138,0.4966999888420105
d9bd409a-5a20-4131-bd3a-dd747ae94885,vision_cnn,scaled_tanh,4,val_top1,156,0.5188999772071838
d9bd409a-5a20-4131-bd3a-dd747ae94885,vision_cnn,scaled_tanh,4,val_top1,174,0.531499981880188
d9bd409a-5a20-4131-bd3a-dd747ae94885,vision_cnn,scaled_tanh,4,val_top1,190,0.5419999957084656
d9bd409a-5a20-4131-bd3a-dd747ae94885,vision_cnn,scaled_tanh,4,val_top1,208,0.5548999905586243
d9bd409a-5a20-4131-bd3a-dd747ae94885,vision_cnn,scaled_tanh,4,val_top1,226,0.5690000057220459
d9bd409a-5a20-4131-bd3a-dd747ae94885,vision_cnn,scaled_tanh,4,val_top1,244,0.5835999846458435
d9bd409a-5a20-4131-bd3a-dd747ae94885,vision_cnn,scaled_tanh,4,val_top1,262,0.5738999843597412
d9bd409a-5a20-4131-bd3a-dd747ae94885,vision_cnn,scaled_tanh,4,val_top1,278,0.5855000019073486
d9bd409a-5a20-4131-bd3a-dd747ae94885,vision_cnn,scaled_tanh,4,val_top1,296,0.5918999910354614
d9bd409a-5a20-4131-bd3a-dd747ae94885,vision_cnn,scaled_tanh,4,val_top1,314,0.5911999940872192
d9bd409a-5a20-4131-bd3a-dd747ae94885,vision_cnn,scaled_tanh,4,val_top1,332,0.5921000242233276
d9bd409a-5a20-4131-bd3a-dd747ae94885,vision_cnn,scaled_tanh,4,val_top1,350,0.5940999984741211
d9bd409a-5a20-4131-bd3a-dd747ae94885,vision_cnn,scaled_tanh,4,train_loss_epoch,15,2.22076153755188
d9bd409a-5a20-4131-bd3a-dd747ae94885,vision_cnn,scaled_tanh,4,train_loss_epoch,33,1.9117721319198608
d9bd409a-5a20-4131-bd3a-dd747ae94885,vision_cnn,scaled_tanh,4,train_loss_epoch,51,1.7863030433654783
d9bd409a-5a20-4131-bd3a-dd747ae94885,vision_cnn,scaled_tanh,4,train_loss_epoch,69,1.6738102436065674
d9bd409a-5a20-4131-bd3a-dd747ae94885,vision_cnn,scaled_tanh,4,train_loss_epoch,87,1.594912052154541
d9bd409a-5a20-4131-bd3a-dd747ae94885,vision_cnn,scaled_tanh,4,train_loss_epoch,103,1.5280723571777344
d9bd409a-5a20-4131-bd3a-dd747ae94885,vision_cnn,scaled_tanh,4,train_loss_epoch,121,1.4742059707641602
d9bd409a-5a20-4131-bd3a-dd747ae94885,vision_cnn,scaled_tanh,4,train_loss_epoch,139,1.4258369207382202
d9bd409a-5a20-4131-bd3a-dd747ae94885,vision_cnn,scaled_tanh,4,train_loss_epoch,157,1.3787776231765747
d9bd409a-5a20-4131-bd3a-dd747ae94885,vision_cnn,scaled_tanh,4,train_loss_epoch,175,1.3352041244506836
d9bd409a-5a20-4131-bd3a-dd747ae94885,vision_cnn,scaled_tanh,4,train_loss_epoch,191,1.285566329956055
d9bd409a-5a20-4131-bd3a-dd747ae94885,vision_cnn,scaled_tanh,4,train_loss_epoch,209,1.256402611732483
d9bd409a-5a20-4131-bd3a-dd747ae94885,vision_cnn,scaled_tanh,4,train_loss_epoch,227,1.2306911945343018
d9bd409a-5a20-4131-bd3a-dd747ae94885,vision_cnn,scaled_tanh,4,train_loss_epoch,245,1.2011932134628296
d9bd409a-5a20-4131-bd3a-dd747ae94885,vision_cnn,scaled_tanh,4,train_loss_epoch,263,1.1765588521957395
d9bd409a-5a20-4131-bd3a-dd747ae94885,vision_cnn,scaled_tanh,4,train_loss_epoch,279,1.1638522148132324
d9bd409a-5a20-4131-bd3a-dd747ae94885,vision_cnn,scaled_tanh,4,train_loss_epoch,297,1.1529924869537354
d9bd409a-5a20-4131-bd3a-dd747ae94885,vision_cnn,scaled_tanh,4,train_loss_epoch,315,1.144995927810669
d9bd409a-5a20-4131-bd3a-dd747ae94885,vision_cnn,scaled_tanh,4,train_loss_epoch,333,1.1388205289840698
d9bd409a-5a20-4131-bd3a-dd747ae94885,vision_cnn,scaled_tanh,4,train_loss_epoch,351,1.1343244314193726
c59d92f6-836d-4ff5-af2a-0fd379a0e0ff,vision_cnn,scaled_tanh,0,val_top1,14,0.296099990606308
c59d92f6-836d-4ff5-af2a-0fd379a0e0ff,vision_cnn,scaled_tanh,0,val_top1,32,0.3499999940395355
c59d92f6-836d-4ff5-af2a-0fd379a0e0ff,vision_cnn,scaled_tanh,0,val_top1,50,0.3916000127792358
c59d92f6-836d-4ff5-af2a-0fd379a0e0ff,vision_cnn,scaled_tanh,0,val_top1,68,0.431300014257431
c59d92f6-836d-4ff5-af2a-0fd379a0e0ff,vision_cnn,scaled_tanh,0,val_top1,86,0.442900002002716
c59d92f6-836d-4ff5-af2a-0fd379a0e0ff,vision_cnn,scaled_tanh,0,val_top1,102,0.4772000014781952
c59d92f6-836d-4ff5-af2a-0fd379a0e0ff,vision_cnn,scaled_tanh,0,val_top1,120,0.4959000051021576
c59d92f6-836d-4ff5-af2a-0fd379a0e0ff,vision_cnn,scaled_tanh,0,val_top1,138,0.4972000122070312
c59d92f6-836d-4ff5-af2a-0fd379a0e0ff,vision_cnn,scaled_tanh,0,val_top1,156,0.5256999731063843
c59d92f6-836d-4ff5-af2a-0fd379a0e0ff,vision_cnn,scaled_tanh,0,val_top1,174,0.5325000286102295
c59d92f6-836d-4ff5-af2a-0fd379a0e0ff,vision_cnn,scaled_tanh,0,val_top1,190,0.5493000149726868
c59d92f6-836d-4ff5-af2a-0fd379a0e0ff,vision_cnn,scaled_tanh,0,val_top1,208,0.5656999945640564
c59d92f6-836d-4ff5-af2a-0fd379a0e0ff,vision_cnn,scaled_tanh,0,val_top1,226,0.5673999786376953
c59d92f6-836d-4ff5-af2a-0fd379a0e0ff,vision_cnn,scaled_tanh,0,val_top1,244,0.5860000252723694
c59d92f6-836d-4ff5-af2a-0fd379a0e0ff,vision_cnn,scaled_tanh,0,val_top1,262,0.5893999934196472
c59d92f6-836d-4ff5-af2a-0fd379a0e0ff,vision_cnn,scaled_tanh,0,val_top1,278,0.6008999943733215
c59d92f6-836d-4ff5-af2a-0fd379a0e0ff,vision_cnn,scaled_tanh,0,val_top1,296,0.6064000129699707
c59d92f6-836d-4ff5-af2a-0fd379a0e0ff,vision_cnn,scaled_tanh,0,val_top1,314,0.6043999791145325
c59d92f6-836d-4ff5-af2a-0fd379a0e0ff,vision_cnn,scaled_tanh,0,val_top1,332,0.6065999865531921
c59d92f6-836d-4ff5-af2a-0fd379a0e0ff,vision_cnn,scaled_tanh,0,val_top1,350,0.6074000000953674
c59d92f6-836d-4ff5-af2a-0fd379a0e0ff,vision_cnn,scaled_tanh,0,train_loss_epoch,15,2.170569896697998
c59d92f6-836d-4ff5-af2a-0fd379a0e0ff,vision_cnn,scaled_tanh,0,train_loss_epoch,33,1.9291023015975952
c59d92f6-836d-4ff5-af2a-0fd379a0e0ff,vision_cnn,scaled_tanh,0,train_loss_epoch,51,1.778614163398743
c59d92f6-836d-4ff5-af2a-0fd379a0e0ff,vision_cnn,scaled_tanh,0,train_loss_epoch,69,1.6515076160430908
c59d92f6-836d-4ff5-af2a-0fd379a0e0ff,vision_cnn,scaled_tanh,0,train_loss_epoch,87,1.583478569984436
c59d92f6-836d-4ff5-af2a-0fd379a0e0ff,vision_cnn,scaled_tanh,0,train_loss_epoch,103,1.5189675092697144
c59d92f6-836d-4ff5-af2a-0fd379a0e0ff,vision_cnn,scaled_tanh,0,train_loss_epoch,121,1.4589439630508425
c59d92f6-836d-4ff5-af2a-0fd379a0e0ff,vision_cnn,scaled_tanh,0,train_loss_epoch,139,1.407350778579712
c59d92f6-836d-4ff5-af2a-0fd379a0e0ff,vision_cnn,scaled_tanh,0,train_loss_epoch,157,1.361594796180725
c59d92f6-836d-4ff5-af2a-0fd379a0e0ff,vision_cnn,scaled_tanh,0,train_loss_epoch,175,1.3232786655426023
c59d92f6-836d-4ff5-af2a-0fd379a0e0ff,vision_cnn,scaled_tanh,0,train_loss_epoch,191,1.277525782585144
c59d92f6-836d-4ff5-af2a-0fd379a0e0ff,vision_cnn,scaled_tanh,0,train_loss_epoch,209,1.241611123085022
c59d92f6-836d-4ff5-af2a-0fd379a0e0ff,vision_cnn,scaled_tanh,0,train_loss_epoch,227,1.2130037546157837
c59d92f6-836d-4ff5-af2a-0fd379a0e0ff,vision_cnn,scaled_tanh,0,train_loss_epoch,245,1.185768961906433
c59d92f6-836d-4ff5-af2a-0fd379a0e0ff,vision_cnn,scaled_tanh,0,train_loss_epoch,263,1.154561161994934
c59d92f6-836d-4ff5-af2a-0fd379a0e0ff,vision_cnn,scaled_tanh,0,train_loss_epoch,279,1.140411138534546
c59d92f6-836d-4ff5-af2a-0fd379a0e0ff,vision_cnn,scaled_tanh,0,train_loss_epoch,297,1.125117301940918
c59d92f6-836d-4ff5-af2a-0fd379a0e0ff,vision_cnn,scaled_tanh,0,train_loss_epoch,315,1.1222989559173584
c59d92f6-836d-4ff5-af2a-0fd379a0e0ff,vision_cnn,scaled_tanh,0,train_loss_epoch,333,1.1092462539672852
c59d92f6-836d-4ff5-af2a-0fd379a0e0ff,vision_cnn,scaled_tanh,0,train_loss_epoch,351,1.109989047050476
a7d49373-43fe-44ac-86f7-b53b747d5ece,vision_cnn,scaled_tanh,1,val_top1,14,0.2989000082015991
a7d49373-43fe-44ac-86f7-b53b747d5ece,vision_cnn,scaled_tanh,1,val_top1,32,0.3319000005722046
a7d49373-43fe-44ac-86f7-b53b747d5ece,vision_cnn,scaled_tanh,1,val_top1,50,0.3978999853134155
a7d49373-43fe-44ac-86f7-b53b747d5ece,vision_cnn,scaled_tanh,1,val_top1,68,0.4307000041007995
a7d49373-43fe-44ac-86f7-b53b747d5ece,vision_cnn,scaled_tanh,1,val_top1,86,0.4357999861240387
a7d49373-43fe-44ac-86f7-b53b747d5ece,vision_cnn,scaled_tanh,1,val_top1,102,0.4860000014305115
a7d49373-43fe-44ac-86f7-b53b747d5ece,vision_cnn,scaled_tanh,1,val_top1,120,0.4903999865055084
a7d49373-43fe-44ac-86f7-b53b747d5ece,vision_cnn,scaled_tanh,1,val_top1,138,0.5138999819755554
a7d49373-43fe-44ac-86f7-b53b747d5ece,vision_cnn,scaled_tanh,1,val_top1,156,0.5220000147819519
a7d49373-43fe-44ac-86f7-b53b747d5ece,vision_cnn,scaled_tanh,1,val_top1,174,0.54339998960495
a7d49373-43fe-44ac-86f7-b53b747d5ece,vision_cnn,scaled_tanh,1,val_top1,190,0.5572999715805054
a7d49373-43fe-44ac-86f7-b53b747d5ece,vision_cnn,scaled_tanh,1,val_top1,208,0.5550000071525574
a7d49373-43fe-44ac-86f7-b53b747d5ece,vision_cnn,scaled_tanh,1,val_top1,226,0.5734999775886536
a7d49373-43fe-44ac-86f7-b53b747d5ece,vision_cnn,scaled_tanh,1,val_top1,244,0.5817000269889832
a7d49373-43fe-44ac-86f7-b53b747d5ece,vision_cnn,scaled_tanh,1,val_top1,262,0.5906999707221985
a7d49373-43fe-44ac-86f7-b53b747d5ece,vision_cnn,scaled_tanh,1,val_top1,278,0.5983999967575073
a7d49373-43fe-44ac-86f7-b53b747d5ece,vision_cnn,scaled_tanh,1,val_top1,296,0.600600004196167
a7d49373-43fe-44ac-86f7-b53b747d5ece,vision_cnn,scaled_tanh,1,val_top1,314,0.6019999980926514
a7d49373-43fe-44ac-86f7-b53b747d5ece,vision_cnn,scaled_tanh,1,val_top1,332,0.6043999791145325
a7d49373-43fe-44ac-86f7-b53b747d5ece,vision_cnn,scaled_tanh,1,val_top1,350,0.6018999814987183
a7d49373-43fe-44ac-86f7-b53b747d5ece,vision_cnn,scaled_tanh,1,train_loss_epoch,15,2.1914658546447754
a7d49373-43fe-44ac-86f7-b53b747d5ece,vision_cnn,scaled_tanh,1,train_loss_epoch,33,1.9023946523666384
a7d49373-43fe-44ac-86f7-b53b747d5ece,vision_cnn,scaled_tanh,1,train_loss_epoch,51,1.7562174797058103
a7d49373-43fe-44ac-86f7-b53b747d5ece,vision_cnn,scaled_tanh,1,train_loss_epoch,69,1.6469581127166748
a7d49373-43fe-44ac-86f7-b53b747d5ece,vision_cnn,scaled_tanh,1,train_loss_epoch,87,1.5650534629821775
a7d49373-43fe-44ac-86f7-b53b747d5ece,vision_cnn,scaled_tanh,1,train_loss_epoch,103,1.501823902130127
a7d49373-43fe-44ac-86f7-b53b747d5ece,vision_cnn,scaled_tanh,1,train_loss_epoch,121,1.4410521984100342
a7d49373-43fe-44ac-86f7-b53b747d5ece,vision_cnn,scaled_tanh,1,train_loss_epoch,139,1.3899502754211426
a7d49373-43fe-44ac-86f7-b53b747d5ece,vision_cnn,scaled_tanh,1,train_loss_epoch,157,1.346190094947815
a7d49373-43fe-44ac-86f7-b53b747d5ece,vision_cnn,scaled_tanh,1,train_loss_epoch,175,1.2922126054763794
a7d49373-43fe-44ac-86f7-b53b747d5ece,vision_cnn,scaled_tanh,1,train_loss_epoch,191,1.2616775035858154
a7d49373-43fe-44ac-86f7-b53b747d5ece,vision_cnn,scaled_tanh,1,train_loss_epoch,209,1.2380837202072144
a7d49373-43fe-44ac-86f7-b53b747d5ece,vision_cnn,scaled_tanh,1,train_loss_epoch,227,1.201890468597412
a7d49373-43fe-44ac-86f7-b53b747d5ece,vision_cnn,scaled_tanh,1,train_loss_epoch,245,1.1730705499649048
a7d49373-43fe-44ac-86f7-b53b747d5ece,vision_cnn,scaled_tanh,1,train_loss_epoch,263,1.1508591175079346
a7d49373-43fe-44ac-86f7-b53b747d5ece,vision_cnn,scaled_tanh,1,train_loss_epoch,279,1.1336698532104492
a7d49373-43fe-44ac-86f7-b53b747d5ece,vision_cnn,scaled_tanh,1,train_loss_epoch,297,1.1227076053619385
a7d49373-43fe-44ac-86f7-b53b747d5ece,vision_cnn,scaled_tanh,1,train_loss_epoch,315,1.1122153997421265
a7d49373-43fe-44ac-86f7-b53b747d5ece,vision_cnn,scaled_tanh,1,train_loss_epoch,333,1.1115484237670898
a7d49373-43fe-44ac-86f7-b53b747d5ece,vision_cnn,scaled_tanh,1,train_loss_epoch,351,1.1064554452896118
7b4d09c6-ad88-441b-806b-a386f6defd0c,vision_cnn,scaled_tanh,2,val_top1,14,0.287200003862381
7b4d09c6-ad88-441b-806b-a386f6defd0c,vision_cnn,scaled_tanh,2,val_top1,32,0.3458000123500824
7b4d09c6-ad88-441b-806b-a386f6defd0c,vision_cnn,scaled_tanh,2,val_top1,50,0.3953999876976013
7b4d09c6-ad88-441b-806b-a386f6defd0c,vision_cnn,scaled_tanh,2,val_top1,68,0.4180000126361847
7b4d09c6-ad88-441b-806b-a386f6defd0c,vision_cnn,scaled_tanh,2,val_top1,86,0.450300008058548
7b4d09c6-ad88-441b-806b-a386f6defd0c,vision_cnn,scaled_tanh,2,val_top1,102,0.4717000126838684
7b4d09c6-ad88-441b-806b-a386f6defd0c,vision_cnn,scaled_tanh,2,val_top1,120,0.4979000091552734
7b4d09c6-ad88-441b-806b-a386f6defd0c,vision_cnn,scaled_tanh,2,val_top1,138,0.5121999979019165
7b4d09c6-ad88-441b-806b-a386f6defd0c,vision_cnn,scaled_tanh,2,val_top1,156,0.5192000269889832
7b4d09c6-ad88-441b-806b-a386f6defd0c,vision_cnn,scaled_tanh,2,val_top1,174,0.5342000126838684
7b4d09c6-ad88-441b-806b-a386f6defd0c,vision_cnn,scaled_tanh,2,val_top1,190,0.5536999702453613
7b4d09c6-ad88-441b-806b-a386f6defd0c,vision_cnn,scaled_tanh,2,val_top1,208,0.5733000040054321
7b4d09c6-ad88-441b-806b-a386f6defd0c,vision_cnn,scaled_tanh,2,val_top1,226,0.5789999961853027
7b4d09c6-ad88-441b-806b-a386f6defd0c,vision_cnn,scaled_tanh,2,val_top1,244,0.5842999815940857
7b4d09c6-ad88-441b-806b-a386f6defd0c,vision_cnn,scaled_tanh,2,val_top1,262,0.5934000015258789
7b4d09c6-ad88-441b-806b-a386f6defd0c,vision_cnn,scaled_tanh,2,val_top1,278,0.5971999764442444
7b4d09c6-ad88-441b-806b-a386f6defd0c,vision_cnn,scaled_tanh,2,val_top1,296,0.6025999784469604
7b4d09c6-ad88-441b-806b-a386f6defd0c,vision_cnn,scaled_tanh,2,val_top1,314,0.6035000085830688
7b4d09c6-ad88-441b-806b-a386f6defd0c,vision_cnn,scaled_tanh,2,val_top1,332,0.6037999987602234
7b4d09c6-ad88-441b-806b-a386f6defd0c,vision_cnn,scaled_tanh,2,val_top1,350,0.6032999753952026
7b4d09c6-ad88-441b-806b-a386f6defd0c,vision_cnn,scaled_tanh,2,train_loss_epoch,15,2.168116807937622
7b4d09c6-ad88-441b-806b-a386f6defd0c,vision_cnn,scaled_tanh,2,train_loss_epoch,33,1.945993542671204
7b4d09c6-ad88-441b-806b-a386f6defd0c,vision_cnn,scaled_tanh,2,train_loss_epoch,51,1.7930198907852173
7b4d09c6-ad88-441b-806b-a386f6defd0c,vision_cnn,scaled_tanh,2,train_loss_epoch,69,1.6707454919815063
7b4d09c6-ad88-441b-806b-a386f6defd0c,vision_cnn,scaled_tanh,2,train_loss_epoch,87,1.582815647125244
7b4d09c6-ad88-441b-806b-a386f6defd0c,vision_cnn,scaled_tanh,2,train_loss_epoch,103,1.5131460428237915
7b4d09c6-ad88-441b-806b-a386f6defd0c,vision_cnn,scaled_tanh,2,train_loss_epoch,121,1.4548355340957642
7b4d09c6-ad88-441b-806b-a386f6defd0c,vision_cnn,scaled_tanh,2,train_loss_epoch,139,1.3957719802856443
7b4d09c6-ad88-441b-806b-a386f6defd0c,vision_cnn,scaled_tanh,2,train_loss_epoch,157,1.34546160697937
7b4d09c6-ad88-441b-806b-a386f6defd0c,vision_cnn,scaled_tanh,2,train_loss_epoch,175,1.2939954996109009
7b4d09c6-ad88-441b-806b-a386f6defd0c,vision_cnn,scaled_tanh,2,train_loss_epoch,191,1.260942459106445
7b4d09c6-ad88-441b-806b-a386f6defd0c,vision_cnn,scaled_tanh,2,train_loss_epoch,209,1.2310229539871216
7b4d09c6-ad88-441b-806b-a386f6defd0c,vision_cnn,scaled_tanh,2,train_loss_epoch,227,1.1896272897720337
7b4d09c6-ad88-441b-806b-a386f6defd0c,vision_cnn,scaled_tanh,2,train_loss_epoch,245,1.1603294610977173
7b4d09c6-ad88-441b-806b-a386f6defd0c,vision_cnn,scaled_tanh,2,train_loss_epoch,263,1.1410551071166992
7b4d09c6-ad88-441b-806b-a386f6defd0c,vision_cnn,scaled_tanh,2,train_loss_epoch,279,1.12102210521698
7b4d09c6-ad88-441b-806b-a386f6defd0c,vision_cnn,scaled_tanh,2,train_loss_epoch,297,1.1065068244934082
7b4d09c6-ad88-441b-806b-a386f6defd0c,vision_cnn,scaled_tanh,2,train_loss_epoch,315,1.097904086112976
7b4d09c6-ad88-441b-806b-a386f6defd0c,vision_cnn,scaled_tanh,2,train_loss_epoch,333,1.09256112575531
7b4d09c6-ad88-441b-806b-a386f6defd0c,vision_cnn,scaled_tanh,2,train_loss_epoch,351,1.0888209342956543
86c82a25-f8b8-4c17-908f-cc5868f65c36,vision_cnn,scaled_tanh,3,val_top1,14,0.3046000003814697
86c82a25-f8b8-4c17-908f-cc5868f65c36,vision_cnn,scaled_tanh,3,val_top1,32,0.3476999998092651
86c82a25-f8b8-4c17-908f-cc5868f65c36,vision_cnn,scaled_tanh,3,val_top1,50,0.3795999884605407
86c82a25-f8b8-4c17-908f-cc5868f65c36,vision_cnn,scaled_tanh,3,val_top1,68,0.4363999962806701
86c82a25-f8b8-4c17-908f-cc5868f65c36,vision_cnn,scaled_tanh,3,val_top1,86,0.4562000036239624
86c82a25-f8b8-4c17-908f-cc5868f65c36,vision_cnn,scaled_tanh,3,val_top1,102,0.4806999862194061
86c82a25-f8b8-4c17-908f-cc5868f65c36,vision_cnn,scaled_tanh,3,val_top1,120,0.5083000063896179
86c82a25-f8b8-4c17-908f-cc5868f65c36,vision_cnn,scaled_tanh,3,val_top1,138,0.5224999785423279
86c82a25-f8b8-4c17-908f-cc5868f65c36,vision_cnn,scaled_tanh,3,val_top1,156,0.5228000283241272
86c82a25-f8b8-4c17-908f-cc5868f65c36,vision_cnn,scaled_tanh,3,val_top1,174,0.548799991607666
86c82a25-f8b8-4c17-908f-cc5868f65c36,vision_cnn,scaled_tanh,3,val_top1,190,0.5633000135421753
86c82a25-f8b8-4c17-908f-cc5868f65c36,vision_cnn,scaled_tanh,3,val_top1,208,0.57669997215271
86c82a25-f8b8-4c17-908f-cc5868f65c36,vision_cnn,scaled_tanh,3,val_top1,226,0.5936999917030334
86c82a25-f8b8-4c17-908f-cc5868f65c36,vision_cnn,scaled_tanh,3,val_top1,244,0.5934000015258789
86c82a25-f8b8-4c17-908f-cc5868f65c36,vision_cnn,scaled_tanh,3,val_top1,262,0.6015999913215637
86c82a25-f8b8-4c17-908f-cc5868f65c36,vision_cnn,scaled_tanh,3,val_top1,278,0.6136000156402588
86c82a25-f8b8-4c17-908f-cc5868f65c36,vision_cnn,scaled_tanh,3,val_top1,296,0.6115999817848206
86c82a25-f8b8-4c17-908f-cc5868f65c36,vision_cnn,scaled_tanh,3,val_top1,314,0.6148999929428101
86c82a25-f8b8-4c17-908f-cc5868f65c36,vision_cnn,scaled_tanh,3,val_top1,332,0.616100013256073
86c82a25-f8b8-4c17-908f-cc5868f65c36,vision_cnn,scaled_tanh,3,val_top1,350,0.6140999794006348
86c82a25-f8b8-4c17-908f-cc5868f65c36,vision_cnn,scaled_tanh,3,train_loss_epoch,15,2.1887195110321045
86c82a25-f8b8-4c17-908f-cc5868f65c36,vision_cnn,scaled_tanh,3,train_loss_epoch,33,1.9405018091201784
86c82a25-f8b8-4c17-908f-cc5868f65c36,vision_cnn,scaled_tanh,3,train_loss_epoch,51,1.7867059707641602
86c82a25-f8b8-4c17-908f-cc5868f65c36,vision_cnn,scaled_tanh,3,train_loss_epoch,69,1.6494311094284058
86c82a25-f8b8-4c17-908f-cc5868f65c36,vision_cnn,scaled_tanh,3,train_loss_epoch,87,1.5555155277252195
86c82a25-f8b8-4c17-908f-cc5868f65c36,vision_cnn,scaled_tanh,3,train_loss_epoch,103,1.490763545036316
86c82a25-f8b8-4c17-908f-cc5868f65c36,vision_cnn,scaled_tanh,3,train_loss_epoch,121,1.421859622001648
86c82a25-f8b8-4c17-908f-cc5868f65c36,vision_cnn,scaled_tanh,3,train_loss_epoch,139,1.3662896156311035
86c82a25-f8b8-4c17-908f-cc5868f65c36,vision_cnn,scaled_tanh,3,train_loss_epoch,157,1.315564751625061
86c82a25-f8b8-4c17-908f-cc5868f65c36,vision_cnn,scaled_tanh,3,train_loss_epoch,175,1.2759170532226562
86c82a25-f8b8-4c17-908f-cc5868f65c36,vision_cnn,scaled_tanh,3,train_loss_epoch,191,1.2403205633163452
86c82a25-f8b8-4c17-908f-cc5868f65c36,vision_cnn,scaled_tanh,3,train_loss_epoch,209,1.2010797262191772
86c82a25-f8b8-4c17-908f-cc5868f65c36,vision_cnn,scaled_tanh,3,train_loss_epoch,227,1.1753830909729004
86c82a25-f8b8-4c17-908f-cc5868f65c36,vision_cnn,scaled_tanh,3,train_loss_epoch,245,1.1510552167892456
86c82a25-f8b8-4c17-908f-cc5868f65c36,vision_cnn,scaled_tanh,3,train_loss_epoch,263,1.1279325485229492
86c82a25-f8b8-4c17-908f-cc5868f65c36,vision_cnn,scaled_tanh,3,train_loss_epoch,279,1.1104320287704468
86c82a25-f8b8-4c17-908f-cc5868f65c36,vision_cnn,scaled_tanh,3,train_loss_epoch,297,1.095030426979065
86c82a25-f8b8-4c17-908f-cc5868f65c36,vision_cnn,scaled_tanh,3,train_loss_epoch,315,1.0874922275543213
86c82a25-f8b8-4c17-908f-cc5868f65c36,vision_cnn,scaled_tanh,3,train_loss_epoch,333,1.0832154750823977
86c82a25-f8b8-4c17-908f-cc5868f65c36,vision_cnn,scaled_tanh,3,train_loss_epoch,351,1.0780445337295532
692d0a32-41f4-4e1f-ac85-a822b9d81f90,vision_cnn,scaled_tanh,5,val_top1,14,0.296099990606308
692d0a32-41f4-4e1f-ac85-a822b9d81f90,vision_cnn,scaled_tanh,5,val_top1,32,0.3440000116825104
692d0a32-41f4-4e1f-ac85-a822b9d81f90,vision_cnn,scaled_tanh,5,val_top1,50,0.3851999938488006
692d0a32-41f4-4e1f-ac85-a822b9d81f90,vision_cnn,scaled_tanh,5,val_top1,68,0.4180999994277954
692d0a32-41f4-4e1f-ac85-a822b9d81f90,vision_cnn,scaled_tanh,5,val_top1,86,0.454800009727478
692d0a32-41f4-4e1f-ac85-a822b9d81f90,vision_cnn,scaled_tanh,5,val_top1,102,0.4706000089645386
692d0a32-41f4-4e1f-ac85-a822b9d81f90,vision_cnn,scaled_tanh,5,val_top1,120,0.4945000112056732
692d0a32-41f4-4e1f-ac85-a822b9d81f90,vision_cnn,scaled_tanh,5,val_top1,138,0.5108000040054321
692d0a32-41f4-4e1f-ac85-a822b9d81f90,vision_cnn,scaled_tanh,5,val_top1,156,0.5214999914169312
692d0a32-41f4-4e1f-ac85-a822b9d81f90,vision_cnn,scaled_tanh,5,val_top1,174,0.5234000086784363
692d0a32-41f4-4e1f-ac85-a822b9d81f90,vision_cnn,scaled_tanh,5,val_top1,190,0.5491999983787537
692d0a32-41f4-4e1f-ac85-a822b9d81f90,vision_cnn,scaled_tanh,5,val_top1,208,0.5676000118255615
692d0a32-41f4-4e1f-ac85-a822b9d81f90,vision_cnn,scaled_tanh,5,val_top1,226,0.5713000297546387
692d0a32-41f4-4e1f-ac85-a822b9d81f90,vision_cnn,scaled_tanh,5,val_top1,244,0.5827000141143799
692d0a32-41f4-4e1f-ac85-a822b9d81f90,vision_cnn,scaled_tanh,5,val_top1,262,0.5871000289916992
692d0a32-41f4-4e1f-ac85-a822b9d81f90,vision_cnn,scaled_tanh,5,val_top1,278,0.5921000242233276
692d0a32-41f4-4e1f-ac85-a822b9d81f90,vision_cnn,scaled_tanh,5,val_top1,296,0.5982999801635742
692d0a32-41f4-4e1f-ac85-a822b9d81f90,vision_cnn,scaled_tanh,5,val_top1,314,0.6014999747276306
692d0a32-41f4-4e1f-ac85-a822b9d81f90,vision_cnn,scaled_tanh,5,val_top1,332,0.6014999747276306
692d0a32-41f4-4e1f-ac85-a822b9d81f90,vision_cnn,scaled_tanh,5,val_top1,350,0.6018000245094299
692d0a32-41f4-4e1f-ac85-a822b9d81f90,vision_cnn,scaled_tanh,5,train_loss_epoch,15,2.1969735622406006
692d0a32-41f4-4e1f-ac85-a822b9d81f90,vision_cnn,scaled_tanh,5,train_loss_epoch,33,1.935235381126404
692d0a32-41f4-4e1f-ac85-a822b9d81f90,vision_cnn,scaled_tanh,5,train_loss_epoch,51,1.783146619796753
692d0a32-41f4-4e1f-ac85-a822b9d81f90,vision_cnn,scaled_tanh,5,train_loss_epoch,69,1.662522554397583
692d0a32-41f4-4e1f-ac85-a822b9d81f90,vision_cnn,scaled_tanh,5,train_loss_epoch,87,1.5761011838912964
692d0a32-41f4-4e1f-ac85-a822b9d81f90,vision_cnn,scaled_tanh,5,train_loss_epoch,103,1.5139886140823364
692d0a32-41f4-4e1f-ac85-a822b9d81f90,vision_cnn,scaled_tanh,5,train_loss_epoch,121,1.4555132389068604
692d0a32-41f4-4e1f-ac85-a822b9d81f90,vision_cnn,scaled_tanh,5,train_loss_epoch,139,1.3960347175598145
692d0a32-41f4-4e1f-ac85-a822b9d81f90,vision_cnn,scaled_tanh,5,train_loss_epoch,157,1.3443753719329834
692d0a32-41f4-4e1f-ac85-a822b9d81f90,vision_cnn,scaled_tanh,5,train_loss_epoch,175,1.3050391674041748
692d0a32-41f4-4e1f-ac85-a822b9d81f90,vision_cnn,scaled_tanh,5,train_loss_epoch,191,1.2717139720916748
692d0a32-41f4-4e1f-ac85-a822b9d81f90,vision_cnn,scaled_tanh,5,train_loss_epoch,209,1.235442042350769
692d0a32-41f4-4e1f-ac85-a822b9d81f90,vision_cnn,scaled_tanh,5,train_loss_epoch,227,1.21019184589386
692d0a32-41f4-4e1f-ac85-a822b9d81f90,vision_cnn,scaled_tanh,5,train_loss_epoch,245,1.1750904321670532
692d0a32-41f4-4e1f-ac85-a822b9d81f90,vision_cnn,scaled_tanh,5,train_loss_epoch,263,1.1582952737808228
692d0a32-41f4-4e1f-ac85-a822b9d81f90,vision_cnn,scaled_tanh,5,train_loss_epoch,279,1.1400669813156128
692d0a32-41f4-4e1f-ac85-a822b9d81f90,vision_cnn,scaled_tanh,5,train_loss_epoch,297,1.1280848979949951
692d0a32-41f4-4e1f-ac85-a822b9d81f90,vision_cnn,scaled_tanh,5,train_loss_epoch,315,1.1150307655334473
692d0a32-41f4-4e1f-ac85-a822b9d81f90,vision_cnn,scaled_tanh,5,train_loss_epoch,333,1.1103756427764893
692d0a32-41f4-4e1f-ac85-a822b9d81f90,vision_cnn,scaled_tanh,5,train_loss_epoch,351,1.1096948385238647
b69a503e-4ec6-4ded-af2a-818145fb79b1,vision_cnn,scaled_tanh,7,val_top1,14,0.2806999981403351
b69a503e-4ec6-4ded-af2a-818145fb79b1,vision_cnn,scaled_tanh,7,val_top1,32,0.3447999954223633
b69a503e-4ec6-4ded-af2a-818145fb79b1,vision_cnn,scaled_tanh,7,val_top1,50,0.3856000006198883
b69a503e-4ec6-4ded-af2a-818145fb79b1,vision_cnn,scaled_tanh,7,val_top1,68,0.4081000089645386
b69a503e-4ec6-4ded-af2a-818145fb79b1,vision_cnn,scaled_tanh,7,val_top1,86,0.4573999941349029
b69a503e-4ec6-4ded-af2a-818145fb79b1,vision_cnn,scaled_tanh,7,val_top1,102,0.4598000049591064
b69a503e-4ec6-4ded-af2a-818145fb79b1,vision_cnn,scaled_tanh,7,val_top1,120,0.4708000123500824
b69a503e-4ec6-4ded-af2a-818145fb79b1,vision_cnn,scaled_tanh,7,val_top1,138,0.4966000020503998
b69a503e-4ec6-4ded-af2a-818145fb79b1,vision_cnn,scaled_tanh,7,val_top1,156,0.5115000009536743
b69a503e-4ec6-4ded-af2a-818145fb79b1,vision_cnn,scaled_tanh,7,val_top1,174,0.5303999781608582
b69a503e-4ec6-4ded-af2a-818145fb79b1,vision_cnn,scaled_tanh,7,val_top1,190,0.5468999743461609
b69a503e-4ec6-4ded-af2a-818145fb79b1,vision_cnn,scaled_tanh,7,val_top1,208,0.5623000264167786
b69a503e-4ec6-4ded-af2a-818145fb79b1,vision_cnn,scaled_tanh,7,val_top1,226,0.5583000183105469
b69a503e-4ec6-4ded-af2a-818145fb79b1,vision_cnn,scaled_tanh,7,val_top1,244,0.5672000050544739
b69a503e-4ec6-4ded-af2a-818145fb79b1,vision_cnn,scaled_tanh,7,val_top1,262,0.5835000276565552
b69a503e-4ec6-4ded-af2a-818145fb79b1,vision_cnn,scaled_tanh,7,val_top1,278,0.5885000228881836
b69a503e-4ec6-4ded-af2a-818145fb79b1,vision_cnn,scaled_tanh,7,val_top1,296,0.5899999737739563
b69a503e-4ec6-4ded-af2a-818145fb79b1,vision_cnn,scaled_tanh,7,val_top1,314,0.5928000211715698
b69a503e-4ec6-4ded-af2a-818145fb79b1,vision_cnn,scaled_tanh,7,val_top1,332,0.5942999720573425
b69a503e-4ec6-4ded-af2a-818145fb79b1,vision_cnn,scaled_tanh,7,val_top1,350,0.592199981212616
b69a503e-4ec6-4ded-af2a-818145fb79b1,vision_cnn,scaled_tanh,7,train_loss_epoch,15,2.17935562133789
b69a503e-4ec6-4ded-af2a-818145fb79b1,vision_cnn,scaled_tanh,7,train_loss_epoch,33,1.9428060054779053
b69a503e-4ec6-4ded-af2a-818145fb79b1,vision_cnn,scaled_tanh,7,train_loss_epoch,51,1.7937120199203491
b69a503e-4ec6-4ded-af2a-818145fb79b1,vision_cnn,scaled_tanh,7,train_loss_epoch,69,1.6790932416915894
b69a503e-4ec6-4ded-af2a-818145fb79b1,vision_cnn,scaled_tanh,7,train_loss_epoch,87,1.5832524299621582
b69a503e-4ec6-4ded-af2a-818145fb79b1,vision_cnn,scaled_tanh,7,train_loss_epoch,103,1.5205976963043213
b69a503e-4ec6-4ded-af2a-818145fb79b1,vision_cnn,scaled_tanh,7,train_loss_epoch,121,1.4701721668243408
b69a503e-4ec6-4ded-af2a-818145fb79b1,vision_cnn,scaled_tanh,7,train_loss_epoch,139,1.4165048599243164
b69a503e-4ec6-4ded-af2a-818145fb79b1,vision_cnn,scaled_tanh,7,train_loss_epoch,157,1.367316484451294
b69a503e-4ec6-4ded-af2a-818145fb79b1,vision_cnn,scaled_tanh,7,train_loss_epoch,175,1.329084396362305
b69a503e-4ec6-4ded-af2a-818145fb79b1,vision_cnn,scaled_tanh,7,train_loss_epoch,191,1.2930089235305786
b69a503e-4ec6-4ded-af2a-818145fb79b1,vision_cnn,scaled_tanh,7,train_loss_epoch,209,1.2505662441253662
b69a503e-4ec6-4ded-af2a-818145fb79b1,vision_cnn,scaled_tanh,7,train_loss_epoch,227,1.2209575176239014
b69a503e-4ec6-4ded-af2a-818145fb79b1,vision_cnn,scaled_tanh,7,train_loss_epoch,245,1.1897990703582764
b69a503e-4ec6-4ded-af2a-818145fb79b1,vision_cnn,scaled_tanh,7,train_loss_epoch,263,1.1684671640396118
b69a503e-4ec6-4ded-af2a-818145fb79b1,vision_cnn,scaled_tanh,7,train_loss_epoch,279,1.148747205734253
b69a503e-4ec6-4ded-af2a-818145fb79b1,vision_cnn,scaled_tanh,7,train_loss_epoch,297,1.1365792751312256
b69a503e-4ec6-4ded-af2a-818145fb79b1,vision_cnn,scaled_tanh,7,train_loss_epoch,315,1.124981164932251
b69a503e-4ec6-4ded-af2a-818145fb79b1,vision_cnn,scaled_tanh,7,train_loss_epoch,333,1.119115114212036
b69a503e-4ec6-4ded-af2a-818145fb79b1,vision_cnn,scaled_tanh,7,train_loss_epoch,351,1.1163489818572998
9bd12baa-622f-48b6-9ceb-71cc411cb335,vision_cnn,leaky,3,val_top1,14,0.398499995470047
9bd12baa-622f-48b6-9ceb-71cc411cb335,vision_cnn,leaky,3,val_top1,32,0.5652999877929688
9bd12baa-622f-48b6-9ceb-71cc411cb335,vision_cnn,leaky,3,val_top1,50,0.6518999934196472
9bd12baa-622f-48b6-9ceb-71cc411cb335,vision_cnn,leaky,3,val_top1,68,0.6413999795913696
9bd12baa-622f-48b6-9ceb-71cc411cb335,vision_cnn,leaky,3,val_top1,86,0.708299994468689
9bd12baa-622f-48b6-9ceb-71cc411cb335,vision_cnn,leaky,3,val_top1,102,0.761900007724762
9bd12baa-622f-48b6-9ceb-71cc411cb335,vision_cnn,leaky,3,val_top1,120,0.7728000283241272
9bd12baa-622f-48b6-9ceb-71cc411cb335,vision_cnn,leaky,3,val_top1,138,0.7324000000953674
9bd12baa-622f-48b6-9ceb-71cc411cb335,vision_cnn,leaky,3,val_top1,156,0.8073999881744385
9bd12baa-622f-48b6-9ceb-71cc411cb335,vision_cnn,leaky,3,val_top1,174,0.8165000081062317
9bd12baa-622f-48b6-9ceb-71cc411cb335,vision_cnn,leaky,3,val_top1,190,0.8260999917984009
9bd12baa-622f-48b6-9ceb-71cc411cb335,vision_cnn,leaky,3,val_top1,208,0.8258000016212463
9bd12baa-622f-48b6-9ceb-71cc411cb335,vision_cnn,leaky,3,val_top1,226,0.8335000276565552
9bd12baa-622f-48b6-9ceb-71cc411cb335,vision_cnn,leaky,3,val_top1,244,0.838100016117096
9bd12baa-622f-48b6-9ceb-71cc411cb335,vision_cnn,leaky,3,val_top1,262,0.8436999917030334
9bd12baa-622f-48b6-9ceb-71cc411cb335,vision_cnn,leaky,3,val_top1,278,0.845300018787384
9bd12baa-622f-48b6-9ceb-71cc411cb335,vision_cnn,leaky,3,val_top1,296,0.8482999801635742
9bd12baa-622f-48b6-9ceb-71cc411cb335,vision_cnn,leaky,3,val_top1,314,0.8500999808311462
9bd12baa-622f-48b6-9ceb-71cc411cb335,vision_cnn,leaky,3,val_top1,332,0.8518000245094299
9bd12baa-622f-48b6-9ceb-71cc411cb335,vision_cnn,leaky,3,val_top1,350,0.852400004863739
9bd12baa-622f-48b6-9ceb-71cc411cb335,vision_cnn,leaky,3,train_loss_epoch,15,1.9043933153152464
9bd12baa-622f-48b6-9ceb-71cc411cb335,vision_cnn,leaky,3,train_loss_epoch,33,1.27505624294281
9bd12baa-622f-48b6-9ceb-71cc411cb335,vision_cnn,leaky,3,train_loss_epoch,51,1.012827754020691
9bd12baa-622f-48b6-9ceb-71cc411cb335,vision_cnn,leaky,3,train_loss_epoch,69,0.8512713313102722
9bd12baa-622f-48b6-9ceb-71cc411cb335,vision_cnn,leaky,3,train_loss_epoch,87,0.7533089518547058
9bd12baa-622f-48b6-9ceb-71cc411cb335,vision_cnn,leaky,3,train_loss_epoch,103,0.6817461848258972
9bd12baa-622f-48b6-9ceb-71cc411cb335,vision_cnn,leaky,3,train_loss_epoch,121,0.6261795163154602
9bd12baa-622f-48b6-9ceb-71cc411cb335,vision_cnn,leaky,3,train_loss_epoch,139,0.5749375224113464
9bd12baa-622f-48b6-9ceb-71cc411cb335,vision_cnn,leaky,3,train_loss_epoch,157,0.538283109664917
9bd12baa-622f-48b6-9ceb-71cc411cb335,vision_cnn,leaky,3,train_loss_epoch,175,0.5074443817138672
9bd12baa-622f-48b6-9ceb-71cc411cb335,vision_cnn,leaky,3,train_loss_epoch,191,0.4761890172958374
9bd12baa-622f-48b6-9ceb-71cc411cb335,vision_cnn,leaky,3,train_loss_epoch,209,0.4498696327209472
9bd12baa-622f-48b6-9ceb-71cc411cb335,vision_cnn,leaky,3,train_loss_epoch,227,0.424481987953186
9bd12baa-622f-48b6-9ceb-71cc411cb335,vision_cnn,leaky,3,train_loss_epoch,245,0.4057499766349792
9bd12baa-622f-48b6-9ceb-71cc411cb335,vision_cnn,leaky,3,train_loss_epoch,263,0.3883032500743866
9bd12baa-622f-48b6-9ceb-71cc411cb335,vision_cnn,leaky,3,train_loss_epoch,279,0.3717764019966125
9bd12baa-622f-48b6-9ceb-71cc411cb335,vision_cnn,leaky,3,train_loss_epoch,297,0.3604956865310669
9bd12baa-622f-48b6-9ceb-71cc411cb335,vision_cnn,leaky,3,train_loss_epoch,315,0.3499469459056854
9bd12baa-622f-48b6-9ceb-71cc411cb335,vision_cnn,leaky,3,train_loss_epoch,333,0.344908207654953
9bd12baa-622f-48b6-9ceb-71cc411cb335,vision_cnn,leaky,3,train_loss_epoch,351,0.343688815832138
9bc62605-5df5-4601-8b24-2b6d7ce20925,vision_cnn,leaky,5,val_top1,14,0.4839000105857849
9bc62605-5df5-4601-8b24-2b6d7ce20925,vision_cnn,leaky,5,val_top1,32,0.5562000274658203
9bc62605-5df5-4601-8b24-2b6d7ce20925,vision_cnn,leaky,5,val_top1,50,0.6435999870300293
9bc62605-5df5-4601-8b24-2b6d7ce20925,vision_cnn,leaky,5,val_top1,68,0.6963000297546387
9bc62605-5df5-4601-8b24-2b6d7ce20925,vision_cnn,leaky,5,val_top1,86,0.7182999849319458
9bc62605-5df5-4601-8b24-2b6d7ce20925,vision_cnn,leaky,5,val_top1,102,0.7253000140190125
9bc62605-5df5-4601-8b24-2b6d7ce20925,vision_cnn,leaky,5,val_top1,120,0.7452999949455261
9bc62605-5df5-4601-8b24-2b6d7ce20925,vision_cnn,leaky,5,val_top1,138,0.7656999826431274
9bc62605-5df5-4601-8b24-2b6d7ce20925,vision_cnn,leaky,5,val_top1,156,0.7904000282287598
9bc62605-5df5-4601-8b24-2b6d7ce20925,vision_cnn,leaky,5,val_top1,174,0.8104000091552734
9bc62605-5df5-4601-8b24-2b6d7ce20925,vision_cnn,leaky,5,val_top1,190,0.8122000098228455
9bc62605-5df5-4601-8b24-2b6d7ce20925,vision_cnn,leaky,5,val_top1,208,0.8212000131607056
9bc62605-5df5-4601-8b24-2b6d7ce20925,vision_cnn,leaky,5,val_top1,226,0.8353999853134155
9bc62605-5df5-4601-8b24-2b6d7ce20925,vision_cnn,leaky,5,val_top1,244,0.8335999846458435
9bc62605-5df5-4601-8b24-2b6d7ce20925,vision_cnn,leaky,5,val_top1,262,0.8414000272750854
9bc62605-5df5-4601-8b24-2b6d7ce20925,vision_cnn,leaky,5,val_top1,278,0.8471999764442444
9bc62605-5df5-4601-8b24-2b6d7ce20925,vision_cnn,leaky,5,val_top1,296,0.847100019454956
9bc62605-5df5-4601-8b24-2b6d7ce20925,vision_cnn,leaky,5,val_top1,314,0.8504999876022339
9bc62605-5df5-4601-8b24-2b6d7ce20925,vision_cnn,leaky,5,val_top1,332,0.8496000170707703
9bc62605-5df5-4601-8b24-2b6d7ce20925,vision_cnn,leaky,5,val_top1,350,0.8511000275611877
9bc62605-5df5-4601-8b24-2b6d7ce20925,vision_cnn,leaky,5,train_loss_epoch,15,1.8297278881073
9bc62605-5df5-4601-8b24-2b6d7ce20925,vision_cnn,leaky,5,train_loss_epoch,33,1.2651798725128174
9bc62605-5df5-4601-8b24-2b6d7ce20925,vision_cnn,leaky,5,train_loss_epoch,51,1.0037773847579956
9bc62605-5df5-4601-8b24-2b6d7ce20925,vision_cnn,leaky,5,train_loss_epoch,69,0.8527917265892029
9bc62605-5df5-4601-8b24-2b6d7ce20925,vision_cnn,leaky,5,train_loss_epoch,87,0.7536366581916809
9bc62605-5df5-4601-8b24-2b6d7ce20925,vision_cnn,leaky,5,train_loss_epoch,103,0.6820580959320068
9bc62605-5df5-4601-8b24-2b6d7ce20925,vision_cnn,leaky,5,train_loss_epoch,121,0.6278026700019836
9bc62605-5df5-4601-8b24-2b6d7ce20925,vision_cnn,leaky,5,train_loss_epoch,139,0.5847152471542358
9bc62605-5df5-4601-8b24-2b6d7ce20925,vision_cnn,leaky,5,train_loss_epoch,157,0.5423571467399597
9bc62605-5df5-4601-8b24-2b6d7ce20925,vision_cnn,leaky,5,train_loss_epoch,175,0.5126233696937561
9bc62605-5df5-4601-8b24-2b6d7ce20925,vision_cnn,leaky,5,train_loss_epoch,191,0.482595831155777
9bc62605-5df5-4601-8b24-2b6d7ce20925,vision_cnn,leaky,5,train_loss_epoch,209,0.4549518227577209
9bc62605-5df5-4601-8b24-2b6d7ce20925,vision_cnn,leaky,5,train_loss_epoch,227,0.4338814318180084
9bc62605-5df5-4601-8b24-2b6d7ce20925,vision_cnn,leaky,5,train_loss_epoch,245,0.4152346551418304
9bc62605-5df5-4601-8b24-2b6d7ce20925,vision_cnn,leaky,5,train_loss_epoch,263,0.3958321213722229
9bc62605-5df5-4601-8b24-2b6d7ce20925,vision_cnn,leaky,5,train_loss_epoch,279,0.3787125945091247
9bc62605-5df5-4601-8b24-2b6d7ce20925,vision_cnn,leaky,5,train_loss_epoch,297,0.3682930171489715
9bc62605-5df5-4601-8b24-2b6d7ce20925,vision_cnn,leaky,5,train_loss_epoch,315,0.3564255237579345
9bc62605-5df5-4601-8b24-2b6d7ce20925,vision_cnn,leaky,5,train_loss_epoch,333,0.3534587621688843
9bc62605-5df5-4601-8b24-2b6d7ce20925,vision_cnn,leaky,5,train_loss_epoch,351,0.3519419729709625
b658df7d-6570-4471-9b5e-2b891672cf64,vision_cnn,leaky,0,val_top1,14,0.4377999901771545
b658df7d-6570-4471-9b5e-2b891672cf64,vision_cnn,leaky,0,val_top1,32,0.5737000107765198
b658df7d-6570-4471-9b5e-2b891672cf64,vision_cnn,leaky,0,val_top1,50,0.6238999962806702
b658df7d-6570-4471-9b5e-2b891672cf64,vision_cnn,leaky,0,val_top1,68,0.6802999973297119
b658df7d-6570-4471-9b5e-2b891672cf64,vision_cnn,leaky,0,val_top1,86,0.7279000282287598
b658df7d-6570-4471-9b5e-2b891672cf64,vision_cnn,leaky,0,val_top1,102,0.7455000281333923
b658df7d-6570-4471-9b5e-2b891672cf64,vision_cnn,leaky,0,val_top1,120,0.7646999955177307
b658df7d-6570-4471-9b5e-2b891672cf64,vision_cnn,leaky,0,val_top1,138,0.757099986076355
b658df7d-6570-4471-9b5e-2b891672cf64,vision_cnn,leaky,0,val_top1,156,0.7781000137329102
b658df7d-6570-4471-9b5e-2b891672cf64,vision_cnn,leaky,0,val_top1,174,0.7997999787330627
b658df7d-6570-4471-9b5e-2b891672cf64,vision_cnn,leaky,0,val_top1,190,0.8083999752998352
b658df7d-6570-4471-9b5e-2b891672cf64,vision_cnn,leaky,0,val_top1,208,0.8170999884605408
b658df7d-6570-4471-9b5e-2b891672cf64,vision_cnn,leaky,0,val_top1,226,0.8270999789237976
b658df7d-6570-4471-9b5e-2b891672cf64,vision_cnn,leaky,0,val_top1,244,0.8342000246047974
b658df7d-6570-4471-9b5e-2b891672cf64,vision_cnn,leaky,0,val_top1,262,0.8348000049591064
b658df7d-6570-4471-9b5e-2b891672cf64,vision_cnn,leaky,0,val_top1,278,0.8410999774932861
b658df7d-6570-4471-9b5e-2b891672cf64,vision_cnn,leaky,0,val_top1,296,0.8407999873161316
b658df7d-6570-4471-9b5e-2b891672cf64,vision_cnn,leaky,0,val_top1,314,0.847100019454956
b658df7d-6570-4471-9b5e-2b891672cf64,vision_cnn,leaky,0,val_top1,332,0.8468000292778015
b658df7d-6570-4471-9b5e-2b891672cf64,vision_cnn,leaky,0,val_top1,350,0.8458999991416931
b658df7d-6570-4471-9b5e-2b891672cf64,vision_cnn,leaky,0,train_loss_epoch,15,1.9275249242782595
b658df7d-6570-4471-9b5e-2b891672cf64,vision_cnn,leaky,0,train_loss_epoch,33,1.2977348566055298
b658df7d-6570-4471-9b5e-2b891672cf64,vision_cnn,leaky,0,train_loss_epoch,51,1.0362008810043335
b658df7d-6570-4471-9b5e-2b891672cf64,vision_cnn,leaky,0,train_loss_epoch,69,0.8736539483070374
b658df7d-6570-4471-9b5e-2b891672cf64,vision_cnn,leaky,0,train_loss_epoch,87,0.7642375230789185
b658df7d-6570-4471-9b5e-2b891672cf64,vision_cnn,leaky,0,train_loss_epoch,103,0.6958198547363281
b658df7d-6570-4471-9b5e-2b891672cf64,vision_cnn,leaky,0,train_loss_epoch,121,0.6371660232543945
b658df7d-6570-4471-9b5e-2b891672cf64,vision_cnn,leaky,0,train_loss_epoch,139,0.5920196175575256
b658df7d-6570-4471-9b5e-2b891672cf64,vision_cnn,leaky,0,train_loss_epoch,157,0.5548743009567261
b658df7d-6570-4471-9b5e-2b891672cf64,vision_cnn,leaky,0,train_loss_epoch,175,0.5203860402107239
b658df7d-6570-4471-9b5e-2b891672cf64,vision_cnn,leaky,0,train_loss_epoch,191,0.4922894239425659
b658df7d-6570-4471-9b5e-2b891672cf64,vision_cnn,leaky,0,train_loss_epoch,209,0.4605782032012939
b658df7d-6570-4471-9b5e-2b891672cf64,vision_cnn,leaky,0,train_loss_epoch,227,0.443756103515625
b658df7d-6570-4471-9b5e-2b891672cf64,vision_cnn,leaky,0,train_loss_epoch,245,0.4181339740753174
b658df7d-6570-4471-9b5e-2b891672cf64,vision_cnn,leaky,0,train_loss_epoch,263,0.3951785266399383
b658df7d-6570-4471-9b5e-2b891672cf64,vision_cnn,leaky,0,train_loss_epoch,279,0.3843908309936523
b658df7d-6570-4471-9b5e-2b891672cf64,vision_cnn,leaky,0,train_loss_epoch,297,0.3683704435825348
b658df7d-6570-4471-9b5e-2b891672cf64,vision_cnn,leaky,0,train_loss_epoch,315,0.3637101054191589
b658df7d-6570-4471-9b5e-2b891672cf64,vision_cnn,leaky,0,train_loss_epoch,333,0.3580193519592285
b658df7d-6570-4471-9b5e-2b891672cf64,vision_cnn,leaky,0,train_loss_epoch,351,0.355176568031311
cd7712e0-715a-48b8-8a32-2b095e6b2140,vision_cnn,leaky,6,val_top1,14,0.4431999921798706
cd7712e0-715a-48b8-8a32-2b095e6b2140,vision_cnn,leaky,6,val_top1,32,0.5697000026702881
cd7712e0-715a-48b8-8a32-2b095e6b2140,vision_cnn,leaky,6,val_top1,50,0.6144999861717224
cd7712e0-715a-48b8-8a32-2b095e6b2140,vision_cnn,leaky,6,val_top1,68,0.6829000115394592
cd7712e0-715a-48b8-8a32-2b095e6b2140,vision_cnn,leaky,6,val_top1,86,0.6978999972343445
cd7712e0-715a-48b8-8a32-2b095e6b2140,vision_cnn,leaky,6,val_top1,102,0.736299991607666
cd7712e0-715a-48b8-8a32-2b095e6b2140,vision_cnn,leaky,6,val_top1,120,0.7856000065803528
cd7712e0-715a-48b8-8a32-2b095e6b2140,vision_cnn,leaky,6,val_top1,138,0.7752000093460083
cd7712e0-715a-48b8-8a32-2b095e6b2140,vision_cnn,leaky,6,val_top1,156,0.8037999868392944
cd7712e0-715a-48b8-8a32-2b095e6b2140,vision_cnn,leaky,6,val_top1,174,0.8138999938964844
cd7712e0-715a-48b8-8a32-2b095e6b2140,vision_cnn,leaky,6,val_top1,190,0.8201000094413757
cd7712e0-715a-48b8-8a32-2b095e6b2140,vision_cnn,leaky,6,val_top1,208,0.8248000144958496
cd7712e0-715a-48b8-8a32-2b095e6b2140,vision_cnn,leaky,6,val_top1,226,0.8337000012397766
cd7712e0-715a-48b8-8a32-2b095e6b2140,vision_cnn,leaky,6,val_top1,244,0.836899995803833
cd7712e0-715a-48b8-8a32-2b095e6b2140,vision_cnn,leaky,6,val_top1,262,0.8443999886512756
cd7712e0-715a-48b8-8a32-2b095e6b2140,vision_cnn,leaky,6,val_top1,278,0.8436999917030334
cd7712e0-715a-48b8-8a32-2b095e6b2140,vision_cnn,leaky,6,val_top1,296,0.8490999937057495
cd7712e0-715a-48b8-8a32-2b095e6b2140,vision_cnn,leaky,6,val_top1,314,0.8464000225067139
cd7712e0-715a-48b8-8a32-2b095e6b2140,vision_cnn,leaky,6,val_top1,332,0.8464999794960022
cd7712e0-715a-48b8-8a32-2b095e6b2140,vision_cnn,leaky,6,val_top1,350,0.8464000225067139
cd7712e0-715a-48b8-8a32-2b095e6b2140,vision_cnn,leaky,6,train_loss_epoch,15,1.7963201999664309
cd7712e0-715a-48b8-8a32-2b095e6b2140,vision_cnn,leaky,6,train_loss_epoch,33,1.3050607442855835
cd7712e0-715a-48b8-8a32-2b095e6b2140,vision_cnn,leaky,6,train_loss_epoch,51,1.0374728441238403
cd7712e0-715a-48b8-8a32-2b095e6b2140,vision_cnn,leaky,6,train_loss_epoch,69,0.8706972002983093
cd7712e0-715a-48b8-8a32-2b095e6b2140,vision_cnn,leaky,6,train_loss_epoch,87,0.7607187628746033
cd7712e0-715a-48b8-8a32-2b095e6b2140,vision_cnn,leaky,6,train_loss_epoch,103,0.684412956237793
cd7712e0-715a-48b8-8a32-2b095e6b2140,vision_cnn,leaky,6,train_loss_epoch,121,0.6227254867553711
cd7712e0-715a-48b8-8a32-2b095e6b2140,vision_cnn,leaky,6,train_loss_epoch,139,0.5789214968681335
cd7712e0-715a-48b8-8a32-2b095e6b2140,vision_cnn,leaky,6,train_loss_epoch,157,0.5429185628890991
cd7712e0-715a-48b8-8a32-2b095e6b2140,vision_cnn,leaky,6,train_loss_epoch,175,0.5078040957450867
cd7712e0-715a-48b8-8a32-2b095e6b2140,vision_cnn,leaky,6,train_loss_epoch,191,0.4737714827060699
cd7712e0-715a-48b8-8a32-2b095e6b2140,vision_cnn,leaky,6,train_loss_epoch,209,0.4508414566516876
cd7712e0-715a-48b8-8a32-2b095e6b2140,vision_cnn,leaky,6,train_loss_epoch,227,0.4270413219928741
cd7712e0-715a-48b8-8a32-2b095e6b2140,vision_cnn,leaky,6,train_loss_epoch,245,0.404853492975235
cd7712e0-715a-48b8-8a32-2b095e6b2140,vision_cnn,leaky,6,train_loss_epoch,263,0.3856110870838165
cd7712e0-715a-48b8-8a32-2b095e6b2140,vision_cnn,leaky,6,train_loss_epoch,279,0.3697780966758728
cd7712e0-715a-48b8-8a32-2b095e6b2140,vision_cnn,leaky,6,train_loss_epoch,297,0.3593258559703827
cd7712e0-715a-48b8-8a32-2b095e6b2140,vision_cnn,leaky,6,train_loss_epoch,315,0.3495581150054931
cd7712e0-715a-48b8-8a32-2b095e6b2140,vision_cnn,leaky,6,train_loss_epoch,333,0.3454185724258423
cd7712e0-715a-48b8-8a32-2b095e6b2140,vision_cnn,leaky,6,train_loss_epoch,351,0.3375856876373291
be12839e-58c8-4683-806a-c87bb13626fb,vision_cnn,leaky,1,val_top1,14,0.4332999885082245
be12839e-58c8-4683-806a-c87bb13626fb,vision_cnn,leaky,1,val_top1,32,0.5949000120162964
be12839e-58c8-4683-806a-c87bb13626fb,vision_cnn,leaky,1,val_top1,50,0.6624000072479248
be12839e-58c8-4683-806a-c87bb13626fb,vision_cnn,leaky,1,val_top1,68,0.6571999788284302
be12839e-58c8-4683-806a-c87bb13626fb,vision_cnn,leaky,1,val_top1,86,0.723800003528595
be12839e-58c8-4683-806a-c87bb13626fb,vision_cnn,leaky,1,val_top1,102,0.760699987411499
be12839e-58c8-4683-806a-c87bb13626fb,vision_cnn,leaky,1,val_top1,120,0.7644000053405762
be12839e-58c8-4683-806a-c87bb13626fb,vision_cnn,leaky,1,val_top1,138,0.7889999747276306
be12839e-58c8-4683-806a-c87bb13626fb,vision_cnn,leaky,1,val_top1,156,0.7721999883651733
be12839e-58c8-4683-806a-c87bb13626fb,vision_cnn,leaky,1,val_top1,174,0.7986999750137329
be12839e-58c8-4683-806a-c87bb13626fb,vision_cnn,leaky,1,val_top1,190,0.8152999877929688
be12839e-58c8-4683-806a-c87bb13626fb,vision_cnn,leaky,1,val_top1,208,0.8183000087738037
be12839e-58c8-4683-806a-c87bb13626fb,vision_cnn,leaky,1,val_top1,226,0.8242999911308289
be12839e-58c8-4683-806a-c87bb13626fb,vision_cnn,leaky,1,val_top1,244,0.8296999931335449
be12839e-58c8-4683-806a-c87bb13626fb,vision_cnn,leaky,1,val_top1,262,0.8389000296592712
be12839e-58c8-4683-806a-c87bb13626fb,vision_cnn,leaky,1,val_top1,278,0.8442999720573425
be12839e-58c8-4683-806a-c87bb13626fb,vision_cnn,leaky,1,val_top1,296,0.8439000248908997
be12839e-58c8-4683-806a-c87bb13626fb,vision_cnn,leaky,1,val_top1,314,0.8471999764442444
be12839e-58c8-4683-806a-c87bb13626fb,vision_cnn,leaky,1,val_top1,332,0.8468999862670898
be12839e-58c8-4683-806a-c87bb13626fb,vision_cnn,leaky,1,val_top1,350,0.847100019454956
be12839e-58c8-4683-806a-c87bb13626fb,vision_cnn,leaky,1,train_loss_epoch,15,1.8585296869277956
be12839e-58c8-4683-806a-c87bb13626fb,vision_cnn,leaky,1,train_loss_epoch,33,1.2646101713180542
be12839e-58c8-4683-806a-c87bb13626fb,vision_cnn,leaky,1,train_loss_epoch,51,1.01531982421875
be12839e-58c8-4683-806a-c87bb13626fb,vision_cnn,leaky,1,train_loss_epoch,69,0.8797562718391418
be12839e-58c8-4683-806a-c87bb13626fb,vision_cnn,leaky,1,train_loss_epoch,87,0.7692015171051025
be12839e-58c8-4683-806a-c87bb13626fb,vision_cnn,leaky,1,train_loss_epoch,103,0.6904512643814087
be12839e-58c8-4683-806a-c87bb13626fb,vision_cnn,leaky,1,train_loss_epoch,121,0.6302823424339294
be12839e-58c8-4683-806a-c87bb13626fb,vision_cnn,leaky,1,train_loss_epoch,139,0.5815601348876953
be12839e-58c8-4683-806a-c87bb13626fb,vision_cnn,leaky,1,train_loss_epoch,157,0.5463496446609497
be12839e-58c8-4683-806a-c87bb13626fb,vision_cnn,leaky,1,train_loss_epoch,175,0.5173383951187134
be12839e-58c8-4683-806a-c87bb13626fb,vision_cnn,leaky,1,train_loss_epoch,191,0.4878818690776825
be12839e-58c8-4683-806a-c87bb13626fb,vision_cnn,leaky,1,train_loss_epoch,209,0.4570684134960174
be12839e-58c8-4683-806a-c87bb13626fb,vision_cnn,leaky,1,train_loss_epoch,227,0.4349824488162994
be12839e-58c8-4683-806a-c87bb13626fb,vision_cnn,leaky,1,train_loss_epoch,245,0.4156759679317474
be12839e-58c8-4683-806a-c87bb13626fb,vision_cnn,leaky,1,train_loss_epoch,263,0.3934026062488556
be12839e-58c8-4683-806a-c87bb13626fb,vision_cnn,leaky,1,train_loss_epoch,279,0.3790227174758911
be12839e-58c8-4683-806a-c87bb13626fb,vision_cnn,leaky,1,train_loss_epoch,297,0.36837038397789
be12839e-58c8-4683-806a-c87bb13626fb,vision_cnn,leaky,1,train_loss_epoch,315,0.3597211539745331
be12839e-58c8-4683-806a-c87bb13626fb,vision_cnn,leaky,1,train_loss_epoch,333,0.3558211028575897
be12839e-58c8-4683-806a-c87bb13626fb,vision_cnn,leaky,1,train_loss_epoch,351,0.3511674404144287
4e069269-466e-4253-852f-bc740659490d,vision_cnn,leaky,4,val_top1,14,0.4169000089168548
4e069269-466e-4253-852f-bc740659490d,vision_cnn,leaky,4,val_top1,32,0.5734000205993652
4e069269-466e-4253-852f-bc740659490d,vision_cnn,leaky,4,val_top1,50,0.6402000188827515
4e069269-466e-4253-852f-bc740659490d,vision_cnn,leaky,4,val_top1,68,0.6747999787330627
4e069269-466e-4253-852f-bc740659490d,vision_cnn,leaky,4,val_top1,86,0.7089999914169312
4e069269-466e-4253-852f-bc740659490d,vision_cnn,leaky,4,val_top1,102,0.7329000234603882
4e069269-466e-4253-852f-bc740659490d,vision_cnn,leaky,4,val_top1,120,0.7228999733924866
4e069269-466e-4253-852f-bc740659490d,vision_cnn,leaky,4,val_top1,138,0.7728000283241272
4e069269-466e-4253-852f-bc740659490d,vision_cnn,leaky,4,val_top1,156,0.7888000011444092
4e069269-466e-4253-852f-bc740659490d,vision_cnn,leaky,4,val_top1,174,0.8093000054359436
4e069269-466e-4253-852f-bc740659490d,vision_cnn,leaky,4,val_top1,190,0.8116999864578247
4e069269-466e-4253-852f-bc740659490d,vision_cnn,leaky,4,val_top1,208,0.819599986076355
4e069269-466e-4253-852f-bc740659490d,vision_cnn,leaky,4,val_top1,226,0.8288999795913696
4e069269-466e-4253-852f-bc740659490d,vision_cnn,leaky,4,val_top1,244,0.8331000208854675
4e069269-466e-4253-852f-bc740659490d,vision_cnn,leaky,4,val_top1,262,0.8367999792098999
4e069269-466e-4253-852f-bc740659490d,vision_cnn,leaky,4,val_top1,278,0.8367999792098999
4e069269-466e-4253-852f-bc740659490d,vision_cnn,leaky,4,val_top1,296,0.8425999879837036
4e069269-466e-4253-852f-bc740659490d,vision_cnn,leaky,4,val_top1,314,0.8442000150680542
4e069269-466e-4253-852f-bc740659490d,vision_cnn,leaky,4,val_top1,332,0.845300018787384
4e069269-466e-4253-852f-bc740659490d,vision_cnn,leaky,4,val_top1,350,0.8446999788284302
4e069269-466e-4253-852f-bc740659490d,vision_cnn,leaky,4,train_loss_epoch,15,1.9955213069915767
4e069269-466e-4253-852f-bc740659490d,vision_cnn,leaky,4,train_loss_epoch,33,1.32945716381073
4e069269-466e-4253-852f-bc740659490d,vision_cnn,leaky,4,train_loss_epoch,51,1.0571197271347046
4e069269-466e-4253-852f-bc740659490d,vision_cnn,leaky,4,train_loss_epoch,69,0.9111262559890748
4e069269-466e-4253-852f-bc740659490d,vision_cnn,leaky,4,train_loss_epoch,87,0.8034223318099976
4e069269-466e-4253-852f-bc740659490d,vision_cnn,leaky,4,train_loss_epoch,103,0.7141501903533936
4e069269-466e-4253-852f-bc740659490d,vision_cnn,leaky,4,train_loss_epoch,121,0.6462695002555847
4e069269-466e-4253-852f-bc740659490d,vision_cnn,leaky,4,train_loss_epoch,139,0.5989096760749817
4e069269-466e-4253-852f-bc740659490d,vision_cnn,leaky,4,train_loss_epoch,157,0.5572333931922913
4e069269-466e-4253-852f-bc740659490d,vision_cnn,leaky,4,train_loss_epoch,175,0.5253958106040955
4e069269-466e-4253-852f-bc740659490d,vision_cnn,leaky,4,train_loss_epoch,191,0.495121031999588
4e069269-466e-4253-852f-bc740659490d,vision_cnn,leaky,4,train_loss_epoch,209,0.4623886048793793
4e069269-466e-4253-852f-bc740659490d,vision_cnn,leaky,4,train_loss_epoch,227,0.4388306438922882
4e069269-466e-4253-852f-bc740659490d,vision_cnn,leaky,4,train_loss_epoch,245,0.4213884472846985
4e069269-466e-4253-852f-bc740659490d,vision_cnn,leaky,4,train_loss_epoch,263,0.3961580991744995
4e069269-466e-4253-852f-bc740659490d,vision_cnn,leaky,4,train_loss_epoch,279,0.3820460438728332
4e069269-466e-4253-852f-bc740659490d,vision_cnn,leaky,4,train_loss_epoch,297,0.3733919262886047
4e069269-466e-4253-852f-bc740659490d,vision_cnn,leaky,4,train_loss_epoch,315,0.3626604080200195
4e069269-466e-4253-852f-bc740659490d,vision_cnn,leaky,4,train_loss_epoch,333,0.3594396710395813
4e069269-466e-4253-852f-bc740659490d,vision_cnn,leaky,4,train_loss_epoch,351,0.3525817394256592
e644625c-3428-4949-8e54-8a89fdb8eb85,vision_cnn,leaky,7,val_top1,14,0.4289999902248382
e644625c-3428-4949-8e54-8a89fdb8eb85,vision_cnn,leaky,7,val_top1,32,0.588699996471405
e644625c-3428-4949-8e54-8a89fdb8eb85,vision_cnn,leaky,7,val_top1,50,0.6304000020027161
e644625c-3428-4949-8e54-8a89fdb8eb85,vision_cnn,leaky,7,val_top1,68,0.7081000208854675
e644625c-3428-4949-8e54-8a89fdb8eb85,vision_cnn,leaky,7,val_top1,86,0.7200999855995178
e644625c-3428-4949-8e54-8a89fdb8eb85,vision_cnn,leaky,7,val_top1,102,0.73580002784729
e644625c-3428-4949-8e54-8a89fdb8eb85,vision_cnn,leaky,7,val_top1,120,0.7754999995231628
e644625c-3428-4949-8e54-8a89fdb8eb85,vision_cnn,leaky,7,val_top1,138,0.7746999859809875
e644625c-3428-4949-8e54-8a89fdb8eb85,vision_cnn,leaky,7,val_top1,156,0.8069000244140625
e644625c-3428-4949-8e54-8a89fdb8eb85,vision_cnn,leaky,7,val_top1,174,0.8055999875068665
e644625c-3428-4949-8e54-8a89fdb8eb85,vision_cnn,leaky,7,val_top1,190,0.8162999749183655
e644625c-3428-4949-8e54-8a89fdb8eb85,vision_cnn,leaky,7,val_top1,208,0.8252999782562256
e644625c-3428-4949-8e54-8a89fdb8eb85,vision_cnn,leaky,7,val_top1,226,0.8278999924659729
e644625c-3428-4949-8e54-8a89fdb8eb85,vision_cnn,leaky,7,val_top1,244,0.8381999731063843
e644625c-3428-4949-8e54-8a89fdb8eb85,vision_cnn,leaky,7,val_top1,262,0.8366000056266785
e644625c-3428-4949-8e54-8a89fdb8eb85,vision_cnn,leaky,7,val_top1,278,0.8468000292778015
e644625c-3428-4949-8e54-8a89fdb8eb85,vision_cnn,leaky,7,val_top1,296,0.8458999991416931
e644625c-3428-4949-8e54-8a89fdb8eb85,vision_cnn,leaky,7,val_top1,314,0.8481000065803528
e644625c-3428-4949-8e54-8a89fdb8eb85,vision_cnn,leaky,7,val_top1,332,0.8500999808311462
e644625c-3428-4949-8e54-8a89fdb8eb85,vision_cnn,leaky,7,val_top1,350,0.8482000231742859
e644625c-3428-4949-8e54-8a89fdb8eb85,vision_cnn,leaky,7,train_loss_epoch,15,1.8317885398864744
e644625c-3428-4949-8e54-8a89fdb8eb85,vision_cnn,leaky,7,train_loss_epoch,33,1.2841827869415283
e644625c-3428-4949-8e54-8a89fdb8eb85,vision_cnn,leaky,7,train_loss_epoch,51,1.0109261274337769
e644625c-3428-4949-8e54-8a89fdb8eb85,vision_cnn,leaky,7,train_loss_epoch,69,0.8667240738868713
e644625c-3428-4949-8e54-8a89fdb8eb85,vision_cnn,leaky,7,train_loss_epoch,87,0.762966513633728
e644625c-3428-4949-8e54-8a89fdb8eb85,vision_cnn,leaky,7,train_loss_epoch,103,0.6854315996170044
e644625c-3428-4949-8e54-8a89fdb8eb85,vision_cnn,leaky,7,train_loss_epoch,121,0.6274920105934143
e644625c-3428-4949-8e54-8a89fdb8eb85,vision_cnn,leaky,7,train_loss_epoch,139,0.5822299122810364
e644625c-3428-4949-8e54-8a89fdb8eb85,vision_cnn,leaky,7,train_loss_epoch,157,0.5442789793014526
e644625c-3428-4949-8e54-8a89fdb8eb85,vision_cnn,leaky,7,train_loss_epoch,175,0.5075768828392029
e644625c-3428-4949-8e54-8a89fdb8eb85,vision_cnn,leaky,7,train_loss_epoch,191,0.4765048325061798
e644625c-3428-4949-8e54-8a89fdb8eb85,vision_cnn,leaky,7,train_loss_epoch,209,0.4547209143638611
e644625c-3428-4949-8e54-8a89fdb8eb85,vision_cnn,leaky,7,train_loss_epoch,227,0.4282954633235931
e644625c-3428-4949-8e54-8a89fdb8eb85,vision_cnn,leaky,7,train_loss_epoch,245,0.407436192035675
e644625c-3428-4949-8e54-8a89fdb8eb85,vision_cnn,leaky,7,train_loss_epoch,263,0.3888913989067077
e644625c-3428-4949-8e54-8a89fdb8eb85,vision_cnn,leaky,7,train_loss_epoch,279,0.3725768327713012
e644625c-3428-4949-8e54-8a89fdb8eb85,vision_cnn,leaky,7,train_loss_epoch,297,0.3605146110057831
e644625c-3428-4949-8e54-8a89fdb8eb85,vision_cnn,leaky,7,train_loss_epoch,315,0.3524389266967773
e644625c-3428-4949-8e54-8a89fdb8eb85,vision_cnn,leaky,7,train_loss_epoch,333,0.3484629392623901
e644625c-3428-4949-8e54-8a89fdb8eb85,vision_cnn,leaky,7,train_loss_epoch,351,0.3463724851608276
32d27b35-9169-46bc-ab49-20edb81f4274,vision_cnn,leaky,2,val_top1,14,0.4438000023365021
32d27b35-9169-46bc-ab49-20edb81f4274,vision_cnn,leaky,2,val_top1,32,0.5867999792098999
32d27b35-9169-46bc-ab49-20edb81f4274,vision_cnn,leaky,2,val_top1,50,0.6116999983787537
32d27b35-9169-46bc-ab49-20edb81f4274,vision_cnn,leaky,2,val_top1,68,0.6922000050544739
32d27b35-9169-46bc-ab49-20edb81f4274,vision_cnn,leaky,2,val_top1,86,0.7260000109672546
32d27b35-9169-46bc-ab49-20edb81f4274,vision_cnn,leaky,2,val_top1,102,0.7430999875068665
32d27b35-9169-46bc-ab49-20edb81f4274,vision_cnn,leaky,2,val_top1,120,0.7591000199317932
32d27b35-9169-46bc-ab49-20edb81f4274,vision_cnn,leaky,2,val_top1,138,0.7799999713897705
32d27b35-9169-46bc-ab49-20edb81f4274,vision_cnn,leaky,2,val_top1,156,0.8098000288009644
32d27b35-9169-46bc-ab49-20edb81f4274,vision_cnn,leaky,2,val_top1,174,0.8177000284194946
32d27b35-9169-46bc-ab49-20edb81f4274,vision_cnn,leaky,2,val_top1,190,0.8126999735832214
32d27b35-9169-46bc-ab49-20edb81f4274,vision_cnn,leaky,2,val_top1,208,0.8237000107765198
32d27b35-9169-46bc-ab49-20edb81f4274,vision_cnn,leaky,2,val_top1,226,0.8360000252723694
32d27b35-9169-46bc-ab49-20edb81f4274,vision_cnn,leaky,2,val_top1,244,0.840399980545044
32d27b35-9169-46bc-ab49-20edb81f4274,vision_cnn,leaky,2,val_top1,262,0.843500018119812
32d27b35-9169-46bc-ab49-20edb81f4274,vision_cnn,leaky,2,val_top1,278,0.8467000126838684
32d27b35-9169-46bc-ab49-20edb81f4274,vision_cnn,leaky,2,val_top1,296,0.8485999703407288
32d27b35-9169-46bc-ab49-20edb81f4274,vision_cnn,leaky,2,val_top1,314,0.8510000109672546
32d27b35-9169-46bc-ab49-20edb81f4274,vision_cnn,leaky,2,val_top1,332,0.8500000238418579
32d27b35-9169-46bc-ab49-20edb81f4274,vision_cnn,leaky,2,val_top1,350,0.8500000238418579
32d27b35-9169-46bc-ab49-20edb81f4274,vision_cnn,leaky,2,train_loss_epoch,15,2.0106277465820312
32d27b35-9169-46bc-ab49-20edb81f4274,vision_cnn,leaky,2,train_loss_epoch,33,1.309332251548767
32d27b35-9169-46bc-ab49-20edb81f4274,vision_cnn,leaky,2,train_loss_epoch,51,1.0344282388687134
32d27b35-9169-46bc-ab49-20edb81f4274,vision_cnn,leaky,2,train_loss_epoch,69,0.8779084086418152
32d27b35-9169-46bc-ab49-20edb81f4274,vision_cnn,leaky,2,train_loss_epoch,87,0.7708480358123779
32d27b35-9169-46bc-ab49-20edb81f4274,vision_cnn,leaky,2,train_loss_epoch,103,0.685811460018158
32d27b35-9169-46bc-ab49-20edb81f4274,vision_cnn,leaky,2,train_loss_epoch,121,0.6273408532142639
32d27b35-9169-46bc-ab49-20edb81f4274,vision_cnn,leaky,2,train_loss_epoch,139,0.5851543545722961
32d27b35-9169-46bc-ab49-20edb81f4274,vision_cnn,leaky,2,train_loss_epoch,157,0.5394224524497986
32d27b35-9169-46bc-ab49-20edb81f4274,vision_cnn,leaky,2,train_loss_epoch,175,0.5129352807998657
32d27b35-9169-46bc-ab49-20edb81f4274,vision_cnn,leaky,2,train_loss_epoch,191,0.4808327257633209
32d27b35-9169-46bc-ab49-20edb81f4274,vision_cnn,leaky,2,train_loss_epoch,209,0.4526879787445068
32d27b35-9169-46bc-ab49-20edb81f4274,vision_cnn,leaky,2,train_loss_epoch,227,0.4295781552791595
32d27b35-9169-46bc-ab49-20edb81f4274,vision_cnn,leaky,2,train_loss_epoch,245,0.4054885506629944
32d27b35-9169-46bc-ab49-20edb81f4274,vision_cnn,leaky,2,train_loss_epoch,263,0.3867653906345367
32d27b35-9169-46bc-ab49-20edb81f4274,vision_cnn,leaky,2,train_loss_epoch,279,0.3711086511611938
32d27b35-9169-46bc-ab49-20edb81f4274,vision_cnn,leaky,2,train_loss_epoch,297,0.3596501648426056
32d27b35-9169-46bc-ab49-20edb81f4274,vision_cnn,leaky,2,train_loss_epoch,315,0.3503610491752624
32d27b35-9169-46bc-ab49-20edb81f4274,vision_cnn,leaky,2,train_loss_epoch,333,0.3452613949775696
32d27b35-9169-46bc-ab49-20edb81f4274,vision_cnn,leaky,2,train_loss_epoch,351,0.3419531881809234
ee90fc57-41b7-452e-9cae-c3c66f881e13,vision_cnn,mish,7,val_top1,14,0.4593999981880188
ee90fc57-41b7-452e-9cae-c3c66f881e13,vision_cnn,mish,7,val_top1,32,0.6086999773979187
ee90fc57-41b7-452e-9cae-c3c66f881e13,vision_cnn,mish,7,val_top1,50,0.6729999780654907
ee90fc57-41b7-452e-9cae-c3c66f881e13,vision_cnn,mish,7,val_top1,68,0.7117000222206116
ee90fc57-41b7-452e-9cae-c3c66f881e13,vision_cnn,mish,7,val_top1,86,0.7279000282287598
ee90fc57-41b7-452e-9cae-c3c66f881e13,vision_cnn,mish,7,val_top1,102,0.7680000066757202
ee90fc57-41b7-452e-9cae-c3c66f881e13,vision_cnn,mish,7,val_top1,120,0.7900999784469604
ee90fc57-41b7-452e-9cae-c3c66f881e13,vision_cnn,mish,7,val_top1,138,0.8012999892234802
ee90fc57-41b7-452e-9cae-c3c66f881e13,vision_cnn,mish,7,val_top1,156,0.8123000264167786
ee90fc57-41b7-452e-9cae-c3c66f881e13,vision_cnn,mish,7,val_top1,174,0.8251000046730042
ee90fc57-41b7-452e-9cae-c3c66f881e13,vision_cnn,mish,7,val_top1,190,0.8325999975204468
ee90fc57-41b7-452e-9cae-c3c66f881e13,vision_cnn,mish,7,val_top1,208,0.8360000252723694
ee90fc57-41b7-452e-9cae-c3c66f881e13,vision_cnn,mish,7,val_top1,226,0.8428000211715698
ee90fc57-41b7-452e-9cae-c3c66f881e13,vision_cnn,mish,7,val_top1,244,0.8496000170707703
ee90fc57-41b7-452e-9cae-c3c66f881e13,vision_cnn,mish,7,val_top1,262,0.8504999876022339
ee90fc57-41b7-452e-9cae-c3c66f881e13,vision_cnn,mish,7,val_top1,278,0.8557000160217285
ee90fc57-41b7-452e-9cae-c3c66f881e13,vision_cnn,mish,7,val_top1,296,0.857699990272522
ee90fc57-41b7-452e-9cae-c3c66f881e13,vision_cnn,mish,7,val_top1,314,0.859499990940094
ee90fc57-41b7-452e-9cae-c3c66f881e13,vision_cnn,mish,7,val_top1,332,0.8598999977111816
ee90fc57-41b7-452e-9cae-c3c66f881e13,vision_cnn,mish,7,val_top1,350,0.8600999712944031
ee90fc57-41b7-452e-9cae-c3c66f881e13,vision_cnn,mish,7,train_loss_epoch,15,1.7685627937316897
ee90fc57-41b7-452e-9cae-c3c66f881e13,vision_cnn,mish,7,train_loss_epoch,33,1.2324867248535156
ee90fc57-41b7-452e-9cae-c3c66f881e13,vision_cnn,mish,7,train_loss_epoch,51,0.9599803686141968
ee90fc57-41b7-452e-9cae-c3c66f881e13,vision_cnn,mish,7,train_loss_epoch,69,0.8175736665725708
ee90fc57-41b7-452e-9cae-c3c66f881e13,vision_cnn,mish,7,train_loss_epoch,87,0.7200263142585754
ee90fc57-41b7-452e-9cae-c3c66f881e13,vision_cnn,mish,7,train_loss_epoch,103,0.6497516632080078
ee90fc57-41b7-452e-9cae-c3c66f881e13,vision_cnn,mish,7,train_loss_epoch,121,0.5942936539649963
ee90fc57-41b7-452e-9cae-c3c66f881e13,vision_cnn,mish,7,train_loss_epoch,139,0.5561023354530334
ee90fc57-41b7-452e-9cae-c3c66f881e13,vision_cnn,mish,7,train_loss_epoch,157,0.5176219344139099
ee90fc57-41b7-452e-9cae-c3c66f881e13,vision_cnn,mish,7,train_loss_epoch,175,0.4837963283061981
ee90fc57-41b7-452e-9cae-c3c66f881e13,vision_cnn,mish,7,train_loss_epoch,191,0.4533755183219909
ee90fc57-41b7-452e-9cae-c3c66f881e13,vision_cnn,mish,7,train_loss_epoch,209,0.4216955304145813
ee90fc57-41b7-452e-9cae-c3c66f881e13,vision_cnn,mish,7,train_loss_epoch,227,0.4046057164669037
ee90fc57-41b7-452e-9cae-c3c66f881e13,vision_cnn,mish,7,train_loss_epoch,245,0.3779104053974151
ee90fc57-41b7-452e-9cae-c3c66f881e13,vision_cnn,mish,7,train_loss_epoch,263,0.3622758090496063
ee90fc57-41b7-452e-9cae-c3c66f881e13,vision_cnn,mish,7,train_loss_epoch,279,0.3432419598102569
ee90fc57-41b7-452e-9cae-c3c66f881e13,vision_cnn,mish,7,train_loss_epoch,297,0.3351947963237762
ee90fc57-41b7-452e-9cae-c3c66f881e13,vision_cnn,mish,7,train_loss_epoch,315,0.3267776072025299
ee90fc57-41b7-452e-9cae-c3c66f881e13,vision_cnn,mish,7,train_loss_epoch,333,0.3222448825836181
ee90fc57-41b7-452e-9cae-c3c66f881e13,vision_cnn,mish,7,train_loss_epoch,351,0.3160433769226074
60c62141-1272-4122-8fcc-23f09ffa1ed4,vision_cnn,mish,1,val_top1,14,0.4708999991416931
60c62141-1272-4122-8fcc-23f09ffa1ed4,vision_cnn,mish,1,val_top1,32,0.6216999888420105
60c62141-1272-4122-8fcc-23f09ffa1ed4,vision_cnn,mish,1,val_top1,50,0.6783999800682068
60c62141-1272-4122-8fcc-23f09ffa1ed4,vision_cnn,mish,1,val_top1,68,0.7159000039100647
60c62141-1272-4122-8fcc-23f09ffa1ed4,vision_cnn,mish,1,val_top1,86,0.7477999925613403
60c62141-1272-4122-8fcc-23f09ffa1ed4,vision_cnn,mish,1,val_top1,102,0.7656000256538391
60c62141-1272-4122-8fcc-23f09ffa1ed4,vision_cnn,mish,1,val_top1,120,0.7853000164031982
60c62141-1272-4122-8fcc-23f09ffa1ed4,vision_cnn,mish,1,val_top1,138,0.8016999959945679
60c62141-1272-4122-8fcc-23f09ffa1ed4,vision_cnn,mish,1,val_top1,156,0.7998999953269958
60c62141-1272-4122-8fcc-23f09ffa1ed4,vision_cnn,mish,1,val_top1,174,0.8187999725341797
60c62141-1272-4122-8fcc-23f09ffa1ed4,vision_cnn,mish,1,val_top1,190,0.8313999772071838
60c62141-1272-4122-8fcc-23f09ffa1ed4,vision_cnn,mish,1,val_top1,208,0.8356999754905701
60c62141-1272-4122-8fcc-23f09ffa1ed4,vision_cnn,mish,1,val_top1,226,0.8475000262260437
60c62141-1272-4122-8fcc-23f09ffa1ed4,vision_cnn,mish,1,val_top1,244,0.8447999954223633
60c62141-1272-4122-8fcc-23f09ffa1ed4,vision_cnn,mish,1,val_top1,262,0.8511999845504761
60c62141-1272-4122-8fcc-23f09ffa1ed4,vision_cnn,mish,1,val_top1,278,0.8554999828338623
60c62141-1272-4122-8fcc-23f09ffa1ed4,vision_cnn,mish,1,val_top1,296,0.8565999865531921
60c62141-1272-4122-8fcc-23f09ffa1ed4,vision_cnn,mish,1,val_top1,314,0.857200026512146
60c62141-1272-4122-8fcc-23f09ffa1ed4,vision_cnn,mish,1,val_top1,332,0.8586999773979187
60c62141-1272-4122-8fcc-23f09ffa1ed4,vision_cnn,mish,1,val_top1,350,0.8590999841690063
60c62141-1272-4122-8fcc-23f09ffa1ed4,vision_cnn,mish,1,train_loss_epoch,15,1.7750619649887085
60c62141-1272-4122-8fcc-23f09ffa1ed4,vision_cnn,mish,1,train_loss_epoch,33,1.219624161720276
60c62141-1272-4122-8fcc-23f09ffa1ed4,vision_cnn,mish,1,train_loss_epoch,51,0.9811652302742004
60c62141-1272-4122-8fcc-23f09ffa1ed4,vision_cnn,mish,1,train_loss_epoch,69,0.8474084138870239
60c62141-1272-4122-8fcc-23f09ffa1ed4,vision_cnn,mish,1,train_loss_epoch,87,0.7381279468536377
60c62141-1272-4122-8fcc-23f09ffa1ed4,vision_cnn,mish,1,train_loss_epoch,103,0.6601241827011108
60c62141-1272-4122-8fcc-23f09ffa1ed4,vision_cnn,mish,1,train_loss_epoch,121,0.6081392168998718
60c62141-1272-4122-8fcc-23f09ffa1ed4,vision_cnn,mish,1,train_loss_epoch,139,0.5579604506492615
60c62141-1272-4122-8fcc-23f09ffa1ed4,vision_cnn,mish,1,train_loss_epoch,157,0.5233362317085266
60c62141-1272-4122-8fcc-23f09ffa1ed4,vision_cnn,mish,1,train_loss_epoch,175,0.4916920661926269
60c62141-1272-4122-8fcc-23f09ffa1ed4,vision_cnn,mish,1,train_loss_epoch,191,0.4594616591930389
60c62141-1272-4122-8fcc-23f09ffa1ed4,vision_cnn,mish,1,train_loss_epoch,209,0.4303903579711914
60c62141-1272-4122-8fcc-23f09ffa1ed4,vision_cnn,mish,1,train_loss_epoch,227,0.4089684784412384
60c62141-1272-4122-8fcc-23f09ffa1ed4,vision_cnn,mish,1,train_loss_epoch,245,0.3889889419078827
60c62141-1272-4122-8fcc-23f09ffa1ed4,vision_cnn,mish,1,train_loss_epoch,263,0.3673827052116394
60c62141-1272-4122-8fcc-23f09ffa1ed4,vision_cnn,mish,1,train_loss_epoch,279,0.3527415990829468
60c62141-1272-4122-8fcc-23f09ffa1ed4,vision_cnn,mish,1,train_loss_epoch,297,0.3418643176555633
60c62141-1272-4122-8fcc-23f09ffa1ed4,vision_cnn,mish,1,train_loss_epoch,315,0.3339944183826446
60c62141-1272-4122-8fcc-23f09ffa1ed4,vision_cnn,mish,1,train_loss_epoch,333,0.327638566493988
60c62141-1272-4122-8fcc-23f09ffa1ed4,vision_cnn,mish,1,train_loss_epoch,351,0.3268173336982727
4dd64c8d-a081-4210-b0d5-797b17d81ff5,vision_cnn,mish,0,val_top1,14,0.4704000055789947
4dd64c8d-a081-4210-b0d5-797b17d81ff5,vision_cnn,mish,0,val_top1,32,0.6194999814033508
4dd64c8d-a081-4210-b0d5-797b17d81ff5,vision_cnn,mish,0,val_top1,50,0.6442000269889832
4dd64c8d-a081-4210-b0d5-797b17d81ff5,vision_cnn,mish,0,val_top1,68,0.7067000269889832
4dd64c8d-a081-4210-b0d5-797b17d81ff5,vision_cnn,mish,0,val_top1,86,0.7368999719619751
4dd64c8d-a081-4210-b0d5-797b17d81ff5,vision_cnn,mish,0,val_top1,102,0.7634999752044678
4dd64c8d-a081-4210-b0d5-797b17d81ff5,vision_cnn,mish,0,val_top1,120,0.7825999855995178
4dd64c8d-a081-4210-b0d5-797b17d81ff5,vision_cnn,mish,0,val_top1,138,0.7833999991416931
4dd64c8d-a081-4210-b0d5-797b17d81ff5,vision_cnn,mish,0,val_top1,156,0.7889000177383423
4dd64c8d-a081-4210-b0d5-797b17d81ff5,vision_cnn,mish,0,val_top1,174,0.8151999711990356
4dd64c8d-a081-4210-b0d5-797b17d81ff5,vision_cnn,mish,0,val_top1,190,0.8222000002861023
4dd64c8d-a081-4210-b0d5-797b17d81ff5,vision_cnn,mish,0,val_top1,208,0.8241999745368958
4dd64c8d-a081-4210-b0d5-797b17d81ff5,vision_cnn,mish,0,val_top1,226,0.8352000117301941
4dd64c8d-a081-4210-b0d5-797b17d81ff5,vision_cnn,mish,0,val_top1,244,0.8407999873161316
4dd64c8d-a081-4210-b0d5-797b17d81ff5,vision_cnn,mish,0,val_top1,262,0.8414999842643738
4dd64c8d-a081-4210-b0d5-797b17d81ff5,vision_cnn,mish,0,val_top1,278,0.8483999967575073
4dd64c8d-a081-4210-b0d5-797b17d81ff5,vision_cnn,mish,0,val_top1,296,0.847599983215332
4dd64c8d-a081-4210-b0d5-797b17d81ff5,vision_cnn,mish,0,val_top1,314,0.8479999899864197
4dd64c8d-a081-4210-b0d5-797b17d81ff5,vision_cnn,mish,0,val_top1,332,0.8496999740600586
4dd64c8d-a081-4210-b0d5-797b17d81ff5,vision_cnn,mish,0,val_top1,350,0.8489000201225281
4dd64c8d-a081-4210-b0d5-797b17d81ff5,vision_cnn,mish,0,train_loss_epoch,15,1.8133420944213867
4dd64c8d-a081-4210-b0d5-797b17d81ff5,vision_cnn,mish,0,train_loss_epoch,33,1.2381155490875244
4dd64c8d-a081-4210-b0d5-797b17d81ff5,vision_cnn,mish,0,train_loss_epoch,51,0.9855202436447144
4dd64c8d-a081-4210-b0d5-797b17d81ff5,vision_cnn,mish,0,train_loss_epoch,69,0.82697993516922
4dd64c8d-a081-4210-b0d5-797b17d81ff5,vision_cnn,mish,0,train_loss_epoch,87,0.7277742624282837
4dd64c8d-a081-4210-b0d5-797b17d81ff5,vision_cnn,mish,0,train_loss_epoch,103,0.6613398790359497
4dd64c8d-a081-4210-b0d5-797b17d81ff5,vision_cnn,mish,0,train_loss_epoch,121,0.6080939173698425
4dd64c8d-a081-4210-b0d5-797b17d81ff5,vision_cnn,mish,0,train_loss_epoch,139,0.5622471570968628
4dd64c8d-a081-4210-b0d5-797b17d81ff5,vision_cnn,mish,0,train_loss_epoch,157,0.527229368686676
4dd64c8d-a081-4210-b0d5-797b17d81ff5,vision_cnn,mish,0,train_loss_epoch,175,0.4920295178890228
4dd64c8d-a081-4210-b0d5-797b17d81ff5,vision_cnn,mish,0,train_loss_epoch,191,0.4627614021301269
4dd64c8d-a081-4210-b0d5-797b17d81ff5,vision_cnn,mish,0,train_loss_epoch,209,0.4341116547584533
4dd64c8d-a081-4210-b0d5-797b17d81ff5,vision_cnn,mish,0,train_loss_epoch,227,0.4131250977516174
4dd64c8d-a081-4210-b0d5-797b17d81ff5,vision_cnn,mish,0,train_loss_epoch,245,0.3946894407272339
4dd64c8d-a081-4210-b0d5-797b17d81ff5,vision_cnn,mish,0,train_loss_epoch,263,0.3732198178768158
4dd64c8d-a081-4210-b0d5-797b17d81ff5,vision_cnn,mish,0,train_loss_epoch,279,0.3599712252616882
4dd64c8d-a081-4210-b0d5-797b17d81ff5,vision_cnn,mish,0,train_loss_epoch,297,0.3422339558601379
4dd64c8d-a081-4210-b0d5-797b17d81ff5,vision_cnn,mish,0,train_loss_epoch,315,0.339505136013031
4dd64c8d-a081-4210-b0d5-797b17d81ff5,vision_cnn,mish,0,train_loss_epoch,333,0.3332963585853576
4dd64c8d-a081-4210-b0d5-797b17d81ff5,vision_cnn,mish,0,train_loss_epoch,351,0.3288360238075256
a49d3ede-aaa6-4603-8f1c-cd283b503727,vision_cnn,mish,5,val_top1,14,0.4999000132083893
a49d3ede-aaa6-4603-8f1c-cd283b503727,vision_cnn,mish,5,val_top1,32,0.5837000012397766
a49d3ede-aaa6-4603-8f1c-cd283b503727,vision_cnn,mish,5,val_top1,50,0.6581000089645386
a49d3ede-aaa6-4603-8f1c-cd283b503727,vision_cnn,mish,5,val_top1,68,0.6912000179290771
a49d3ede-aaa6-4603-8f1c-cd283b503727,vision_cnn,mish,5,val_top1,86,0.7305999994277954
a49d3ede-aaa6-4603-8f1c-cd283b503727,vision_cnn,mish,5,val_top1,102,0.7588000297546387
a49d3ede-aaa6-4603-8f1c-cd283b503727,vision_cnn,mish,5,val_top1,120,0.7597000002861023
a49d3ede-aaa6-4603-8f1c-cd283b503727,vision_cnn,mish,5,val_top1,138,0.7893000245094299
a49d3ede-aaa6-4603-8f1c-cd283b503727,vision_cnn,mish,5,val_top1,156,0.8115000128746033
a49d3ede-aaa6-4603-8f1c-cd283b503727,vision_cnn,mish,5,val_top1,174,0.8159000277519226
a49d3ede-aaa6-4603-8f1c-cd283b503727,vision_cnn,mish,5,val_top1,190,0.8197000026702881
a49d3ede-aaa6-4603-8f1c-cd283b503727,vision_cnn,mish,5,val_top1,208,0.8330000042915344
a49d3ede-aaa6-4603-8f1c-cd283b503727,vision_cnn,mish,5,val_top1,226,0.8460000157356262
a49d3ede-aaa6-4603-8f1c-cd283b503727,vision_cnn,mish,5,val_top1,244,0.8416000008583069
a49d3ede-aaa6-4603-8f1c-cd283b503727,vision_cnn,mish,5,val_top1,262,0.8450999855995178
a49d3ede-aaa6-4603-8f1c-cd283b503727,vision_cnn,mish,5,val_top1,278,0.850600004196167
a49d3ede-aaa6-4603-8f1c-cd283b503727,vision_cnn,mish,5,val_top1,296,0.8533999919891357
a49d3ede-aaa6-4603-8f1c-cd283b503727,vision_cnn,mish,5,val_top1,314,0.8525000214576721
a49d3ede-aaa6-4603-8f1c-cd283b503727,vision_cnn,mish,5,val_top1,332,0.8532000184059143
a49d3ede-aaa6-4603-8f1c-cd283b503727,vision_cnn,mish,5,val_top1,350,0.8525999784469604
a49d3ede-aaa6-4603-8f1c-cd283b503727,vision_cnn,mish,5,train_loss_epoch,15,1.7740192413330078
a49d3ede-aaa6-4603-8f1c-cd283b503727,vision_cnn,mish,5,train_loss_epoch,33,1.221948266029358
a49d3ede-aaa6-4603-8f1c-cd283b503727,vision_cnn,mish,5,train_loss_epoch,51,0.9786993861198424
a49d3ede-aaa6-4603-8f1c-cd283b503727,vision_cnn,mish,5,train_loss_epoch,69,0.8303580284118652
a49d3ede-aaa6-4603-8f1c-cd283b503727,vision_cnn,mish,5,train_loss_epoch,87,0.7339857816696167
a49d3ede-aaa6-4603-8f1c-cd283b503727,vision_cnn,mish,5,train_loss_epoch,103,0.6576019525527954
a49d3ede-aaa6-4603-8f1c-cd283b503727,vision_cnn,mish,5,train_loss_epoch,121,0.604271650314331
a49d3ede-aaa6-4603-8f1c-cd283b503727,vision_cnn,mish,5,train_loss_epoch,139,0.5564705729484558
a49d3ede-aaa6-4603-8f1c-cd283b503727,vision_cnn,mish,5,train_loss_epoch,157,0.5197088122367859
a49d3ede-aaa6-4603-8f1c-cd283b503727,vision_cnn,mish,5,train_loss_epoch,175,0.4860576093196869
a49d3ede-aaa6-4603-8f1c-cd283b503727,vision_cnn,mish,5,train_loss_epoch,191,0.4601688086986542
a49d3ede-aaa6-4603-8f1c-cd283b503727,vision_cnn,mish,5,train_loss_epoch,209,0.4322640895843506
a49d3ede-aaa6-4603-8f1c-cd283b503727,vision_cnn,mish,5,train_loss_epoch,227,0.4068628847599029
a49d3ede-aaa6-4603-8f1c-cd283b503727,vision_cnn,mish,5,train_loss_epoch,245,0.3874441683292389
a49d3ede-aaa6-4603-8f1c-cd283b503727,vision_cnn,mish,5,train_loss_epoch,263,0.367435097694397
a49d3ede-aaa6-4603-8f1c-cd283b503727,vision_cnn,mish,5,train_loss_epoch,279,0.3516116142272949
a49d3ede-aaa6-4603-8f1c-cd283b503727,vision_cnn,mish,5,train_loss_epoch,297,0.3398246169090271
a49d3ede-aaa6-4603-8f1c-cd283b503727,vision_cnn,mish,5,train_loss_epoch,315,0.3325310051441192
a49d3ede-aaa6-4603-8f1c-cd283b503727,vision_cnn,mish,5,train_loss_epoch,333,0.325187087059021
a49d3ede-aaa6-4603-8f1c-cd283b503727,vision_cnn,mish,5,train_loss_epoch,351,0.3220902383327484
84d6d252-423f-49be-aff4-12026888e509,vision_cnn,mish,6,val_top1,14,0.4413000047206878
84d6d252-423f-49be-aff4-12026888e509,vision_cnn,mish,6,val_top1,32,0.5911999940872192
84d6d252-423f-49be-aff4-12026888e509,vision_cnn,mish,6,val_top1,50,0.673799991607666
84d6d252-423f-49be-aff4-12026888e509,vision_cnn,mish,6,val_top1,68,0.7211999893188477
84d6d252-423f-49be-aff4-12026888e509,vision_cnn,mish,6,val_top1,86,0.7124000191688538
84d6d252-423f-49be-aff4-12026888e509,vision_cnn,mish,6,val_top1,102,0.761900007724762
84d6d252-423f-49be-aff4-12026888e509,vision_cnn,mish,6,val_top1,120,0.7875000238418579
84d6d252-423f-49be-aff4-12026888e509,vision_cnn,mish,6,val_top1,138,0.8033000230789185
84d6d252-423f-49be-aff4-12026888e509,vision_cnn,mish,6,val_top1,156,0.8123000264167786
84d6d252-423f-49be-aff4-12026888e509,vision_cnn,mish,6,val_top1,174,0.8248999714851379
84d6d252-423f-49be-aff4-12026888e509,vision_cnn,mish,6,val_top1,190,0.8245999813079834
84d6d252-423f-49be-aff4-12026888e509,vision_cnn,mish,6,val_top1,208,0.8338000178337097
84d6d252-423f-49be-aff4-12026888e509,vision_cnn,mish,6,val_top1,226,0.8377000093460083
84d6d252-423f-49be-aff4-12026888e509,vision_cnn,mish,6,val_top1,244,0.8457000255584717
84d6d252-423f-49be-aff4-12026888e509,vision_cnn,mish,6,val_top1,262,0.8510000109672546
84d6d252-423f-49be-aff4-12026888e509,vision_cnn,mish,6,val_top1,278,0.8519999980926514
84d6d252-423f-49be-aff4-12026888e509,vision_cnn,mish,6,val_top1,296,0.8539999723434448
84d6d252-423f-49be-aff4-12026888e509,vision_cnn,mish,6,val_top1,314,0.8553000092506409
84d6d252-423f-49be-aff4-12026888e509,vision_cnn,mish,6,val_top1,332,0.8557000160217285
84d6d252-423f-49be-aff4-12026888e509,vision_cnn,mish,6,val_top1,350,0.8550999760627747
84d6d252-423f-49be-aff4-12026888e509,vision_cnn,mish,6,train_loss_epoch,15,1.7497295141220093
84d6d252-423f-49be-aff4-12026888e509,vision_cnn,mish,6,train_loss_epoch,33,1.2562133073806765
84d6d252-423f-49be-aff4-12026888e509,vision_cnn,mish,6,train_loss_epoch,51,0.9865179657936096
84d6d252-423f-49be-aff4-12026888e509,vision_cnn,mish,6,train_loss_epoch,69,0.8232143521308899
84d6d252-423f-49be-aff4-12026888e509,vision_cnn,mish,6,train_loss_epoch,87,0.722644567489624
84d6d252-423f-49be-aff4-12026888e509,vision_cnn,mish,6,train_loss_epoch,103,0.6529900431632996
84d6d252-423f-49be-aff4-12026888e509,vision_cnn,mish,6,train_loss_epoch,121,0.6022264957427979
84d6d252-423f-49be-aff4-12026888e509,vision_cnn,mish,6,train_loss_epoch,139,0.5577168464660645
84d6d252-423f-49be-aff4-12026888e509,vision_cnn,mish,6,train_loss_epoch,157,0.5191307067871094
84d6d252-423f-49be-aff4-12026888e509,vision_cnn,mish,6,train_loss_epoch,175,0.4853075444698334
84d6d252-423f-49be-aff4-12026888e509,vision_cnn,mish,6,train_loss_epoch,191,0.454559713602066
84d6d252-423f-49be-aff4-12026888e509,vision_cnn,mish,6,train_loss_epoch,209,0.4309946596622467
84d6d252-423f-49be-aff4-12026888e509,vision_cnn,mish,6,train_loss_epoch,227,0.4066498875617981
84d6d252-423f-49be-aff4-12026888e509,vision_cnn,mish,6,train_loss_epoch,245,0.3825852572917938
84d6d252-423f-49be-aff4-12026888e509,vision_cnn,mish,6,train_loss_epoch,263,0.3673608601093292
84d6d252-423f-49be-aff4-12026888e509,vision_cnn,mish,6,train_loss_epoch,279,0.3478093147277832
84d6d252-423f-49be-aff4-12026888e509,vision_cnn,mish,6,train_loss_epoch,297,0.3404547274112701
84d6d252-423f-49be-aff4-12026888e509,vision_cnn,mish,6,train_loss_epoch,315,0.3339102268218994
84d6d252-423f-49be-aff4-12026888e509,vision_cnn,mish,6,train_loss_epoch,333,0.3276444971561432
84d6d252-423f-49be-aff4-12026888e509,vision_cnn,mish,6,train_loss_epoch,351,0.3193257451057434
c88f167a-88ba-411f-a2cc-d74ea0af2aaf,vision_cnn,mish,4,val_top1,14,0.4320000112056732
c88f167a-88ba-411f-a2cc-d74ea0af2aaf,vision_cnn,mish,4,val_top1,32,0.5896999835968018
c88f167a-88ba-411f-a2cc-d74ea0af2aaf,vision_cnn,mish,4,val_top1,50,0.6581000089645386
c88f167a-88ba-411f-a2cc-d74ea0af2aaf,vision_cnn,mish,4,val_top1,68,0.6902999877929688
c88f167a-88ba-411f-a2cc-d74ea0af2aaf,vision_cnn,mish,4,val_top1,86,0.7422999739646912
c88f167a-88ba-411f-a2cc-d74ea0af2aaf,vision_cnn,mish,4,val_top1,102,0.7674999833106995
c88f167a-88ba-411f-a2cc-d74ea0af2aaf,vision_cnn,mish,4,val_top1,120,0.7613999843597412
c88f167a-88ba-411f-a2cc-d74ea0af2aaf,vision_cnn,mish,4,val_top1,138,0.7947999835014343
c88f167a-88ba-411f-a2cc-d74ea0af2aaf,vision_cnn,mish,4,val_top1,156,0.8011999726295471
c88f167a-88ba-411f-a2cc-d74ea0af2aaf,vision_cnn,mish,4,val_top1,174,0.8148000240325928
c88f167a-88ba-411f-a2cc-d74ea0af2aaf,vision_cnn,mish,4,val_top1,190,0.8270000219345093
c88f167a-88ba-411f-a2cc-d74ea0af2aaf,vision_cnn,mish,4,val_top1,208,0.8357999920845032
c88f167a-88ba-411f-a2cc-d74ea0af2aaf,vision_cnn,mish,4,val_top1,226,0.8432999849319458
c88f167a-88ba-411f-a2cc-d74ea0af2aaf,vision_cnn,mish,4,val_top1,244,0.8443999886512756
c88f167a-88ba-411f-a2cc-d74ea0af2aaf,vision_cnn,mish,4,val_top1,262,0.8483999967575073
c88f167a-88ba-411f-a2cc-d74ea0af2aaf,vision_cnn,mish,4,val_top1,278,0.8493000268936157
c88f167a-88ba-411f-a2cc-d74ea0af2aaf,vision_cnn,mish,4,val_top1,296,0.8544999957084656
c88f167a-88ba-411f-a2cc-d74ea0af2aaf,vision_cnn,mish,4,val_top1,314,0.855400025844574
c88f167a-88ba-411f-a2cc-d74ea0af2aaf,vision_cnn,mish,4,val_top1,332,0.855400025844574
c88f167a-88ba-411f-a2cc-d74ea0af2aaf,vision_cnn,mish,4,val_top1,350,0.8555999994277954
c88f167a-88ba-411f-a2cc-d74ea0af2aaf,vision_cnn,mish,4,train_loss_epoch,15,1.880369544029236
c88f167a-88ba-411f-a2cc-d74ea0af2aaf,vision_cnn,mish,4,train_loss_epoch,33,1.294021725654602
c88f167a-88ba-411f-a2cc-d74ea0af2aaf,vision_cnn,mish,4,train_loss_epoch,51,1.0248618125915527
c88f167a-88ba-411f-a2cc-d74ea0af2aaf,vision_cnn,mish,4,train_loss_epoch,69,0.8612585663795471
c88f167a-88ba-411f-a2cc-d74ea0af2aaf,vision_cnn,mish,4,train_loss_epoch,87,0.7518265843391418
c88f167a-88ba-411f-a2cc-d74ea0af2aaf,vision_cnn,mish,4,train_loss_epoch,103,0.6731197237968445
c88f167a-88ba-411f-a2cc-d74ea0af2aaf,vision_cnn,mish,4,train_loss_epoch,121,0.6154504418373108
c88f167a-88ba-411f-a2cc-d74ea0af2aaf,vision_cnn,mish,4,train_loss_epoch,139,0.5703740119934082
c88f167a-88ba-411f-a2cc-d74ea0af2aaf,vision_cnn,mish,4,train_loss_epoch,157,0.5215243101119995
c88f167a-88ba-411f-a2cc-d74ea0af2aaf,vision_cnn,mish,4,train_loss_epoch,175,0.490872323513031
c88f167a-88ba-411f-a2cc-d74ea0af2aaf,vision_cnn,mish,4,train_loss_epoch,191,0.462237000465393
c88f167a-88ba-411f-a2cc-d74ea0af2aaf,vision_cnn,mish,4,train_loss_epoch,209,0.4327765107154846
c88f167a-88ba-411f-a2cc-d74ea0af2aaf,vision_cnn,mish,4,train_loss_epoch,227,0.4080789089202881
c88f167a-88ba-411f-a2cc-d74ea0af2aaf,vision_cnn,mish,4,train_loss_epoch,245,0.3901022970676422
c88f167a-88ba-411f-a2cc-d74ea0af2aaf,vision_cnn,mish,4,train_loss_epoch,263,0.3678617775440216
c88f167a-88ba-411f-a2cc-d74ea0af2aaf,vision_cnn,mish,4,train_loss_epoch,279,0.3495423793792724
c88f167a-88ba-411f-a2cc-d74ea0af2aaf,vision_cnn,mish,4,train_loss_epoch,297,0.3398870527744293
c88f167a-88ba-411f-a2cc-d74ea0af2aaf,vision_cnn,mish,4,train_loss_epoch,315,0.3301664590835571
c88f167a-88ba-411f-a2cc-d74ea0af2aaf,vision_cnn,mish,4,train_loss_epoch,333,0.3250732719898224
c88f167a-88ba-411f-a2cc-d74ea0af2aaf,vision_cnn,mish,4,train_loss_epoch,351,0.3234190642833709
7e886a16-6e2f-4500-805c-cf79e82d2fbd,vision_cnn,mish,2,val_top1,14,0.4345000088214874
7e886a16-6e2f-4500-805c-cf79e82d2fbd,vision_cnn,mish,2,val_top1,32,0.6007000207901001
7e886a16-6e2f-4500-805c-cf79e82d2fbd,vision_cnn,mish,2,val_top1,50,0.6355000138282776
7e886a16-6e2f-4500-805c-cf79e82d2fbd,vision_cnn,mish,2,val_top1,68,0.7129999995231628
7e886a16-6e2f-4500-805c-cf79e82d2fbd,vision_cnn,mish,2,val_top1,86,0.7526999711990356
7e886a16-6e2f-4500-805c-cf79e82d2fbd,vision_cnn,mish,2,val_top1,102,0.769599974155426
7e886a16-6e2f-4500-805c-cf79e82d2fbd,vision_cnn,mish,2,val_top1,120,0.774399995803833
7e886a16-6e2f-4500-805c-cf79e82d2fbd,vision_cnn,mish,2,val_top1,138,0.7997000217437744
7e886a16-6e2f-4500-805c-cf79e82d2fbd,vision_cnn,mish,2,val_top1,156,0.8155999779701233
7e886a16-6e2f-4500-805c-cf79e82d2fbd,vision_cnn,mish,2,val_top1,174,0.8191999793052673
7e886a16-6e2f-4500-805c-cf79e82d2fbd,vision_cnn,mish,2,val_top1,190,0.8227999806404114
7e886a16-6e2f-4500-805c-cf79e82d2fbd,vision_cnn,mish,2,val_top1,208,0.8321999907493591
7e886a16-6e2f-4500-805c-cf79e82d2fbd,vision_cnn,mish,2,val_top1,226,0.8431000113487244
7e886a16-6e2f-4500-805c-cf79e82d2fbd,vision_cnn,mish,2,val_top1,244,0.8474000096321106
7e886a16-6e2f-4500-805c-cf79e82d2fbd,vision_cnn,mish,2,val_top1,262,0.8478000164031982
7e886a16-6e2f-4500-805c-cf79e82d2fbd,vision_cnn,mish,2,val_top1,278,0.8525999784469604
7e886a16-6e2f-4500-805c-cf79e82d2fbd,vision_cnn,mish,2,val_top1,296,0.855400025844574
7e886a16-6e2f-4500-805c-cf79e82d2fbd,vision_cnn,mish,2,val_top1,314,0.8562999963760376
7e886a16-6e2f-4500-805c-cf79e82d2fbd,vision_cnn,mish,2,val_top1,332,0.8567000031471252
7e886a16-6e2f-4500-805c-cf79e82d2fbd,vision_cnn,mish,2,val_top1,350,0.8551999926567078
7e886a16-6e2f-4500-805c-cf79e82d2fbd,vision_cnn,mish,2,train_loss_epoch,15,1.870641827583313
7e886a16-6e2f-4500-805c-cf79e82d2fbd,vision_cnn,mish,2,train_loss_epoch,33,1.2712582349777222
7e886a16-6e2f-4500-805c-cf79e82d2fbd,vision_cnn,mish,2,train_loss_epoch,51,1.0025631189346311
7e886a16-6e2f-4500-805c-cf79e82d2fbd,vision_cnn,mish,2,train_loss_epoch,69,0.8372578024864197
7e886a16-6e2f-4500-805c-cf79e82d2fbd,vision_cnn,mish,2,train_loss_epoch,87,0.7337135672569275
7e886a16-6e2f-4500-805c-cf79e82d2fbd,vision_cnn,mish,2,train_loss_epoch,103,0.6588176488876343
7e886a16-6e2f-4500-805c-cf79e82d2fbd,vision_cnn,mish,2,train_loss_epoch,121,0.6049044132232666
7e886a16-6e2f-4500-805c-cf79e82d2fbd,vision_cnn,mish,2,train_loss_epoch,139,0.5591124892234802
7e886a16-6e2f-4500-805c-cf79e82d2fbd,vision_cnn,mish,2,train_loss_epoch,157,0.5179322957992554
7e886a16-6e2f-4500-805c-cf79e82d2fbd,vision_cnn,mish,2,train_loss_epoch,175,0.4904317855834961
7e886a16-6e2f-4500-805c-cf79e82d2fbd,vision_cnn,mish,2,train_loss_epoch,191,0.4581811726093292
7e886a16-6e2f-4500-805c-cf79e82d2fbd,vision_cnn,mish,2,train_loss_epoch,209,0.4310910701751709
7e886a16-6e2f-4500-805c-cf79e82d2fbd,vision_cnn,mish,2,train_loss_epoch,227,0.4049936234951019
7e886a16-6e2f-4500-805c-cf79e82d2fbd,vision_cnn,mish,2,train_loss_epoch,245,0.383909672498703
7e886a16-6e2f-4500-805c-cf79e82d2fbd,vision_cnn,mish,2,train_loss_epoch,263,0.3648841977119446
7e886a16-6e2f-4500-805c-cf79e82d2fbd,vision_cnn,mish,2,train_loss_epoch,279,0.348833680152893
7e886a16-6e2f-4500-805c-cf79e82d2fbd,vision_cnn,mish,2,train_loss_epoch,297,0.3358913362026214
7e886a16-6e2f-4500-805c-cf79e82d2fbd,vision_cnn,mish,2,train_loss_epoch,315,0.3304109871387481
7e886a16-6e2f-4500-805c-cf79e82d2fbd,vision_cnn,mish,2,train_loss_epoch,333,0.3260574042797088
7e886a16-6e2f-4500-805c-cf79e82d2fbd,vision_cnn,mish,2,train_loss_epoch,351,0.3162386417388916
8bf73ddc-3018-4aa9-8a68-be49130e375c,vision_cnn,mish,3,val_top1,14,0.4736000001430511
8bf73ddc-3018-4aa9-8a68-be49130e375c,vision_cnn,mish,3,val_top1,32,0.5554999709129333
8bf73ddc-3018-4aa9-8a68-be49130e375c,vision_cnn,mish,3,val_top1,50,0.6862999796867371
8bf73ddc-3018-4aa9-8a68-be49130e375c,vision_cnn,mish,3,val_top1,68,0.7026000022888184
8bf73ddc-3018-4aa9-8a68-be49130e375c,vision_cnn,mish,3,val_top1,86,0.7544000148773193
8bf73ddc-3018-4aa9-8a68-be49130e375c,vision_cnn,mish,3,val_top1,102,0.7688000202178955
8bf73ddc-3018-4aa9-8a68-be49130e375c,vision_cnn,mish,3,val_top1,120,0.7932999730110168
8bf73ddc-3018-4aa9-8a68-be49130e375c,vision_cnn,mish,3,val_top1,138,0.7950000166893005
8bf73ddc-3018-4aa9-8a68-be49130e375c,vision_cnn,mish,3,val_top1,156,0.8162000179290771
8bf73ddc-3018-4aa9-8a68-be49130e375c,vision_cnn,mish,3,val_top1,174,0.8176000118255615
8bf73ddc-3018-4aa9-8a68-be49130e375c,vision_cnn,mish,3,val_top1,190,0.8180000185966492
8bf73ddc-3018-4aa9-8a68-be49130e375c,vision_cnn,mish,3,val_top1,208,0.8277000188827515
8bf73ddc-3018-4aa9-8a68-be49130e375c,vision_cnn,mish,3,val_top1,226,0.8403000235557556
8bf73ddc-3018-4aa9-8a68-be49130e375c,vision_cnn,mish,3,val_top1,244,0.8439000248908997
8bf73ddc-3018-4aa9-8a68-be49130e375c,vision_cnn,mish,3,val_top1,262,0.8452000021934509
8bf73ddc-3018-4aa9-8a68-be49130e375c,vision_cnn,mish,3,val_top1,278,0.8503999710083008
8bf73ddc-3018-4aa9-8a68-be49130e375c,vision_cnn,mish,3,val_top1,296,0.8522999882698059
8bf73ddc-3018-4aa9-8a68-be49130e375c,vision_cnn,mish,3,val_top1,314,0.8525999784469604
8bf73ddc-3018-4aa9-8a68-be49130e375c,vision_cnn,mish,3,val_top1,332,0.8546000123023987
8bf73ddc-3018-4aa9-8a68-be49130e375c,vision_cnn,mish,3,val_top1,350,0.8560000061988831
8bf73ddc-3018-4aa9-8a68-be49130e375c,vision_cnn,mish,3,train_loss_epoch,15,1.8165889978408811
8bf73ddc-3018-4aa9-8a68-be49130e375c,vision_cnn,mish,3,train_loss_epoch,33,1.2172105312347412
8bf73ddc-3018-4aa9-8a68-be49130e375c,vision_cnn,mish,3,train_loss_epoch,51,0.967172384262085
8bf73ddc-3018-4aa9-8a68-be49130e375c,vision_cnn,mish,3,train_loss_epoch,69,0.8150486350059509
8bf73ddc-3018-4aa9-8a68-be49130e375c,vision_cnn,mish,3,train_loss_epoch,87,0.7223601341247559
8bf73ddc-3018-4aa9-8a68-be49130e375c,vision_cnn,mish,3,train_loss_epoch,103,0.6587768793106079
8bf73ddc-3018-4aa9-8a68-be49130e375c,vision_cnn,mish,3,train_loss_epoch,121,0.6053509712219238
8bf73ddc-3018-4aa9-8a68-be49130e375c,vision_cnn,mish,3,train_loss_epoch,139,0.5584325790405273
8bf73ddc-3018-4aa9-8a68-be49130e375c,vision_cnn,mish,3,train_loss_epoch,157,0.5227007865905762
8bf73ddc-3018-4aa9-8a68-be49130e375c,vision_cnn,mish,3,train_loss_epoch,175,0.4943352341651916
8bf73ddc-3018-4aa9-8a68-be49130e375c,vision_cnn,mish,3,train_loss_epoch,191,0.4599595665931701
8bf73ddc-3018-4aa9-8a68-be49130e375c,vision_cnn,mish,3,train_loss_epoch,209,0.4333844780921936
8bf73ddc-3018-4aa9-8a68-be49130e375c,vision_cnn,mish,3,train_loss_epoch,227,0.4089682996273041
8bf73ddc-3018-4aa9-8a68-be49130e375c,vision_cnn,mish,3,train_loss_epoch,245,0.3921632766723633
8bf73ddc-3018-4aa9-8a68-be49130e375c,vision_cnn,mish,3,train_loss_epoch,263,0.3699378669261932
8bf73ddc-3018-4aa9-8a68-be49130e375c,vision_cnn,mish,3,train_loss_epoch,279,0.3533932268619537
8bf73ddc-3018-4aa9-8a68-be49130e375c,vision_cnn,mish,3,train_loss_epoch,297,0.3437365293502807
8bf73ddc-3018-4aa9-8a68-be49130e375c,vision_cnn,mish,3,train_loss_epoch,315,0.333320140838623
8bf73ddc-3018-4aa9-8a68-be49130e375c,vision_cnn,mish,3,train_loss_epoch,333,0.3264638185501098
8bf73ddc-3018-4aa9-8a68-be49130e375c,vision_cnn,mish,3,train_loss_epoch,351,0.3274062871932983
e0c1c8c1-5142-47c3-9dd2-30a5cb63ded4,vision_cnn,silu,1,val_top1,14,0.4456000030040741
e0c1c8c1-5142-47c3-9dd2-30a5cb63ded4,vision_cnn,silu,1,val_top1,32,0.6021999716758728
e0c1c8c1-5142-47c3-9dd2-30a5cb63ded4,vision_cnn,silu,1,val_top1,50,0.6801000237464905
e0c1c8c1-5142-47c3-9dd2-30a5cb63ded4,vision_cnn,silu,1,val_top1,68,0.7181000113487244
e0c1c8c1-5142-47c3-9dd2-30a5cb63ded4,vision_cnn,silu,1,val_top1,86,0.7501999735832214
e0c1c8c1-5142-47c3-9dd2-30a5cb63ded4,vision_cnn,silu,1,val_top1,102,0.7480000257492065
e0c1c8c1-5142-47c3-9dd2-30a5cb63ded4,vision_cnn,silu,1,val_top1,120,0.7849000096321106
e0c1c8c1-5142-47c3-9dd2-30a5cb63ded4,vision_cnn,silu,1,val_top1,138,0.7986999750137329
e0c1c8c1-5142-47c3-9dd2-30a5cb63ded4,vision_cnn,silu,1,val_top1,156,0.803600013256073
e0c1c8c1-5142-47c3-9dd2-30a5cb63ded4,vision_cnn,silu,1,val_top1,174,0.8252000212669373
e0c1c8c1-5142-47c3-9dd2-30a5cb63ded4,vision_cnn,silu,1,val_top1,190,0.8256000280380249
e0c1c8c1-5142-47c3-9dd2-30a5cb63ded4,vision_cnn,silu,1,val_top1,208,0.83160001039505
e0c1c8c1-5142-47c3-9dd2-30a5cb63ded4,vision_cnn,silu,1,val_top1,226,0.8464000225067139
e0c1c8c1-5142-47c3-9dd2-30a5cb63ded4,vision_cnn,silu,1,val_top1,244,0.8465999960899353
e0c1c8c1-5142-47c3-9dd2-30a5cb63ded4,vision_cnn,silu,1,val_top1,262,0.8486999869346619
e0c1c8c1-5142-47c3-9dd2-30a5cb63ded4,vision_cnn,silu,1,val_top1,278,0.8532999753952026
e0c1c8c1-5142-47c3-9dd2-30a5cb63ded4,vision_cnn,silu,1,val_top1,296,0.8550000190734863
e0c1c8c1-5142-47c3-9dd2-30a5cb63ded4,vision_cnn,silu,1,val_top1,314,0.8547000288963318
e0c1c8c1-5142-47c3-9dd2-30a5cb63ded4,vision_cnn,silu,1,val_top1,332,0.8561000227928162
e0c1c8c1-5142-47c3-9dd2-30a5cb63ded4,vision_cnn,silu,1,val_top1,350,0.8568000197410583
e0c1c8c1-5142-47c3-9dd2-30a5cb63ded4,vision_cnn,silu,1,train_loss_epoch,15,1.810007929801941
e0c1c8c1-5142-47c3-9dd2-30a5cb63ded4,vision_cnn,silu,1,train_loss_epoch,33,1.2500889301300049
e0c1c8c1-5142-47c3-9dd2-30a5cb63ded4,vision_cnn,silu,1,train_loss_epoch,51,0.9883394837379456
e0c1c8c1-5142-47c3-9dd2-30a5cb63ded4,vision_cnn,silu,1,train_loss_epoch,69,0.8406786918640137
e0c1c8c1-5142-47c3-9dd2-30a5cb63ded4,vision_cnn,silu,1,train_loss_epoch,87,0.7325443625450134
e0c1c8c1-5142-47c3-9dd2-30a5cb63ded4,vision_cnn,silu,1,train_loss_epoch,103,0.6613985300064087
e0c1c8c1-5142-47c3-9dd2-30a5cb63ded4,vision_cnn,silu,1,train_loss_epoch,121,0.6036704778671265
e0c1c8c1-5142-47c3-9dd2-30a5cb63ded4,vision_cnn,silu,1,train_loss_epoch,139,0.556780993938446
e0c1c8c1-5142-47c3-9dd2-30a5cb63ded4,vision_cnn,silu,1,train_loss_epoch,157,0.5186460614204407
e0c1c8c1-5142-47c3-9dd2-30a5cb63ded4,vision_cnn,silu,1,train_loss_epoch,175,0.4870001673698425
e0c1c8c1-5142-47c3-9dd2-30a5cb63ded4,vision_cnn,silu,1,train_loss_epoch,191,0.4589266180992126
e0c1c8c1-5142-47c3-9dd2-30a5cb63ded4,vision_cnn,silu,1,train_loss_epoch,209,0.4293847978115082
e0c1c8c1-5142-47c3-9dd2-30a5cb63ded4,vision_cnn,silu,1,train_loss_epoch,227,0.4088563323020935
e0c1c8c1-5142-47c3-9dd2-30a5cb63ded4,vision_cnn,silu,1,train_loss_epoch,245,0.3885360062122345
e0c1c8c1-5142-47c3-9dd2-30a5cb63ded4,vision_cnn,silu,1,train_loss_epoch,263,0.3639877438545227
e0c1c8c1-5142-47c3-9dd2-30a5cb63ded4,vision_cnn,silu,1,train_loss_epoch,279,0.3506856262683868
e0c1c8c1-5142-47c3-9dd2-30a5cb63ded4,vision_cnn,silu,1,train_loss_epoch,297,0.3402521312236786
e0c1c8c1-5142-47c3-9dd2-30a5cb63ded4,vision_cnn,silu,1,train_loss_epoch,315,0.331614226102829
e0c1c8c1-5142-47c3-9dd2-30a5cb63ded4,vision_cnn,silu,1,train_loss_epoch,333,0.327566385269165
e0c1c8c1-5142-47c3-9dd2-30a5cb63ded4,vision_cnn,silu,1,train_loss_epoch,351,0.3219697773456573
2e6ff7ec-fa0d-4dff-a14c-55b4d1352801,vision_cnn,silu,7,val_top1,14,0.4347000122070312
2e6ff7ec-fa0d-4dff-a14c-55b4d1352801,vision_cnn,silu,7,val_top1,32,0.5892000198364258
2e6ff7ec-fa0d-4dff-a14c-55b4d1352801,vision_cnn,silu,7,val_top1,50,0.6661999821662903
2e6ff7ec-fa0d-4dff-a14c-55b4d1352801,vision_cnn,silu,7,val_top1,68,0.7337999939918518
2e6ff7ec-fa0d-4dff-a14c-55b4d1352801,vision_cnn,silu,7,val_top1,86,0.7264999747276306
2e6ff7ec-fa0d-4dff-a14c-55b4d1352801,vision_cnn,silu,7,val_top1,102,0.7706999778747559
2e6ff7ec-fa0d-4dff-a14c-55b4d1352801,vision_cnn,silu,7,val_top1,120,0.7976999878883362
2e6ff7ec-fa0d-4dff-a14c-55b4d1352801,vision_cnn,silu,7,val_top1,138,0.7960000038146973
2e6ff7ec-fa0d-4dff-a14c-55b4d1352801,vision_cnn,silu,7,val_top1,156,0.8133000135421753
2e6ff7ec-fa0d-4dff-a14c-55b4d1352801,vision_cnn,silu,7,val_top1,174,0.8158000111579895
2e6ff7ec-fa0d-4dff-a14c-55b4d1352801,vision_cnn,silu,7,val_top1,190,0.8248000144958496
2e6ff7ec-fa0d-4dff-a14c-55b4d1352801,vision_cnn,silu,7,val_top1,208,0.8364999890327454
2e6ff7ec-fa0d-4dff-a14c-55b4d1352801,vision_cnn,silu,7,val_top1,226,0.8440999984741211
2e6ff7ec-fa0d-4dff-a14c-55b4d1352801,vision_cnn,silu,7,val_top1,244,0.8432000279426575
2e6ff7ec-fa0d-4dff-a14c-55b4d1352801,vision_cnn,silu,7,val_top1,262,0.8493000268936157
2e6ff7ec-fa0d-4dff-a14c-55b4d1352801,vision_cnn,silu,7,val_top1,278,0.8511000275611877
2e6ff7ec-fa0d-4dff-a14c-55b4d1352801,vision_cnn,silu,7,val_top1,296,0.8532999753952026
2e6ff7ec-fa0d-4dff-a14c-55b4d1352801,vision_cnn,silu,7,val_top1,314,0.8568000197410583
2e6ff7ec-fa0d-4dff-a14c-55b4d1352801,vision_cnn,silu,7,val_top1,332,0.85589998960495
2e6ff7ec-fa0d-4dff-a14c-55b4d1352801,vision_cnn,silu,7,val_top1,350,0.8561999797821045
2e6ff7ec-fa0d-4dff-a14c-55b4d1352801,vision_cnn,silu,7,train_loss_epoch,15,1.8139959573745728
2e6ff7ec-fa0d-4dff-a14c-55b4d1352801,vision_cnn,silu,7,train_loss_epoch,33,1.2570984363555908
2e6ff7ec-fa0d-4dff-a14c-55b4d1352801,vision_cnn,silu,7,train_loss_epoch,51,0.9718741178512572
2e6ff7ec-fa0d-4dff-a14c-55b4d1352801,vision_cnn,silu,7,train_loss_epoch,69,0.8110786080360413
2e6ff7ec-fa0d-4dff-a14c-55b4d1352801,vision_cnn,silu,7,train_loss_epoch,87,0.714216411113739
2e6ff7ec-fa0d-4dff-a14c-55b4d1352801,vision_cnn,silu,7,train_loss_epoch,103,0.6468057632446289
2e6ff7ec-fa0d-4dff-a14c-55b4d1352801,vision_cnn,silu,7,train_loss_epoch,121,0.5912407636642456
2e6ff7ec-fa0d-4dff-a14c-55b4d1352801,vision_cnn,silu,7,train_loss_epoch,139,0.5543879270553589
2e6ff7ec-fa0d-4dff-a14c-55b4d1352801,vision_cnn,silu,7,train_loss_epoch,157,0.5160285234451294
2e6ff7ec-fa0d-4dff-a14c-55b4d1352801,vision_cnn,silu,7,train_loss_epoch,175,0.4793837368488312
2e6ff7ec-fa0d-4dff-a14c-55b4d1352801,vision_cnn,silu,7,train_loss_epoch,191,0.4504160583019256
2e6ff7ec-fa0d-4dff-a14c-55b4d1352801,vision_cnn,silu,7,train_loss_epoch,209,0.423545092344284
2e6ff7ec-fa0d-4dff-a14c-55b4d1352801,vision_cnn,silu,7,train_loss_epoch,227,0.4005573689937591
2e6ff7ec-fa0d-4dff-a14c-55b4d1352801,vision_cnn,silu,7,train_loss_epoch,245,0.3802480697631836
2e6ff7ec-fa0d-4dff-a14c-55b4d1352801,vision_cnn,silu,7,train_loss_epoch,263,0.3610692322254181
2e6ff7ec-fa0d-4dff-a14c-55b4d1352801,vision_cnn,silu,7,train_loss_epoch,279,0.3435416221618652
2e6ff7ec-fa0d-4dff-a14c-55b4d1352801,vision_cnn,silu,7,train_loss_epoch,297,0.3322510123252868
2e6ff7ec-fa0d-4dff-a14c-55b4d1352801,vision_cnn,silu,7,train_loss_epoch,315,0.3254366219043731
2e6ff7ec-fa0d-4dff-a14c-55b4d1352801,vision_cnn,silu,7,train_loss_epoch,333,0.3201234638690948
2e6ff7ec-fa0d-4dff-a14c-55b4d1352801,vision_cnn,silu,7,train_loss_epoch,351,0.3174891471862793
12e4687c-5044-4128-a0f1-81a6b9242778,vision_cnn,silu,6,val_top1,14,0.4611999988555908
12e4687c-5044-4128-a0f1-81a6b9242778,vision_cnn,silu,6,val_top1,32,0.6008999943733215
12e4687c-5044-4128-a0f1-81a6b9242778,vision_cnn,silu,6,val_top1,50,0.650600016117096
12e4687c-5044-4128-a0f1-81a6b9242778,vision_cnn,silu,6,val_top1,68,0.722000002861023
12e4687c-5044-4128-a0f1-81a6b9242778,vision_cnn,silu,6,val_top1,86,0.7283999919891357
12e4687c-5044-4128-a0f1-81a6b9242778,vision_cnn,silu,6,val_top1,102,0.7549999952316284
12e4687c-5044-4128-a0f1-81a6b9242778,vision_cnn,silu,6,val_top1,120,0.7617999911308289
12e4687c-5044-4128-a0f1-81a6b9242778,vision_cnn,silu,6,val_top1,138,0.7961999773979187
12e4687c-5044-4128-a0f1-81a6b9242778,vision_cnn,silu,6,val_top1,156,0.8134999871253967
12e4687c-5044-4128-a0f1-81a6b9242778,vision_cnn,silu,6,val_top1,174,0.8166000247001648
12e4687c-5044-4128-a0f1-81a6b9242778,vision_cnn,silu,6,val_top1,190,0.8252000212669373
12e4687c-5044-4128-a0f1-81a6b9242778,vision_cnn,silu,6,val_top1,208,0.8335000276565552
12e4687c-5044-4128-a0f1-81a6b9242778,vision_cnn,silu,6,val_top1,226,0.8447999954223633
12e4687c-5044-4128-a0f1-81a6b9242778,vision_cnn,silu,6,val_top1,244,0.8420000076293945
12e4687c-5044-4128-a0f1-81a6b9242778,vision_cnn,silu,6,val_top1,262,0.8496000170707703
12e4687c-5044-4128-a0f1-81a6b9242778,vision_cnn,silu,6,val_top1,278,0.8533999919891357
12e4687c-5044-4128-a0f1-81a6b9242778,vision_cnn,silu,6,val_top1,296,0.8525999784469604
12e4687c-5044-4128-a0f1-81a6b9242778,vision_cnn,silu,6,val_top1,314,0.8547000288963318
12e4687c-5044-4128-a0f1-81a6b9242778,vision_cnn,silu,6,val_top1,332,0.8544999957084656
12e4687c-5044-4128-a0f1-81a6b9242778,vision_cnn,silu,6,val_top1,350,0.855400025844574
12e4687c-5044-4128-a0f1-81a6b9242778,vision_cnn,silu,6,train_loss_epoch,15,1.7869231700897217
12e4687c-5044-4128-a0f1-81a6b9242778,vision_cnn,silu,6,train_loss_epoch,33,1.2659132480621338
12e4687c-5044-4128-a0f1-81a6b9242778,vision_cnn,silu,6,train_loss_epoch,51,1.0039160251617432
12e4687c-5044-4128-a0f1-81a6b9242778,vision_cnn,silu,6,train_loss_epoch,69,0.8416097164154053
12e4687c-5044-4128-a0f1-81a6b9242778,vision_cnn,silu,6,train_loss_epoch,87,0.7314277291297913
12e4687c-5044-4128-a0f1-81a6b9242778,vision_cnn,silu,6,train_loss_epoch,103,0.6574163436889648
12e4687c-5044-4128-a0f1-81a6b9242778,vision_cnn,silu,6,train_loss_epoch,121,0.6022976040840149
12e4687c-5044-4128-a0f1-81a6b9242778,vision_cnn,silu,6,train_loss_epoch,139,0.559476375579834
12e4687c-5044-4128-a0f1-81a6b9242778,vision_cnn,silu,6,train_loss_epoch,157,0.5233920812606812
12e4687c-5044-4128-a0f1-81a6b9242778,vision_cnn,silu,6,train_loss_epoch,175,0.4842718243598938
12e4687c-5044-4128-a0f1-81a6b9242778,vision_cnn,silu,6,train_loss_epoch,191,0.4540718793869018
12e4687c-5044-4128-a0f1-81a6b9242778,vision_cnn,silu,6,train_loss_epoch,209,0.4322046935558319
12e4687c-5044-4128-a0f1-81a6b9242778,vision_cnn,silu,6,train_loss_epoch,227,0.4080854058265686
12e4687c-5044-4128-a0f1-81a6b9242778,vision_cnn,silu,6,train_loss_epoch,245,0.3841463923454284
12e4687c-5044-4128-a0f1-81a6b9242778,vision_cnn,silu,6,train_loss_epoch,263,0.365449845790863
12e4687c-5044-4128-a0f1-81a6b9242778,vision_cnn,silu,6,train_loss_epoch,279,0.3444159626960754
12e4687c-5044-4128-a0f1-81a6b9242778,vision_cnn,silu,6,train_loss_epoch,297,0.3368324935436249
12e4687c-5044-4128-a0f1-81a6b9242778,vision_cnn,silu,6,train_loss_epoch,315,0.3305924236774444
12e4687c-5044-4128-a0f1-81a6b9242778,vision_cnn,silu,6,train_loss_epoch,333,0.3203675746917724
12e4687c-5044-4128-a0f1-81a6b9242778,vision_cnn,silu,6,train_loss_epoch,351,0.3185719847679138
b13b5e66-665f-4b0e-b763-bd27ef24238d,vision_cnn,silu,4,val_top1,14,0.4257000088691711
b13b5e66-665f-4b0e-b763-bd27ef24238d,vision_cnn,silu,4,val_top1,32,0.5702999830245972
b13b5e66-665f-4b0e-b763-bd27ef24238d,vision_cnn,silu,4,val_top1,50,0.6586999893188477
b13b5e66-665f-4b0e-b763-bd27ef24238d,vision_cnn,silu,4,val_top1,68,0.6869999766349792
b13b5e66-665f-4b0e-b763-bd27ef24238d,vision_cnn,silu,4,val_top1,86,0.744700014591217
b13b5e66-665f-4b0e-b763-bd27ef24238d,vision_cnn,silu,4,val_top1,102,0.7530999779701233
b13b5e66-665f-4b0e-b763-bd27ef24238d,vision_cnn,silu,4,val_top1,120,0.7746999859809875
b13b5e66-665f-4b0e-b763-bd27ef24238d,vision_cnn,silu,4,val_top1,138,0.7781999707221985
b13b5e66-665f-4b0e-b763-bd27ef24238d,vision_cnn,silu,4,val_top1,156,0.8123000264167786
b13b5e66-665f-4b0e-b763-bd27ef24238d,vision_cnn,silu,4,val_top1,174,0.8155999779701233
b13b5e66-665f-4b0e-b763-bd27ef24238d,vision_cnn,silu,4,val_top1,190,0.8313000202178955
b13b5e66-665f-4b0e-b763-bd27ef24238d,vision_cnn,silu,4,val_top1,208,0.8388000130653381
b13b5e66-665f-4b0e-b763-bd27ef24238d,vision_cnn,silu,4,val_top1,226,0.8388000130653381
b13b5e66-665f-4b0e-b763-bd27ef24238d,vision_cnn,silu,4,val_top1,244,0.8460999727249146
b13b5e66-665f-4b0e-b763-bd27ef24238d,vision_cnn,silu,4,val_top1,262,0.8504999876022339
b13b5e66-665f-4b0e-b763-bd27ef24238d,vision_cnn,silu,4,val_top1,278,0.8536999821662903
b13b5e66-665f-4b0e-b763-bd27ef24238d,vision_cnn,silu,4,val_top1,296,0.8572999835014343
b13b5e66-665f-4b0e-b763-bd27ef24238d,vision_cnn,silu,4,val_top1,314,0.8572999835014343
b13b5e66-665f-4b0e-b763-bd27ef24238d,vision_cnn,silu,4,val_top1,332,0.8568999767303467
b13b5e66-665f-4b0e-b763-bd27ef24238d,vision_cnn,silu,4,val_top1,350,0.8575000166893005
b13b5e66-665f-4b0e-b763-bd27ef24238d,vision_cnn,silu,4,train_loss_epoch,15,1.9061360359191892
b13b5e66-665f-4b0e-b763-bd27ef24238d,vision_cnn,silu,4,train_loss_epoch,33,1.3133600950241089
b13b5e66-665f-4b0e-b763-bd27ef24238d,vision_cnn,silu,4,train_loss_epoch,51,1.0351943969726562
b13b5e66-665f-4b0e-b763-bd27ef24238d,vision_cnn,silu,4,train_loss_epoch,69,0.8732144832611084
b13b5e66-665f-4b0e-b763-bd27ef24238d,vision_cnn,silu,4,train_loss_epoch,87,0.7613576054573059
b13b5e66-665f-4b0e-b763-bd27ef24238d,vision_cnn,silu,4,train_loss_epoch,103,0.6748620271682739
b13b5e66-665f-4b0e-b763-bd27ef24238d,vision_cnn,silu,4,train_loss_epoch,121,0.6156023740768433
b13b5e66-665f-4b0e-b763-bd27ef24238d,vision_cnn,silu,4,train_loss_epoch,139,0.5651400685310364
b13b5e66-665f-4b0e-b763-bd27ef24238d,vision_cnn,silu,4,train_loss_epoch,157,0.5216159820556641
b13b5e66-665f-4b0e-b763-bd27ef24238d,vision_cnn,silu,4,train_loss_epoch,175,0.486755758523941
b13b5e66-665f-4b0e-b763-bd27ef24238d,vision_cnn,silu,4,train_loss_epoch,191,0.4571185708045959
b13b5e66-665f-4b0e-b763-bd27ef24238d,vision_cnn,silu,4,train_loss_epoch,209,0.4253359138965606
b13b5e66-665f-4b0e-b763-bd27ef24238d,vision_cnn,silu,4,train_loss_epoch,227,0.3997920453548431
b13b5e66-665f-4b0e-b763-bd27ef24238d,vision_cnn,silu,4,train_loss_epoch,245,0.3849799036979675
b13b5e66-665f-4b0e-b763-bd27ef24238d,vision_cnn,silu,4,train_loss_epoch,263,0.3622612953186035
b13b5e66-665f-4b0e-b763-bd27ef24238d,vision_cnn,silu,4,train_loss_epoch,279,0.3446707725524902
b13b5e66-665f-4b0e-b763-bd27ef24238d,vision_cnn,silu,4,train_loss_epoch,297,0.333481103181839
b13b5e66-665f-4b0e-b763-bd27ef24238d,vision_cnn,silu,4,train_loss_epoch,315,0.3264212310314178
b13b5e66-665f-4b0e-b763-bd27ef24238d,vision_cnn,silu,4,train_loss_epoch,333,0.3184472620487213
b13b5e66-665f-4b0e-b763-bd27ef24238d,vision_cnn,silu,4,train_loss_epoch,351,0.315431535243988
6ce7a7dd-62b4-449c-a0ad-9de1cca169aa,vision_cnn,silu,2,val_top1,14,0.4366999864578247
6ce7a7dd-62b4-449c-a0ad-9de1cca169aa,vision_cnn,silu,2,val_top1,32,0.5813999772071838
6ce7a7dd-62b4-449c-a0ad-9de1cca169aa,vision_cnn,silu,2,val_top1,50,0.6389999985694885
6ce7a7dd-62b4-449c-a0ad-9de1cca169aa,vision_cnn,silu,2,val_top1,68,0.6847000122070312
6ce7a7dd-62b4-449c-a0ad-9de1cca169aa,vision_cnn,silu,2,val_top1,86,0.7541999816894531
6ce7a7dd-62b4-449c-a0ad-9de1cca169aa,vision_cnn,silu,2,val_top1,102,0.7677000164985657
6ce7a7dd-62b4-449c-a0ad-9de1cca169aa,vision_cnn,silu,2,val_top1,120,0.7860999703407288
6ce7a7dd-62b4-449c-a0ad-9de1cca169aa,vision_cnn,silu,2,val_top1,138,0.788100004196167
6ce7a7dd-62b4-449c-a0ad-9de1cca169aa,vision_cnn,silu,2,val_top1,156,0.8167999982833862
6ce7a7dd-62b4-449c-a0ad-9de1cca169aa,vision_cnn,silu,2,val_top1,174,0.8174999952316284
6ce7a7dd-62b4-449c-a0ad-9de1cca169aa,vision_cnn,silu,2,val_top1,190,0.8288999795913696
6ce7a7dd-62b4-449c-a0ad-9de1cca169aa,vision_cnn,silu,2,val_top1,208,0.8343999981880188
6ce7a7dd-62b4-449c-a0ad-9de1cca169aa,vision_cnn,silu,2,val_top1,226,0.8416000008583069
6ce7a7dd-62b4-449c-a0ad-9de1cca169aa,vision_cnn,silu,2,val_top1,244,0.847599983215332
6ce7a7dd-62b4-449c-a0ad-9de1cca169aa,vision_cnn,silu,2,val_top1,262,0.852400004863739
6ce7a7dd-62b4-449c-a0ad-9de1cca169aa,vision_cnn,silu,2,val_top1,278,0.8546000123023987
6ce7a7dd-62b4-449c-a0ad-9de1cca169aa,vision_cnn,silu,2,val_top1,296,0.8587999939918518
6ce7a7dd-62b4-449c-a0ad-9de1cca169aa,vision_cnn,silu,2,val_top1,314,0.8583999872207642
6ce7a7dd-62b4-449c-a0ad-9de1cca169aa,vision_cnn,silu,2,val_top1,332,0.8610000014305115
6ce7a7dd-62b4-449c-a0ad-9de1cca169aa,vision_cnn,silu,2,val_top1,350,0.8600000143051147
6ce7a7dd-62b4-449c-a0ad-9de1cca169aa,vision_cnn,silu,2,train_loss_epoch,15,1.876936674118042
6ce7a7dd-62b4-449c-a0ad-9de1cca169aa,vision_cnn,silu,2,train_loss_epoch,33,1.277382731437683
6ce7a7dd-62b4-449c-a0ad-9de1cca169aa,vision_cnn,silu,2,train_loss_epoch,51,1.01017427444458
6ce7a7dd-62b4-449c-a0ad-9de1cca169aa,vision_cnn,silu,2,train_loss_epoch,69,0.8447623252868652
6ce7a7dd-62b4-449c-a0ad-9de1cca169aa,vision_cnn,silu,2,train_loss_epoch,87,0.738936722278595
6ce7a7dd-62b4-449c-a0ad-9de1cca169aa,vision_cnn,silu,2,train_loss_epoch,103,0.6585549116134644
6ce7a7dd-62b4-449c-a0ad-9de1cca169aa,vision_cnn,silu,2,train_loss_epoch,121,0.6056529879570007
6ce7a7dd-62b4-449c-a0ad-9de1cca169aa,vision_cnn,silu,2,train_loss_epoch,139,0.5571243166923523
6ce7a7dd-62b4-449c-a0ad-9de1cca169aa,vision_cnn,silu,2,train_loss_epoch,157,0.5188156962394714
6ce7a7dd-62b4-449c-a0ad-9de1cca169aa,vision_cnn,silu,2,train_loss_epoch,175,0.4873029589653015
6ce7a7dd-62b4-449c-a0ad-9de1cca169aa,vision_cnn,silu,2,train_loss_epoch,191,0.453365683555603
6ce7a7dd-62b4-449c-a0ad-9de1cca169aa,vision_cnn,silu,2,train_loss_epoch,209,0.4287962317466736
6ce7a7dd-62b4-449c-a0ad-9de1cca169aa,vision_cnn,silu,2,train_loss_epoch,227,0.4019253849983215
6ce7a7dd-62b4-449c-a0ad-9de1cca169aa,vision_cnn,silu,2,train_loss_epoch,245,0.3794304132461548
6ce7a7dd-62b4-449c-a0ad-9de1cca169aa,vision_cnn,silu,2,train_loss_epoch,263,0.3625501096248626
6ce7a7dd-62b4-449c-a0ad-9de1cca169aa,vision_cnn,silu,2,train_loss_epoch,279,0.3465948700904846
6ce7a7dd-62b4-449c-a0ad-9de1cca169aa,vision_cnn,silu,2,train_loss_epoch,297,0.3346944153308868
6ce7a7dd-62b4-449c-a0ad-9de1cca169aa,vision_cnn,silu,2,train_loss_epoch,315,0.3298336565494537
6ce7a7dd-62b4-449c-a0ad-9de1cca169aa,vision_cnn,silu,2,train_loss_epoch,333,0.321485310792923
6ce7a7dd-62b4-449c-a0ad-9de1cca169aa,vision_cnn,silu,2,train_loss_epoch,351,0.3167496025562286
aa9a42da-cf13-46f7-8d7c-6f34fd03f3ff,vision_cnn,silu,0,val_top1,14,0.4611000120639801
aa9a42da-cf13-46f7-8d7c-6f34fd03f3ff,vision_cnn,silu,0,val_top1,32,0.6238999962806702
aa9a42da-cf13-46f7-8d7c-6f34fd03f3ff,vision_cnn,silu,0,val_top1,50,0.659600019454956
aa9a42da-cf13-46f7-8d7c-6f34fd03f3ff,vision_cnn,silu,0,val_top1,68,0.7195000052452087
aa9a42da-cf13-46f7-8d7c-6f34fd03f3ff,vision_cnn,silu,0,val_top1,86,0.7389000058174133
aa9a42da-cf13-46f7-8d7c-6f34fd03f3ff,vision_cnn,silu,0,val_top1,102,0.7692000269889832
aa9a42da-cf13-46f7-8d7c-6f34fd03f3ff,vision_cnn,silu,0,val_top1,120,0.7827000021934509
aa9a42da-cf13-46f7-8d7c-6f34fd03f3ff,vision_cnn,silu,0,val_top1,138,0.7998999953269958
aa9a42da-cf13-46f7-8d7c-6f34fd03f3ff,vision_cnn,silu,0,val_top1,156,0.7965999841690063
aa9a42da-cf13-46f7-8d7c-6f34fd03f3ff,vision_cnn,silu,0,val_top1,174,0.8145999908447266
aa9a42da-cf13-46f7-8d7c-6f34fd03f3ff,vision_cnn,silu,0,val_top1,190,0.828000009059906
aa9a42da-cf13-46f7-8d7c-6f34fd03f3ff,vision_cnn,silu,0,val_top1,208,0.826200008392334
aa9a42da-cf13-46f7-8d7c-6f34fd03f3ff,vision_cnn,silu,0,val_top1,226,0.8396000266075134
aa9a42da-cf13-46f7-8d7c-6f34fd03f3ff,vision_cnn,silu,0,val_top1,244,0.8446999788284302
aa9a42da-cf13-46f7-8d7c-6f34fd03f3ff,vision_cnn,silu,0,val_top1,262,0.8457000255584717
aa9a42da-cf13-46f7-8d7c-6f34fd03f3ff,vision_cnn,silu,0,val_top1,278,0.8501999974250793
aa9a42da-cf13-46f7-8d7c-6f34fd03f3ff,vision_cnn,silu,0,val_top1,296,0.8510000109672546
aa9a42da-cf13-46f7-8d7c-6f34fd03f3ff,vision_cnn,silu,0,val_top1,314,0.8526999950408936
aa9a42da-cf13-46f7-8d7c-6f34fd03f3ff,vision_cnn,silu,0,val_top1,332,0.8528000116348267
aa9a42da-cf13-46f7-8d7c-6f34fd03f3ff,vision_cnn,silu,0,val_top1,350,0.8521999716758728
aa9a42da-cf13-46f7-8d7c-6f34fd03f3ff,vision_cnn,silu,0,train_loss_epoch,15,1.8404676914215088
aa9a42da-cf13-46f7-8d7c-6f34fd03f3ff,vision_cnn,silu,0,train_loss_epoch,33,1.2466825246810913
aa9a42da-cf13-46f7-8d7c-6f34fd03f3ff,vision_cnn,silu,0,train_loss_epoch,51,0.98599511384964
aa9a42da-cf13-46f7-8d7c-6f34fd03f3ff,vision_cnn,silu,0,train_loss_epoch,69,0.8229132294654846
aa9a42da-cf13-46f7-8d7c-6f34fd03f3ff,vision_cnn,silu,0,train_loss_epoch,87,0.7182314991950989
aa9a42da-cf13-46f7-8d7c-6f34fd03f3ff,vision_cnn,silu,0,train_loss_epoch,103,0.6558999419212341
aa9a42da-cf13-46f7-8d7c-6f34fd03f3ff,vision_cnn,silu,0,train_loss_epoch,121,0.6004600524902344
aa9a42da-cf13-46f7-8d7c-6f34fd03f3ff,vision_cnn,silu,0,train_loss_epoch,139,0.5542054176330566
aa9a42da-cf13-46f7-8d7c-6f34fd03f3ff,vision_cnn,silu,0,train_loss_epoch,157,0.5173521637916565
aa9a42da-cf13-46f7-8d7c-6f34fd03f3ff,vision_cnn,silu,0,train_loss_epoch,175,0.4878502190113067
aa9a42da-cf13-46f7-8d7c-6f34fd03f3ff,vision_cnn,silu,0,train_loss_epoch,191,0.4589927792549133
aa9a42da-cf13-46f7-8d7c-6f34fd03f3ff,vision_cnn,silu,0,train_loss_epoch,209,0.4268350601196289
aa9a42da-cf13-46f7-8d7c-6f34fd03f3ff,vision_cnn,silu,0,train_loss_epoch,227,0.4064134657382965
aa9a42da-cf13-46f7-8d7c-6f34fd03f3ff,vision_cnn,silu,0,train_loss_epoch,245,0.3866043090820312
aa9a42da-cf13-46f7-8d7c-6f34fd03f3ff,vision_cnn,silu,0,train_loss_epoch,263,0.3655416369438171
aa9a42da-cf13-46f7-8d7c-6f34fd03f3ff,vision_cnn,silu,0,train_loss_epoch,279,0.3519568741321563
aa9a42da-cf13-46f7-8d7c-6f34fd03f3ff,vision_cnn,silu,0,train_loss_epoch,297,0.3392400443553924
aa9a42da-cf13-46f7-8d7c-6f34fd03f3ff,vision_cnn,silu,0,train_loss_epoch,315,0.3301093876361847
aa9a42da-cf13-46f7-8d7c-6f34fd03f3ff,vision_cnn,silu,0,train_loss_epoch,333,0.3235587775707245
aa9a42da-cf13-46f7-8d7c-6f34fd03f3ff,vision_cnn,silu,0,train_loss_epoch,351,0.318167120218277
5e554639-c061-4547-b5e7-9c64a230792d,vision_cnn,silu,5,val_top1,14,0.4679000079631805
5e554639-c061-4547-b5e7-9c64a230792d,vision_cnn,silu,5,val_top1,32,0.5921000242233276
5e554639-c061-4547-b5e7-9c64a230792d,vision_cnn,silu,5,val_top1,50,0.6809999942779541
5e554639-c061-4547-b5e7-9c64a230792d,vision_cnn,silu,5,val_top1,68,0.7026000022888184
5e554639-c061-4547-b5e7-9c64a230792d,vision_cnn,silu,5,val_top1,86,0.7353000044822693
5e554639-c061-4547-b5e7-9c64a230792d,vision_cnn,silu,5,val_top1,102,0.7633000016212463
5e554639-c061-4547-b5e7-9c64a230792d,vision_cnn,silu,5,val_top1,120,0.7712000012397766
5e554639-c061-4547-b5e7-9c64a230792d,vision_cnn,silu,5,val_top1,138,0.7930999994277954
5e554639-c061-4547-b5e7-9c64a230792d,vision_cnn,silu,5,val_top1,156,0.8059999942779541
5e554639-c061-4547-b5e7-9c64a230792d,vision_cnn,silu,5,val_top1,174,0.8066999912261963
5e554639-c061-4547-b5e7-9c64a230792d,vision_cnn,silu,5,val_top1,190,0.8256999850273132
5e554639-c061-4547-b5e7-9c64a230792d,vision_cnn,silu,5,val_top1,208,0.8370000123977661
5e554639-c061-4547-b5e7-9c64a230792d,vision_cnn,silu,5,val_top1,226,0.8446999788284302
5e554639-c061-4547-b5e7-9c64a230792d,vision_cnn,silu,5,val_top1,244,0.8420000076293945
5e554639-c061-4547-b5e7-9c64a230792d,vision_cnn,silu,5,val_top1,262,0.8514000177383423
5e554639-c061-4547-b5e7-9c64a230792d,vision_cnn,silu,5,val_top1,278,0.8519999980926514
5e554639-c061-4547-b5e7-9c64a230792d,vision_cnn,silu,5,val_top1,296,0.8550999760627747
5e554639-c061-4547-b5e7-9c64a230792d,vision_cnn,silu,5,val_top1,314,0.858299970626831
5e554639-c061-4547-b5e7-9c64a230792d,vision_cnn,silu,5,val_top1,332,0.8582000136375427
5e554639-c061-4547-b5e7-9c64a230792d,vision_cnn,silu,5,val_top1,350,0.8583999872207642
5e554639-c061-4547-b5e7-9c64a230792d,vision_cnn,silu,5,train_loss_epoch,15,1.8260244131088257
5e554639-c061-4547-b5e7-9c64a230792d,vision_cnn,silu,5,train_loss_epoch,33,1.250500202178955
5e554639-c061-4547-b5e7-9c64a230792d,vision_cnn,silu,5,train_loss_epoch,51,0.985799252986908
5e554639-c061-4547-b5e7-9c64a230792d,vision_cnn,silu,5,train_loss_epoch,69,0.8311890363693237
5e554639-c061-4547-b5e7-9c64a230792d,vision_cnn,silu,5,train_loss_epoch,87,0.7311973571777344
5e554639-c061-4547-b5e7-9c64a230792d,vision_cnn,silu,5,train_loss_epoch,103,0.6615225672721863
5e554639-c061-4547-b5e7-9c64a230792d,vision_cnn,silu,5,train_loss_epoch,121,0.6011222004890442
5e554639-c061-4547-b5e7-9c64a230792d,vision_cnn,silu,5,train_loss_epoch,139,0.55559241771698
5e554639-c061-4547-b5e7-9c64a230792d,vision_cnn,silu,5,train_loss_epoch,157,0.5169512629508972
5e554639-c061-4547-b5e7-9c64a230792d,vision_cnn,silu,5,train_loss_epoch,175,0.4835046529769897
5e554639-c061-4547-b5e7-9c64a230792d,vision_cnn,silu,5,train_loss_epoch,191,0.453345239162445
5e554639-c061-4547-b5e7-9c64a230792d,vision_cnn,silu,5,train_loss_epoch,209,0.4255777597427368
5e554639-c061-4547-b5e7-9c64a230792d,vision_cnn,silu,5,train_loss_epoch,227,0.4007638394832611
5e554639-c061-4547-b5e7-9c64a230792d,vision_cnn,silu,5,train_loss_epoch,245,0.3823201954364776
5e554639-c061-4547-b5e7-9c64a230792d,vision_cnn,silu,5,train_loss_epoch,263,0.3643021285533905
5e554639-c061-4547-b5e7-9c64a230792d,vision_cnn,silu,5,train_loss_epoch,279,0.3466140627861023
5e554639-c061-4547-b5e7-9c64a230792d,vision_cnn,silu,5,train_loss_epoch,297,0.3375826776027679
5e554639-c061-4547-b5e7-9c64a230792d,vision_cnn,silu,5,train_loss_epoch,315,0.3245815336704254
5e554639-c061-4547-b5e7-9c64a230792d,vision_cnn,silu,5,train_loss_epoch,333,0.3223200738430023
5e554639-c061-4547-b5e7-9c64a230792d,vision_cnn,silu,5,train_loss_epoch,351,0.3171347081661224
e26a3fe3-14eb-4ac3-8268-9d6125cfe3c1,vision_cnn,silu,3,val_top1,14,0.421099990606308
e26a3fe3-14eb-4ac3-8268-9d6125cfe3c1,vision_cnn,silu,3,val_top1,32,0.5788999795913696
e26a3fe3-14eb-4ac3-8268-9d6125cfe3c1,vision_cnn,silu,3,val_top1,50,0.679099977016449
e26a3fe3-14eb-4ac3-8268-9d6125cfe3c1,vision_cnn,silu,3,val_top1,68,0.7204999923706055
e26a3fe3-14eb-4ac3-8268-9d6125cfe3c1,vision_cnn,silu,3,val_top1,86,0.7659000158309937
e26a3fe3-14eb-4ac3-8268-9d6125cfe3c1,vision_cnn,silu,3,val_top1,102,0.7818999886512756
e26a3fe3-14eb-4ac3-8268-9d6125cfe3c1,vision_cnn,silu,3,val_top1,120,0.7878000140190125
e26a3fe3-14eb-4ac3-8268-9d6125cfe3c1,vision_cnn,silu,3,val_top1,138,0.802299976348877
e26a3fe3-14eb-4ac3-8268-9d6125cfe3c1,vision_cnn,silu,3,val_top1,156,0.8179000020027161
e26a3fe3-14eb-4ac3-8268-9d6125cfe3c1,vision_cnn,silu,3,val_top1,174,0.829800009727478
e26a3fe3-14eb-4ac3-8268-9d6125cfe3c1,vision_cnn,silu,3,val_top1,190,0.8339999914169312
e26a3fe3-14eb-4ac3-8268-9d6125cfe3c1,vision_cnn,silu,3,val_top1,208,0.8353999853134155
e26a3fe3-14eb-4ac3-8268-9d6125cfe3c1,vision_cnn,silu,3,val_top1,226,0.8471999764442444
e26a3fe3-14eb-4ac3-8268-9d6125cfe3c1,vision_cnn,silu,3,val_top1,244,0.8446999788284302
e26a3fe3-14eb-4ac3-8268-9d6125cfe3c1,vision_cnn,silu,3,val_top1,262,0.8485000133514404
e26a3fe3-14eb-4ac3-8268-9d6125cfe3c1,vision_cnn,silu,3,val_top1,278,0.8550000190734863
e26a3fe3-14eb-4ac3-8268-9d6125cfe3c1,vision_cnn,silu,3,val_top1,296,0.8533999919891357
e26a3fe3-14eb-4ac3-8268-9d6125cfe3c1,vision_cnn,silu,3,val_top1,314,0.8551999926567078
e26a3fe3-14eb-4ac3-8268-9d6125cfe3c1,vision_cnn,silu,3,val_top1,332,0.8568000197410583
e26a3fe3-14eb-4ac3-8268-9d6125cfe3c1,vision_cnn,silu,3,val_top1,350,0.8575000166893005
e26a3fe3-14eb-4ac3-8268-9d6125cfe3c1,vision_cnn,silu,3,train_loss_epoch,15,1.8815577030181885
e26a3fe3-14eb-4ac3-8268-9d6125cfe3c1,vision_cnn,silu,3,train_loss_epoch,33,1.2541897296905518
e26a3fe3-14eb-4ac3-8268-9d6125cfe3c1,vision_cnn,silu,3,train_loss_epoch,51,0.9775115251541138
e26a3fe3-14eb-4ac3-8268-9d6125cfe3c1,vision_cnn,silu,3,train_loss_epoch,69,0.8112534880638123
e26a3fe3-14eb-4ac3-8268-9d6125cfe3c1,vision_cnn,silu,3,train_loss_epoch,87,0.7081646919250488
e26a3fe3-14eb-4ac3-8268-9d6125cfe3c1,vision_cnn,silu,3,train_loss_epoch,103,0.6401352882385254
e26a3fe3-14eb-4ac3-8268-9d6125cfe3c1,vision_cnn,silu,3,train_loss_epoch,121,0.5882351994514465
e26a3fe3-14eb-4ac3-8268-9d6125cfe3c1,vision_cnn,silu,3,train_loss_epoch,139,0.5418922901153564
e26a3fe3-14eb-4ac3-8268-9d6125cfe3c1,vision_cnn,silu,3,train_loss_epoch,157,0.5022740960121155
e26a3fe3-14eb-4ac3-8268-9d6125cfe3c1,vision_cnn,silu,3,train_loss_epoch,175,0.4744806587696075
e26a3fe3-14eb-4ac3-8268-9d6125cfe3c1,vision_cnn,silu,3,train_loss_epoch,191,0.4453129172325134
e26a3fe3-14eb-4ac3-8268-9d6125cfe3c1,vision_cnn,silu,3,train_loss_epoch,209,0.4193387627601623
e26a3fe3-14eb-4ac3-8268-9d6125cfe3c1,vision_cnn,silu,3,train_loss_epoch,227,0.3934162259101867
e26a3fe3-14eb-4ac3-8268-9d6125cfe3c1,vision_cnn,silu,3,train_loss_epoch,245,0.3738346695899963
e26a3fe3-14eb-4ac3-8268-9d6125cfe3c1,vision_cnn,silu,3,train_loss_epoch,263,0.3552239537239074
e26a3fe3-14eb-4ac3-8268-9d6125cfe3c1,vision_cnn,silu,3,train_loss_epoch,279,0.3352120518684387
e26a3fe3-14eb-4ac3-8268-9d6125cfe3c1,vision_cnn,silu,3,train_loss_epoch,297,0.3265856802463531
e26a3fe3-14eb-4ac3-8268-9d6125cfe3c1,vision_cnn,silu,3,train_loss_epoch,315,0.3167340159416199
e26a3fe3-14eb-4ac3-8268-9d6125cfe3c1,vision_cnn,silu,3,train_loss_epoch,333,0.3109073042869568
e26a3fe3-14eb-4ac3-8268-9d6125cfe3c1,vision_cnn,silu,3,train_loss_epoch,351,0.3100199699401855
a75a7b1b-c6fa-417f-85fc-59ff8707ebc7,vision_cnn,tanh,5,val_top1,14,0.3774999976158142
a75a7b1b-c6fa-417f-85fc-59ff8707ebc7,vision_cnn,tanh,5,val_top1,32,0.4754999876022339
a75a7b1b-c6fa-417f-85fc-59ff8707ebc7,vision_cnn,tanh,5,val_top1,50,0.5557000041007996
a75a7b1b-c6fa-417f-85fc-59ff8707ebc7,vision_cnn,tanh,5,val_top1,68,0.5898000001907349
a75a7b1b-c6fa-417f-85fc-59ff8707ebc7,vision_cnn,tanh,5,val_top1,86,0.6220999956130981
a75a7b1b-c6fa-417f-85fc-59ff8707ebc7,vision_cnn,tanh,5,val_top1,102,0.6460999846458435
a75a7b1b-c6fa-417f-85fc-59ff8707ebc7,vision_cnn,tanh,5,val_top1,120,0.6686000227928162
a75a7b1b-c6fa-417f-85fc-59ff8707ebc7,vision_cnn,tanh,5,val_top1,138,0.6730999946594238
a75a7b1b-c6fa-417f-85fc-59ff8707ebc7,vision_cnn,tanh,5,val_top1,156,0.6854000091552734
a75a7b1b-c6fa-417f-85fc-59ff8707ebc7,vision_cnn,tanh,5,val_top1,174,0.6743999719619751
a75a7b1b-c6fa-417f-85fc-59ff8707ebc7,vision_cnn,tanh,5,val_top1,190,0.7135999798774719
a75a7b1b-c6fa-417f-85fc-59ff8707ebc7,vision_cnn,tanh,5,val_top1,208,0.7195000052452087
a75a7b1b-c6fa-417f-85fc-59ff8707ebc7,vision_cnn,tanh,5,val_top1,226,0.7401999831199646
a75a7b1b-c6fa-417f-85fc-59ff8707ebc7,vision_cnn,tanh,5,val_top1,244,0.7493000030517578
a75a7b1b-c6fa-417f-85fc-59ff8707ebc7,vision_cnn,tanh,5,val_top1,262,0.7527999877929688
a75a7b1b-c6fa-417f-85fc-59ff8707ebc7,vision_cnn,tanh,5,val_top1,278,0.7613999843597412
a75a7b1b-c6fa-417f-85fc-59ff8707ebc7,vision_cnn,tanh,5,val_top1,296,0.762499988079071
a75a7b1b-c6fa-417f-85fc-59ff8707ebc7,vision_cnn,tanh,5,val_top1,314,0.7677000164985657
a75a7b1b-c6fa-417f-85fc-59ff8707ebc7,vision_cnn,tanh,5,val_top1,332,0.767300009727478
a75a7b1b-c6fa-417f-85fc-59ff8707ebc7,vision_cnn,tanh,5,val_top1,350,0.767799973487854
a75a7b1b-c6fa-417f-85fc-59ff8707ebc7,vision_cnn,tanh,5,train_loss_epoch,15,1.9198638200759888
a75a7b1b-c6fa-417f-85fc-59ff8707ebc7,vision_cnn,tanh,5,train_loss_epoch,33,1.5622236728668213
a75a7b1b-c6fa-417f-85fc-59ff8707ebc7,vision_cnn,tanh,5,train_loss_epoch,51,1.341532826423645
a75a7b1b-c6fa-417f-85fc-59ff8707ebc7,vision_cnn,tanh,5,train_loss_epoch,69,1.191505789756775
a75a7b1b-c6fa-417f-85fc-59ff8707ebc7,vision_cnn,tanh,5,train_loss_epoch,87,1.0864297151565552
a75a7b1b-c6fa-417f-85fc-59ff8707ebc7,vision_cnn,tanh,5,train_loss_epoch,103,1.0113121271133425
a75a7b1b-c6fa-417f-85fc-59ff8707ebc7,vision_cnn,tanh,5,train_loss_epoch,121,0.9486647248268129
a75a7b1b-c6fa-417f-85fc-59ff8707ebc7,vision_cnn,tanh,5,train_loss_epoch,139,0.8967182636260986
a75a7b1b-c6fa-417f-85fc-59ff8707ebc7,vision_cnn,tanh,5,train_loss_epoch,157,0.8532425165176392
a75a7b1b-c6fa-417f-85fc-59ff8707ebc7,vision_cnn,tanh,5,train_loss_epoch,175,0.8170904517173767
a75a7b1b-c6fa-417f-85fc-59ff8707ebc7,vision_cnn,tanh,5,train_loss_epoch,191,0.7742100358009338
a75a7b1b-c6fa-417f-85fc-59ff8707ebc7,vision_cnn,tanh,5,train_loss_epoch,209,0.7420449256896973
a75a7b1b-c6fa-417f-85fc-59ff8707ebc7,vision_cnn,tanh,5,train_loss_epoch,227,0.7163310647010803
a75a7b1b-c6fa-417f-85fc-59ff8707ebc7,vision_cnn,tanh,5,train_loss_epoch,245,0.6839712262153625
a75a7b1b-c6fa-417f-85fc-59ff8707ebc7,vision_cnn,tanh,5,train_loss_epoch,263,0.6623439192771912
a75a7b1b-c6fa-417f-85fc-59ff8707ebc7,vision_cnn,tanh,5,train_loss_epoch,279,0.646820604801178
a75a7b1b-c6fa-417f-85fc-59ff8707ebc7,vision_cnn,tanh,5,train_loss_epoch,297,0.6343597173690796
a75a7b1b-c6fa-417f-85fc-59ff8707ebc7,vision_cnn,tanh,5,train_loss_epoch,315,0.6198539733886719
a75a7b1b-c6fa-417f-85fc-59ff8707ebc7,vision_cnn,tanh,5,train_loss_epoch,333,0.6117782592773438
a75a7b1b-c6fa-417f-85fc-59ff8707ebc7,vision_cnn,tanh,5,train_loss_epoch,351,0.6108128428459167
c20ccb50-7dda-48a9-bce4-fe92c0fbf9b6,vision_cnn,tanh,1,val_top1,14,0.4052999913692474
c20ccb50-7dda-48a9-bce4-fe92c0fbf9b6,vision_cnn,tanh,1,val_top1,32,0.4731000065803528
c20ccb50-7dda-48a9-bce4-fe92c0fbf9b6,vision_cnn,tanh,1,val_top1,50,0.5541999936103821
c20ccb50-7dda-48a9-bce4-fe92c0fbf9b6,vision_cnn,tanh,1,val_top1,68,0.5770999789237976
c20ccb50-7dda-48a9-bce4-fe92c0fbf9b6,vision_cnn,tanh,1,val_top1,86,0.6100000143051147
c20ccb50-7dda-48a9-bce4-fe92c0fbf9b6,vision_cnn,tanh,1,val_top1,102,0.6144999861717224
c20ccb50-7dda-48a9-bce4-fe92c0fbf9b6,vision_cnn,tanh,1,val_top1,120,0.6502000093460083
c20ccb50-7dda-48a9-bce4-fe92c0fbf9b6,vision_cnn,tanh,1,val_top1,138,0.6753000020980835
c20ccb50-7dda-48a9-bce4-fe92c0fbf9b6,vision_cnn,tanh,1,val_top1,156,0.6758000254631042
c20ccb50-7dda-48a9-bce4-fe92c0fbf9b6,vision_cnn,tanh,1,val_top1,174,0.6940000057220459
c20ccb50-7dda-48a9-bce4-fe92c0fbf9b6,vision_cnn,tanh,1,val_top1,190,0.7221999764442444
c20ccb50-7dda-48a9-bce4-fe92c0fbf9b6,vision_cnn,tanh,1,val_top1,208,0.715399980545044
c20ccb50-7dda-48a9-bce4-fe92c0fbf9b6,vision_cnn,tanh,1,val_top1,226,0.7343000173568726
c20ccb50-7dda-48a9-bce4-fe92c0fbf9b6,vision_cnn,tanh,1,val_top1,244,0.7462000250816345
c20ccb50-7dda-48a9-bce4-fe92c0fbf9b6,vision_cnn,tanh,1,val_top1,262,0.7527999877929688
c20ccb50-7dda-48a9-bce4-fe92c0fbf9b6,vision_cnn,tanh,1,val_top1,278,0.753600001335144
c20ccb50-7dda-48a9-bce4-fe92c0fbf9b6,vision_cnn,tanh,1,val_top1,296,0.7538999915122986
c20ccb50-7dda-48a9-bce4-fe92c0fbf9b6,vision_cnn,tanh,1,val_top1,314,0.7620000243186951
c20ccb50-7dda-48a9-bce4-fe92c0fbf9b6,vision_cnn,tanh,1,val_top1,332,0.7642999887466431
c20ccb50-7dda-48a9-bce4-fe92c0fbf9b6,vision_cnn,tanh,1,val_top1,350,0.7634000182151794
c20ccb50-7dda-48a9-bce4-fe92c0fbf9b6,vision_cnn,tanh,1,train_loss_epoch,15,1.904518842697144
c20ccb50-7dda-48a9-bce4-fe92c0fbf9b6,vision_cnn,tanh,1,train_loss_epoch,33,1.518595576286316
c20ccb50-7dda-48a9-bce4-fe92c0fbf9b6,vision_cnn,tanh,1,train_loss_epoch,51,1.329021453857422
c20ccb50-7dda-48a9-bce4-fe92c0fbf9b6,vision_cnn,tanh,1,train_loss_epoch,69,1.193272590637207
c20ccb50-7dda-48a9-bce4-fe92c0fbf9b6,vision_cnn,tanh,1,train_loss_epoch,87,1.0906751155853271
c20ccb50-7dda-48a9-bce4-fe92c0fbf9b6,vision_cnn,tanh,1,train_loss_epoch,103,1.0239126682281494
c20ccb50-7dda-48a9-bce4-fe92c0fbf9b6,vision_cnn,tanh,1,train_loss_epoch,121,0.9612672328948976
c20ccb50-7dda-48a9-bce4-fe92c0fbf9b6,vision_cnn,tanh,1,train_loss_epoch,139,0.9087659120559692
c20ccb50-7dda-48a9-bce4-fe92c0fbf9b6,vision_cnn,tanh,1,train_loss_epoch,157,0.876804530620575
c20ccb50-7dda-48a9-bce4-fe92c0fbf9b6,vision_cnn,tanh,1,train_loss_epoch,175,0.8311047554016113
c20ccb50-7dda-48a9-bce4-fe92c0fbf9b6,vision_cnn,tanh,1,train_loss_epoch,191,0.7949336171150208
c20ccb50-7dda-48a9-bce4-fe92c0fbf9b6,vision_cnn,tanh,1,train_loss_epoch,209,0.7631376385688782
c20ccb50-7dda-48a9-bce4-fe92c0fbf9b6,vision_cnn,tanh,1,train_loss_epoch,227,0.7338289618492126
c20ccb50-7dda-48a9-bce4-fe92c0fbf9b6,vision_cnn,tanh,1,train_loss_epoch,245,0.7101467847824097
c20ccb50-7dda-48a9-bce4-fe92c0fbf9b6,vision_cnn,tanh,1,train_loss_epoch,263,0.6864854693412781
c20ccb50-7dda-48a9-bce4-fe92c0fbf9b6,vision_cnn,tanh,1,train_loss_epoch,279,0.6664286851882935
c20ccb50-7dda-48a9-bce4-fe92c0fbf9b6,vision_cnn,tanh,1,train_loss_epoch,297,0.653749406337738
c20ccb50-7dda-48a9-bce4-fe92c0fbf9b6,vision_cnn,tanh,1,train_loss_epoch,315,0.6441307067871094
c20ccb50-7dda-48a9-bce4-fe92c0fbf9b6,vision_cnn,tanh,1,train_loss_epoch,333,0.6386154294013977
c20ccb50-7dda-48a9-bce4-fe92c0fbf9b6,vision_cnn,tanh,1,train_loss_epoch,351,0.6366981267929077
c4e13924-5c0d-4d17-8a38-2377d2d7fd45,vision_cnn,tanh,0,val_top1,14,0.3758000135421753
c4e13924-5c0d-4d17-8a38-2377d2d7fd45,vision_cnn,tanh,0,val_top1,32,0.4729000031948089
c4e13924-5c0d-4d17-8a38-2377d2d7fd45,vision_cnn,tanh,0,val_top1,50,0.5590000152587891
c4e13924-5c0d-4d17-8a38-2377d2d7fd45,vision_cnn,tanh,0,val_top1,68,0.6007000207901001
c4e13924-5c0d-4d17-8a38-2377d2d7fd45,vision_cnn,tanh,0,val_top1,86,0.6238999962806702
c4e13924-5c0d-4d17-8a38-2377d2d7fd45,vision_cnn,tanh,0,val_top1,102,0.6538000106811523
c4e13924-5c0d-4d17-8a38-2377d2d7fd45,vision_cnn,tanh,0,val_top1,120,0.6776999831199646
c4e13924-5c0d-4d17-8a38-2377d2d7fd45,vision_cnn,tanh,0,val_top1,138,0.6934999823570251
c4e13924-5c0d-4d17-8a38-2377d2d7fd45,vision_cnn,tanh,0,val_top1,156,0.6787999868392944
c4e13924-5c0d-4d17-8a38-2377d2d7fd45,vision_cnn,tanh,0,val_top1,174,0.6988999843597412
c4e13924-5c0d-4d17-8a38-2377d2d7fd45,vision_cnn,tanh,0,val_top1,190,0.7250000238418579
c4e13924-5c0d-4d17-8a38-2377d2d7fd45,vision_cnn,tanh,0,val_top1,208,0.734000027179718
c4e13924-5c0d-4d17-8a38-2377d2d7fd45,vision_cnn,tanh,0,val_top1,226,0.7405999898910522
c4e13924-5c0d-4d17-8a38-2377d2d7fd45,vision_cnn,tanh,0,val_top1,244,0.7560999989509583
c4e13924-5c0d-4d17-8a38-2377d2d7fd45,vision_cnn,tanh,0,val_top1,262,0.7633000016212463
c4e13924-5c0d-4d17-8a38-2377d2d7fd45,vision_cnn,tanh,0,val_top1,278,0.7688000202178955
c4e13924-5c0d-4d17-8a38-2377d2d7fd45,vision_cnn,tanh,0,val_top1,296,0.7699999809265137
c4e13924-5c0d-4d17-8a38-2377d2d7fd45,vision_cnn,tanh,0,val_top1,314,0.7734000086784363
c4e13924-5c0d-4d17-8a38-2377d2d7fd45,vision_cnn,tanh,0,val_top1,332,0.7757999897003174
c4e13924-5c0d-4d17-8a38-2377d2d7fd45,vision_cnn,tanh,0,val_top1,350,0.7756999731063843
c4e13924-5c0d-4d17-8a38-2377d2d7fd45,vision_cnn,tanh,0,train_loss_epoch,15,1.908495306968689
c4e13924-5c0d-4d17-8a38-2377d2d7fd45,vision_cnn,tanh,0,train_loss_epoch,33,1.565769910812378
c4e13924-5c0d-4d17-8a38-2377d2d7fd45,vision_cnn,tanh,0,train_loss_epoch,51,1.3484721183776855
c4e13924-5c0d-4d17-8a38-2377d2d7fd45,vision_cnn,tanh,0,train_loss_epoch,69,1.1943351030349731
c4e13924-5c0d-4d17-8a38-2377d2d7fd45,vision_cnn,tanh,0,train_loss_epoch,87,1.0879530906677246
c4e13924-5c0d-4d17-8a38-2377d2d7fd45,vision_cnn,tanh,0,train_loss_epoch,103,1.0104469060897827
c4e13924-5c0d-4d17-8a38-2377d2d7fd45,vision_cnn,tanh,0,train_loss_epoch,121,0.9511508941650392
c4e13924-5c0d-4d17-8a38-2377d2d7fd45,vision_cnn,tanh,0,train_loss_epoch,139,0.8949167728424072
c4e13924-5c0d-4d17-8a38-2377d2d7fd45,vision_cnn,tanh,0,train_loss_epoch,157,0.849645733833313
c4e13924-5c0d-4d17-8a38-2377d2d7fd45,vision_cnn,tanh,0,train_loss_epoch,175,0.8040610551834106
c4e13924-5c0d-4d17-8a38-2377d2d7fd45,vision_cnn,tanh,0,train_loss_epoch,191,0.7684176564216614
c4e13924-5c0d-4d17-8a38-2377d2d7fd45,vision_cnn,tanh,0,train_loss_epoch,209,0.7320559024810791
c4e13924-5c0d-4d17-8a38-2377d2d7fd45,vision_cnn,tanh,0,train_loss_epoch,227,0.7016064524650574
c4e13924-5c0d-4d17-8a38-2377d2d7fd45,vision_cnn,tanh,0,train_loss_epoch,245,0.676624059677124
c4e13924-5c0d-4d17-8a38-2377d2d7fd45,vision_cnn,tanh,0,train_loss_epoch,263,0.6482135653495789
c4e13924-5c0d-4d17-8a38-2377d2d7fd45,vision_cnn,tanh,0,train_loss_epoch,279,0.6359623670578003
c4e13924-5c0d-4d17-8a38-2377d2d7fd45,vision_cnn,tanh,0,train_loss_epoch,297,0.6173336505889893
c4e13924-5c0d-4d17-8a38-2377d2d7fd45,vision_cnn,tanh,0,train_loss_epoch,315,0.6102591753005981
c4e13924-5c0d-4d17-8a38-2377d2d7fd45,vision_cnn,tanh,0,train_loss_epoch,333,0.5990278124809265
c4e13924-5c0d-4d17-8a38-2377d2d7fd45,vision_cnn,tanh,0,train_loss_epoch,351,0.5972700715065002
0885d977-7807-43f2-9e46-4489d7039cb0,vision_cnn,tanh,7,val_top1,14,0.3400999903678894
0885d977-7807-43f2-9e46-4489d7039cb0,vision_cnn,tanh,7,val_top1,32,0.4853000044822693
0885d977-7807-43f2-9e46-4489d7039cb0,vision_cnn,tanh,7,val_top1,50,0.5529000163078308
0885d977-7807-43f2-9e46-4489d7039cb0,vision_cnn,tanh,7,val_top1,68,0.5809000134468079
0885d977-7807-43f2-9e46-4489d7039cb0,vision_cnn,tanh,7,val_top1,86,0.6345999836921692
0885d977-7807-43f2-9e46-4489d7039cb0,vision_cnn,tanh,7,val_top1,102,0.6412000060081482
0885d977-7807-43f2-9e46-4489d7039cb0,vision_cnn,tanh,7,val_top1,120,0.6642000079154968
0885d977-7807-43f2-9e46-4489d7039cb0,vision_cnn,tanh,7,val_top1,138,0.682699978351593
0885d977-7807-43f2-9e46-4489d7039cb0,vision_cnn,tanh,7,val_top1,156,0.7056999802589417
0885d977-7807-43f2-9e46-4489d7039cb0,vision_cnn,tanh,7,val_top1,174,0.7221999764442444
0885d977-7807-43f2-9e46-4489d7039cb0,vision_cnn,tanh,7,val_top1,190,0.737500011920929
0885d977-7807-43f2-9e46-4489d7039cb0,vision_cnn,tanh,7,val_top1,208,0.7347999811172485
0885d977-7807-43f2-9e46-4489d7039cb0,vision_cnn,tanh,7,val_top1,226,0.7400000095367432
0885d977-7807-43f2-9e46-4489d7039cb0,vision_cnn,tanh,7,val_top1,244,0.7597000002861023
0885d977-7807-43f2-9e46-4489d7039cb0,vision_cnn,tanh,7,val_top1,262,0.76419997215271
0885d977-7807-43f2-9e46-4489d7039cb0,vision_cnn,tanh,7,val_top1,278,0.7706999778747559
0885d977-7807-43f2-9e46-4489d7039cb0,vision_cnn,tanh,7,val_top1,296,0.7754999995231628
0885d977-7807-43f2-9e46-4489d7039cb0,vision_cnn,tanh,7,val_top1,314,0.7766000032424927
0885d977-7807-43f2-9e46-4489d7039cb0,vision_cnn,tanh,7,val_top1,332,0.7777000069618225
0885d977-7807-43f2-9e46-4489d7039cb0,vision_cnn,tanh,7,val_top1,350,0.7792999744415283
0885d977-7807-43f2-9e46-4489d7039cb0,vision_cnn,tanh,7,train_loss_epoch,15,1.9162509441375728
0885d977-7807-43f2-9e46-4489d7039cb0,vision_cnn,tanh,7,train_loss_epoch,33,1.5581821203231812
0885d977-7807-43f2-9e46-4489d7039cb0,vision_cnn,tanh,7,train_loss_epoch,51,1.3505985736846924
0885d977-7807-43f2-9e46-4489d7039cb0,vision_cnn,tanh,7,train_loss_epoch,69,1.1956748962402344
0885d977-7807-43f2-9e46-4489d7039cb0,vision_cnn,tanh,7,train_loss_epoch,87,1.0824482440948486
0885d977-7807-43f2-9e46-4489d7039cb0,vision_cnn,tanh,7,train_loss_epoch,103,1.006173849105835
0885d977-7807-43f2-9e46-4489d7039cb0,vision_cnn,tanh,7,train_loss_epoch,121,0.9393023252487184
0885d977-7807-43f2-9e46-4489d7039cb0,vision_cnn,tanh,7,train_loss_epoch,139,0.8916158080101013
0885d977-7807-43f2-9e46-4489d7039cb0,vision_cnn,tanh,7,train_loss_epoch,157,0.8430516719818115
0885d977-7807-43f2-9e46-4489d7039cb0,vision_cnn,tanh,7,train_loss_epoch,175,0.8034202456474304
0885d977-7807-43f2-9e46-4489d7039cb0,vision_cnn,tanh,7,train_loss_epoch,191,0.7659830451011658
0885d977-7807-43f2-9e46-4489d7039cb0,vision_cnn,tanh,7,train_loss_epoch,209,0.7320922613143921
0885d977-7807-43f2-9e46-4489d7039cb0,vision_cnn,tanh,7,train_loss_epoch,227,0.7017687559127808
0885d977-7807-43f2-9e46-4489d7039cb0,vision_cnn,tanh,7,train_loss_epoch,245,0.6764121055603027
0885d977-7807-43f2-9e46-4489d7039cb0,vision_cnn,tanh,7,train_loss_epoch,263,0.6553738117218018
0885d977-7807-43f2-9e46-4489d7039cb0,vision_cnn,tanh,7,train_loss_epoch,279,0.6316131353378296
0885d977-7807-43f2-9e46-4489d7039cb0,vision_cnn,tanh,7,train_loss_epoch,297,0.6213186979293823
0885d977-7807-43f2-9e46-4489d7039cb0,vision_cnn,tanh,7,train_loss_epoch,315,0.6112550497055054
0885d977-7807-43f2-9e46-4489d7039cb0,vision_cnn,tanh,7,train_loss_epoch,333,0.6040560007095337
0885d977-7807-43f2-9e46-4489d7039cb0,vision_cnn,tanh,7,train_loss_epoch,351,0.600384533405304
fdd9099a-63d4-4b8f-aafd-0707b5a9463b,vision_cnn,tanh,3,val_top1,14,0.3912000060081482
fdd9099a-63d4-4b8f-aafd-0707b5a9463b,vision_cnn,tanh,3,val_top1,32,0.4747999906539917
fdd9099a-63d4-4b8f-aafd-0707b5a9463b,vision_cnn,tanh,3,val_top1,50,0.5443999767303467
fdd9099a-63d4-4b8f-aafd-0707b5a9463b,vision_cnn,tanh,3,val_top1,68,0.585099995136261
fdd9099a-63d4-4b8f-aafd-0707b5a9463b,vision_cnn,tanh,3,val_top1,86,0.6039999723434448
fdd9099a-63d4-4b8f-aafd-0707b5a9463b,vision_cnn,tanh,3,val_top1,102,0.6452999711036682
fdd9099a-63d4-4b8f-aafd-0707b5a9463b,vision_cnn,tanh,3,val_top1,120,0.6492000222206116
fdd9099a-63d4-4b8f-aafd-0707b5a9463b,vision_cnn,tanh,3,val_top1,138,0.6868000030517578
fdd9099a-63d4-4b8f-aafd-0707b5a9463b,vision_cnn,tanh,3,val_top1,156,0.6854000091552734
fdd9099a-63d4-4b8f-aafd-0707b5a9463b,vision_cnn,tanh,3,val_top1,174,0.7050999999046326
fdd9099a-63d4-4b8f-aafd-0707b5a9463b,vision_cnn,tanh,3,val_top1,190,0.7045999765396118
fdd9099a-63d4-4b8f-aafd-0707b5a9463b,vision_cnn,tanh,3,val_top1,208,0.7289999723434448
fdd9099a-63d4-4b8f-aafd-0707b5a9463b,vision_cnn,tanh,3,val_top1,226,0.741100013256073
fdd9099a-63d4-4b8f-aafd-0707b5a9463b,vision_cnn,tanh,3,val_top1,244,0.7484999895095825
fdd9099a-63d4-4b8f-aafd-0707b5a9463b,vision_cnn,tanh,3,val_top1,262,0.7519000172615051
fdd9099a-63d4-4b8f-aafd-0707b5a9463b,vision_cnn,tanh,3,val_top1,278,0.7578999996185303
fdd9099a-63d4-4b8f-aafd-0707b5a9463b,vision_cnn,tanh,3,val_top1,296,0.7646999955177307
fdd9099a-63d4-4b8f-aafd-0707b5a9463b,vision_cnn,tanh,3,val_top1,314,0.7667999863624573
fdd9099a-63d4-4b8f-aafd-0707b5a9463b,vision_cnn,tanh,3,val_top1,332,0.7685999870300293
fdd9099a-63d4-4b8f-aafd-0707b5a9463b,vision_cnn,tanh,3,val_top1,350,0.7677000164985657
fdd9099a-63d4-4b8f-aafd-0707b5a9463b,vision_cnn,tanh,3,train_loss_epoch,15,1.902652382850647
fdd9099a-63d4-4b8f-aafd-0707b5a9463b,vision_cnn,tanh,3,train_loss_epoch,33,1.5670722723007202
fdd9099a-63d4-4b8f-aafd-0707b5a9463b,vision_cnn,tanh,3,train_loss_epoch,51,1.3623952865600586
fdd9099a-63d4-4b8f-aafd-0707b5a9463b,vision_cnn,tanh,3,train_loss_epoch,69,1.2108546495437622
fdd9099a-63d4-4b8f-aafd-0707b5a9463b,vision_cnn,tanh,3,train_loss_epoch,87,1.1109299659729004
fdd9099a-63d4-4b8f-aafd-0707b5a9463b,vision_cnn,tanh,3,train_loss_epoch,103,1.0384413003921509
fdd9099a-63d4-4b8f-aafd-0707b5a9463b,vision_cnn,tanh,3,train_loss_epoch,121,0.9781669974327089
fdd9099a-63d4-4b8f-aafd-0707b5a9463b,vision_cnn,tanh,3,train_loss_epoch,139,0.9219990968704224
fdd9099a-63d4-4b8f-aafd-0707b5a9463b,vision_cnn,tanh,3,train_loss_epoch,157,0.8777708411216736
fdd9099a-63d4-4b8f-aafd-0707b5a9463b,vision_cnn,tanh,3,train_loss_epoch,175,0.8339221477508545
fdd9099a-63d4-4b8f-aafd-0707b5a9463b,vision_cnn,tanh,3,train_loss_epoch,191,0.7941102385520935
fdd9099a-63d4-4b8f-aafd-0707b5a9463b,vision_cnn,tanh,3,train_loss_epoch,209,0.7587042450904846
fdd9099a-63d4-4b8f-aafd-0707b5a9463b,vision_cnn,tanh,3,train_loss_epoch,227,0.7279459834098816
fdd9099a-63d4-4b8f-aafd-0707b5a9463b,vision_cnn,tanh,3,train_loss_epoch,245,0.707610547542572
fdd9099a-63d4-4b8f-aafd-0707b5a9463b,vision_cnn,tanh,3,train_loss_epoch,263,0.6816545724868774
fdd9099a-63d4-4b8f-aafd-0707b5a9463b,vision_cnn,tanh,3,train_loss_epoch,279,0.6638386845588684
fdd9099a-63d4-4b8f-aafd-0707b5a9463b,vision_cnn,tanh,3,train_loss_epoch,297,0.6469038724899292
fdd9099a-63d4-4b8f-aafd-0707b5a9463b,vision_cnn,tanh,3,train_loss_epoch,315,0.6360858678817749
fdd9099a-63d4-4b8f-aafd-0707b5a9463b,vision_cnn,tanh,3,train_loss_epoch,333,0.6287181377410889
fdd9099a-63d4-4b8f-aafd-0707b5a9463b,vision_cnn,tanh,3,train_loss_epoch,351,0.6274367570877075
af3d3863-d30e-4571-925e-72461ed761ef,vision_cnn,tanh,4,val_top1,14,0.3709000051021576
af3d3863-d30e-4571-925e-72461ed761ef,vision_cnn,tanh,4,val_top1,32,0.4833000004291534
af3d3863-d30e-4571-925e-72461ed761ef,vision_cnn,tanh,4,val_top1,50,0.5446000099182129
af3d3863-d30e-4571-925e-72461ed761ef,vision_cnn,tanh,4,val_top1,68,0.5752000212669373
af3d3863-d30e-4571-925e-72461ed761ef,vision_cnn,tanh,4,val_top1,86,0.6225000023841858
af3d3863-d30e-4571-925e-72461ed761ef,vision_cnn,tanh,4,val_top1,102,0.6424999833106995
af3d3863-d30e-4571-925e-72461ed761ef,vision_cnn,tanh,4,val_top1,120,0.6740000247955322
af3d3863-d30e-4571-925e-72461ed761ef,vision_cnn,tanh,4,val_top1,138,0.6680999994277954
af3d3863-d30e-4571-925e-72461ed761ef,vision_cnn,tanh,4,val_top1,156,0.7006000280380249
af3d3863-d30e-4571-925e-72461ed761ef,vision_cnn,tanh,4,val_top1,174,0.7139000296592712
af3d3863-d30e-4571-925e-72461ed761ef,vision_cnn,tanh,4,val_top1,190,0.7063999772071838
af3d3863-d30e-4571-925e-72461ed761ef,vision_cnn,tanh,4,val_top1,208,0.741599977016449
af3d3863-d30e-4571-925e-72461ed761ef,vision_cnn,tanh,4,val_top1,226,0.7361000180244446
af3d3863-d30e-4571-925e-72461ed761ef,vision_cnn,tanh,4,val_top1,244,0.7595000267028809
af3d3863-d30e-4571-925e-72461ed761ef,vision_cnn,tanh,4,val_top1,262,0.766700029373169
af3d3863-d30e-4571-925e-72461ed761ef,vision_cnn,tanh,4,val_top1,278,0.7718999981880188
af3d3863-d30e-4571-925e-72461ed761ef,vision_cnn,tanh,4,val_top1,296,0.7720999717712402
af3d3863-d30e-4571-925e-72461ed761ef,vision_cnn,tanh,4,val_top1,314,0.7777000069618225
af3d3863-d30e-4571-925e-72461ed761ef,vision_cnn,tanh,4,val_top1,332,0.7797999978065491
af3d3863-d30e-4571-925e-72461ed761ef,vision_cnn,tanh,4,val_top1,350,0.7803999781608582
af3d3863-d30e-4571-925e-72461ed761ef,vision_cnn,tanh,4,train_loss_epoch,15,1.9116034507751465
af3d3863-d30e-4571-925e-72461ed761ef,vision_cnn,tanh,4,train_loss_epoch,33,1.563524603843689
af3d3863-d30e-4571-925e-72461ed761ef,vision_cnn,tanh,4,train_loss_epoch,51,1.3633644580841064
af3d3863-d30e-4571-925e-72461ed761ef,vision_cnn,tanh,4,train_loss_epoch,69,1.2116703987121582
af3d3863-d30e-4571-925e-72461ed761ef,vision_cnn,tanh,4,train_loss_epoch,87,1.0995148420333862
af3d3863-d30e-4571-925e-72461ed761ef,vision_cnn,tanh,4,train_loss_epoch,103,1.0202471017837524
af3d3863-d30e-4571-925e-72461ed761ef,vision_cnn,tanh,4,train_loss_epoch,121,0.9506580233573914
af3d3863-d30e-4571-925e-72461ed761ef,vision_cnn,tanh,4,train_loss_epoch,139,0.892173707485199
af3d3863-d30e-4571-925e-72461ed761ef,vision_cnn,tanh,4,train_loss_epoch,157,0.8394765257835388
af3d3863-d30e-4571-925e-72461ed761ef,vision_cnn,tanh,4,train_loss_epoch,175,0.7983015775680542
af3d3863-d30e-4571-925e-72461ed761ef,vision_cnn,tanh,4,train_loss_epoch,191,0.7574408054351807
af3d3863-d30e-4571-925e-72461ed761ef,vision_cnn,tanh,4,train_loss_epoch,209,0.7234166264533997
af3d3863-d30e-4571-925e-72461ed761ef,vision_cnn,tanh,4,train_loss_epoch,227,0.6865952014923096
af3d3863-d30e-4571-925e-72461ed761ef,vision_cnn,tanh,4,train_loss_epoch,245,0.6704346537590027
af3d3863-d30e-4571-925e-72461ed761ef,vision_cnn,tanh,4,train_loss_epoch,263,0.6428158283233643
af3d3863-d30e-4571-925e-72461ed761ef,vision_cnn,tanh,4,train_loss_epoch,279,0.6217272877693176
af3d3863-d30e-4571-925e-72461ed761ef,vision_cnn,tanh,4,train_loss_epoch,297,0.6075940728187561
af3d3863-d30e-4571-925e-72461ed761ef,vision_cnn,tanh,4,train_loss_epoch,315,0.6009930372238159
af3d3863-d30e-4571-925e-72461ed761ef,vision_cnn,tanh,4,train_loss_epoch,333,0.5887271761894226
af3d3863-d30e-4571-925e-72461ed761ef,vision_cnn,tanh,4,train_loss_epoch,351,0.5901307463645935
0841e331-afa5-4685-b4ec-0f5b2a94e4b3,vision_cnn,tanh,6,val_top1,14,0.4169000089168548
0841e331-afa5-4685-b4ec-0f5b2a94e4b3,vision_cnn,tanh,6,val_top1,32,0.4891000092029571
0841e331-afa5-4685-b4ec-0f5b2a94e4b3,vision_cnn,tanh,6,val_top1,50,0.5598999857902527
0841e331-afa5-4685-b4ec-0f5b2a94e4b3,vision_cnn,tanh,6,val_top1,68,0.6014000177383423
0841e331-afa5-4685-b4ec-0f5b2a94e4b3,vision_cnn,tanh,6,val_top1,86,0.633899986743927
0841e331-afa5-4685-b4ec-0f5b2a94e4b3,vision_cnn,tanh,6,val_top1,102,0.645799994468689
0841e331-afa5-4685-b4ec-0f5b2a94e4b3,vision_cnn,tanh,6,val_top1,120,0.6625999808311462
0841e331-afa5-4685-b4ec-0f5b2a94e4b3,vision_cnn,tanh,6,val_top1,138,0.6753000020980835
0841e331-afa5-4685-b4ec-0f5b2a94e4b3,vision_cnn,tanh,6,val_top1,156,0.7013000249862671
0841e331-afa5-4685-b4ec-0f5b2a94e4b3,vision_cnn,tanh,6,val_top1,174,0.7009000182151794
0841e331-afa5-4685-b4ec-0f5b2a94e4b3,vision_cnn,tanh,6,val_top1,190,0.7285000085830688
0841e331-afa5-4685-b4ec-0f5b2a94e4b3,vision_cnn,tanh,6,val_top1,208,0.7300999760627747
0841e331-afa5-4685-b4ec-0f5b2a94e4b3,vision_cnn,tanh,6,val_top1,226,0.729200005531311
0841e331-afa5-4685-b4ec-0f5b2a94e4b3,vision_cnn,tanh,6,val_top1,244,0.7513999938964844
0841e331-afa5-4685-b4ec-0f5b2a94e4b3,vision_cnn,tanh,6,val_top1,262,0.7569000124931335
0841e331-afa5-4685-b4ec-0f5b2a94e4b3,vision_cnn,tanh,6,val_top1,278,0.76419997215271
0841e331-afa5-4685-b4ec-0f5b2a94e4b3,vision_cnn,tanh,6,val_top1,296,0.7671999931335449
0841e331-afa5-4685-b4ec-0f5b2a94e4b3,vision_cnn,tanh,6,val_top1,314,0.7706000208854675
0841e331-afa5-4685-b4ec-0f5b2a94e4b3,vision_cnn,tanh,6,val_top1,332,0.7699000239372253
0841e331-afa5-4685-b4ec-0f5b2a94e4b3,vision_cnn,tanh,6,val_top1,350,0.7703999876976013
0841e331-afa5-4685-b4ec-0f5b2a94e4b3,vision_cnn,tanh,6,train_loss_epoch,15,1.929862141609192
0841e331-afa5-4685-b4ec-0f5b2a94e4b3,vision_cnn,tanh,6,train_loss_epoch,33,1.5639554262161257
0841e331-afa5-4685-b4ec-0f5b2a94e4b3,vision_cnn,tanh,6,train_loss_epoch,51,1.3334131240844729
0841e331-afa5-4685-b4ec-0f5b2a94e4b3,vision_cnn,tanh,6,train_loss_epoch,69,1.1849287748336792
0841e331-afa5-4685-b4ec-0f5b2a94e4b3,vision_cnn,tanh,6,train_loss_epoch,87,1.0818272829055786
0841e331-afa5-4685-b4ec-0f5b2a94e4b3,vision_cnn,tanh,6,train_loss_epoch,103,1.0006109476089478
0841e331-afa5-4685-b4ec-0f5b2a94e4b3,vision_cnn,tanh,6,train_loss_epoch,121,0.9443054795265198
0841e331-afa5-4685-b4ec-0f5b2a94e4b3,vision_cnn,tanh,6,train_loss_epoch,139,0.8879485130310059
0841e331-afa5-4685-b4ec-0f5b2a94e4b3,vision_cnn,tanh,6,train_loss_epoch,157,0.8468957543373108
0841e331-afa5-4685-b4ec-0f5b2a94e4b3,vision_cnn,tanh,6,train_loss_epoch,175,0.8041278719902039
0841e331-afa5-4685-b4ec-0f5b2a94e4b3,vision_cnn,tanh,6,train_loss_epoch,191,0.7648007273674011
0841e331-afa5-4685-b4ec-0f5b2a94e4b3,vision_cnn,tanh,6,train_loss_epoch,209,0.7352451682090759
0841e331-afa5-4685-b4ec-0f5b2a94e4b3,vision_cnn,tanh,6,train_loss_epoch,227,0.7040228247642517
0841e331-afa5-4685-b4ec-0f5b2a94e4b3,vision_cnn,tanh,6,train_loss_epoch,245,0.6799711585044861
0841e331-afa5-4685-b4ec-0f5b2a94e4b3,vision_cnn,tanh,6,train_loss_epoch,263,0.6613671779632568
0841e331-afa5-4685-b4ec-0f5b2a94e4b3,vision_cnn,tanh,6,train_loss_epoch,279,0.6371209025382996
0841e331-afa5-4685-b4ec-0f5b2a94e4b3,vision_cnn,tanh,6,train_loss_epoch,297,0.6264254450798035
0841e331-afa5-4685-b4ec-0f5b2a94e4b3,vision_cnn,tanh,6,train_loss_epoch,315,0.6142809391021729
0841e331-afa5-4685-b4ec-0f5b2a94e4b3,vision_cnn,tanh,6,train_loss_epoch,333,0.6054443717002869
0841e331-afa5-4685-b4ec-0f5b2a94e4b3,vision_cnn,tanh,6,train_loss_epoch,351,0.6033708453178406
38c8666a-e159-4958-aad8-6cff2bf6c760,vision_cnn,tanh,2,val_top1,14,0.3206999897956848
38c8666a-e159-4958-aad8-6cff2bf6c760,vision_cnn,tanh,2,val_top1,32,0.4589000046253204
38c8666a-e159-4958-aad8-6cff2bf6c760,vision_cnn,tanh,2,val_top1,50,0.5181999802589417
38c8666a-e159-4958-aad8-6cff2bf6c760,vision_cnn,tanh,2,val_top1,68,0.5819000005722046
38c8666a-e159-4958-aad8-6cff2bf6c760,vision_cnn,tanh,2,val_top1,86,0.6000999808311462
38c8666a-e159-4958-aad8-6cff2bf6c760,vision_cnn,tanh,2,val_top1,102,0.6407999992370605
38c8666a-e159-4958-aad8-6cff2bf6c760,vision_cnn,tanh,2,val_top1,120,0.6606000065803528
38c8666a-e159-4958-aad8-6cff2bf6c760,vision_cnn,tanh,2,val_top1,138,0.6685000061988831
38c8666a-e159-4958-aad8-6cff2bf6c760,vision_cnn,tanh,2,val_top1,156,0.7031000256538391
38c8666a-e159-4958-aad8-6cff2bf6c760,vision_cnn,tanh,2,val_top1,174,0.7182999849319458
38c8666a-e159-4958-aad8-6cff2bf6c760,vision_cnn,tanh,2,val_top1,190,0.7226999998092651
38c8666a-e159-4958-aad8-6cff2bf6c760,vision_cnn,tanh,2,val_top1,208,0.7447999715805054
38c8666a-e159-4958-aad8-6cff2bf6c760,vision_cnn,tanh,2,val_top1,226,0.7436000108718872
38c8666a-e159-4958-aad8-6cff2bf6c760,vision_cnn,tanh,2,val_top1,244,0.7547000050544739
38c8666a-e159-4958-aad8-6cff2bf6c760,vision_cnn,tanh,2,val_top1,262,0.7588000297546387
38c8666a-e159-4958-aad8-6cff2bf6c760,vision_cnn,tanh,2,val_top1,278,0.7634999752044678
38c8666a-e159-4958-aad8-6cff2bf6c760,vision_cnn,tanh,2,val_top1,296,0.7694000005722046
38c8666a-e159-4958-aad8-6cff2bf6c760,vision_cnn,tanh,2,val_top1,314,0.7709000110626221
38c8666a-e159-4958-aad8-6cff2bf6c760,vision_cnn,tanh,2,val_top1,332,0.7710000276565552
38c8666a-e159-4958-aad8-6cff2bf6c760,vision_cnn,tanh,2,val_top1,350,0.7714999914169312
38c8666a-e159-4958-aad8-6cff2bf6c760,vision_cnn,tanh,2,train_loss_epoch,15,1.9189631938934328
38c8666a-e159-4958-aad8-6cff2bf6c760,vision_cnn,tanh,2,train_loss_epoch,33,1.5741318464279177
38c8666a-e159-4958-aad8-6cff2bf6c760,vision_cnn,tanh,2,train_loss_epoch,51,1.3569096326828003
38c8666a-e159-4958-aad8-6cff2bf6c760,vision_cnn,tanh,2,train_loss_epoch,69,1.2019490003585815
38c8666a-e159-4958-aad8-6cff2bf6c760,vision_cnn,tanh,2,train_loss_epoch,87,1.09923255443573
38c8666a-e159-4958-aad8-6cff2bf6c760,vision_cnn,tanh,2,train_loss_epoch,103,1.0173287391662598
38c8666a-e159-4958-aad8-6cff2bf6c760,vision_cnn,tanh,2,train_loss_epoch,121,0.9527928233146667
38c8666a-e159-4958-aad8-6cff2bf6c760,vision_cnn,tanh,2,train_loss_epoch,139,0.90119606256485
38c8666a-e159-4958-aad8-6cff2bf6c760,vision_cnn,tanh,2,train_loss_epoch,157,0.8483362197875977
38c8666a-e159-4958-aad8-6cff2bf6c760,vision_cnn,tanh,2,train_loss_epoch,175,0.8084179759025574
38c8666a-e159-4958-aad8-6cff2bf6c760,vision_cnn,tanh,2,train_loss_epoch,191,0.7706248164176941
38c8666a-e159-4958-aad8-6cff2bf6c760,vision_cnn,tanh,2,train_loss_epoch,209,0.7346814870834351
38c8666a-e159-4958-aad8-6cff2bf6c760,vision_cnn,tanh,2,train_loss_epoch,227,0.7030319571495056
38c8666a-e159-4958-aad8-6cff2bf6c760,vision_cnn,tanh,2,train_loss_epoch,245,0.6779534816741943
38c8666a-e159-4958-aad8-6cff2bf6c760,vision_cnn,tanh,2,train_loss_epoch,263,0.6552708745002747
38c8666a-e159-4958-aad8-6cff2bf6c760,vision_cnn,tanh,2,train_loss_epoch,279,0.6367982029914856
38c8666a-e159-4958-aad8-6cff2bf6c760,vision_cnn,tanh,2,train_loss_epoch,297,0.6221719980239868
38c8666a-e159-4958-aad8-6cff2bf6c760,vision_cnn,tanh,2,train_loss_epoch,315,0.6105877161026001
38c8666a-e159-4958-aad8-6cff2bf6c760,vision_cnn,tanh,2,train_loss_epoch,333,0.6029357314109802
38c8666a-e159-4958-aad8-6cff2bf6c760,vision_cnn,tanh,2,train_loss_epoch,351,0.5995647311210632
addef0c5-02c3-4dfe-a1d4-69d2383bca20,vision_cnn,gelu,2,val_top1,14,0.4366999864578247
addef0c5-02c3-4dfe-a1d4-69d2383bca20,vision_cnn,gelu,2,val_top1,32,0.5741000175476074
addef0c5-02c3-4dfe-a1d4-69d2383bca20,vision_cnn,gelu,2,val_top1,50,0.6330999732017517
addef0c5-02c3-4dfe-a1d4-69d2383bca20,vision_cnn,gelu,2,val_top1,68,0.7045999765396118
addef0c5-02c3-4dfe-a1d4-69d2383bca20,vision_cnn,gelu,2,val_top1,86,0.7340999841690063
addef0c5-02c3-4dfe-a1d4-69d2383bca20,vision_cnn,gelu,2,val_top1,102,0.7522000074386597
addef0c5-02c3-4dfe-a1d4-69d2383bca20,vision_cnn,gelu,2,val_top1,120,0.7851999998092651
addef0c5-02c3-4dfe-a1d4-69d2383bca20,vision_cnn,gelu,2,val_top1,138,0.7842000126838684
addef0c5-02c3-4dfe-a1d4-69d2383bca20,vision_cnn,gelu,2,val_top1,156,0.8126000165939331
addef0c5-02c3-4dfe-a1d4-69d2383bca20,vision_cnn,gelu,2,val_top1,174,0.8166999816894531
addef0c5-02c3-4dfe-a1d4-69d2383bca20,vision_cnn,gelu,2,val_top1,190,0.821399986743927
addef0c5-02c3-4dfe-a1d4-69d2383bca20,vision_cnn,gelu,2,val_top1,208,0.8349000215530396
addef0c5-02c3-4dfe-a1d4-69d2383bca20,vision_cnn,gelu,2,val_top1,226,0.840499997138977
addef0c5-02c3-4dfe-a1d4-69d2383bca20,vision_cnn,gelu,2,val_top1,244,0.8435999751091003
addef0c5-02c3-4dfe-a1d4-69d2383bca20,vision_cnn,gelu,2,val_top1,262,0.845300018787384
addef0c5-02c3-4dfe-a1d4-69d2383bca20,vision_cnn,gelu,2,val_top1,278,0.850600004196167
addef0c5-02c3-4dfe-a1d4-69d2383bca20,vision_cnn,gelu,2,val_top1,296,0.8525999784469604
addef0c5-02c3-4dfe-a1d4-69d2383bca20,vision_cnn,gelu,2,val_top1,314,0.8536999821662903
addef0c5-02c3-4dfe-a1d4-69d2383bca20,vision_cnn,gelu,2,val_top1,332,0.8551999926567078
addef0c5-02c3-4dfe-a1d4-69d2383bca20,vision_cnn,gelu,2,val_top1,350,0.8531000018119812
addef0c5-02c3-4dfe-a1d4-69d2383bca20,vision_cnn,gelu,2,train_loss_epoch,15,1.924046754837036
addef0c5-02c3-4dfe-a1d4-69d2383bca20,vision_cnn,gelu,2,train_loss_epoch,33,1.2918976545333862
addef0c5-02c3-4dfe-a1d4-69d2383bca20,vision_cnn,gelu,2,train_loss_epoch,51,1.020785212516785
addef0c5-02c3-4dfe-a1d4-69d2383bca20,vision_cnn,gelu,2,train_loss_epoch,69,0.858710527420044
addef0c5-02c3-4dfe-a1d4-69d2383bca20,vision_cnn,gelu,2,train_loss_epoch,87,0.7468514442443848
addef0c5-02c3-4dfe-a1d4-69d2383bca20,vision_cnn,gelu,2,train_loss_epoch,103,0.6620554327964783
addef0c5-02c3-4dfe-a1d4-69d2383bca20,vision_cnn,gelu,2,train_loss_epoch,121,0.6063235998153687
addef0c5-02c3-4dfe-a1d4-69d2383bca20,vision_cnn,gelu,2,train_loss_epoch,139,0.5614802241325378
addef0c5-02c3-4dfe-a1d4-69d2383bca20,vision_cnn,gelu,2,train_loss_epoch,157,0.5225245356559753
addef0c5-02c3-4dfe-a1d4-69d2383bca20,vision_cnn,gelu,2,train_loss_epoch,175,0.4909769594669342
addef0c5-02c3-4dfe-a1d4-69d2383bca20,vision_cnn,gelu,2,train_loss_epoch,191,0.4597228467464447
addef0c5-02c3-4dfe-a1d4-69d2383bca20,vision_cnn,gelu,2,train_loss_epoch,209,0.4335081875324249
addef0c5-02c3-4dfe-a1d4-69d2383bca20,vision_cnn,gelu,2,train_loss_epoch,227,0.4050118327140808
addef0c5-02c3-4dfe-a1d4-69d2383bca20,vision_cnn,gelu,2,train_loss_epoch,245,0.3846472203731537
addef0c5-02c3-4dfe-a1d4-69d2383bca20,vision_cnn,gelu,2,train_loss_epoch,263,0.3659768104553222
addef0c5-02c3-4dfe-a1d4-69d2383bca20,vision_cnn,gelu,2,train_loss_epoch,279,0.3481195569038391
addef0c5-02c3-4dfe-a1d4-69d2383bca20,vision_cnn,gelu,2,train_loss_epoch,297,0.3377023637294769
addef0c5-02c3-4dfe-a1d4-69d2383bca20,vision_cnn,gelu,2,train_loss_epoch,315,0.3306418657302856
addef0c5-02c3-4dfe-a1d4-69d2383bca20,vision_cnn,gelu,2,train_loss_epoch,333,0.3244712650775909
addef0c5-02c3-4dfe-a1d4-69d2383bca20,vision_cnn,gelu,2,train_loss_epoch,351,0.3192796409130096
52b81a9a-75ca-4688-8252-a171fb1aed4d,vision_cnn,gelu,6,val_top1,14,0.4426000118255615
52b81a9a-75ca-4688-8252-a171fb1aed4d,vision_cnn,gelu,6,val_top1,32,0.5827000141143799
52b81a9a-75ca-4688-8252-a171fb1aed4d,vision_cnn,gelu,6,val_top1,50,0.6685000061988831
52b81a9a-75ca-4688-8252-a171fb1aed4d,vision_cnn,gelu,6,val_top1,68,0.7038000226020813
52b81a9a-75ca-4688-8252-a171fb1aed4d,vision_cnn,gelu,6,val_top1,86,0.7214000225067139
52b81a9a-75ca-4688-8252-a171fb1aed4d,vision_cnn,gelu,6,val_top1,102,0.7537999749183655
52b81a9a-75ca-4688-8252-a171fb1aed4d,vision_cnn,gelu,6,val_top1,120,0.7864999771118164
52b81a9a-75ca-4688-8252-a171fb1aed4d,vision_cnn,gelu,6,val_top1,138,0.7918999791145325
52b81a9a-75ca-4688-8252-a171fb1aed4d,vision_cnn,gelu,6,val_top1,156,0.8133000135421753
52b81a9a-75ca-4688-8252-a171fb1aed4d,vision_cnn,gelu,6,val_top1,174,0.8154000043869019
52b81a9a-75ca-4688-8252-a171fb1aed4d,vision_cnn,gelu,6,val_top1,190,0.8202000260353088
52b81a9a-75ca-4688-8252-a171fb1aed4d,vision_cnn,gelu,6,val_top1,208,0.8349999785423279
52b81a9a-75ca-4688-8252-a171fb1aed4d,vision_cnn,gelu,6,val_top1,226,0.838100016117096
52b81a9a-75ca-4688-8252-a171fb1aed4d,vision_cnn,gelu,6,val_top1,244,0.8428999781608582
52b81a9a-75ca-4688-8252-a171fb1aed4d,vision_cnn,gelu,6,val_top1,262,0.8503999710083008
52b81a9a-75ca-4688-8252-a171fb1aed4d,vision_cnn,gelu,6,val_top1,278,0.847599983215332
52b81a9a-75ca-4688-8252-a171fb1aed4d,vision_cnn,gelu,6,val_top1,296,0.8525999784469604
52b81a9a-75ca-4688-8252-a171fb1aed4d,vision_cnn,gelu,6,val_top1,314,0.8525999784469604
52b81a9a-75ca-4688-8252-a171fb1aed4d,vision_cnn,gelu,6,val_top1,332,0.8519999980926514
52b81a9a-75ca-4688-8252-a171fb1aed4d,vision_cnn,gelu,6,val_top1,350,0.8521999716758728
52b81a9a-75ca-4688-8252-a171fb1aed4d,vision_cnn,gelu,6,train_loss_epoch,15,1.7825968265533447
52b81a9a-75ca-4688-8252-a171fb1aed4d,vision_cnn,gelu,6,train_loss_epoch,33,1.286083698272705
52b81a9a-75ca-4688-8252-a171fb1aed4d,vision_cnn,gelu,6,train_loss_epoch,51,1.018256425857544
52b81a9a-75ca-4688-8252-a171fb1aed4d,vision_cnn,gelu,6,train_loss_epoch,69,0.8494467735290527
52b81a9a-75ca-4688-8252-a171fb1aed4d,vision_cnn,gelu,6,train_loss_epoch,87,0.7352359890937805
52b81a9a-75ca-4688-8252-a171fb1aed4d,vision_cnn,gelu,6,train_loss_epoch,103,0.6569374203681946
52b81a9a-75ca-4688-8252-a171fb1aed4d,vision_cnn,gelu,6,train_loss_epoch,121,0.606329083442688
52b81a9a-75ca-4688-8252-a171fb1aed4d,vision_cnn,gelu,6,train_loss_epoch,139,0.5556924939155579
52b81a9a-75ca-4688-8252-a171fb1aed4d,vision_cnn,gelu,6,train_loss_epoch,157,0.5159984827041626
52b81a9a-75ca-4688-8252-a171fb1aed4d,vision_cnn,gelu,6,train_loss_epoch,175,0.4807188510894775
52b81a9a-75ca-4688-8252-a171fb1aed4d,vision_cnn,gelu,6,train_loss_epoch,191,0.4517692327499389
52b81a9a-75ca-4688-8252-a171fb1aed4d,vision_cnn,gelu,6,train_loss_epoch,209,0.42786306142807
52b81a9a-75ca-4688-8252-a171fb1aed4d,vision_cnn,gelu,6,train_loss_epoch,227,0.4010419845581054
52b81a9a-75ca-4688-8252-a171fb1aed4d,vision_cnn,gelu,6,train_loss_epoch,245,0.3809297680854797
52b81a9a-75ca-4688-8252-a171fb1aed4d,vision_cnn,gelu,6,train_loss_epoch,263,0.3643775880336761
52b81a9a-75ca-4688-8252-a171fb1aed4d,vision_cnn,gelu,6,train_loss_epoch,279,0.3448725640773773
52b81a9a-75ca-4688-8252-a171fb1aed4d,vision_cnn,gelu,6,train_loss_epoch,297,0.3358794450759887
52b81a9a-75ca-4688-8252-a171fb1aed4d,vision_cnn,gelu,6,train_loss_epoch,315,0.3290389478206634
52b81a9a-75ca-4688-8252-a171fb1aed4d,vision_cnn,gelu,6,train_loss_epoch,333,0.3214976489543915
52b81a9a-75ca-4688-8252-a171fb1aed4d,vision_cnn,gelu,6,train_loss_epoch,351,0.3187530636787414
7c71b666-72f7-42f4-a3bc-837c04c6616d,vision_cnn,gelu,5,val_top1,14,0.4749000072479248
7c71b666-72f7-42f4-a3bc-837c04c6616d,vision_cnn,gelu,5,val_top1,32,0.5684999823570251
7c71b666-72f7-42f4-a3bc-837c04c6616d,vision_cnn,gelu,5,val_top1,50,0.6567000150680542
7c71b666-72f7-42f4-a3bc-837c04c6616d,vision_cnn,gelu,5,val_top1,68,0.6998000144958496
7c71b666-72f7-42f4-a3bc-837c04c6616d,vision_cnn,gelu,5,val_top1,86,0.7235999703407288
7c71b666-72f7-42f4-a3bc-837c04c6616d,vision_cnn,gelu,5,val_top1,102,0.760200023651123
7c71b666-72f7-42f4-a3bc-837c04c6616d,vision_cnn,gelu,5,val_top1,120,0.7731999754905701
7c71b666-72f7-42f4-a3bc-837c04c6616d,vision_cnn,gelu,5,val_top1,138,0.7825999855995178
7c71b666-72f7-42f4-a3bc-837c04c6616d,vision_cnn,gelu,5,val_top1,156,0.7975999712944031
7c71b666-72f7-42f4-a3bc-837c04c6616d,vision_cnn,gelu,5,val_top1,174,0.8098000288009644
7c71b666-72f7-42f4-a3bc-837c04c6616d,vision_cnn,gelu,5,val_top1,190,0.8241000175476074
7c71b666-72f7-42f4-a3bc-837c04c6616d,vision_cnn,gelu,5,val_top1,208,0.8302000164985657
7c71b666-72f7-42f4-a3bc-837c04c6616d,vision_cnn,gelu,5,val_top1,226,0.8389999866485596
7c71b666-72f7-42f4-a3bc-837c04c6616d,vision_cnn,gelu,5,val_top1,244,0.8389999866485596
7c71b666-72f7-42f4-a3bc-837c04c6616d,vision_cnn,gelu,5,val_top1,262,0.8424000144004822
7c71b666-72f7-42f4-a3bc-837c04c6616d,vision_cnn,gelu,5,val_top1,278,0.8445000052452087
7c71b666-72f7-42f4-a3bc-837c04c6616d,vision_cnn,gelu,5,val_top1,296,0.8495000004768372
7c71b666-72f7-42f4-a3bc-837c04c6616d,vision_cnn,gelu,5,val_top1,314,0.8485000133514404
7c71b666-72f7-42f4-a3bc-837c04c6616d,vision_cnn,gelu,5,val_top1,332,0.8479999899864197
7c71b666-72f7-42f4-a3bc-837c04c6616d,vision_cnn,gelu,5,val_top1,350,0.8485000133514404
7c71b666-72f7-42f4-a3bc-837c04c6616d,vision_cnn,gelu,5,train_loss_epoch,15,1.822739839553833
7c71b666-72f7-42f4-a3bc-837c04c6616d,vision_cnn,gelu,5,train_loss_epoch,33,1.2484573125839231
7c71b666-72f7-42f4-a3bc-837c04c6616d,vision_cnn,gelu,5,train_loss_epoch,51,0.9896922707557678
7c71b666-72f7-42f4-a3bc-837c04c6616d,vision_cnn,gelu,5,train_loss_epoch,69,0.8320441842079163
7c71b666-72f7-42f4-a3bc-837c04c6616d,vision_cnn,gelu,5,train_loss_epoch,87,0.7366459965705872
7c71b666-72f7-42f4-a3bc-837c04c6616d,vision_cnn,gelu,5,train_loss_epoch,103,0.6622799634933472
7c71b666-72f7-42f4-a3bc-837c04c6616d,vision_cnn,gelu,5,train_loss_epoch,121,0.6034657955169678
7c71b666-72f7-42f4-a3bc-837c04c6616d,vision_cnn,gelu,5,train_loss_epoch,139,0.5578393340110779
7c71b666-72f7-42f4-a3bc-837c04c6616d,vision_cnn,gelu,5,train_loss_epoch,157,0.5171712040901184
7c71b666-72f7-42f4-a3bc-837c04c6616d,vision_cnn,gelu,5,train_loss_epoch,175,0.4864387810230255
7c71b666-72f7-42f4-a3bc-837c04c6616d,vision_cnn,gelu,5,train_loss_epoch,191,0.4588213860988617
7c71b666-72f7-42f4-a3bc-837c04c6616d,vision_cnn,gelu,5,train_loss_epoch,209,0.4265759587287903
7c71b666-72f7-42f4-a3bc-837c04c6616d,vision_cnn,gelu,5,train_loss_epoch,227,0.4023957848548889
7c71b666-72f7-42f4-a3bc-837c04c6616d,vision_cnn,gelu,5,train_loss_epoch,245,0.3852074742317199
7c71b666-72f7-42f4-a3bc-837c04c6616d,vision_cnn,gelu,5,train_loss_epoch,263,0.3664392828941345
7c71b666-72f7-42f4-a3bc-837c04c6616d,vision_cnn,gelu,5,train_loss_epoch,279,0.3496105968952179
7c71b666-72f7-42f4-a3bc-837c04c6616d,vision_cnn,gelu,5,train_loss_epoch,297,0.3427419066429138
7c71b666-72f7-42f4-a3bc-837c04c6616d,vision_cnn,gelu,5,train_loss_epoch,315,0.3296198546886444
7c71b666-72f7-42f4-a3bc-837c04c6616d,vision_cnn,gelu,5,train_loss_epoch,333,0.3243815004825592
7c71b666-72f7-42f4-a3bc-837c04c6616d,vision_cnn,gelu,5,train_loss_epoch,351,0.323304682970047
77b7baf3-398a-4c98-8024-39ea961b4149,vision_cnn,gelu,4,val_top1,14,0.4232000112533569
77b7baf3-398a-4c98-8024-39ea961b4149,vision_cnn,gelu,4,val_top1,32,0.5827999711036682
77b7baf3-398a-4c98-8024-39ea961b4149,vision_cnn,gelu,4,val_top1,50,0.6571000218391418
77b7baf3-398a-4c98-8024-39ea961b4149,vision_cnn,gelu,4,val_top1,68,0.6765999794006348
77b7baf3-398a-4c98-8024-39ea961b4149,vision_cnn,gelu,4,val_top1,86,0.7372000217437744
77b7baf3-398a-4c98-8024-39ea961b4149,vision_cnn,gelu,4,val_top1,102,0.7574999928474426
77b7baf3-398a-4c98-8024-39ea961b4149,vision_cnn,gelu,4,val_top1,120,0.7560999989509583
77b7baf3-398a-4c98-8024-39ea961b4149,vision_cnn,gelu,4,val_top1,138,0.7857999801635742
77b7baf3-398a-4c98-8024-39ea961b4149,vision_cnn,gelu,4,val_top1,156,0.7973999977111816
77b7baf3-398a-4c98-8024-39ea961b4149,vision_cnn,gelu,4,val_top1,174,0.808899998664856
77b7baf3-398a-4c98-8024-39ea961b4149,vision_cnn,gelu,4,val_top1,190,0.8281999826431274
77b7baf3-398a-4c98-8024-39ea961b4149,vision_cnn,gelu,4,val_top1,208,0.8270999789237976
77b7baf3-398a-4c98-8024-39ea961b4149,vision_cnn,gelu,4,val_top1,226,0.833299994468689
77b7baf3-398a-4c98-8024-39ea961b4149,vision_cnn,gelu,4,val_top1,244,0.84170001745224
77b7baf3-398a-4c98-8024-39ea961b4149,vision_cnn,gelu,4,val_top1,262,0.8424999713897705
77b7baf3-398a-4c98-8024-39ea961b4149,vision_cnn,gelu,4,val_top1,278,0.848800003528595
77b7baf3-398a-4c98-8024-39ea961b4149,vision_cnn,gelu,4,val_top1,296,0.8485000133514404
77b7baf3-398a-4c98-8024-39ea961b4149,vision_cnn,gelu,4,val_top1,314,0.8519999980926514
77b7baf3-398a-4c98-8024-39ea961b4149,vision_cnn,gelu,4,val_top1,332,0.850600004196167
77b7baf3-398a-4c98-8024-39ea961b4149,vision_cnn,gelu,4,val_top1,350,0.8515999913215637
77b7baf3-398a-4c98-8024-39ea961b4149,vision_cnn,gelu,4,train_loss_epoch,15,1.9330580234527588
77b7baf3-398a-4c98-8024-39ea961b4149,vision_cnn,gelu,4,train_loss_epoch,33,1.3312021493911743
77b7baf3-398a-4c98-8024-39ea961b4149,vision_cnn,gelu,4,train_loss_epoch,51,1.055187702178955
77b7baf3-398a-4c98-8024-39ea961b4149,vision_cnn,gelu,4,train_loss_epoch,69,0.8879754543304443
77b7baf3-398a-4c98-8024-39ea961b4149,vision_cnn,gelu,4,train_loss_epoch,87,0.7719671726226807
77b7baf3-398a-4c98-8024-39ea961b4149,vision_cnn,gelu,4,train_loss_epoch,103,0.6847984194755554
77b7baf3-398a-4c98-8024-39ea961b4149,vision_cnn,gelu,4,train_loss_epoch,121,0.620368242263794
77b7baf3-398a-4c98-8024-39ea961b4149,vision_cnn,gelu,4,train_loss_epoch,139,0.5706768035888672
77b7baf3-398a-4c98-8024-39ea961b4149,vision_cnn,gelu,4,train_loss_epoch,157,0.5307255387306213
77b7baf3-398a-4c98-8024-39ea961b4149,vision_cnn,gelu,4,train_loss_epoch,175,0.4933358132839203
77b7baf3-398a-4c98-8024-39ea961b4149,vision_cnn,gelu,4,train_loss_epoch,191,0.4623312950134277
77b7baf3-398a-4c98-8024-39ea961b4149,vision_cnn,gelu,4,train_loss_epoch,209,0.432512491941452
77b7baf3-398a-4c98-8024-39ea961b4149,vision_cnn,gelu,4,train_loss_epoch,227,0.4121811687946319
77b7baf3-398a-4c98-8024-39ea961b4149,vision_cnn,gelu,4,train_loss_epoch,245,0.3914309442043304
77b7baf3-398a-4c98-8024-39ea961b4149,vision_cnn,gelu,4,train_loss_epoch,263,0.3675938546657562
77b7baf3-398a-4c98-8024-39ea961b4149,vision_cnn,gelu,4,train_loss_epoch,279,0.3516191840171814
77b7baf3-398a-4c98-8024-39ea961b4149,vision_cnn,gelu,4,train_loss_epoch,297,0.3430393040180206
77b7baf3-398a-4c98-8024-39ea961b4149,vision_cnn,gelu,4,train_loss_epoch,315,0.335897147655487
77b7baf3-398a-4c98-8024-39ea961b4149,vision_cnn,gelu,4,train_loss_epoch,333,0.3300039172172546
77b7baf3-398a-4c98-8024-39ea961b4149,vision_cnn,gelu,4,train_loss_epoch,351,0.3260844051837921
502a7121-9cfa-4c3f-90af-3b8c386f1a9a,vision_cnn,gelu,1,val_top1,14,0.4609000086784363
502a7121-9cfa-4c3f-90af-3b8c386f1a9a,vision_cnn,gelu,1,val_top1,32,0.6179999709129333
502a7121-9cfa-4c3f-90af-3b8c386f1a9a,vision_cnn,gelu,1,val_top1,50,0.6678000092506409
502a7121-9cfa-4c3f-90af-3b8c386f1a9a,vision_cnn,gelu,1,val_top1,68,0.698199987411499
502a7121-9cfa-4c3f-90af-3b8c386f1a9a,vision_cnn,gelu,1,val_top1,86,0.7275999784469604
502a7121-9cfa-4c3f-90af-3b8c386f1a9a,vision_cnn,gelu,1,val_top1,102,0.7506999969482422
502a7121-9cfa-4c3f-90af-3b8c386f1a9a,vision_cnn,gelu,1,val_top1,120,0.7716000080108643
502a7121-9cfa-4c3f-90af-3b8c386f1a9a,vision_cnn,gelu,1,val_top1,138,0.7876999974250793
502a7121-9cfa-4c3f-90af-3b8c386f1a9a,vision_cnn,gelu,1,val_top1,156,0.7968999743461609
502a7121-9cfa-4c3f-90af-3b8c386f1a9a,vision_cnn,gelu,1,val_top1,174,0.8086000084877014
502a7121-9cfa-4c3f-90af-3b8c386f1a9a,vision_cnn,gelu,1,val_top1,190,0.824999988079071
502a7121-9cfa-4c3f-90af-3b8c386f1a9a,vision_cnn,gelu,1,val_top1,208,0.8325999975204468
502a7121-9cfa-4c3f-90af-3b8c386f1a9a,vision_cnn,gelu,1,val_top1,226,0.8399999737739563
502a7121-9cfa-4c3f-90af-3b8c386f1a9a,vision_cnn,gelu,1,val_top1,244,0.842199981212616
502a7121-9cfa-4c3f-90af-3b8c386f1a9a,vision_cnn,gelu,1,val_top1,262,0.8432000279426575
502a7121-9cfa-4c3f-90af-3b8c386f1a9a,vision_cnn,gelu,1,val_top1,278,0.8500000238418579
502a7121-9cfa-4c3f-90af-3b8c386f1a9a,vision_cnn,gelu,1,val_top1,296,0.850600004196167
502a7121-9cfa-4c3f-90af-3b8c386f1a9a,vision_cnn,gelu,1,val_top1,314,0.8503000140190125
502a7121-9cfa-4c3f-90af-3b8c386f1a9a,vision_cnn,gelu,1,val_top1,332,0.8528000116348267
502a7121-9cfa-4c3f-90af-3b8c386f1a9a,vision_cnn,gelu,1,val_top1,350,0.8521999716758728
502a7121-9cfa-4c3f-90af-3b8c386f1a9a,vision_cnn,gelu,1,train_loss_epoch,15,1.8200043439865112
502a7121-9cfa-4c3f-90af-3b8c386f1a9a,vision_cnn,gelu,1,train_loss_epoch,33,1.2537109851837158
502a7121-9cfa-4c3f-90af-3b8c386f1a9a,vision_cnn,gelu,1,train_loss_epoch,51,1.0001448392868042
502a7121-9cfa-4c3f-90af-3b8c386f1a9a,vision_cnn,gelu,1,train_loss_epoch,69,0.8577260971069336
502a7121-9cfa-4c3f-90af-3b8c386f1a9a,vision_cnn,gelu,1,train_loss_epoch,87,0.7399560213088989
502a7121-9cfa-4c3f-90af-3b8c386f1a9a,vision_cnn,gelu,1,train_loss_epoch,103,0.6633120775222778
502a7121-9cfa-4c3f-90af-3b8c386f1a9a,vision_cnn,gelu,1,train_loss_epoch,121,0.6057845950126648
502a7121-9cfa-4c3f-90af-3b8c386f1a9a,vision_cnn,gelu,1,train_loss_epoch,139,0.5594448447227478
502a7121-9cfa-4c3f-90af-3b8c386f1a9a,vision_cnn,gelu,1,train_loss_epoch,157,0.5183175802230835
502a7121-9cfa-4c3f-90af-3b8c386f1a9a,vision_cnn,gelu,1,train_loss_epoch,175,0.4872236251831054
502a7121-9cfa-4c3f-90af-3b8c386f1a9a,vision_cnn,gelu,1,train_loss_epoch,191,0.4603635370731354
502a7121-9cfa-4c3f-90af-3b8c386f1a9a,vision_cnn,gelu,1,train_loss_epoch,209,0.4271638095378876
502a7121-9cfa-4c3f-90af-3b8c386f1a9a,vision_cnn,gelu,1,train_loss_epoch,227,0.4077570140361786
502a7121-9cfa-4c3f-90af-3b8c386f1a9a,vision_cnn,gelu,1,train_loss_epoch,245,0.3858367800712585
502a7121-9cfa-4c3f-90af-3b8c386f1a9a,vision_cnn,gelu,1,train_loss_epoch,263,0.3627464473247528
502a7121-9cfa-4c3f-90af-3b8c386f1a9a,vision_cnn,gelu,1,train_loss_epoch,279,0.3474507927894592
502a7121-9cfa-4c3f-90af-3b8c386f1a9a,vision_cnn,gelu,1,train_loss_epoch,297,0.3393443822860718
502a7121-9cfa-4c3f-90af-3b8c386f1a9a,vision_cnn,gelu,1,train_loss_epoch,315,0.3332076370716095
502a7121-9cfa-4c3f-90af-3b8c386f1a9a,vision_cnn,gelu,1,train_loss_epoch,333,0.3251246213912964
502a7121-9cfa-4c3f-90af-3b8c386f1a9a,vision_cnn,gelu,1,train_loss_epoch,351,0.3221737146377563
7c9c5b69-b838-4821-be8f-8b7b1e1a62c8,vision_cnn,gelu,7,val_top1,14,0.4487000107765198
7c9c5b69-b838-4821-be8f-8b7b1e1a62c8,vision_cnn,gelu,7,val_top1,32,0.6140000224113464
7c9c5b69-b838-4821-be8f-8b7b1e1a62c8,vision_cnn,gelu,7,val_top1,50,0.6744999885559082
7c9c5b69-b838-4821-be8f-8b7b1e1a62c8,vision_cnn,gelu,7,val_top1,68,0.7261000275611877
7c9c5b69-b838-4821-be8f-8b7b1e1a62c8,vision_cnn,gelu,7,val_top1,86,0.7387999892234802
7c9c5b69-b838-4821-be8f-8b7b1e1a62c8,vision_cnn,gelu,7,val_top1,102,0.7421000003814697
7c9c5b69-b838-4821-be8f-8b7b1e1a62c8,vision_cnn,gelu,7,val_top1,120,0.777999997138977
7c9c5b69-b838-4821-be8f-8b7b1e1a62c8,vision_cnn,gelu,7,val_top1,138,0.7565000057220459
7c9c5b69-b838-4821-be8f-8b7b1e1a62c8,vision_cnn,gelu,7,val_top1,156,0.8166000247001648
7c9c5b69-b838-4821-be8f-8b7b1e1a62c8,vision_cnn,gelu,7,val_top1,174,0.8230000138282776
7c9c5b69-b838-4821-be8f-8b7b1e1a62c8,vision_cnn,gelu,7,val_top1,190,0.8327999711036682
7c9c5b69-b838-4821-be8f-8b7b1e1a62c8,vision_cnn,gelu,7,val_top1,208,0.838699996471405
7c9c5b69-b838-4821-be8f-8b7b1e1a62c8,vision_cnn,gelu,7,val_top1,226,0.8410999774932861
7c9c5b69-b838-4821-be8f-8b7b1e1a62c8,vision_cnn,gelu,7,val_top1,244,0.8486999869346619
7c9c5b69-b838-4821-be8f-8b7b1e1a62c8,vision_cnn,gelu,7,val_top1,262,0.8525999784469604
7c9c5b69-b838-4821-be8f-8b7b1e1a62c8,vision_cnn,gelu,7,val_top1,278,0.8518999814987183
7c9c5b69-b838-4821-be8f-8b7b1e1a62c8,vision_cnn,gelu,7,val_top1,296,0.8535000085830688
7c9c5b69-b838-4821-be8f-8b7b1e1a62c8,vision_cnn,gelu,7,val_top1,314,0.8579000234603882
7c9c5b69-b838-4821-be8f-8b7b1e1a62c8,vision_cnn,gelu,7,val_top1,332,0.8586999773979187
7c9c5b69-b838-4821-be8f-8b7b1e1a62c8,vision_cnn,gelu,7,val_top1,350,0.8579999804496765
7c9c5b69-b838-4821-be8f-8b7b1e1a62c8,vision_cnn,gelu,7,train_loss_epoch,15,1.808157444000244
7c9c5b69-b838-4821-be8f-8b7b1e1a62c8,vision_cnn,gelu,7,train_loss_epoch,33,1.2676923274993896
7c9c5b69-b838-4821-be8f-8b7b1e1a62c8,vision_cnn,gelu,7,train_loss_epoch,51,0.995996117591858
7c9c5b69-b838-4821-be8f-8b7b1e1a62c8,vision_cnn,gelu,7,train_loss_epoch,69,0.8442917466163635
7c9c5b69-b838-4821-be8f-8b7b1e1a62c8,vision_cnn,gelu,7,train_loss_epoch,87,0.742981493473053
7c9c5b69-b838-4821-be8f-8b7b1e1a62c8,vision_cnn,gelu,7,train_loss_epoch,103,0.6690567135810852
7c9c5b69-b838-4821-be8f-8b7b1e1a62c8,vision_cnn,gelu,7,train_loss_epoch,121,0.6071115136146545
7c9c5b69-b838-4821-be8f-8b7b1e1a62c8,vision_cnn,gelu,7,train_loss_epoch,139,0.5610799789428711
7c9c5b69-b838-4821-be8f-8b7b1e1a62c8,vision_cnn,gelu,7,train_loss_epoch,157,0.5246877670288086
7c9c5b69-b838-4821-be8f-8b7b1e1a62c8,vision_cnn,gelu,7,train_loss_epoch,175,0.4875739514827728
7c9c5b69-b838-4821-be8f-8b7b1e1a62c8,vision_cnn,gelu,7,train_loss_epoch,191,0.4558938145637512
7c9c5b69-b838-4821-be8f-8b7b1e1a62c8,vision_cnn,gelu,7,train_loss_epoch,209,0.4287062287330627
7c9c5b69-b838-4821-be8f-8b7b1e1a62c8,vision_cnn,gelu,7,train_loss_epoch,227,0.4046871364116668
7c9c5b69-b838-4821-be8f-8b7b1e1a62c8,vision_cnn,gelu,7,train_loss_epoch,245,0.3836512267589569
7c9c5b69-b838-4821-be8f-8b7b1e1a62c8,vision_cnn,gelu,7,train_loss_epoch,263,0.3630633652210235
7c9c5b69-b838-4821-be8f-8b7b1e1a62c8,vision_cnn,gelu,7,train_loss_epoch,279,0.3453904092311859
7c9c5b69-b838-4821-be8f-8b7b1e1a62c8,vision_cnn,gelu,7,train_loss_epoch,297,0.3389992415904999
7c9c5b69-b838-4821-be8f-8b7b1e1a62c8,vision_cnn,gelu,7,train_loss_epoch,315,0.327432632446289
7c9c5b69-b838-4821-be8f-8b7b1e1a62c8,vision_cnn,gelu,7,train_loss_epoch,333,0.3268962502479553
7c9c5b69-b838-4821-be8f-8b7b1e1a62c8,vision_cnn,gelu,7,train_loss_epoch,351,0.3199324309825897
a5055aff-6f27-4b87-8702-cca4708ad96e,vision_cnn,gelu,0,val_top1,14,0.4542999863624573
a5055aff-6f27-4b87-8702-cca4708ad96e,vision_cnn,gelu,0,val_top1,32,0.6075999736785889
a5055aff-6f27-4b87-8702-cca4708ad96e,vision_cnn,gelu,0,val_top1,50,0.6635000109672546
a5055aff-6f27-4b87-8702-cca4708ad96e,vision_cnn,gelu,0,val_top1,68,0.6887999773025513
a5055aff-6f27-4b87-8702-cca4708ad96e,vision_cnn,gelu,0,val_top1,86,0.7357000112533569
a5055aff-6f27-4b87-8702-cca4708ad96e,vision_cnn,gelu,0,val_top1,102,0.7526999711990356
a5055aff-6f27-4b87-8702-cca4708ad96e,vision_cnn,gelu,0,val_top1,120,0.7832000255584717
a5055aff-6f27-4b87-8702-cca4708ad96e,vision_cnn,gelu,0,val_top1,138,0.7843999862670898
a5055aff-6f27-4b87-8702-cca4708ad96e,vision_cnn,gelu,0,val_top1,156,0.784600019454956
a5055aff-6f27-4b87-8702-cca4708ad96e,vision_cnn,gelu,0,val_top1,174,0.8125
a5055aff-6f27-4b87-8702-cca4708ad96e,vision_cnn,gelu,0,val_top1,190,0.8215000033378601
a5055aff-6f27-4b87-8702-cca4708ad96e,vision_cnn,gelu,0,val_top1,208,0.8237000107765198
a5055aff-6f27-4b87-8702-cca4708ad96e,vision_cnn,gelu,0,val_top1,226,0.8331000208854675
a5055aff-6f27-4b87-8702-cca4708ad96e,vision_cnn,gelu,0,val_top1,244,0.8389999866485596
a5055aff-6f27-4b87-8702-cca4708ad96e,vision_cnn,gelu,0,val_top1,262,0.8406999707221985
a5055aff-6f27-4b87-8702-cca4708ad96e,vision_cnn,gelu,0,val_top1,278,0.8450999855995178
a5055aff-6f27-4b87-8702-cca4708ad96e,vision_cnn,gelu,0,val_top1,296,0.847100019454956
a5055aff-6f27-4b87-8702-cca4708ad96e,vision_cnn,gelu,0,val_top1,314,0.8507999777793884
a5055aff-6f27-4b87-8702-cca4708ad96e,vision_cnn,gelu,0,val_top1,332,0.8511999845504761
a5055aff-6f27-4b87-8702-cca4708ad96e,vision_cnn,gelu,0,val_top1,350,0.8507000207901001
a5055aff-6f27-4b87-8702-cca4708ad96e,vision_cnn,gelu,0,train_loss_epoch,15,1.88162899017334
a5055aff-6f27-4b87-8702-cca4708ad96e,vision_cnn,gelu,0,train_loss_epoch,33,1.2820076942443848
a5055aff-6f27-4b87-8702-cca4708ad96e,vision_cnn,gelu,0,train_loss_epoch,51,1.0163624286651611
a5055aff-6f27-4b87-8702-cca4708ad96e,vision_cnn,gelu,0,train_loss_epoch,69,0.854962170124054
a5055aff-6f27-4b87-8702-cca4708ad96e,vision_cnn,gelu,0,train_loss_epoch,87,0.7414926290512085
a5055aff-6f27-4b87-8702-cca4708ad96e,vision_cnn,gelu,0,train_loss_epoch,103,0.671633780002594
a5055aff-6f27-4b87-8702-cca4708ad96e,vision_cnn,gelu,0,train_loss_epoch,121,0.6110057830810547
a5055aff-6f27-4b87-8702-cca4708ad96e,vision_cnn,gelu,0,train_loss_epoch,139,0.5628251433372498
a5055aff-6f27-4b87-8702-cca4708ad96e,vision_cnn,gelu,0,train_loss_epoch,157,0.5269777178764343
a5055aff-6f27-4b87-8702-cca4708ad96e,vision_cnn,gelu,0,train_loss_epoch,175,0.4924060106277466
a5055aff-6f27-4b87-8702-cca4708ad96e,vision_cnn,gelu,0,train_loss_epoch,191,0.4638804495334625
a5055aff-6f27-4b87-8702-cca4708ad96e,vision_cnn,gelu,0,train_loss_epoch,209,0.4345189929008484
a5055aff-6f27-4b87-8702-cca4708ad96e,vision_cnn,gelu,0,train_loss_epoch,227,0.4119644165039062
a5055aff-6f27-4b87-8702-cca4708ad96e,vision_cnn,gelu,0,train_loss_epoch,245,0.3901072144508362
a5055aff-6f27-4b87-8702-cca4708ad96e,vision_cnn,gelu,0,train_loss_epoch,263,0.3681365847587585
a5055aff-6f27-4b87-8702-cca4708ad96e,vision_cnn,gelu,0,train_loss_epoch,279,0.3576287627220154
a5055aff-6f27-4b87-8702-cca4708ad96e,vision_cnn,gelu,0,train_loss_epoch,297,0.3432972133159637
a5055aff-6f27-4b87-8702-cca4708ad96e,vision_cnn,gelu,0,train_loss_epoch,315,0.3366298079490661
a5055aff-6f27-4b87-8702-cca4708ad96e,vision_cnn,gelu,0,train_loss_epoch,333,0.3323480784893036
a5055aff-6f27-4b87-8702-cca4708ad96e,vision_cnn,gelu,0,train_loss_epoch,351,0.3289232552051544
13a5b9ff-bd11-4ae8-a5cc-a41c2d460804,vision_cnn,gelu,3,val_top1,14,0.4314999878406524
13a5b9ff-bd11-4ae8-a5cc-a41c2d460804,vision_cnn,gelu,3,val_top1,32,0.5978999733924866
13a5b9ff-bd11-4ae8-a5cc-a41c2d460804,vision_cnn,gelu,3,val_top1,50,0.6851000189781189
13a5b9ff-bd11-4ae8-a5cc-a41c2d460804,vision_cnn,gelu,3,val_top1,68,0.6705999970436096
13a5b9ff-bd11-4ae8-a5cc-a41c2d460804,vision_cnn,gelu,3,val_top1,86,0.7534000277519226
13a5b9ff-bd11-4ae8-a5cc-a41c2d460804,vision_cnn,gelu,3,val_top1,102,0.7717999815940857
13a5b9ff-bd11-4ae8-a5cc-a41c2d460804,vision_cnn,gelu,3,val_top1,120,0.7864999771118164
13a5b9ff-bd11-4ae8-a5cc-a41c2d460804,vision_cnn,gelu,3,val_top1,138,0.7849000096321106
13a5b9ff-bd11-4ae8-a5cc-a41c2d460804,vision_cnn,gelu,3,val_top1,156,0.8208000063896179
13a5b9ff-bd11-4ae8-a5cc-a41c2d460804,vision_cnn,gelu,3,val_top1,174,0.8208000063896179
13a5b9ff-bd11-4ae8-a5cc-a41c2d460804,vision_cnn,gelu,3,val_top1,190,0.8291000127792358
13a5b9ff-bd11-4ae8-a5cc-a41c2d460804,vision_cnn,gelu,3,val_top1,208,0.8285999894142151
13a5b9ff-bd11-4ae8-a5cc-a41c2d460804,vision_cnn,gelu,3,val_top1,226,0.8429999947547913
13a5b9ff-bd11-4ae8-a5cc-a41c2d460804,vision_cnn,gelu,3,val_top1,244,0.847100019454956
13a5b9ff-bd11-4ae8-a5cc-a41c2d460804,vision_cnn,gelu,3,val_top1,262,0.8518999814987183
13a5b9ff-bd11-4ae8-a5cc-a41c2d460804,vision_cnn,gelu,3,val_top1,278,0.8529999852180481
13a5b9ff-bd11-4ae8-a5cc-a41c2d460804,vision_cnn,gelu,3,val_top1,296,0.8540999889373779
13a5b9ff-bd11-4ae8-a5cc-a41c2d460804,vision_cnn,gelu,3,val_top1,314,0.8557000160217285
13a5b9ff-bd11-4ae8-a5cc-a41c2d460804,vision_cnn,gelu,3,val_top1,332,0.854200005531311
13a5b9ff-bd11-4ae8-a5cc-a41c2d460804,vision_cnn,gelu,3,val_top1,350,0.8550999760627747
13a5b9ff-bd11-4ae8-a5cc-a41c2d460804,vision_cnn,gelu,3,train_loss_epoch,15,1.8852964639663696
13a5b9ff-bd11-4ae8-a5cc-a41c2d460804,vision_cnn,gelu,3,train_loss_epoch,33,1.2682451009750366
13a5b9ff-bd11-4ae8-a5cc-a41c2d460804,vision_cnn,gelu,3,train_loss_epoch,51,0.9907442331314088
13a5b9ff-bd11-4ae8-a5cc-a41c2d460804,vision_cnn,gelu,3,train_loss_epoch,69,0.8259180188179016
13a5b9ff-bd11-4ae8-a5cc-a41c2d460804,vision_cnn,gelu,3,train_loss_epoch,87,0.7180248498916626
13a5b9ff-bd11-4ae8-a5cc-a41c2d460804,vision_cnn,gelu,3,train_loss_epoch,103,0.6507097482681274
13a5b9ff-bd11-4ae8-a5cc-a41c2d460804,vision_cnn,gelu,3,train_loss_epoch,121,0.5935423970222473
13a5b9ff-bd11-4ae8-a5cc-a41c2d460804,vision_cnn,gelu,3,train_loss_epoch,139,0.5430962443351746
13a5b9ff-bd11-4ae8-a5cc-a41c2d460804,vision_cnn,gelu,3,train_loss_epoch,157,0.5018495917320251
13a5b9ff-bd11-4ae8-a5cc-a41c2d460804,vision_cnn,gelu,3,train_loss_epoch,175,0.4734067022800445
13a5b9ff-bd11-4ae8-a5cc-a41c2d460804,vision_cnn,gelu,3,train_loss_epoch,191,0.4421931207180023
13a5b9ff-bd11-4ae8-a5cc-a41c2d460804,vision_cnn,gelu,3,train_loss_epoch,209,0.4117929637432098
13a5b9ff-bd11-4ae8-a5cc-a41c2d460804,vision_cnn,gelu,3,train_loss_epoch,227,0.3891941606998443
13a5b9ff-bd11-4ae8-a5cc-a41c2d460804,vision_cnn,gelu,3,train_loss_epoch,245,0.368448942899704
13a5b9ff-bd11-4ae8-a5cc-a41c2d460804,vision_cnn,gelu,3,train_loss_epoch,263,0.3505102396011352
13a5b9ff-bd11-4ae8-a5cc-a41c2d460804,vision_cnn,gelu,3,train_loss_epoch,279,0.330129861831665
13a5b9ff-bd11-4ae8-a5cc-a41c2d460804,vision_cnn,gelu,3,train_loss_epoch,297,0.3251288533210754
13a5b9ff-bd11-4ae8-a5cc-a41c2d460804,vision_cnn,gelu,3,train_loss_epoch,315,0.3148644268512726
13a5b9ff-bd11-4ae8-a5cc-a41c2d460804,vision_cnn,gelu,3,train_loss_epoch,333,0.3070719242095947
13a5b9ff-bd11-4ae8-a5cc-a41c2d460804,vision_cnn,gelu,3,train_loss_epoch,351,0.3065647184848785
3354f7a6-02bc-4867-b1b0-15d964e0e986,vision_cnn,relu,2,val_top1,14,0.4616999924182892
3354f7a6-02bc-4867-b1b0-15d964e0e986,vision_cnn,relu,2,val_top1,32,0.567799985408783
3354f7a6-02bc-4867-b1b0-15d964e0e986,vision_cnn,relu,2,val_top1,50,0.60589998960495
3354f7a6-02bc-4867-b1b0-15d964e0e986,vision_cnn,relu,2,val_top1,68,0.6948000192642212
3354f7a6-02bc-4867-b1b0-15d964e0e986,vision_cnn,relu,2,val_top1,86,0.7275999784469604
3354f7a6-02bc-4867-b1b0-15d964e0e986,vision_cnn,relu,2,val_top1,102,0.7454000115394592
3354f7a6-02bc-4867-b1b0-15d964e0e986,vision_cnn,relu,2,val_top1,120,0.7480999827384949
3354f7a6-02bc-4867-b1b0-15d964e0e986,vision_cnn,relu,2,val_top1,138,0.7752000093460083
3354f7a6-02bc-4867-b1b0-15d964e0e986,vision_cnn,relu,2,val_top1,156,0.7894999980926514
3354f7a6-02bc-4867-b1b0-15d964e0e986,vision_cnn,relu,2,val_top1,174,0.8111000061035156
3354f7a6-02bc-4867-b1b0-15d964e0e986,vision_cnn,relu,2,val_top1,190,0.8093000054359436
3354f7a6-02bc-4867-b1b0-15d964e0e986,vision_cnn,relu,2,val_top1,208,0.8270999789237976
3354f7a6-02bc-4867-b1b0-15d964e0e986,vision_cnn,relu,2,val_top1,226,0.8274000287055969
3354f7a6-02bc-4867-b1b0-15d964e0e986,vision_cnn,relu,2,val_top1,244,0.8420000076293945
3354f7a6-02bc-4867-b1b0-15d964e0e986,vision_cnn,relu,2,val_top1,262,0.8453999757766724
3354f7a6-02bc-4867-b1b0-15d964e0e986,vision_cnn,relu,2,val_top1,278,0.8482999801635742
3354f7a6-02bc-4867-b1b0-15d964e0e986,vision_cnn,relu,2,val_top1,296,0.8507999777793884
3354f7a6-02bc-4867-b1b0-15d964e0e986,vision_cnn,relu,2,val_top1,314,0.8513000011444092
3354f7a6-02bc-4867-b1b0-15d964e0e986,vision_cnn,relu,2,val_top1,332,0.8528000116348267
3354f7a6-02bc-4867-b1b0-15d964e0e986,vision_cnn,relu,2,val_top1,350,0.8511999845504761
3354f7a6-02bc-4867-b1b0-15d964e0e986,vision_cnn,relu,2,train_loss_epoch,15,2.016168594360352
3354f7a6-02bc-4867-b1b0-15d964e0e986,vision_cnn,relu,2,train_loss_epoch,33,1.3091144561767578
3354f7a6-02bc-4867-b1b0-15d964e0e986,vision_cnn,relu,2,train_loss_epoch,51,1.040417194366455
3354f7a6-02bc-4867-b1b0-15d964e0e986,vision_cnn,relu,2,train_loss_epoch,69,0.8852437138557434
3354f7a6-02bc-4867-b1b0-15d964e0e986,vision_cnn,relu,2,train_loss_epoch,87,0.7718477845191956
3354f7a6-02bc-4867-b1b0-15d964e0e986,vision_cnn,relu,2,train_loss_epoch,103,0.6901906132698059
3354f7a6-02bc-4867-b1b0-15d964e0e986,vision_cnn,relu,2,train_loss_epoch,121,0.6322409510612488
3354f7a6-02bc-4867-b1b0-15d964e0e986,vision_cnn,relu,2,train_loss_epoch,139,0.5881070494651794
3354f7a6-02bc-4867-b1b0-15d964e0e986,vision_cnn,relu,2,train_loss_epoch,157,0.5446066856384277
3354f7a6-02bc-4867-b1b0-15d964e0e986,vision_cnn,relu,2,train_loss_epoch,175,0.5144686102867126
3354f7a6-02bc-4867-b1b0-15d964e0e986,vision_cnn,relu,2,train_loss_epoch,191,0.4843019545078277
3354f7a6-02bc-4867-b1b0-15d964e0e986,vision_cnn,relu,2,train_loss_epoch,209,0.4565790295600891
3354f7a6-02bc-4867-b1b0-15d964e0e986,vision_cnn,relu,2,train_loss_epoch,227,0.4296065866947174
3354f7a6-02bc-4867-b1b0-15d964e0e986,vision_cnn,relu,2,train_loss_epoch,245,0.4088156819343567
3354f7a6-02bc-4867-b1b0-15d964e0e986,vision_cnn,relu,2,train_loss_epoch,263,0.388425201177597
3354f7a6-02bc-4867-b1b0-15d964e0e986,vision_cnn,relu,2,train_loss_epoch,279,0.37410369515419
3354f7a6-02bc-4867-b1b0-15d964e0e986,vision_cnn,relu,2,train_loss_epoch,297,0.3632107377052307
3354f7a6-02bc-4867-b1b0-15d964e0e986,vision_cnn,relu,2,train_loss_epoch,315,0.3547312319278717
3354f7a6-02bc-4867-b1b0-15d964e0e986,vision_cnn,relu,2,train_loss_epoch,333,0.3485296666622162
3354f7a6-02bc-4867-b1b0-15d964e0e986,vision_cnn,relu,2,train_loss_epoch,351,0.3409930169582367
74291ae7-1429-470a-aac1-588bd1979a1c,vision_cnn,relu,5,val_top1,14,0.451799988746643
74291ae7-1429-470a-aac1-588bd1979a1c,vision_cnn,relu,5,val_top1,32,0.5580999851226807
74291ae7-1429-470a-aac1-588bd1979a1c,vision_cnn,relu,5,val_top1,50,0.63919997215271
74291ae7-1429-470a-aac1-588bd1979a1c,vision_cnn,relu,5,val_top1,68,0.6721000075340271
74291ae7-1429-470a-aac1-588bd1979a1c,vision_cnn,relu,5,val_top1,86,0.710099995136261
74291ae7-1429-470a-aac1-588bd1979a1c,vision_cnn,relu,5,val_top1,102,0.7146000266075134
74291ae7-1429-470a-aac1-588bd1979a1c,vision_cnn,relu,5,val_top1,120,0.7484999895095825
74291ae7-1429-470a-aac1-588bd1979a1c,vision_cnn,relu,5,val_top1,138,0.7807999849319458
74291ae7-1429-470a-aac1-588bd1979a1c,vision_cnn,relu,5,val_top1,156,0.7799000144004822
74291ae7-1429-470a-aac1-588bd1979a1c,vision_cnn,relu,5,val_top1,174,0.8032000064849854
74291ae7-1429-470a-aac1-588bd1979a1c,vision_cnn,relu,5,val_top1,190,0.8100000023841858
74291ae7-1429-470a-aac1-588bd1979a1c,vision_cnn,relu,5,val_top1,208,0.8252999782562256
74291ae7-1429-470a-aac1-588bd1979a1c,vision_cnn,relu,5,val_top1,226,0.8309000134468079
74291ae7-1429-470a-aac1-588bd1979a1c,vision_cnn,relu,5,val_top1,244,0.8338000178337097
74291ae7-1429-470a-aac1-588bd1979a1c,vision_cnn,relu,5,val_top1,262,0.8389000296592712
74291ae7-1429-470a-aac1-588bd1979a1c,vision_cnn,relu,5,val_top1,278,0.8399999737739563
74291ae7-1429-470a-aac1-588bd1979a1c,vision_cnn,relu,5,val_top1,296,0.84170001745224
74291ae7-1429-470a-aac1-588bd1979a1c,vision_cnn,relu,5,val_top1,314,0.8400999903678894
74291ae7-1429-470a-aac1-588bd1979a1c,vision_cnn,relu,5,val_top1,332,0.8424000144004822
74291ae7-1429-470a-aac1-588bd1979a1c,vision_cnn,relu,5,val_top1,350,0.8417999744415283
74291ae7-1429-470a-aac1-588bd1979a1c,vision_cnn,relu,5,train_loss_epoch,15,1.8335952758789065
74291ae7-1429-470a-aac1-588bd1979a1c,vision_cnn,relu,5,train_loss_epoch,33,1.2711336612701416
74291ae7-1429-470a-aac1-588bd1979a1c,vision_cnn,relu,5,train_loss_epoch,51,1.013216257095337
74291ae7-1429-470a-aac1-588bd1979a1c,vision_cnn,relu,5,train_loss_epoch,69,0.8585325479507446
74291ae7-1429-470a-aac1-588bd1979a1c,vision_cnn,relu,5,train_loss_epoch,87,0.7572906613349915
74291ae7-1429-470a-aac1-588bd1979a1c,vision_cnn,relu,5,train_loss_epoch,103,0.6854273676872253
74291ae7-1429-470a-aac1-588bd1979a1c,vision_cnn,relu,5,train_loss_epoch,121,0.6284983158111572
74291ae7-1429-470a-aac1-588bd1979a1c,vision_cnn,relu,5,train_loss_epoch,139,0.5828617811203003
74291ae7-1429-470a-aac1-588bd1979a1c,vision_cnn,relu,5,train_loss_epoch,157,0.5424265265464783
74291ae7-1429-470a-aac1-588bd1979a1c,vision_cnn,relu,5,train_loss_epoch,175,0.5150470733642578
74291ae7-1429-470a-aac1-588bd1979a1c,vision_cnn,relu,5,train_loss_epoch,191,0.4830231368541717
74291ae7-1429-470a-aac1-588bd1979a1c,vision_cnn,relu,5,train_loss_epoch,209,0.4569006562232971
74291ae7-1429-470a-aac1-588bd1979a1c,vision_cnn,relu,5,train_loss_epoch,227,0.427790880203247
74291ae7-1429-470a-aac1-588bd1979a1c,vision_cnn,relu,5,train_loss_epoch,245,0.4149527251720428
74291ae7-1429-470a-aac1-588bd1979a1c,vision_cnn,relu,5,train_loss_epoch,263,0.3943349123001098
74291ae7-1429-470a-aac1-588bd1979a1c,vision_cnn,relu,5,train_loss_epoch,279,0.3787811994552612
74291ae7-1429-470a-aac1-588bd1979a1c,vision_cnn,relu,5,train_loss_epoch,297,0.3677641153335571
74291ae7-1429-470a-aac1-588bd1979a1c,vision_cnn,relu,5,train_loss_epoch,315,0.355497807264328
74291ae7-1429-470a-aac1-588bd1979a1c,vision_cnn,relu,5,train_loss_epoch,333,0.3538105189800262
74291ae7-1429-470a-aac1-588bd1979a1c,vision_cnn,relu,5,train_loss_epoch,351,0.3517979979515075
d9431be6-bc08-4d77-8c17-e746359aa7fd,vision_cnn,relu,1,val_top1,14,0.4257999956607818
d9431be6-bc08-4d77-8c17-e746359aa7fd,vision_cnn,relu,1,val_top1,32,0.5928999781608582
d9431be6-bc08-4d77-8c17-e746359aa7fd,vision_cnn,relu,1,val_top1,50,0.6583999991416931
d9431be6-bc08-4d77-8c17-e746359aa7fd,vision_cnn,relu,1,val_top1,68,0.6809999942779541
d9431be6-bc08-4d77-8c17-e746359aa7fd,vision_cnn,relu,1,val_top1,86,0.7318999767303467
d9431be6-bc08-4d77-8c17-e746359aa7fd,vision_cnn,relu,1,val_top1,102,0.7541000247001648
d9431be6-bc08-4d77-8c17-e746359aa7fd,vision_cnn,relu,1,val_top1,120,0.7674000263214111
d9431be6-bc08-4d77-8c17-e746359aa7fd,vision_cnn,relu,1,val_top1,138,0.7785999774932861
d9431be6-bc08-4d77-8c17-e746359aa7fd,vision_cnn,relu,1,val_top1,156,0.7962999939918518
d9431be6-bc08-4d77-8c17-e746359aa7fd,vision_cnn,relu,1,val_top1,174,0.8012999892234802
d9431be6-bc08-4d77-8c17-e746359aa7fd,vision_cnn,relu,1,val_top1,190,0.8166000247001648
d9431be6-bc08-4d77-8c17-e746359aa7fd,vision_cnn,relu,1,val_top1,208,0.8266000151634216
d9431be6-bc08-4d77-8c17-e746359aa7fd,vision_cnn,relu,1,val_top1,226,0.8252000212669373
d9431be6-bc08-4d77-8c17-e746359aa7fd,vision_cnn,relu,1,val_top1,244,0.8353000283241272
d9431be6-bc08-4d77-8c17-e746359aa7fd,vision_cnn,relu,1,val_top1,262,0.8442000150680542
d9431be6-bc08-4d77-8c17-e746359aa7fd,vision_cnn,relu,1,val_top1,278,0.84170001745224
d9431be6-bc08-4d77-8c17-e746359aa7fd,vision_cnn,relu,1,val_top1,296,0.8442000150680542
d9431be6-bc08-4d77-8c17-e746359aa7fd,vision_cnn,relu,1,val_top1,314,0.8442000150680542
d9431be6-bc08-4d77-8c17-e746359aa7fd,vision_cnn,relu,1,val_top1,332,0.84579998254776
d9431be6-bc08-4d77-8c17-e746359aa7fd,vision_cnn,relu,1,val_top1,350,0.8454999923706055
d9431be6-bc08-4d77-8c17-e746359aa7fd,vision_cnn,relu,1,train_loss_epoch,15,1.861757755279541
d9431be6-bc08-4d77-8c17-e746359aa7fd,vision_cnn,relu,1,train_loss_epoch,33,1.2631728649139404
d9431be6-bc08-4d77-8c17-e746359aa7fd,vision_cnn,relu,1,train_loss_epoch,51,1.0152673721313477
d9431be6-bc08-4d77-8c17-e746359aa7fd,vision_cnn,relu,1,train_loss_epoch,69,0.87332683801651
d9431be6-bc08-4d77-8c17-e746359aa7fd,vision_cnn,relu,1,train_loss_epoch,87,0.7663041353225708
d9431be6-bc08-4d77-8c17-e746359aa7fd,vision_cnn,relu,1,train_loss_epoch,103,0.6909151673316956
d9431be6-bc08-4d77-8c17-e746359aa7fd,vision_cnn,relu,1,train_loss_epoch,121,0.6332618594169617
d9431be6-bc08-4d77-8c17-e746359aa7fd,vision_cnn,relu,1,train_loss_epoch,139,0.5856924057006836
d9431be6-bc08-4d77-8c17-e746359aa7fd,vision_cnn,relu,1,train_loss_epoch,157,0.5484220385551453
d9431be6-bc08-4d77-8c17-e746359aa7fd,vision_cnn,relu,1,train_loss_epoch,175,0.515899121761322
d9431be6-bc08-4d77-8c17-e746359aa7fd,vision_cnn,relu,1,train_loss_epoch,191,0.4860826432704925
d9431be6-bc08-4d77-8c17-e746359aa7fd,vision_cnn,relu,1,train_loss_epoch,209,0.4566953480243683
d9431be6-bc08-4d77-8c17-e746359aa7fd,vision_cnn,relu,1,train_loss_epoch,227,0.4338848888874054
d9431be6-bc08-4d77-8c17-e746359aa7fd,vision_cnn,relu,1,train_loss_epoch,245,0.4154333174228668
d9431be6-bc08-4d77-8c17-e746359aa7fd,vision_cnn,relu,1,train_loss_epoch,263,0.3941900134086609
d9431be6-bc08-4d77-8c17-e746359aa7fd,vision_cnn,relu,1,train_loss_epoch,279,0.3795501291751861
d9431be6-bc08-4d77-8c17-e746359aa7fd,vision_cnn,relu,1,train_loss_epoch,297,0.3673138618469238
d9431be6-bc08-4d77-8c17-e746359aa7fd,vision_cnn,relu,1,train_loss_epoch,315,0.3602569103240967
d9431be6-bc08-4d77-8c17-e746359aa7fd,vision_cnn,relu,1,train_loss_epoch,333,0.3526463806629181
d9431be6-bc08-4d77-8c17-e746359aa7fd,vision_cnn,relu,1,train_loss_epoch,351,0.3498090803623199
2797a817-24af-466e-86ce-868cdbc3fe4d,vision_cnn,relu,0,val_top1,14,0.4392000138759613
2797a817-24af-466e-86ce-868cdbc3fe4d,vision_cnn,relu,0,val_top1,32,0.559499979019165
2797a817-24af-466e-86ce-868cdbc3fe4d,vision_cnn,relu,0,val_top1,50,0.6054999828338623
2797a817-24af-466e-86ce-868cdbc3fe4d,vision_cnn,relu,0,val_top1,68,0.6887999773025513
2797a817-24af-466e-86ce-868cdbc3fe4d,vision_cnn,relu,0,val_top1,86,0.7152000069618225
2797a817-24af-466e-86ce-868cdbc3fe4d,vision_cnn,relu,0,val_top1,102,0.7515000104904175
2797a817-24af-466e-86ce-868cdbc3fe4d,vision_cnn,relu,0,val_top1,120,0.7802000045776367
2797a817-24af-466e-86ce-868cdbc3fe4d,vision_cnn,relu,0,val_top1,138,0.7601000070571899
2797a817-24af-466e-86ce-868cdbc3fe4d,vision_cnn,relu,0,val_top1,156,0.7871000170707703
2797a817-24af-466e-86ce-868cdbc3fe4d,vision_cnn,relu,0,val_top1,174,0.7957000136375427
2797a817-24af-466e-86ce-868cdbc3fe4d,vision_cnn,relu,0,val_top1,190,0.8069999814033508
2797a817-24af-466e-86ce-868cdbc3fe4d,vision_cnn,relu,0,val_top1,208,0.8208000063896179
2797a817-24af-466e-86ce-868cdbc3fe4d,vision_cnn,relu,0,val_top1,226,0.8355000019073486
2797a817-24af-466e-86ce-868cdbc3fe4d,vision_cnn,relu,0,val_top1,244,0.8327999711036682
2797a817-24af-466e-86ce-868cdbc3fe4d,vision_cnn,relu,0,val_top1,262,0.8378999829292297
2797a817-24af-466e-86ce-868cdbc3fe4d,vision_cnn,relu,0,val_top1,278,0.8442000150680542
2797a817-24af-466e-86ce-868cdbc3fe4d,vision_cnn,relu,0,val_top1,296,0.8443999886512756
2797a817-24af-466e-86ce-868cdbc3fe4d,vision_cnn,relu,0,val_top1,314,0.8478000164031982
2797a817-24af-466e-86ce-868cdbc3fe4d,vision_cnn,relu,0,val_top1,332,0.8489000201225281
2797a817-24af-466e-86ce-868cdbc3fe4d,vision_cnn,relu,0,val_top1,350,0.8490999937057495
2797a817-24af-466e-86ce-868cdbc3fe4d,vision_cnn,relu,0,train_loss_epoch,15,1.9321370124816892
2797a817-24af-466e-86ce-868cdbc3fe4d,vision_cnn,relu,0,train_loss_epoch,33,1.300182819366455
2797a817-24af-466e-86ce-868cdbc3fe4d,vision_cnn,relu,0,train_loss_epoch,51,1.0370826721191406
2797a817-24af-466e-86ce-868cdbc3fe4d,vision_cnn,relu,0,train_loss_epoch,69,0.8699684143066406
2797a817-24af-466e-86ce-868cdbc3fe4d,vision_cnn,relu,0,train_loss_epoch,87,0.7614835500717163
2797a817-24af-466e-86ce-868cdbc3fe4d,vision_cnn,relu,0,train_loss_epoch,103,0.6878825426101685
2797a817-24af-466e-86ce-868cdbc3fe4d,vision_cnn,relu,0,train_loss_epoch,121,0.6304195523262024
2797a817-24af-466e-86ce-868cdbc3fe4d,vision_cnn,relu,0,train_loss_epoch,139,0.5814257264137268
2797a817-24af-466e-86ce-868cdbc3fe4d,vision_cnn,relu,0,train_loss_epoch,157,0.5493870973587036
2797a817-24af-466e-86ce-868cdbc3fe4d,vision_cnn,relu,0,train_loss_epoch,175,0.5174999237060547
2797a817-24af-466e-86ce-868cdbc3fe4d,vision_cnn,relu,0,train_loss_epoch,191,0.4866819977760315
2797a817-24af-466e-86ce-868cdbc3fe4d,vision_cnn,relu,0,train_loss_epoch,209,0.4555281698703766
2797a817-24af-466e-86ce-868cdbc3fe4d,vision_cnn,relu,0,train_loss_epoch,227,0.4375405311584472
2797a817-24af-466e-86ce-868cdbc3fe4d,vision_cnn,relu,0,train_loss_epoch,245,0.4162234961986542
2797a817-24af-466e-86ce-868cdbc3fe4d,vision_cnn,relu,0,train_loss_epoch,263,0.3943979442119598
2797a817-24af-466e-86ce-868cdbc3fe4d,vision_cnn,relu,0,train_loss_epoch,279,0.3810381293296814
2797a817-24af-466e-86ce-868cdbc3fe4d,vision_cnn,relu,0,train_loss_epoch,297,0.3657384514808655
2797a817-24af-466e-86ce-868cdbc3fe4d,vision_cnn,relu,0,train_loss_epoch,315,0.3619063198566437
2797a817-24af-466e-86ce-868cdbc3fe4d,vision_cnn,relu,0,train_loss_epoch,333,0.3573686778545379
2797a817-24af-466e-86ce-868cdbc3fe4d,vision_cnn,relu,0,train_loss_epoch,351,0.3564895689487457
55c53a21-c849-44e2-a93b-d93cbbf00d85,vision_cnn,relu,4,val_top1,14,0.3926999866962433
55c53a21-c849-44e2-a93b-d93cbbf00d85,vision_cnn,relu,4,val_top1,32,0.5633000135421753
55c53a21-c849-44e2-a93b-d93cbbf00d85,vision_cnn,relu,4,val_top1,50,0.6292999982833862
55c53a21-c849-44e2-a93b-d93cbbf00d85,vision_cnn,relu,4,val_top1,68,0.6299999952316284
55c53a21-c849-44e2-a93b-d93cbbf00d85,vision_cnn,relu,4,val_top1,86,0.7239000201225281
55c53a21-c849-44e2-a93b-d93cbbf00d85,vision_cnn,relu,4,val_top1,102,0.7156999707221985
55c53a21-c849-44e2-a93b-d93cbbf00d85,vision_cnn,relu,4,val_top1,120,0.7293999791145325
55c53a21-c849-44e2-a93b-d93cbbf00d85,vision_cnn,relu,4,val_top1,138,0.7754999995231628
55c53a21-c849-44e2-a93b-d93cbbf00d85,vision_cnn,relu,4,val_top1,156,0.7850000262260437
55c53a21-c849-44e2-a93b-d93cbbf00d85,vision_cnn,relu,4,val_top1,174,0.8158000111579895
55c53a21-c849-44e2-a93b-d93cbbf00d85,vision_cnn,relu,4,val_top1,190,0.8282999992370605
55c53a21-c849-44e2-a93b-d93cbbf00d85,vision_cnn,relu,4,val_top1,208,0.8165000081062317
55c53a21-c849-44e2-a93b-d93cbbf00d85,vision_cnn,relu,4,val_top1,226,0.8266000151634216
55c53a21-c849-44e2-a93b-d93cbbf00d85,vision_cnn,relu,4,val_top1,244,0.8357999920845032
55c53a21-c849-44e2-a93b-d93cbbf00d85,vision_cnn,relu,4,val_top1,262,0.8414999842643738
55c53a21-c849-44e2-a93b-d93cbbf00d85,vision_cnn,relu,4,val_top1,278,0.8409000039100647
55c53a21-c849-44e2-a93b-d93cbbf00d85,vision_cnn,relu,4,val_top1,296,0.8475000262260437
55c53a21-c849-44e2-a93b-d93cbbf00d85,vision_cnn,relu,4,val_top1,314,0.8472999930381775
55c53a21-c849-44e2-a93b-d93cbbf00d85,vision_cnn,relu,4,val_top1,332,0.8476999998092651
55c53a21-c849-44e2-a93b-d93cbbf00d85,vision_cnn,relu,4,val_top1,350,0.8486999869346619
55c53a21-c849-44e2-a93b-d93cbbf00d85,vision_cnn,relu,4,train_loss_epoch,15,2.0000641345977783
55c53a21-c849-44e2-a93b-d93cbbf00d85,vision_cnn,relu,4,train_loss_epoch,33,1.3346811532974243
55c53a21-c849-44e2-a93b-d93cbbf00d85,vision_cnn,relu,4,train_loss_epoch,51,1.062524676322937
55c53a21-c849-44e2-a93b-d93cbbf00d85,vision_cnn,relu,4,train_loss_epoch,69,0.9079785346984864
55c53a21-c849-44e2-a93b-d93cbbf00d85,vision_cnn,relu,4,train_loss_epoch,87,0.8008257746696472
55c53a21-c849-44e2-a93b-d93cbbf00d85,vision_cnn,relu,4,train_loss_epoch,103,0.70604008436203
55c53a21-c849-44e2-a93b-d93cbbf00d85,vision_cnn,relu,4,train_loss_epoch,121,0.6427963376045227
55c53a21-c849-44e2-a93b-d93cbbf00d85,vision_cnn,relu,4,train_loss_epoch,139,0.5940974950790405
55c53a21-c849-44e2-a93b-d93cbbf00d85,vision_cnn,relu,4,train_loss_epoch,157,0.5489293932914734
55c53a21-c849-44e2-a93b-d93cbbf00d85,vision_cnn,relu,4,train_loss_epoch,175,0.5173230767250061
55c53a21-c849-44e2-a93b-d93cbbf00d85,vision_cnn,relu,4,train_loss_epoch,191,0.4822956323623657
55c53a21-c849-44e2-a93b-d93cbbf00d85,vision_cnn,relu,4,train_loss_epoch,209,0.4557670056819916
55c53a21-c849-44e2-a93b-d93cbbf00d85,vision_cnn,relu,4,train_loss_epoch,227,0.4298658967018127
55c53a21-c849-44e2-a93b-d93cbbf00d85,vision_cnn,relu,4,train_loss_epoch,245,0.4120946228504181
55c53a21-c849-44e2-a93b-d93cbbf00d85,vision_cnn,relu,4,train_loss_epoch,263,0.3920013010501861
55c53a21-c849-44e2-a93b-d93cbbf00d85,vision_cnn,relu,4,train_loss_epoch,279,0.3761557042598724
55c53a21-c849-44e2-a93b-d93cbbf00d85,vision_cnn,relu,4,train_loss_epoch,297,0.3650242686271667
55c53a21-c849-44e2-a93b-d93cbbf00d85,vision_cnn,relu,4,train_loss_epoch,315,0.3550774455070495
55c53a21-c849-44e2-a93b-d93cbbf00d85,vision_cnn,relu,4,train_loss_epoch,333,0.3489880263805389
55c53a21-c849-44e2-a93b-d93cbbf00d85,vision_cnn,relu,4,train_loss_epoch,351,0.342583417892456
60744b5a-8800-4916-9f74-46c892a6bef4,vision_cnn,relu,3,val_top1,14,0.3826999962329864
60744b5a-8800-4916-9f74-46c892a6bef4,vision_cnn,relu,3,val_top1,32,0.5473999977111816
60744b5a-8800-4916-9f74-46c892a6bef4,vision_cnn,relu,3,val_top1,50,0.6477000117301941
60744b5a-8800-4916-9f74-46c892a6bef4,vision_cnn,relu,3,val_top1,68,0.6575999855995178
60744b5a-8800-4916-9f74-46c892a6bef4,vision_cnn,relu,3,val_top1,86,0.7267000079154968
60744b5a-8800-4916-9f74-46c892a6bef4,vision_cnn,relu,3,val_top1,102,0.765999972820282
60744b5a-8800-4916-9f74-46c892a6bef4,vision_cnn,relu,3,val_top1,120,0.7687000036239624
60744b5a-8800-4916-9f74-46c892a6bef4,vision_cnn,relu,3,val_top1,138,0.7698000073432922
60744b5a-8800-4916-9f74-46c892a6bef4,vision_cnn,relu,3,val_top1,156,0.8061000108718872
60744b5a-8800-4916-9f74-46c892a6bef4,vision_cnn,relu,3,val_top1,174,0.8172000050544739
60744b5a-8800-4916-9f74-46c892a6bef4,vision_cnn,relu,3,val_top1,190,0.8233000040054321
60744b5a-8800-4916-9f74-46c892a6bef4,vision_cnn,relu,3,val_top1,208,0.8123999834060669
60744b5a-8800-4916-9f74-46c892a6bef4,vision_cnn,relu,3,val_top1,226,0.8374999761581421
60744b5a-8800-4916-9f74-46c892a6bef4,vision_cnn,relu,3,val_top1,244,0.8389000296592712
60744b5a-8800-4916-9f74-46c892a6bef4,vision_cnn,relu,3,val_top1,262,0.8413000106811523
60744b5a-8800-4916-9f74-46c892a6bef4,vision_cnn,relu,3,val_top1,278,0.8440999984741211
60744b5a-8800-4916-9f74-46c892a6bef4,vision_cnn,relu,3,val_top1,296,0.8457000255584717
60744b5a-8800-4916-9f74-46c892a6bef4,vision_cnn,relu,3,val_top1,314,0.8496000170707703
60744b5a-8800-4916-9f74-46c892a6bef4,vision_cnn,relu,3,val_top1,332,0.852400004863739
60744b5a-8800-4916-9f74-46c892a6bef4,vision_cnn,relu,3,val_top1,350,0.8533999919891357
60744b5a-8800-4916-9f74-46c892a6bef4,vision_cnn,relu,3,train_loss_epoch,15,1.9139543771743772
60744b5a-8800-4916-9f74-46c892a6bef4,vision_cnn,relu,3,train_loss_epoch,33,1.2852635383605957
60744b5a-8800-4916-9f74-46c892a6bef4,vision_cnn,relu,3,train_loss_epoch,51,1.023678183555603
60744b5a-8800-4916-9f74-46c892a6bef4,vision_cnn,relu,3,train_loss_epoch,69,0.8595505356788635
60744b5a-8800-4916-9f74-46c892a6bef4,vision_cnn,relu,3,train_loss_epoch,87,0.7600858807563782
60744b5a-8800-4916-9f74-46c892a6bef4,vision_cnn,relu,3,train_loss_epoch,103,0.6818827986717224
60744b5a-8800-4916-9f74-46c892a6bef4,vision_cnn,relu,3,train_loss_epoch,121,0.6262905597686768
60744b5a-8800-4916-9f74-46c892a6bef4,vision_cnn,relu,3,train_loss_epoch,139,0.5758072137832642
60744b5a-8800-4916-9f74-46c892a6bef4,vision_cnn,relu,3,train_loss_epoch,157,0.5346988439559937
60744b5a-8800-4916-9f74-46c892a6bef4,vision_cnn,relu,3,train_loss_epoch,175,0.5050824880599976
60744b5a-8800-4916-9f74-46c892a6bef4,vision_cnn,relu,3,train_loss_epoch,191,0.4764434397220611
60744b5a-8800-4916-9f74-46c892a6bef4,vision_cnn,relu,3,train_loss_epoch,209,0.4462640881538391
60744b5a-8800-4916-9f74-46c892a6bef4,vision_cnn,relu,3,train_loss_epoch,227,0.4193894565105438
60744b5a-8800-4916-9f74-46c892a6bef4,vision_cnn,relu,3,train_loss_epoch,245,0.4028207659721374
60744b5a-8800-4916-9f74-46c892a6bef4,vision_cnn,relu,3,train_loss_epoch,263,0.3830061554908752
60744b5a-8800-4916-9f74-46c892a6bef4,vision_cnn,relu,3,train_loss_epoch,279,0.365846574306488
60744b5a-8800-4916-9f74-46c892a6bef4,vision_cnn,relu,3,train_loss_epoch,297,0.3561276197433471
60744b5a-8800-4916-9f74-46c892a6bef4,vision_cnn,relu,3,train_loss_epoch,315,0.3454679846763611
60744b5a-8800-4916-9f74-46c892a6bef4,vision_cnn,relu,3,train_loss_epoch,333,0.3428509533405304
60744b5a-8800-4916-9f74-46c892a6bef4,vision_cnn,relu,3,train_loss_epoch,351,0.3400776386260986
896a6b36-3281-4fad-bea3-6bc45430c416,vision_cnn,relu,6,val_top1,14,0.4392000138759613
896a6b36-3281-4fad-bea3-6bc45430c416,vision_cnn,relu,6,val_top1,32,0.5482000112533569
896a6b36-3281-4fad-bea3-6bc45430c416,vision_cnn,relu,6,val_top1,50,0.6413999795913696
896a6b36-3281-4fad-bea3-6bc45430c416,vision_cnn,relu,6,val_top1,68,0.6675000190734863
896a6b36-3281-4fad-bea3-6bc45430c416,vision_cnn,relu,6,val_top1,86,0.7067999839782715
896a6b36-3281-4fad-bea3-6bc45430c416,vision_cnn,relu,6,val_top1,102,0.7414000034332275
896a6b36-3281-4fad-bea3-6bc45430c416,vision_cnn,relu,6,val_top1,120,0.7724999785423279
896a6b36-3281-4fad-bea3-6bc45430c416,vision_cnn,relu,6,val_top1,138,0.7882999777793884
896a6b36-3281-4fad-bea3-6bc45430c416,vision_cnn,relu,6,val_top1,156,0.8008999824523926
896a6b36-3281-4fad-bea3-6bc45430c416,vision_cnn,relu,6,val_top1,174,0.8210999965667725
896a6b36-3281-4fad-bea3-6bc45430c416,vision_cnn,relu,6,val_top1,190,0.8009999990463257
896a6b36-3281-4fad-bea3-6bc45430c416,vision_cnn,relu,6,val_top1,208,0.8282999992370605
896a6b36-3281-4fad-bea3-6bc45430c416,vision_cnn,relu,6,val_top1,226,0.8343999981880188
896a6b36-3281-4fad-bea3-6bc45430c416,vision_cnn,relu,6,val_top1,244,0.8370000123977661
896a6b36-3281-4fad-bea3-6bc45430c416,vision_cnn,relu,6,val_top1,262,0.847000002861023
896a6b36-3281-4fad-bea3-6bc45430c416,vision_cnn,relu,6,val_top1,278,0.849399983882904
896a6b36-3281-4fad-bea3-6bc45430c416,vision_cnn,relu,6,val_top1,296,0.8519999980926514
896a6b36-3281-4fad-bea3-6bc45430c416,vision_cnn,relu,6,val_top1,314,0.8518999814987183
896a6b36-3281-4fad-bea3-6bc45430c416,vision_cnn,relu,6,val_top1,332,0.8526999950408936
896a6b36-3281-4fad-bea3-6bc45430c416,vision_cnn,relu,6,val_top1,350,0.8532000184059143
896a6b36-3281-4fad-bea3-6bc45430c416,vision_cnn,relu,6,train_loss_epoch,15,1.8000216484069824
896a6b36-3281-4fad-bea3-6bc45430c416,vision_cnn,relu,6,train_loss_epoch,33,1.315601110458374
896a6b36-3281-4fad-bea3-6bc45430c416,vision_cnn,relu,6,train_loss_epoch,51,1.037428379058838
896a6b36-3281-4fad-bea3-6bc45430c416,vision_cnn,relu,6,train_loss_epoch,69,0.8602873086929321
896a6b36-3281-4fad-bea3-6bc45430c416,vision_cnn,relu,6,train_loss_epoch,87,0.7505484819412231
896a6b36-3281-4fad-bea3-6bc45430c416,vision_cnn,relu,6,train_loss_epoch,103,0.6786073446273804
896a6b36-3281-4fad-bea3-6bc45430c416,vision_cnn,relu,6,train_loss_epoch,121,0.6221139430999756
896a6b36-3281-4fad-bea3-6bc45430c416,vision_cnn,relu,6,train_loss_epoch,139,0.5750143527984619
896a6b36-3281-4fad-bea3-6bc45430c416,vision_cnn,relu,6,train_loss_epoch,157,0.5377171635627747
896a6b36-3281-4fad-bea3-6bc45430c416,vision_cnn,relu,6,train_loss_epoch,175,0.5068672299385071
896a6b36-3281-4fad-bea3-6bc45430c416,vision_cnn,relu,6,train_loss_epoch,191,0.4726827442646026
896a6b36-3281-4fad-bea3-6bc45430c416,vision_cnn,relu,6,train_loss_epoch,209,0.4478005766868591
896a6b36-3281-4fad-bea3-6bc45430c416,vision_cnn,relu,6,train_loss_epoch,227,0.4240318238735199
896a6b36-3281-4fad-bea3-6bc45430c416,vision_cnn,relu,6,train_loss_epoch,245,0.4031514227390289
896a6b36-3281-4fad-bea3-6bc45430c416,vision_cnn,relu,6,train_loss_epoch,263,0.385157436132431
896a6b36-3281-4fad-bea3-6bc45430c416,vision_cnn,relu,6,train_loss_epoch,279,0.3657159805297851
896a6b36-3281-4fad-bea3-6bc45430c416,vision_cnn,relu,6,train_loss_epoch,297,0.3563157618045807
896a6b36-3281-4fad-bea3-6bc45430c416,vision_cnn,relu,6,train_loss_epoch,315,0.3487912714481354
896a6b36-3281-4fad-bea3-6bc45430c416,vision_cnn,relu,6,train_loss_epoch,333,0.3456149101257324
896a6b36-3281-4fad-bea3-6bc45430c416,vision_cnn,relu,6,train_loss_epoch,351,0.3400155901908874
bfaccbb1-fd1b-45b0-bd2a-efdcd68ee9d0,vision_cnn,relu,7,val_top1,14,0.4115999937057495
bfaccbb1-fd1b-45b0-bd2a-efdcd68ee9d0,vision_cnn,relu,7,val_top1,32,0.5785999894142151
bfaccbb1-fd1b-45b0-bd2a-efdcd68ee9d0,vision_cnn,relu,7,val_top1,50,0.6559000015258789
bfaccbb1-fd1b-45b0-bd2a-efdcd68ee9d0,vision_cnn,relu,7,val_top1,68,0.7077000141143799
bfaccbb1-fd1b-45b0-bd2a-efdcd68ee9d0,vision_cnn,relu,7,val_top1,86,0.6998000144958496
bfaccbb1-fd1b-45b0-bd2a-efdcd68ee9d0,vision_cnn,relu,7,val_top1,102,0.7328000068664551
bfaccbb1-fd1b-45b0-bd2a-efdcd68ee9d0,vision_cnn,relu,7,val_top1,120,0.7641000151634216
bfaccbb1-fd1b-45b0-bd2a-efdcd68ee9d0,vision_cnn,relu,7,val_top1,138,0.7759000062942505
bfaccbb1-fd1b-45b0-bd2a-efdcd68ee9d0,vision_cnn,relu,7,val_top1,156,0.7937999963760376
bfaccbb1-fd1b-45b0-bd2a-efdcd68ee9d0,vision_cnn,relu,7,val_top1,174,0.8086000084877014
bfaccbb1-fd1b-45b0-bd2a-efdcd68ee9d0,vision_cnn,relu,7,val_top1,190,0.8216999769210815
bfaccbb1-fd1b-45b0-bd2a-efdcd68ee9d0,vision_cnn,relu,7,val_top1,208,0.8274999856948853
bfaccbb1-fd1b-45b0-bd2a-efdcd68ee9d0,vision_cnn,relu,7,val_top1,226,0.8260999917984009
bfaccbb1-fd1b-45b0-bd2a-efdcd68ee9d0,vision_cnn,relu,7,val_top1,244,0.8403000235557556
bfaccbb1-fd1b-45b0-bd2a-efdcd68ee9d0,vision_cnn,relu,7,val_top1,262,0.8421000242233276
bfaccbb1-fd1b-45b0-bd2a-efdcd68ee9d0,vision_cnn,relu,7,val_top1,278,0.8485000133514404
bfaccbb1-fd1b-45b0-bd2a-efdcd68ee9d0,vision_cnn,relu,7,val_top1,296,0.850600004196167
bfaccbb1-fd1b-45b0-bd2a-efdcd68ee9d0,vision_cnn,relu,7,val_top1,314,0.8521999716758728
bfaccbb1-fd1b-45b0-bd2a-efdcd68ee9d0,vision_cnn,relu,7,val_top1,332,0.8521000146865845
bfaccbb1-fd1b-45b0-bd2a-efdcd68ee9d0,vision_cnn,relu,7,val_top1,350,0.8540999889373779
bfaccbb1-fd1b-45b0-bd2a-efdcd68ee9d0,vision_cnn,relu,7,train_loss_epoch,15,1.836467981338501
bfaccbb1-fd1b-45b0-bd2a-efdcd68ee9d0,vision_cnn,relu,7,train_loss_epoch,33,1.2933390140533447
bfaccbb1-fd1b-45b0-bd2a-efdcd68ee9d0,vision_cnn,relu,7,train_loss_epoch,51,1.0179836750030518
bfaccbb1-fd1b-45b0-bd2a-efdcd68ee9d0,vision_cnn,relu,7,train_loss_epoch,69,0.8712286353111267
bfaccbb1-fd1b-45b0-bd2a-efdcd68ee9d0,vision_cnn,relu,7,train_loss_epoch,87,0.7699364423751831
bfaccbb1-fd1b-45b0-bd2a-efdcd68ee9d0,vision_cnn,relu,7,train_loss_epoch,103,0.6878111362457275
bfaccbb1-fd1b-45b0-bd2a-efdcd68ee9d0,vision_cnn,relu,7,train_loss_epoch,121,0.6300511360168457
bfaccbb1-fd1b-45b0-bd2a-efdcd68ee9d0,vision_cnn,relu,7,train_loss_epoch,139,0.585164487361908
bfaccbb1-fd1b-45b0-bd2a-efdcd68ee9d0,vision_cnn,relu,7,train_loss_epoch,157,0.5489683747291565
bfaccbb1-fd1b-45b0-bd2a-efdcd68ee9d0,vision_cnn,relu,7,train_loss_epoch,175,0.5093780755996704
bfaccbb1-fd1b-45b0-bd2a-efdcd68ee9d0,vision_cnn,relu,7,train_loss_epoch,191,0.4809577465057373
bfaccbb1-fd1b-45b0-bd2a-efdcd68ee9d0,vision_cnn,relu,7,train_loss_epoch,209,0.4560238420963287
bfaccbb1-fd1b-45b0-bd2a-efdcd68ee9d0,vision_cnn,relu,7,train_loss_epoch,227,0.4309725165367126
bfaccbb1-fd1b-45b0-bd2a-efdcd68ee9d0,vision_cnn,relu,7,train_loss_epoch,245,0.4086952805519104
bfaccbb1-fd1b-45b0-bd2a-efdcd68ee9d0,vision_cnn,relu,7,train_loss_epoch,263,0.3889602124691009
bfaccbb1-fd1b-45b0-bd2a-efdcd68ee9d0,vision_cnn,relu,7,train_loss_epoch,279,0.3746580481529236
bfaccbb1-fd1b-45b0-bd2a-efdcd68ee9d0,vision_cnn,relu,7,train_loss_epoch,297,0.3618437647819519
bfaccbb1-fd1b-45b0-bd2a-efdcd68ee9d0,vision_cnn,relu,7,train_loss_epoch,315,0.3535863757133484
bfaccbb1-fd1b-45b0-bd2a-efdcd68ee9d0,vision_cnn,relu,7,train_loss_epoch,333,0.3506051898002624
bfaccbb1-fd1b-45b0-bd2a-efdcd68ee9d0,vision_cnn,relu,7,train_loss_epoch,351,0.3480852246284485
