run_id,task,activation,seed,metric,row_index,value
e992996f-30ea-4060-afc1-c3ac4b18b77a,vision_vit,tanh,5,val_top1,14,0.3503000140190124
e992996f-30ea-4060-afc1-c3ac4b18b77a,vision_vit,tanh,5,val_top1,32,0.438400000333786
e992996f-30ea-4060-afc1-c3ac4b18b77a,vision_vit,tanh,5,val_top1,50,0.481900006532669
e992996f-30ea-4060-afc1-c3ac4b18b77a,vision_vit,tanh,5,val_top1,68,0.5228000283241272
e992996f-30ea-4060-afc1-c3ac4b18b77a,vision_vit,tanh,5,val_top1,86,0.5353000164031982
e992996f-30ea-4060-afc1-c3ac4b18b77a,vision_vit,tanh,5,val_top1,102,0.5389999747276306
e992996f-30ea-4060-afc1-c3ac4b18b77a,vision_vit,tanh,5,val_top1,120,0.5656999945640564
e992996f-30ea-4060-afc1-c3ac4b18b77a,vision_vit,tanh,5,val_top1,138,0.582099974155426
e992996f-30ea-4060-afc1-c3ac4b18b77a,vision_vit,tanh,5,val_top1,156,0.5896000266075134
e992996f-30ea-4060-afc1-c3ac4b18b77a,vision_vit,tanh,5,val_top1,174,0.6017000079154968
e992996f-30ea-4060-afc1-c3ac4b18b77a,vision_vit,tanh,5,val_top1,190,0.6078000068664551
e992996f-30ea-4060-afc1-c3ac4b18b77a,vision_vit,tanh,5,val_top1,208,0.6179999709129333
e992996f-30ea-4060-afc1-c3ac4b18b77a,vision_vit,tanh,5,val_top1,226,0.6205999851226807
e992996f-30ea-4060-afc1-c3ac4b18b77a,vision_vit,tanh,5,val_top1,244,0.625
e992996f-30ea-4060-afc1-c3ac4b18b77a,vision_vit,tanh,5,val_top1,262,0.6312000155448914
e992996f-30ea-4060-afc1-c3ac4b18b77a,vision_vit,tanh,5,val_top1,278,0.635699987411499
e992996f-30ea-4060-afc1-c3ac4b18b77a,vision_vit,tanh,5,val_top1,296,0.6482999920845032
e992996f-30ea-4060-afc1-c3ac4b18b77a,vision_vit,tanh,5,val_top1,314,0.6463000178337097
e992996f-30ea-4060-afc1-c3ac4b18b77a,vision_vit,tanh,5,val_top1,332,0.6593000292778015
e992996f-30ea-4060-afc1-c3ac4b18b77a,vision_vit,tanh,5,val_top1,350,0.6577000021934509
e992996f-30ea-4060-afc1-c3ac4b18b77a,vision_vit,tanh,5,val_top1,366,0.6700000166893005
e992996f-30ea-4060-afc1-c3ac4b18b77a,vision_vit,tanh,5,val_top1,384,0.670199990272522
e992996f-30ea-4060-afc1-c3ac4b18b77a,vision_vit,tanh,5,val_top1,402,0.6678000092506409
e992996f-30ea-4060-afc1-c3ac4b18b77a,vision_vit,tanh,5,val_top1,420,0.6705999970436096
e992996f-30ea-4060-afc1-c3ac4b18b77a,vision_vit,tanh,5,val_top1,438,0.6746000051498413
e992996f-30ea-4060-afc1-c3ac4b18b77a,vision_vit,tanh,5,val_top1,454,0.6718000173568726
e992996f-30ea-4060-afc1-c3ac4b18b77a,vision_vit,tanh,5,val_top1,472,0.6776999831199646
e992996f-30ea-4060-afc1-c3ac4b18b77a,vision_vit,tanh,5,val_top1,490,0.6761999726295471
e992996f-30ea-4060-afc1-c3ac4b18b77a,vision_vit,tanh,5,val_top1,508,0.679099977016449
e992996f-30ea-4060-afc1-c3ac4b18b77a,vision_vit,tanh,5,val_top1,526,0.6776999831199646
e992996f-30ea-4060-afc1-c3ac4b18b77a,vision_vit,tanh,5,train_loss_epoch,15,2.029803514480591
e992996f-30ea-4060-afc1-c3ac4b18b77a,vision_vit,tanh,5,train_loss_epoch,33,1.7134075164794922
e992996f-30ea-4060-afc1-c3ac4b18b77a,vision_vit,tanh,5,train_loss_epoch,51,1.5343412160873413
e992996f-30ea-4060-afc1-c3ac4b18b77a,vision_vit,tanh,5,train_loss_epoch,69,1.4300843477249146
e992996f-30ea-4060-afc1-c3ac4b18b77a,vision_vit,tanh,5,train_loss_epoch,87,1.3664909601211548
e992996f-30ea-4060-afc1-c3ac4b18b77a,vision_vit,tanh,5,train_loss_epoch,103,1.3152854442596436
e992996f-30ea-4060-afc1-c3ac4b18b77a,vision_vit,tanh,5,train_loss_epoch,121,1.28507661819458
e992996f-30ea-4060-afc1-c3ac4b18b77a,vision_vit,tanh,5,train_loss_epoch,139,1.2509169578552246
e992996f-30ea-4060-afc1-c3ac4b18b77a,vision_vit,tanh,5,train_loss_epoch,157,1.2175970077514648
e992996f-30ea-4060-afc1-c3ac4b18b77a,vision_vit,tanh,5,train_loss_epoch,175,1.1980191469192505
e992996f-30ea-4060-afc1-c3ac4b18b77a,vision_vit,tanh,5,train_loss_epoch,191,1.169803023338318
e992996f-30ea-4060-afc1-c3ac4b18b77a,vision_vit,tanh,5,train_loss_epoch,209,1.149760603904724
e992996f-30ea-4060-afc1-c3ac4b18b77a,vision_vit,tanh,5,train_loss_epoch,227,1.1283618211746216
e992996f-30ea-4060-afc1-c3ac4b18b77a,vision_vit,tanh,5,train_loss_epoch,245,1.1111276149749756
e992996f-30ea-4060-afc1-c3ac4b18b77a,vision_vit,tanh,5,train_loss_epoch,263,1.0960533618927002
e992996f-30ea-4060-afc1-c3ac4b18b77a,vision_vit,tanh,5,train_loss_epoch,279,1.0748049020767212
e992996f-30ea-4060-afc1-c3ac4b18b77a,vision_vit,tanh,5,train_loss_epoch,297,1.0594643354415894
e992996f-30ea-4060-afc1-c3ac4b18b77a,vision_vit,tanh,5,train_loss_epoch,315,1.039117693901062
e992996f-30ea-4060-afc1-c3ac4b18b77a,vision_vit,tanh,5,train_loss_epoch,333,1.028523325920105
e992996f-30ea-4060-afc1-c3ac4b18b77a,vision_vit,tanh,5,train_loss_epoch,351,1.0114229917526243
e992996f-30ea-4060-afc1-c3ac4b18b77a,vision_vit,tanh,5,train_loss_epoch,367,1.0023247003555298
e992996f-30ea-4060-afc1-c3ac4b18b77a,vision_vit,tanh,5,train_loss_epoch,385,0.9882850646972656
e992996f-30ea-4060-afc1-c3ac4b18b77a,vision_vit,tanh,5,train_loss_epoch,403,0.97968727350235
e992996f-30ea-4060-afc1-c3ac4b18b77a,vision_vit,tanh,5,train_loss_epoch,421,0.964350402355194
e992996f-30ea-4060-afc1-c3ac4b18b77a,vision_vit,tanh,5,train_loss_epoch,439,0.9592259526252748
e992996f-30ea-4060-afc1-c3ac4b18b77a,vision_vit,tanh,5,train_loss_epoch,455,0.9564304947853088
e992996f-30ea-4060-afc1-c3ac4b18b77a,vision_vit,tanh,5,train_loss_epoch,473,0.9452927112579346
e992996f-30ea-4060-afc1-c3ac4b18b77a,vision_vit,tanh,5,train_loss_epoch,491,0.9474319219589232
e992996f-30ea-4060-afc1-c3ac4b18b77a,vision_vit,tanh,5,train_loss_epoch,509,0.9409602880477904
e992996f-30ea-4060-afc1-c3ac4b18b77a,vision_vit,tanh,5,train_loss_epoch,527,0.940834105014801
cc6dd343-e9ae-4689-9e7d-f1d5325bc721,vision_vit,tanh,7,val_top1,14,0.3795999884605407
cc6dd343-e9ae-4689-9e7d-f1d5325bc721,vision_vit,tanh,7,val_top1,32,0.4296000003814697
cc6dd343-e9ae-4689-9e7d-f1d5325bc721,vision_vit,tanh,7,val_top1,50,0.5052000284194946
cc6dd343-e9ae-4689-9e7d-f1d5325bc721,vision_vit,tanh,7,val_top1,68,0.5013999938964844
cc6dd343-e9ae-4689-9e7d-f1d5325bc721,vision_vit,tanh,7,val_top1,86,0.5314000248908997
cc6dd343-e9ae-4689-9e7d-f1d5325bc721,vision_vit,tanh,7,val_top1,102,0.5533000230789185
cc6dd343-e9ae-4689-9e7d-f1d5325bc721,vision_vit,tanh,7,val_top1,120,0.5641000270843506
cc6dd343-e9ae-4689-9e7d-f1d5325bc721,vision_vit,tanh,7,val_top1,138,0.5796999931335449
cc6dd343-e9ae-4689-9e7d-f1d5325bc721,vision_vit,tanh,7,val_top1,156,0.5958999991416931
cc6dd343-e9ae-4689-9e7d-f1d5325bc721,vision_vit,tanh,7,val_top1,174,0.6021999716758728
cc6dd343-e9ae-4689-9e7d-f1d5325bc721,vision_vit,tanh,7,val_top1,190,0.6154000163078308
cc6dd343-e9ae-4689-9e7d-f1d5325bc721,vision_vit,tanh,7,val_top1,208,0.6104000210762024
cc6dd343-e9ae-4689-9e7d-f1d5325bc721,vision_vit,tanh,7,val_top1,226,0.6223000288009644
cc6dd343-e9ae-4689-9e7d-f1d5325bc721,vision_vit,tanh,7,val_top1,244,0.6241999864578247
cc6dd343-e9ae-4689-9e7d-f1d5325bc721,vision_vit,tanh,7,val_top1,262,0.6394000053405762
cc6dd343-e9ae-4689-9e7d-f1d5325bc721,vision_vit,tanh,7,val_top1,278,0.6424000263214111
cc6dd343-e9ae-4689-9e7d-f1d5325bc721,vision_vit,tanh,7,val_top1,296,0.6467000246047974
cc6dd343-e9ae-4689-9e7d-f1d5325bc721,vision_vit,tanh,7,val_top1,314,0.6485999822616577
cc6dd343-e9ae-4689-9e7d-f1d5325bc721,vision_vit,tanh,7,val_top1,332,0.6545000076293945
cc6dd343-e9ae-4689-9e7d-f1d5325bc721,vision_vit,tanh,7,val_top1,350,0.6484000086784363
cc6dd343-e9ae-4689-9e7d-f1d5325bc721,vision_vit,tanh,7,val_top1,366,0.6600000262260437
cc6dd343-e9ae-4689-9e7d-f1d5325bc721,vision_vit,tanh,7,val_top1,384,0.6697999835014343
cc6dd343-e9ae-4689-9e7d-f1d5325bc721,vision_vit,tanh,7,val_top1,402,0.6674000024795532
cc6dd343-e9ae-4689-9e7d-f1d5325bc721,vision_vit,tanh,7,val_top1,420,0.6725999712944031
cc6dd343-e9ae-4689-9e7d-f1d5325bc721,vision_vit,tanh,7,val_top1,438,0.6757000088691711
cc6dd343-e9ae-4689-9e7d-f1d5325bc721,vision_vit,tanh,7,val_top1,454,0.6747000217437744
cc6dd343-e9ae-4689-9e7d-f1d5325bc721,vision_vit,tanh,7,val_top1,472,0.6761000156402588
cc6dd343-e9ae-4689-9e7d-f1d5325bc721,vision_vit,tanh,7,val_top1,490,0.6775000095367432
cc6dd343-e9ae-4689-9e7d-f1d5325bc721,vision_vit,tanh,7,val_top1,508,0.6776000261306763
cc6dd343-e9ae-4689-9e7d-f1d5325bc721,vision_vit,tanh,7,val_top1,526,0.678600013256073
cc6dd343-e9ae-4689-9e7d-f1d5325bc721,vision_vit,tanh,7,train_loss_epoch,15,2.0219688415527344
cc6dd343-e9ae-4689-9e7d-f1d5325bc721,vision_vit,tanh,7,train_loss_epoch,33,1.6756775379180908
cc6dd343-e9ae-4689-9e7d-f1d5325bc721,vision_vit,tanh,7,train_loss_epoch,51,1.5184803009033203
cc6dd343-e9ae-4689-9e7d-f1d5325bc721,vision_vit,tanh,7,train_loss_epoch,69,1.422946572303772
cc6dd343-e9ae-4689-9e7d-f1d5325bc721,vision_vit,tanh,7,train_loss_epoch,87,1.367319107055664
cc6dd343-e9ae-4689-9e7d-f1d5325bc721,vision_vit,tanh,7,train_loss_epoch,103,1.311811923980713
cc6dd343-e9ae-4689-9e7d-f1d5325bc721,vision_vit,tanh,7,train_loss_epoch,121,1.2837049961090088
cc6dd343-e9ae-4689-9e7d-f1d5325bc721,vision_vit,tanh,7,train_loss_epoch,139,1.2548787593841553
cc6dd343-e9ae-4689-9e7d-f1d5325bc721,vision_vit,tanh,7,train_loss_epoch,157,1.2256584167480469
cc6dd343-e9ae-4689-9e7d-f1d5325bc721,vision_vit,tanh,7,train_loss_epoch,175,1.1976113319396973
cc6dd343-e9ae-4689-9e7d-f1d5325bc721,vision_vit,tanh,7,train_loss_epoch,191,1.1715569496154783
cc6dd343-e9ae-4689-9e7d-f1d5325bc721,vision_vit,tanh,7,train_loss_epoch,209,1.1463884115219116
cc6dd343-e9ae-4689-9e7d-f1d5325bc721,vision_vit,tanh,7,train_loss_epoch,227,1.1240971088409424
cc6dd343-e9ae-4689-9e7d-f1d5325bc721,vision_vit,tanh,7,train_loss_epoch,245,1.112350583076477
cc6dd343-e9ae-4689-9e7d-f1d5325bc721,vision_vit,tanh,7,train_loss_epoch,263,1.0915786027908323
cc6dd343-e9ae-4689-9e7d-f1d5325bc721,vision_vit,tanh,7,train_loss_epoch,279,1.0741069316864014
cc6dd343-e9ae-4689-9e7d-f1d5325bc721,vision_vit,tanh,7,train_loss_epoch,297,1.0588061809539795
cc6dd343-e9ae-4689-9e7d-f1d5325bc721,vision_vit,tanh,7,train_loss_epoch,315,1.0429896116256714
cc6dd343-e9ae-4689-9e7d-f1d5325bc721,vision_vit,tanh,7,train_loss_epoch,333,1.03442120552063
cc6dd343-e9ae-4689-9e7d-f1d5325bc721,vision_vit,tanh,7,train_loss_epoch,351,1.0132694244384766
cc6dd343-e9ae-4689-9e7d-f1d5325bc721,vision_vit,tanh,7,train_loss_epoch,367,1.003203272819519
cc6dd343-e9ae-4689-9e7d-f1d5325bc721,vision_vit,tanh,7,train_loss_epoch,385,0.9953246116638184
cc6dd343-e9ae-4689-9e7d-f1d5325bc721,vision_vit,tanh,7,train_loss_epoch,403,0.9855158925056458
cc6dd343-e9ae-4689-9e7d-f1d5325bc721,vision_vit,tanh,7,train_loss_epoch,421,0.970131814479828
cc6dd343-e9ae-4689-9e7d-f1d5325bc721,vision_vit,tanh,7,train_loss_epoch,439,0.963861882686615
cc6dd343-e9ae-4689-9e7d-f1d5325bc721,vision_vit,tanh,7,train_loss_epoch,455,0.9563546180725098
cc6dd343-e9ae-4689-9e7d-f1d5325bc721,vision_vit,tanh,7,train_loss_epoch,473,0.9558218717575072
cc6dd343-e9ae-4689-9e7d-f1d5325bc721,vision_vit,tanh,7,train_loss_epoch,491,0.9538419842720032
cc6dd343-e9ae-4689-9e7d-f1d5325bc721,vision_vit,tanh,7,train_loss_epoch,509,0.9493210911750792
cc6dd343-e9ae-4689-9e7d-f1d5325bc721,vision_vit,tanh,7,train_loss_epoch,527,0.9442031979560852
758a273c-02c4-4dfd-b76f-a3b31e0ee91d,vision_vit,tanh,6,val_top1,14,0.3357000052928924
758a273c-02c4-4dfd-b76f-a3b31e0ee91d,vision_vit,tanh,6,val_top1,32,0.430400013923645
758a273c-02c4-4dfd-b76f-a3b31e0ee91d,vision_vit,tanh,6,val_top1,50,0.4663000106811523
758a273c-02c4-4dfd-b76f-a3b31e0ee91d,vision_vit,tanh,6,val_top1,68,0.5040000081062317
758a273c-02c4-4dfd-b76f-a3b31e0ee91d,vision_vit,tanh,6,val_top1,86,0.5325999855995178
758a273c-02c4-4dfd-b76f-a3b31e0ee91d,vision_vit,tanh,6,val_top1,102,0.5540000200271606
758a273c-02c4-4dfd-b76f-a3b31e0ee91d,vision_vit,tanh,6,val_top1,120,0.5698999762535095
758a273c-02c4-4dfd-b76f-a3b31e0ee91d,vision_vit,tanh,6,val_top1,138,0.5853999853134155
758a273c-02c4-4dfd-b76f-a3b31e0ee91d,vision_vit,tanh,6,val_top1,156,0.5857999920845032
758a273c-02c4-4dfd-b76f-a3b31e0ee91d,vision_vit,tanh,6,val_top1,174,0.5960000157356262
758a273c-02c4-4dfd-b76f-a3b31e0ee91d,vision_vit,tanh,6,val_top1,190,0.6079999804496765
758a273c-02c4-4dfd-b76f-a3b31e0ee91d,vision_vit,tanh,6,val_top1,208,0.6079999804496765
758a273c-02c4-4dfd-b76f-a3b31e0ee91d,vision_vit,tanh,6,val_top1,226,0.6291999816894531
758a273c-02c4-4dfd-b76f-a3b31e0ee91d,vision_vit,tanh,6,val_top1,244,0.6309000253677368
758a273c-02c4-4dfd-b76f-a3b31e0ee91d,vision_vit,tanh,6,val_top1,262,0.6409000158309937
758a273c-02c4-4dfd-b76f-a3b31e0ee91d,vision_vit,tanh,6,val_top1,278,0.640500009059906
758a273c-02c4-4dfd-b76f-a3b31e0ee91d,vision_vit,tanh,6,val_top1,296,0.645799994468689
758a273c-02c4-4dfd-b76f-a3b31e0ee91d,vision_vit,tanh,6,val_top1,314,0.6572999954223633
758a273c-02c4-4dfd-b76f-a3b31e0ee91d,vision_vit,tanh,6,val_top1,332,0.6513000130653381
758a273c-02c4-4dfd-b76f-a3b31e0ee91d,vision_vit,tanh,6,val_top1,350,0.6596999764442444
758a273c-02c4-4dfd-b76f-a3b31e0ee91d,vision_vit,tanh,6,val_top1,366,0.660099983215332
758a273c-02c4-4dfd-b76f-a3b31e0ee91d,vision_vit,tanh,6,val_top1,384,0.6642000079154968
758a273c-02c4-4dfd-b76f-a3b31e0ee91d,vision_vit,tanh,6,val_top1,402,0.6699000000953674
758a273c-02c4-4dfd-b76f-a3b31e0ee91d,vision_vit,tanh,6,val_top1,420,0.6723999977111816
758a273c-02c4-4dfd-b76f-a3b31e0ee91d,vision_vit,tanh,6,val_top1,438,0.67330002784729
758a273c-02c4-4dfd-b76f-a3b31e0ee91d,vision_vit,tanh,6,val_top1,454,0.6757000088691711
758a273c-02c4-4dfd-b76f-a3b31e0ee91d,vision_vit,tanh,6,val_top1,472,0.677299976348877
758a273c-02c4-4dfd-b76f-a3b31e0ee91d,vision_vit,tanh,6,val_top1,490,0.6761999726295471
758a273c-02c4-4dfd-b76f-a3b31e0ee91d,vision_vit,tanh,6,val_top1,508,0.6758000254631042
758a273c-02c4-4dfd-b76f-a3b31e0ee91d,vision_vit,tanh,6,val_top1,526,0.6762999892234802
758a273c-02c4-4dfd-b76f-a3b31e0ee91d,vision_vit,tanh,6,train_loss_epoch,15,2.02653431892395
758a273c-02c4-4dfd-b76f-a3b31e0ee91d,vision_vit,tanh,6,train_loss_epoch,33,1.6973861455917358
758a273c-02c4-4dfd-b76f-a3b31e0ee91d,vision_vit,tanh,6,train_loss_epoch,51,1.52704918384552
758a273c-02c4-4dfd-b76f-a3b31e0ee91d,vision_vit,tanh,6,train_loss_epoch,69,1.432243585586548
758a273c-02c4-4dfd-b76f-a3b31e0ee91d,vision_vit,tanh,6,train_loss_epoch,87,1.3703553676605225
758a273c-02c4-4dfd-b76f-a3b31e0ee91d,vision_vit,tanh,6,train_loss_epoch,103,1.320111870765686
758a273c-02c4-4dfd-b76f-a3b31e0ee91d,vision_vit,tanh,6,train_loss_epoch,121,1.275282382965088
758a273c-02c4-4dfd-b76f-a3b31e0ee91d,vision_vit,tanh,6,train_loss_epoch,139,1.243760585784912
758a273c-02c4-4dfd-b76f-a3b31e0ee91d,vision_vit,tanh,6,train_loss_epoch,157,1.215764403343201
758a273c-02c4-4dfd-b76f-a3b31e0ee91d,vision_vit,tanh,6,train_loss_epoch,175,1.1793230772018433
758a273c-02c4-4dfd-b76f-a3b31e0ee91d,vision_vit,tanh,6,train_loss_epoch,191,1.1623613834381104
758a273c-02c4-4dfd-b76f-a3b31e0ee91d,vision_vit,tanh,6,train_loss_epoch,209,1.1421090364456177
758a273c-02c4-4dfd-b76f-a3b31e0ee91d,vision_vit,tanh,6,train_loss_epoch,227,1.1227680444717407
758a273c-02c4-4dfd-b76f-a3b31e0ee91d,vision_vit,tanh,6,train_loss_epoch,245,1.098818063735962
758a273c-02c4-4dfd-b76f-a3b31e0ee91d,vision_vit,tanh,6,train_loss_epoch,263,1.0866650342941284
758a273c-02c4-4dfd-b76f-a3b31e0ee91d,vision_vit,tanh,6,train_loss_epoch,279,1.06379497051239
758a273c-02c4-4dfd-b76f-a3b31e0ee91d,vision_vit,tanh,6,train_loss_epoch,297,1.047536849975586
758a273c-02c4-4dfd-b76f-a3b31e0ee91d,vision_vit,tanh,6,train_loss_epoch,315,1.0337858200073242
758a273c-02c4-4dfd-b76f-a3b31e0ee91d,vision_vit,tanh,6,train_loss_epoch,333,1.017656922340393
758a273c-02c4-4dfd-b76f-a3b31e0ee91d,vision_vit,tanh,6,train_loss_epoch,351,1.0054835081100464
758a273c-02c4-4dfd-b76f-a3b31e0ee91d,vision_vit,tanh,6,train_loss_epoch,367,0.996435284614563
758a273c-02c4-4dfd-b76f-a3b31e0ee91d,vision_vit,tanh,6,train_loss_epoch,385,0.9862523078918456
758a273c-02c4-4dfd-b76f-a3b31e0ee91d,vision_vit,tanh,6,train_loss_epoch,403,0.9709795713424684
758a273c-02c4-4dfd-b76f-a3b31e0ee91d,vision_vit,tanh,6,train_loss_epoch,421,0.9591472744941713
758a273c-02c4-4dfd-b76f-a3b31e0ee91d,vision_vit,tanh,6,train_loss_epoch,439,0.9527899622917176
758a273c-02c4-4dfd-b76f-a3b31e0ee91d,vision_vit,tanh,6,train_loss_epoch,455,0.9471341371536256
758a273c-02c4-4dfd-b76f-a3b31e0ee91d,vision_vit,tanh,6,train_loss_epoch,473,0.9396358132362366
758a273c-02c4-4dfd-b76f-a3b31e0ee91d,vision_vit,tanh,6,train_loss_epoch,491,0.9392564296722412
758a273c-02c4-4dfd-b76f-a3b31e0ee91d,vision_vit,tanh,6,train_loss_epoch,509,0.9356552362442015
758a273c-02c4-4dfd-b76f-a3b31e0ee91d,vision_vit,tanh,6,train_loss_epoch,527,0.9330427646636964
fbefe128-cb9b-489c-bd05-b70f7f343990,vision_vit,tanh,0,val_top1,14,0.3474999964237213
fbefe128-cb9b-489c-bd05-b70f7f343990,vision_vit,tanh,0,val_top1,32,0.4223000109195709
fbefe128-cb9b-489c-bd05-b70f7f343990,vision_vit,tanh,0,val_top1,50,0.498199999332428
fbefe128-cb9b-489c-bd05-b70f7f343990,vision_vit,tanh,0,val_top1,68,0.5121999979019165
fbefe128-cb9b-489c-bd05-b70f7f343990,vision_vit,tanh,0,val_top1,86,0.5401999950408936
fbefe128-cb9b-489c-bd05-b70f7f343990,vision_vit,tanh,0,val_top1,102,0.5504999756813049
fbefe128-cb9b-489c-bd05-b70f7f343990,vision_vit,tanh,0,val_top1,120,0.5482000112533569
fbefe128-cb9b-489c-bd05-b70f7f343990,vision_vit,tanh,0,val_top1,138,0.5846999883651733
fbefe128-cb9b-489c-bd05-b70f7f343990,vision_vit,tanh,0,val_top1,156,0.5896999835968018
fbefe128-cb9b-489c-bd05-b70f7f343990,vision_vit,tanh,0,val_top1,174,0.5884000062942505
fbefe128-cb9b-489c-bd05-b70f7f343990,vision_vit,tanh,0,val_top1,190,0.6100999712944031
fbefe128-cb9b-489c-bd05-b70f7f343990,vision_vit,tanh,0,val_top1,208,0.6115999817848206
fbefe128-cb9b-489c-bd05-b70f7f343990,vision_vit,tanh,0,val_top1,226,0.6187000274658203
fbefe128-cb9b-489c-bd05-b70f7f343990,vision_vit,tanh,0,val_top1,244,0.628000020980835
fbefe128-cb9b-489c-bd05-b70f7f343990,vision_vit,tanh,0,val_top1,262,0.633899986743927
fbefe128-cb9b-489c-bd05-b70f7f343990,vision_vit,tanh,0,val_top1,278,0.6462000012397766
fbefe128-cb9b-489c-bd05-b70f7f343990,vision_vit,tanh,0,val_top1,296,0.6453999876976013
fbefe128-cb9b-489c-bd05-b70f7f343990,vision_vit,tanh,0,val_top1,314,0.6491000056266785
fbefe128-cb9b-489c-bd05-b70f7f343990,vision_vit,tanh,0,val_top1,332,0.6592000126838684
fbefe128-cb9b-489c-bd05-b70f7f343990,vision_vit,tanh,0,val_top1,350,0.6575999855995178
fbefe128-cb9b-489c-bd05-b70f7f343990,vision_vit,tanh,0,val_top1,366,0.6636000275611877
fbefe128-cb9b-489c-bd05-b70f7f343990,vision_vit,tanh,0,val_top1,384,0.6646000146865845
fbefe128-cb9b-489c-bd05-b70f7f343990,vision_vit,tanh,0,val_top1,402,0.6657999753952026
fbefe128-cb9b-489c-bd05-b70f7f343990,vision_vit,tanh,0,val_top1,420,0.6682000160217285
fbefe128-cb9b-489c-bd05-b70f7f343990,vision_vit,tanh,0,val_top1,438,0.6664999723434448
fbefe128-cb9b-489c-bd05-b70f7f343990,vision_vit,tanh,0,val_top1,454,0.6729000210762024
fbefe128-cb9b-489c-bd05-b70f7f343990,vision_vit,tanh,0,val_top1,472,0.6757000088691711
fbefe128-cb9b-489c-bd05-b70f7f343990,vision_vit,tanh,0,val_top1,490,0.6741999983787537
fbefe128-cb9b-489c-bd05-b70f7f343990,vision_vit,tanh,0,val_top1,508,0.6764000058174133
fbefe128-cb9b-489c-bd05-b70f7f343990,vision_vit,tanh,0,val_top1,526,0.6762999892234802
fbefe128-cb9b-489c-bd05-b70f7f343990,vision_vit,tanh,0,train_loss_epoch,15,2.0307457447052
fbefe128-cb9b-489c-bd05-b70f7f343990,vision_vit,tanh,0,train_loss_epoch,33,1.6895471811294556
fbefe128-cb9b-489c-bd05-b70f7f343990,vision_vit,tanh,0,train_loss_epoch,51,1.5340781211853027
fbefe128-cb9b-489c-bd05-b70f7f343990,vision_vit,tanh,0,train_loss_epoch,69,1.4420307874679563
fbefe128-cb9b-489c-bd05-b70f7f343990,vision_vit,tanh,0,train_loss_epoch,87,1.3801610469818115
fbefe128-cb9b-489c-bd05-b70f7f343990,vision_vit,tanh,0,train_loss_epoch,103,1.3290369510650637
fbefe128-cb9b-489c-bd05-b70f7f343990,vision_vit,tanh,0,train_loss_epoch,121,1.293220281600952
fbefe128-cb9b-489c-bd05-b70f7f343990,vision_vit,tanh,0,train_loss_epoch,139,1.2570419311523438
fbefe128-cb9b-489c-bd05-b70f7f343990,vision_vit,tanh,0,train_loss_epoch,157,1.229743242263794
fbefe128-cb9b-489c-bd05-b70f7f343990,vision_vit,tanh,0,train_loss_epoch,175,1.2036347389221191
fbefe128-cb9b-489c-bd05-b70f7f343990,vision_vit,tanh,0,train_loss_epoch,191,1.1748988628387451
fbefe128-cb9b-489c-bd05-b70f7f343990,vision_vit,tanh,0,train_loss_epoch,209,1.159080982208252
fbefe128-cb9b-489c-bd05-b70f7f343990,vision_vit,tanh,0,train_loss_epoch,227,1.1342512369155884
fbefe128-cb9b-489c-bd05-b70f7f343990,vision_vit,tanh,0,train_loss_epoch,245,1.1169102191925049
fbefe128-cb9b-489c-bd05-b70f7f343990,vision_vit,tanh,0,train_loss_epoch,263,1.0987766981124878
fbefe128-cb9b-489c-bd05-b70f7f343990,vision_vit,tanh,0,train_loss_epoch,279,1.079634189605713
fbefe128-cb9b-489c-bd05-b70f7f343990,vision_vit,tanh,0,train_loss_epoch,297,1.06144380569458
fbefe128-cb9b-489c-bd05-b70f7f343990,vision_vit,tanh,0,train_loss_epoch,315,1.043179988861084
fbefe128-cb9b-489c-bd05-b70f7f343990,vision_vit,tanh,0,train_loss_epoch,333,1.0324134826660156
fbefe128-cb9b-489c-bd05-b70f7f343990,vision_vit,tanh,0,train_loss_epoch,351,1.019412636756897
fbefe128-cb9b-489c-bd05-b70f7f343990,vision_vit,tanh,0,train_loss_epoch,367,1.003015160560608
fbefe128-cb9b-489c-bd05-b70f7f343990,vision_vit,tanh,0,train_loss_epoch,385,0.9930177330970764
fbefe128-cb9b-489c-bd05-b70f7f343990,vision_vit,tanh,0,train_loss_epoch,403,0.9804947972297668
fbefe128-cb9b-489c-bd05-b70f7f343990,vision_vit,tanh,0,train_loss_epoch,421,0.9726099371910096
fbefe128-cb9b-489c-bd05-b70f7f343990,vision_vit,tanh,0,train_loss_epoch,439,0.9640199542045592
fbefe128-cb9b-489c-bd05-b70f7f343990,vision_vit,tanh,0,train_loss_epoch,455,0.9599030613899232
fbefe128-cb9b-489c-bd05-b70f7f343990,vision_vit,tanh,0,train_loss_epoch,473,0.9504255056381226
fbefe128-cb9b-489c-bd05-b70f7f343990,vision_vit,tanh,0,train_loss_epoch,491,0.9449807405471802
fbefe128-cb9b-489c-bd05-b70f7f343990,vision_vit,tanh,0,train_loss_epoch,509,0.9419405460357666
fbefe128-cb9b-489c-bd05-b70f7f343990,vision_vit,tanh,0,train_loss_epoch,527,0.9476038217544556
60416c74-f53f-4a81-8e5e-6ef50b9cca12,vision_vit,tanh,4,val_top1,14,0.3452000021934509
60416c74-f53f-4a81-8e5e-6ef50b9cca12,vision_vit,tanh,4,val_top1,32,0.4438999891281128
60416c74-f53f-4a81-8e5e-6ef50b9cca12,vision_vit,tanh,4,val_top1,50,0.4697999954223633
60416c74-f53f-4a81-8e5e-6ef50b9cca12,vision_vit,tanh,4,val_top1,68,0.507099986076355
60416c74-f53f-4a81-8e5e-6ef50b9cca12,vision_vit,tanh,4,val_top1,86,0.5370000004768372
60416c74-f53f-4a81-8e5e-6ef50b9cca12,vision_vit,tanh,4,val_top1,102,0.5424000024795532
60416c74-f53f-4a81-8e5e-6ef50b9cca12,vision_vit,tanh,4,val_top1,120,0.5715000033378601
60416c74-f53f-4a81-8e5e-6ef50b9cca12,vision_vit,tanh,4,val_top1,138,0.5740000009536743
60416c74-f53f-4a81-8e5e-6ef50b9cca12,vision_vit,tanh,4,val_top1,156,0.5727999806404114
60416c74-f53f-4a81-8e5e-6ef50b9cca12,vision_vit,tanh,4,val_top1,174,0.5940999984741211
60416c74-f53f-4a81-8e5e-6ef50b9cca12,vision_vit,tanh,4,val_top1,190,0.5927000045776367
60416c74-f53f-4a81-8e5e-6ef50b9cca12,vision_vit,tanh,4,val_top1,208,0.6060000061988831
60416c74-f53f-4a81-8e5e-6ef50b9cca12,vision_vit,tanh,4,val_top1,226,0.6049000024795532
60416c74-f53f-4a81-8e5e-6ef50b9cca12,vision_vit,tanh,4,val_top1,244,0.6276000142097473
60416c74-f53f-4a81-8e5e-6ef50b9cca12,vision_vit,tanh,4,val_top1,262,0.6315000057220459
60416c74-f53f-4a81-8e5e-6ef50b9cca12,vision_vit,tanh,4,val_top1,278,0.6297000050544739
60416c74-f53f-4a81-8e5e-6ef50b9cca12,vision_vit,tanh,4,val_top1,296,0.6373999714851379
60416c74-f53f-4a81-8e5e-6ef50b9cca12,vision_vit,tanh,4,val_top1,314,0.6424000263214111
60416c74-f53f-4a81-8e5e-6ef50b9cca12,vision_vit,tanh,4,val_top1,332,0.6517000198364258
60416c74-f53f-4a81-8e5e-6ef50b9cca12,vision_vit,tanh,4,val_top1,350,0.6507999897003174
60416c74-f53f-4a81-8e5e-6ef50b9cca12,vision_vit,tanh,4,val_top1,366,0.6575999855995178
60416c74-f53f-4a81-8e5e-6ef50b9cca12,vision_vit,tanh,4,val_top1,384,0.6614999771118164
60416c74-f53f-4a81-8e5e-6ef50b9cca12,vision_vit,tanh,4,val_top1,402,0.6611999869346619
60416c74-f53f-4a81-8e5e-6ef50b9cca12,vision_vit,tanh,4,val_top1,420,0.6686000227928162
60416c74-f53f-4a81-8e5e-6ef50b9cca12,vision_vit,tanh,4,val_top1,438,0.6672999858856201
60416c74-f53f-4a81-8e5e-6ef50b9cca12,vision_vit,tanh,4,val_top1,454,0.667900025844574
60416c74-f53f-4a81-8e5e-6ef50b9cca12,vision_vit,tanh,4,val_top1,472,0.6730999946594238
60416c74-f53f-4a81-8e5e-6ef50b9cca12,vision_vit,tanh,4,val_top1,490,0.6736999750137329
60416c74-f53f-4a81-8e5e-6ef50b9cca12,vision_vit,tanh,4,val_top1,508,0.6732000112533569
60416c74-f53f-4a81-8e5e-6ef50b9cca12,vision_vit,tanh,4,val_top1,526,0.6740000247955322
60416c74-f53f-4a81-8e5e-6ef50b9cca12,vision_vit,tanh,4,train_loss_epoch,15,2.025041103363037
60416c74-f53f-4a81-8e5e-6ef50b9cca12,vision_vit,tanh,4,train_loss_epoch,33,1.6997727155685425
60416c74-f53f-4a81-8e5e-6ef50b9cca12,vision_vit,tanh,4,train_loss_epoch,51,1.5270664691925049
60416c74-f53f-4a81-8e5e-6ef50b9cca12,vision_vit,tanh,4,train_loss_epoch,69,1.4370808601379397
60416c74-f53f-4a81-8e5e-6ef50b9cca12,vision_vit,tanh,4,train_loss_epoch,87,1.3694002628326416
60416c74-f53f-4a81-8e5e-6ef50b9cca12,vision_vit,tanh,4,train_loss_epoch,103,1.326575756072998
60416c74-f53f-4a81-8e5e-6ef50b9cca12,vision_vit,tanh,4,train_loss_epoch,121,1.292102336883545
60416c74-f53f-4a81-8e5e-6ef50b9cca12,vision_vit,tanh,4,train_loss_epoch,139,1.2538776397705078
60416c74-f53f-4a81-8e5e-6ef50b9cca12,vision_vit,tanh,4,train_loss_epoch,157,1.2249835729599
60416c74-f53f-4a81-8e5e-6ef50b9cca12,vision_vit,tanh,4,train_loss_epoch,175,1.1985559463500977
60416c74-f53f-4a81-8e5e-6ef50b9cca12,vision_vit,tanh,4,train_loss_epoch,191,1.1802669763565063
60416c74-f53f-4a81-8e5e-6ef50b9cca12,vision_vit,tanh,4,train_loss_epoch,209,1.1550326347351074
60416c74-f53f-4a81-8e5e-6ef50b9cca12,vision_vit,tanh,4,train_loss_epoch,227,1.136590600013733
60416c74-f53f-4a81-8e5e-6ef50b9cca12,vision_vit,tanh,4,train_loss_epoch,245,1.1233458518981934
60416c74-f53f-4a81-8e5e-6ef50b9cca12,vision_vit,tanh,4,train_loss_epoch,263,1.100793480873108
60416c74-f53f-4a81-8e5e-6ef50b9cca12,vision_vit,tanh,4,train_loss_epoch,279,1.0852619409561155
60416c74-f53f-4a81-8e5e-6ef50b9cca12,vision_vit,tanh,4,train_loss_epoch,297,1.065748691558838
60416c74-f53f-4a81-8e5e-6ef50b9cca12,vision_vit,tanh,4,train_loss_epoch,315,1.0495760440826416
60416c74-f53f-4a81-8e5e-6ef50b9cca12,vision_vit,tanh,4,train_loss_epoch,333,1.0328220129013062
60416c74-f53f-4a81-8e5e-6ef50b9cca12,vision_vit,tanh,4,train_loss_epoch,351,1.0247571468353271
60416c74-f53f-4a81-8e5e-6ef50b9cca12,vision_vit,tanh,4,train_loss_epoch,367,1.0081530809402466
60416c74-f53f-4a81-8e5e-6ef50b9cca12,vision_vit,tanh,4,train_loss_epoch,385,0.9976031184196472
60416c74-f53f-4a81-8e5e-6ef50b9cca12,vision_vit,tanh,4,train_loss_epoch,403,0.9875484108924866
60416c74-f53f-4a81-8e5e-6ef50b9cca12,vision_vit,tanh,4,train_loss_epoch,421,0.9799381494522096
60416c74-f53f-4a81-8e5e-6ef50b9cca12,vision_vit,tanh,4,train_loss_epoch,439,0.9666715264320374
60416c74-f53f-4a81-8e5e-6ef50b9cca12,vision_vit,tanh,4,train_loss_epoch,455,0.9639256596565248
60416c74-f53f-4a81-8e5e-6ef50b9cca12,vision_vit,tanh,4,train_loss_epoch,473,0.9592647552490234
60416c74-f53f-4a81-8e5e-6ef50b9cca12,vision_vit,tanh,4,train_loss_epoch,491,0.9530537128448486
60416c74-f53f-4a81-8e5e-6ef50b9cca12,vision_vit,tanh,4,train_loss_epoch,509,0.9527693390846252
60416c74-f53f-4a81-8e5e-6ef50b9cca12,vision_vit,tanh,4,train_loss_epoch,527,0.9544634819030762
52ef5da2-747a-47e4-b4f4-6f72de88ece9,vision_vit,tanh,2,val_top1,14,0.3301999866962433
52ef5da2-747a-47e4-b4f4-6f72de88ece9,vision_vit,tanh,2,val_top1,32,0.440200001001358
52ef5da2-747a-47e4-b4f4-6f72de88ece9,vision_vit,tanh,2,val_top1,50,0.4753000140190124
52ef5da2-747a-47e4-b4f4-6f72de88ece9,vision_vit,tanh,2,val_top1,68,0.5088000297546387
52ef5da2-747a-47e4-b4f4-6f72de88ece9,vision_vit,tanh,2,val_top1,86,0.5379999876022339
52ef5da2-747a-47e4-b4f4-6f72de88ece9,vision_vit,tanh,2,val_top1,102,0.5332000255584717
52ef5da2-747a-47e4-b4f4-6f72de88ece9,vision_vit,tanh,2,val_top1,120,0.5676000118255615
52ef5da2-747a-47e4-b4f4-6f72de88ece9,vision_vit,tanh,2,val_top1,138,0.5741000175476074
52ef5da2-747a-47e4-b4f4-6f72de88ece9,vision_vit,tanh,2,val_top1,156,0.5839999914169312
52ef5da2-747a-47e4-b4f4-6f72de88ece9,vision_vit,tanh,2,val_top1,174,0.5913000106811523
52ef5da2-747a-47e4-b4f4-6f72de88ece9,vision_vit,tanh,2,val_top1,190,0.6043000221252441
52ef5da2-747a-47e4-b4f4-6f72de88ece9,vision_vit,tanh,2,val_top1,208,0.6105999946594238
52ef5da2-747a-47e4-b4f4-6f72de88ece9,vision_vit,tanh,2,val_top1,226,0.6266000270843506
52ef5da2-747a-47e4-b4f4-6f72de88ece9,vision_vit,tanh,2,val_top1,244,0.6322000026702881
52ef5da2-747a-47e4-b4f4-6f72de88ece9,vision_vit,tanh,2,val_top1,262,0.6144999861717224
52ef5da2-747a-47e4-b4f4-6f72de88ece9,vision_vit,tanh,2,val_top1,278,0.6399999856948853
52ef5da2-747a-47e4-b4f4-6f72de88ece9,vision_vit,tanh,2,val_top1,296,0.6446999907493591
52ef5da2-747a-47e4-b4f4-6f72de88ece9,vision_vit,tanh,2,val_top1,314,0.641700029373169
52ef5da2-747a-47e4-b4f4-6f72de88ece9,vision_vit,tanh,2,val_top1,332,0.6500999927520752
52ef5da2-747a-47e4-b4f4-6f72de88ece9,vision_vit,tanh,2,val_top1,350,0.6568999886512756
52ef5da2-747a-47e4-b4f4-6f72de88ece9,vision_vit,tanh,2,val_top1,366,0.6492000222206116
52ef5da2-747a-47e4-b4f4-6f72de88ece9,vision_vit,tanh,2,val_top1,384,0.6611999869346619
52ef5da2-747a-47e4-b4f4-6f72de88ece9,vision_vit,tanh,2,val_top1,402,0.6614000201225281
52ef5da2-747a-47e4-b4f4-6f72de88ece9,vision_vit,tanh,2,val_top1,420,0.6682999730110168
52ef5da2-747a-47e4-b4f4-6f72de88ece9,vision_vit,tanh,2,val_top1,438,0.6714000105857849
52ef5da2-747a-47e4-b4f4-6f72de88ece9,vision_vit,tanh,2,val_top1,454,0.6726999878883362
52ef5da2-747a-47e4-b4f4-6f72de88ece9,vision_vit,tanh,2,val_top1,472,0.673799991607666
52ef5da2-747a-47e4-b4f4-6f72de88ece9,vision_vit,tanh,2,val_top1,490,0.6748999953269958
52ef5da2-747a-47e4-b4f4-6f72de88ece9,vision_vit,tanh,2,val_top1,508,0.6753000020980835
52ef5da2-747a-47e4-b4f4-6f72de88ece9,vision_vit,tanh,2,val_top1,526,0.6751999855041504
52ef5da2-747a-47e4-b4f4-6f72de88ece9,vision_vit,tanh,2,train_loss_epoch,15,2.044975519180298
52ef5da2-747a-47e4-b4f4-6f72de88ece9,vision_vit,tanh,2,train_loss_epoch,33,1.702751636505127
52ef5da2-747a-47e4-b4f4-6f72de88ece9,vision_vit,tanh,2,train_loss_epoch,51,1.5313470363616943
52ef5da2-747a-47e4-b4f4-6f72de88ece9,vision_vit,tanh,2,train_loss_epoch,69,1.4412262439727783
52ef5da2-747a-47e4-b4f4-6f72de88ece9,vision_vit,tanh,2,train_loss_epoch,87,1.3743401765823364
52ef5da2-747a-47e4-b4f4-6f72de88ece9,vision_vit,tanh,2,train_loss_epoch,103,1.3232578039169312
52ef5da2-747a-47e4-b4f4-6f72de88ece9,vision_vit,tanh,2,train_loss_epoch,121,1.2837791442871094
52ef5da2-747a-47e4-b4f4-6f72de88ece9,vision_vit,tanh,2,train_loss_epoch,139,1.2551450729370115
52ef5da2-747a-47e4-b4f4-6f72de88ece9,vision_vit,tanh,2,train_loss_epoch,157,1.222930073738098
52ef5da2-747a-47e4-b4f4-6f72de88ece9,vision_vit,tanh,2,train_loss_epoch,175,1.2001904249191284
52ef5da2-747a-47e4-b4f4-6f72de88ece9,vision_vit,tanh,2,train_loss_epoch,191,1.1795562505722046
52ef5da2-747a-47e4-b4f4-6f72de88ece9,vision_vit,tanh,2,train_loss_epoch,209,1.1552225351333618
52ef5da2-747a-47e4-b4f4-6f72de88ece9,vision_vit,tanh,2,train_loss_epoch,227,1.133906006813049
52ef5da2-747a-47e4-b4f4-6f72de88ece9,vision_vit,tanh,2,train_loss_epoch,245,1.1168327331542969
52ef5da2-747a-47e4-b4f4-6f72de88ece9,vision_vit,tanh,2,train_loss_epoch,263,1.1011940240859983
52ef5da2-747a-47e4-b4f4-6f72de88ece9,vision_vit,tanh,2,train_loss_epoch,279,1.0843561887741089
52ef5da2-747a-47e4-b4f4-6f72de88ece9,vision_vit,tanh,2,train_loss_epoch,297,1.0662378072738647
52ef5da2-747a-47e4-b4f4-6f72de88ece9,vision_vit,tanh,2,train_loss_epoch,315,1.0477533340454102
52ef5da2-747a-47e4-b4f4-6f72de88ece9,vision_vit,tanh,2,train_loss_epoch,333,1.0355260372161863
52ef5da2-747a-47e4-b4f4-6f72de88ece9,vision_vit,tanh,2,train_loss_epoch,351,1.024467945098877
52ef5da2-747a-47e4-b4f4-6f72de88ece9,vision_vit,tanh,2,train_loss_epoch,367,1.0136849880218506
52ef5da2-747a-47e4-b4f4-6f72de88ece9,vision_vit,tanh,2,train_loss_epoch,385,0.99947988986969
52ef5da2-747a-47e4-b4f4-6f72de88ece9,vision_vit,tanh,2,train_loss_epoch,403,0.9879900813102722
52ef5da2-747a-47e4-b4f4-6f72de88ece9,vision_vit,tanh,2,train_loss_epoch,421,0.983732044696808
52ef5da2-747a-47e4-b4f4-6f72de88ece9,vision_vit,tanh,2,train_loss_epoch,439,0.9701858162879944
52ef5da2-747a-47e4-b4f4-6f72de88ece9,vision_vit,tanh,2,train_loss_epoch,455,0.9689683318138124
52ef5da2-747a-47e4-b4f4-6f72de88ece9,vision_vit,tanh,2,train_loss_epoch,473,0.9658299088478088
52ef5da2-747a-47e4-b4f4-6f72de88ece9,vision_vit,tanh,2,train_loss_epoch,491,0.9583464860916138
52ef5da2-747a-47e4-b4f4-6f72de88ece9,vision_vit,tanh,2,train_loss_epoch,509,0.952522873878479
52ef5da2-747a-47e4-b4f4-6f72de88ece9,vision_vit,tanh,2,train_loss_epoch,527,0.9540119767189026
1a2d8595-5c1f-45f1-b516-8b53b84c8040,vision_vit,tanh,1,val_top1,14,0.3718999922275543
1a2d8595-5c1f-45f1-b516-8b53b84c8040,vision_vit,tanh,1,val_top1,32,0.4255000054836273
1a2d8595-5c1f-45f1-b516-8b53b84c8040,vision_vit,tanh,1,val_top1,50,0.477400004863739
1a2d8595-5c1f-45f1-b516-8b53b84c8040,vision_vit,tanh,1,val_top1,68,0.5026000142097473
1a2d8595-5c1f-45f1-b516-8b53b84c8040,vision_vit,tanh,1,val_top1,86,0.5306000113487244
1a2d8595-5c1f-45f1-b516-8b53b84c8040,vision_vit,tanh,1,val_top1,102,0.5575000047683716
1a2d8595-5c1f-45f1-b516-8b53b84c8040,vision_vit,tanh,1,val_top1,120,0.5687999725341797
1a2d8595-5c1f-45f1-b516-8b53b84c8040,vision_vit,tanh,1,val_top1,138,0.5709999799728394
1a2d8595-5c1f-45f1-b516-8b53b84c8040,vision_vit,tanh,1,val_top1,156,0.5781999826431274
1a2d8595-5c1f-45f1-b516-8b53b84c8040,vision_vit,tanh,1,val_top1,174,0.5945000052452087
1a2d8595-5c1f-45f1-b516-8b53b84c8040,vision_vit,tanh,1,val_top1,190,0.6028000116348267
1a2d8595-5c1f-45f1-b516-8b53b84c8040,vision_vit,tanh,1,val_top1,208,0.60589998960495
1a2d8595-5c1f-45f1-b516-8b53b84c8040,vision_vit,tanh,1,val_top1,226,0.6049000024795532
1a2d8595-5c1f-45f1-b516-8b53b84c8040,vision_vit,tanh,1,val_top1,244,0.620199978351593
1a2d8595-5c1f-45f1-b516-8b53b84c8040,vision_vit,tanh,1,val_top1,262,0.6304000020027161
1a2d8595-5c1f-45f1-b516-8b53b84c8040,vision_vit,tanh,1,val_top1,278,0.6388999819755554
1a2d8595-5c1f-45f1-b516-8b53b84c8040,vision_vit,tanh,1,val_top1,296,0.6438999772071838
1a2d8595-5c1f-45f1-b516-8b53b84c8040,vision_vit,tanh,1,val_top1,314,0.646399974822998
1a2d8595-5c1f-45f1-b516-8b53b84c8040,vision_vit,tanh,1,val_top1,332,0.650600016117096
1a2d8595-5c1f-45f1-b516-8b53b84c8040,vision_vit,tanh,1,val_top1,350,0.652999997138977
1a2d8595-5c1f-45f1-b516-8b53b84c8040,vision_vit,tanh,1,val_top1,366,0.6592000126838684
1a2d8595-5c1f-45f1-b516-8b53b84c8040,vision_vit,tanh,1,val_top1,384,0.6636999845504761
1a2d8595-5c1f-45f1-b516-8b53b84c8040,vision_vit,tanh,1,val_top1,402,0.6708999872207642
1a2d8595-5c1f-45f1-b516-8b53b84c8040,vision_vit,tanh,1,val_top1,420,0.67330002784729
1a2d8595-5c1f-45f1-b516-8b53b84c8040,vision_vit,tanh,1,val_top1,438,0.6704999804496765
1a2d8595-5c1f-45f1-b516-8b53b84c8040,vision_vit,tanh,1,val_top1,454,0.6726999878883362
1a2d8595-5c1f-45f1-b516-8b53b84c8040,vision_vit,tanh,1,val_top1,472,0.6747999787330627
1a2d8595-5c1f-45f1-b516-8b53b84c8040,vision_vit,tanh,1,val_top1,490,0.6743000149726868
1a2d8595-5c1f-45f1-b516-8b53b84c8040,vision_vit,tanh,1,val_top1,508,0.6758000254631042
1a2d8595-5c1f-45f1-b516-8b53b84c8040,vision_vit,tanh,1,val_top1,526,0.6753000020980835
1a2d8595-5c1f-45f1-b516-8b53b84c8040,vision_vit,tanh,1,train_loss_epoch,15,2.032411813735962
1a2d8595-5c1f-45f1-b516-8b53b84c8040,vision_vit,tanh,1,train_loss_epoch,33,1.7023130655288696
1a2d8595-5c1f-45f1-b516-8b53b84c8040,vision_vit,tanh,1,train_loss_epoch,51,1.54705548286438
1a2d8595-5c1f-45f1-b516-8b53b84c8040,vision_vit,tanh,1,train_loss_epoch,69,1.4445239305496216
1a2d8595-5c1f-45f1-b516-8b53b84c8040,vision_vit,tanh,1,train_loss_epoch,87,1.3810158967971802
1a2d8595-5c1f-45f1-b516-8b53b84c8040,vision_vit,tanh,1,train_loss_epoch,103,1.3371576070785522
1a2d8595-5c1f-45f1-b516-8b53b84c8040,vision_vit,tanh,1,train_loss_epoch,121,1.2942601442337036
1a2d8595-5c1f-45f1-b516-8b53b84c8040,vision_vit,tanh,1,train_loss_epoch,139,1.2624833583831787
1a2d8595-5c1f-45f1-b516-8b53b84c8040,vision_vit,tanh,1,train_loss_epoch,157,1.234622359275818
1a2d8595-5c1f-45f1-b516-8b53b84c8040,vision_vit,tanh,1,train_loss_epoch,175,1.2069114446640017
1a2d8595-5c1f-45f1-b516-8b53b84c8040,vision_vit,tanh,1,train_loss_epoch,191,1.185793161392212
1a2d8595-5c1f-45f1-b516-8b53b84c8040,vision_vit,tanh,1,train_loss_epoch,209,1.157315731048584
1a2d8595-5c1f-45f1-b516-8b53b84c8040,vision_vit,tanh,1,train_loss_epoch,227,1.1398539543151855
1a2d8595-5c1f-45f1-b516-8b53b84c8040,vision_vit,tanh,1,train_loss_epoch,245,1.1181607246398926
1a2d8595-5c1f-45f1-b516-8b53b84c8040,vision_vit,tanh,1,train_loss_epoch,263,1.1045091152191162
1a2d8595-5c1f-45f1-b516-8b53b84c8040,vision_vit,tanh,1,train_loss_epoch,279,1.085310697555542
1a2d8595-5c1f-45f1-b516-8b53b84c8040,vision_vit,tanh,1,train_loss_epoch,297,1.0670166015625
1a2d8595-5c1f-45f1-b516-8b53b84c8040,vision_vit,tanh,1,train_loss_epoch,315,1.0600749254226685
1a2d8595-5c1f-45f1-b516-8b53b84c8040,vision_vit,tanh,1,train_loss_epoch,333,1.0438823699951172
1a2d8595-5c1f-45f1-b516-8b53b84c8040,vision_vit,tanh,1,train_loss_epoch,351,1.024382472038269
1a2d8595-5c1f-45f1-b516-8b53b84c8040,vision_vit,tanh,1,train_loss_epoch,367,1.0116045475006104
1a2d8595-5c1f-45f1-b516-8b53b84c8040,vision_vit,tanh,1,train_loss_epoch,385,1.0018455982208252
1a2d8595-5c1f-45f1-b516-8b53b84c8040,vision_vit,tanh,1,train_loss_epoch,403,0.9920143485069276
1a2d8595-5c1f-45f1-b516-8b53b84c8040,vision_vit,tanh,1,train_loss_epoch,421,0.9789361357688904
1a2d8595-5c1f-45f1-b516-8b53b84c8040,vision_vit,tanh,1,train_loss_epoch,439,0.9762163162231444
1a2d8595-5c1f-45f1-b516-8b53b84c8040,vision_vit,tanh,1,train_loss_epoch,455,0.964887797832489
1a2d8595-5c1f-45f1-b516-8b53b84c8040,vision_vit,tanh,1,train_loss_epoch,473,0.9624679684638976
1a2d8595-5c1f-45f1-b516-8b53b84c8040,vision_vit,tanh,1,train_loss_epoch,491,0.9612207412719728
1a2d8595-5c1f-45f1-b516-8b53b84c8040,vision_vit,tanh,1,train_loss_epoch,509,0.953337550163269
1a2d8595-5c1f-45f1-b516-8b53b84c8040,vision_vit,tanh,1,train_loss_epoch,527,0.956878125667572
059cd924-4f17-4ca8-9c0a-cc62952e35df,vision_vit,tanh,3,val_top1,14,0.3436000049114227
059cd924-4f17-4ca8-9c0a-cc62952e35df,vision_vit,tanh,3,val_top1,32,0.4226999878883362
059cd924-4f17-4ca8-9c0a-cc62952e35df,vision_vit,tanh,3,val_top1,50,0.4909000098705292
059cd924-4f17-4ca8-9c0a-cc62952e35df,vision_vit,tanh,3,val_top1,68,0.5
059cd924-4f17-4ca8-9c0a-cc62952e35df,vision_vit,tanh,3,val_top1,86,0.5257999897003174
059cd924-4f17-4ca8-9c0a-cc62952e35df,vision_vit,tanh,3,val_top1,102,0.5593000054359436
059cd924-4f17-4ca8-9c0a-cc62952e35df,vision_vit,tanh,3,val_top1,120,0.5716999769210815
059cd924-4f17-4ca8-9c0a-cc62952e35df,vision_vit,tanh,3,val_top1,138,0.5823000073432922
059cd924-4f17-4ca8-9c0a-cc62952e35df,vision_vit,tanh,3,val_top1,156,0.5942999720573425
059cd924-4f17-4ca8-9c0a-cc62952e35df,vision_vit,tanh,3,val_top1,174,0.5889999866485596
059cd924-4f17-4ca8-9c0a-cc62952e35df,vision_vit,tanh,3,val_top1,190,0.6086999773979187
059cd924-4f17-4ca8-9c0a-cc62952e35df,vision_vit,tanh,3,val_top1,208,0.6043999791145325
059cd924-4f17-4ca8-9c0a-cc62952e35df,vision_vit,tanh,3,val_top1,226,0.6215999722480774
059cd924-4f17-4ca8-9c0a-cc62952e35df,vision_vit,tanh,3,val_top1,244,0.6295999884605408
059cd924-4f17-4ca8-9c0a-cc62952e35df,vision_vit,tanh,3,val_top1,262,0.6288999915122986
059cd924-4f17-4ca8-9c0a-cc62952e35df,vision_vit,tanh,3,val_top1,278,0.6229000091552734
059cd924-4f17-4ca8-9c0a-cc62952e35df,vision_vit,tanh,3,val_top1,296,0.6384000182151794
059cd924-4f17-4ca8-9c0a-cc62952e35df,vision_vit,tanh,3,val_top1,314,0.6419000029563904
059cd924-4f17-4ca8-9c0a-cc62952e35df,vision_vit,tanh,3,val_top1,332,0.6495000123977661
059cd924-4f17-4ca8-9c0a-cc62952e35df,vision_vit,tanh,3,val_top1,350,0.6463000178337097
059cd924-4f17-4ca8-9c0a-cc62952e35df,vision_vit,tanh,3,val_top1,366,0.6539999842643738
059cd924-4f17-4ca8-9c0a-cc62952e35df,vision_vit,tanh,3,val_top1,384,0.6642000079154968
059cd924-4f17-4ca8-9c0a-cc62952e35df,vision_vit,tanh,3,val_top1,402,0.667900025844574
059cd924-4f17-4ca8-9c0a-cc62952e35df,vision_vit,tanh,3,val_top1,420,0.6682999730110168
059cd924-4f17-4ca8-9c0a-cc62952e35df,vision_vit,tanh,3,val_top1,438,0.6664999723434448
059cd924-4f17-4ca8-9c0a-cc62952e35df,vision_vit,tanh,3,val_top1,454,0.6712999939918518
059cd924-4f17-4ca8-9c0a-cc62952e35df,vision_vit,tanh,3,val_top1,472,0.6728000044822693
059cd924-4f17-4ca8-9c0a-cc62952e35df,vision_vit,tanh,3,val_top1,490,0.670199990272522
059cd924-4f17-4ca8-9c0a-cc62952e35df,vision_vit,tanh,3,val_top1,508,0.6711999773979187
059cd924-4f17-4ca8-9c0a-cc62952e35df,vision_vit,tanh,3,val_top1,526,0.6722000241279602
059cd924-4f17-4ca8-9c0a-cc62952e35df,vision_vit,tanh,3,train_loss_epoch,15,2.0320985317230225
059cd924-4f17-4ca8-9c0a-cc62952e35df,vision_vit,tanh,3,train_loss_epoch,33,1.688663125038147
059cd924-4f17-4ca8-9c0a-cc62952e35df,vision_vit,tanh,3,train_loss_epoch,51,1.517038345336914
059cd924-4f17-4ca8-9c0a-cc62952e35df,vision_vit,tanh,3,train_loss_epoch,69,1.4268074035644531
059cd924-4f17-4ca8-9c0a-cc62952e35df,vision_vit,tanh,3,train_loss_epoch,87,1.360459804534912
059cd924-4f17-4ca8-9c0a-cc62952e35df,vision_vit,tanh,3,train_loss_epoch,103,1.3143230676651
059cd924-4f17-4ca8-9c0a-cc62952e35df,vision_vit,tanh,3,train_loss_epoch,121,1.2780016660690308
059cd924-4f17-4ca8-9c0a-cc62952e35df,vision_vit,tanh,3,train_loss_epoch,139,1.2471855878829956
059cd924-4f17-4ca8-9c0a-cc62952e35df,vision_vit,tanh,3,train_loss_epoch,157,1.2121280431747437
059cd924-4f17-4ca8-9c0a-cc62952e35df,vision_vit,tanh,3,train_loss_epoch,175,1.1923234462738037
059cd924-4f17-4ca8-9c0a-cc62952e35df,vision_vit,tanh,3,train_loss_epoch,191,1.1727213859558103
059cd924-4f17-4ca8-9c0a-cc62952e35df,vision_vit,tanh,3,train_loss_epoch,209,1.1531928777694702
059cd924-4f17-4ca8-9c0a-cc62952e35df,vision_vit,tanh,3,train_loss_epoch,227,1.12927508354187
059cd924-4f17-4ca8-9c0a-cc62952e35df,vision_vit,tanh,3,train_loss_epoch,245,1.1141847372055054
059cd924-4f17-4ca8-9c0a-cc62952e35df,vision_vit,tanh,3,train_loss_epoch,263,1.0979902744293213
059cd924-4f17-4ca8-9c0a-cc62952e35df,vision_vit,tanh,3,train_loss_epoch,279,1.080434799194336
059cd924-4f17-4ca8-9c0a-cc62952e35df,vision_vit,tanh,3,train_loss_epoch,297,1.0608389377593994
059cd924-4f17-4ca8-9c0a-cc62952e35df,vision_vit,tanh,3,train_loss_epoch,315,1.050200581550598
059cd924-4f17-4ca8-9c0a-cc62952e35df,vision_vit,tanh,3,train_loss_epoch,333,1.0323102474212646
059cd924-4f17-4ca8-9c0a-cc62952e35df,vision_vit,tanh,3,train_loss_epoch,351,1.02085280418396
059cd924-4f17-4ca8-9c0a-cc62952e35df,vision_vit,tanh,3,train_loss_epoch,367,1.0116252899169922
059cd924-4f17-4ca8-9c0a-cc62952e35df,vision_vit,tanh,3,train_loss_epoch,385,0.9965350031852722
059cd924-4f17-4ca8-9c0a-cc62952e35df,vision_vit,tanh,3,train_loss_epoch,403,0.9880641102790833
059cd924-4f17-4ca8-9c0a-cc62952e35df,vision_vit,tanh,3,train_loss_epoch,421,0.9731402397155762
059cd924-4f17-4ca8-9c0a-cc62952e35df,vision_vit,tanh,3,train_loss_epoch,439,0.9662808179855348
059cd924-4f17-4ca8-9c0a-cc62952e35df,vision_vit,tanh,3,train_loss_epoch,455,0.9634538888931274
059cd924-4f17-4ca8-9c0a-cc62952e35df,vision_vit,tanh,3,train_loss_epoch,473,0.9563480615615844
059cd924-4f17-4ca8-9c0a-cc62952e35df,vision_vit,tanh,3,train_loss_epoch,491,0.9546575546264648
059cd924-4f17-4ca8-9c0a-cc62952e35df,vision_vit,tanh,3,train_loss_epoch,509,0.947182297706604
059cd924-4f17-4ca8-9c0a-cc62952e35df,vision_vit,tanh,3,train_loss_epoch,527,0.9468156695365906
75b0d942-b4df-4dcf-964f-edef3e014ea6,vision_vit,gelu,6,val_top1,14,0.3621000051498413
75b0d942-b4df-4dcf-964f-edef3e014ea6,vision_vit,gelu,6,val_top1,32,0.4462999999523163
75b0d942-b4df-4dcf-964f-edef3e014ea6,vision_vit,gelu,6,val_top1,50,0.5080000162124634
75b0d942-b4df-4dcf-964f-edef3e014ea6,vision_vit,gelu,6,val_top1,68,0.5407999753952026
75b0d942-b4df-4dcf-964f-edef3e014ea6,vision_vit,gelu,6,val_top1,86,0.5598000288009644
75b0d942-b4df-4dcf-964f-edef3e014ea6,vision_vit,gelu,6,val_top1,102,0.5936999917030334
75b0d942-b4df-4dcf-964f-edef3e014ea6,vision_vit,gelu,6,val_top1,120,0.6051999926567078
75b0d942-b4df-4dcf-964f-edef3e014ea6,vision_vit,gelu,6,val_top1,138,0.6323000192642212
75b0d942-b4df-4dcf-964f-edef3e014ea6,vision_vit,gelu,6,val_top1,156,0.6424000263214111
75b0d942-b4df-4dcf-964f-edef3e014ea6,vision_vit,gelu,6,val_top1,174,0.6510000228881836
75b0d942-b4df-4dcf-964f-edef3e014ea6,vision_vit,gelu,6,val_top1,190,0.6585999727249146
75b0d942-b4df-4dcf-964f-edef3e014ea6,vision_vit,gelu,6,val_top1,208,0.6672000288963318
75b0d942-b4df-4dcf-964f-edef3e014ea6,vision_vit,gelu,6,val_top1,226,0.6815000176429749
75b0d942-b4df-4dcf-964f-edef3e014ea6,vision_vit,gelu,6,val_top1,244,0.6814000010490417
75b0d942-b4df-4dcf-964f-edef3e014ea6,vision_vit,gelu,6,val_top1,262,0.6987000107765198
75b0d942-b4df-4dcf-964f-edef3e014ea6,vision_vit,gelu,6,val_top1,278,0.7006000280380249
75b0d942-b4df-4dcf-964f-edef3e014ea6,vision_vit,gelu,6,val_top1,296,0.7156999707221985
75b0d942-b4df-4dcf-964f-edef3e014ea6,vision_vit,gelu,6,val_top1,314,0.7276999950408936
75b0d942-b4df-4dcf-964f-edef3e014ea6,vision_vit,gelu,6,val_top1,332,0.7257999777793884
75b0d942-b4df-4dcf-964f-edef3e014ea6,vision_vit,gelu,6,val_top1,350,0.7329999804496765
75b0d942-b4df-4dcf-964f-edef3e014ea6,vision_vit,gelu,6,val_top1,366,0.7355999946594238
75b0d942-b4df-4dcf-964f-edef3e014ea6,vision_vit,gelu,6,val_top1,384,0.7429999709129333
75b0d942-b4df-4dcf-964f-edef3e014ea6,vision_vit,gelu,6,val_top1,402,0.7421000003814697
75b0d942-b4df-4dcf-964f-edef3e014ea6,vision_vit,gelu,6,val_top1,420,0.7466999888420105
75b0d942-b4df-4dcf-964f-edef3e014ea6,vision_vit,gelu,6,val_top1,438,0.7493000030517578
75b0d942-b4df-4dcf-964f-edef3e014ea6,vision_vit,gelu,6,val_top1,454,0.7526999711990356
75b0d942-b4df-4dcf-964f-edef3e014ea6,vision_vit,gelu,6,val_top1,472,0.7554000020027161
75b0d942-b4df-4dcf-964f-edef3e014ea6,vision_vit,gelu,6,val_top1,490,0.7544999718666077
75b0d942-b4df-4dcf-964f-edef3e014ea6,vision_vit,gelu,6,val_top1,508,0.7529000043869019
75b0d942-b4df-4dcf-964f-edef3e014ea6,vision_vit,gelu,6,val_top1,526,0.753600001335144
75b0d942-b4df-4dcf-964f-edef3e014ea6,vision_vit,gelu,6,train_loss_epoch,15,2.004448175430298
75b0d942-b4df-4dcf-964f-edef3e014ea6,vision_vit,gelu,6,train_loss_epoch,33,1.6515647172927856
75b0d942-b4df-4dcf-964f-edef3e014ea6,vision_vit,gelu,6,train_loss_epoch,51,1.463361382484436
75b0d942-b4df-4dcf-964f-edef3e014ea6,vision_vit,gelu,6,train_loss_epoch,69,1.352491855621338
75b0d942-b4df-4dcf-964f-edef3e014ea6,vision_vit,gelu,6,train_loss_epoch,87,1.2799341678619385
75b0d942-b4df-4dcf-964f-edef3e014ea6,vision_vit,gelu,6,train_loss_epoch,103,1.219701886177063
75b0d942-b4df-4dcf-964f-edef3e014ea6,vision_vit,gelu,6,train_loss_epoch,121,1.1647374629974363
75b0d942-b4df-4dcf-964f-edef3e014ea6,vision_vit,gelu,6,train_loss_epoch,139,1.1254740953445437
75b0d942-b4df-4dcf-964f-edef3e014ea6,vision_vit,gelu,6,train_loss_epoch,157,1.0871400833129885
75b0d942-b4df-4dcf-964f-edef3e014ea6,vision_vit,gelu,6,train_loss_epoch,175,1.036542534828186
75b0d942-b4df-4dcf-964f-edef3e014ea6,vision_vit,gelu,6,train_loss_epoch,191,1.0068771839141846
75b0d942-b4df-4dcf-964f-edef3e014ea6,vision_vit,gelu,6,train_loss_epoch,209,0.9759523868560792
75b0d942-b4df-4dcf-964f-edef3e014ea6,vision_vit,gelu,6,train_loss_epoch,227,0.9491888880729676
75b0d942-b4df-4dcf-964f-edef3e014ea6,vision_vit,gelu,6,train_loss_epoch,245,0.916068196296692
75b0d942-b4df-4dcf-964f-edef3e014ea6,vision_vit,gelu,6,train_loss_epoch,263,0.8946415781974792
75b0d942-b4df-4dcf-964f-edef3e014ea6,vision_vit,gelu,6,train_loss_epoch,279,0.860646665096283
75b0d942-b4df-4dcf-964f-edef3e014ea6,vision_vit,gelu,6,train_loss_epoch,297,0.8374636769294739
75b0d942-b4df-4dcf-964f-edef3e014ea6,vision_vit,gelu,6,train_loss_epoch,315,0.8141483664512634
75b0d942-b4df-4dcf-964f-edef3e014ea6,vision_vit,gelu,6,train_loss_epoch,333,0.7959282994270325
75b0d942-b4df-4dcf-964f-edef3e014ea6,vision_vit,gelu,6,train_loss_epoch,351,0.773970901966095
75b0d942-b4df-4dcf-964f-edef3e014ea6,vision_vit,gelu,6,train_loss_epoch,367,0.759431004524231
75b0d942-b4df-4dcf-964f-edef3e014ea6,vision_vit,gelu,6,train_loss_epoch,385,0.7441519498825073
75b0d942-b4df-4dcf-964f-edef3e014ea6,vision_vit,gelu,6,train_loss_epoch,403,0.7297806143760681
75b0d942-b4df-4dcf-964f-edef3e014ea6,vision_vit,gelu,6,train_loss_epoch,421,0.7104138731956482
75b0d942-b4df-4dcf-964f-edef3e014ea6,vision_vit,gelu,6,train_loss_epoch,439,0.7013779282569885
75b0d942-b4df-4dcf-964f-edef3e014ea6,vision_vit,gelu,6,train_loss_epoch,455,0.6985545754432678
75b0d942-b4df-4dcf-964f-edef3e014ea6,vision_vit,gelu,6,train_loss_epoch,473,0.6869024038314819
75b0d942-b4df-4dcf-964f-edef3e014ea6,vision_vit,gelu,6,train_loss_epoch,491,0.6864209175109863
75b0d942-b4df-4dcf-964f-edef3e014ea6,vision_vit,gelu,6,train_loss_epoch,509,0.6811375617980957
75b0d942-b4df-4dcf-964f-edef3e014ea6,vision_vit,gelu,6,train_loss_epoch,527,0.6795982122421265
9c8ab725-738b-4cc2-b2af-b9648aeb8ad3,vision_vit,gelu,3,val_top1,14,0.3485000133514404
9c8ab725-738b-4cc2-b2af-b9648aeb8ad3,vision_vit,gelu,3,val_top1,32,0.4347999989986419
9c8ab725-738b-4cc2-b2af-b9648aeb8ad3,vision_vit,gelu,3,val_top1,50,0.5144000053405762
9c8ab725-738b-4cc2-b2af-b9648aeb8ad3,vision_vit,gelu,3,val_top1,68,0.5163000226020813
9c8ab725-738b-4cc2-b2af-b9648aeb8ad3,vision_vit,gelu,3,val_top1,86,0.5593000054359436
9c8ab725-738b-4cc2-b2af-b9648aeb8ad3,vision_vit,gelu,3,val_top1,102,0.5892999768257141
9c8ab725-738b-4cc2-b2af-b9648aeb8ad3,vision_vit,gelu,3,val_top1,120,0.6132000088691711
9c8ab725-738b-4cc2-b2af-b9648aeb8ad3,vision_vit,gelu,3,val_top1,138,0.6202999949455261
9c8ab725-738b-4cc2-b2af-b9648aeb8ad3,vision_vit,gelu,3,val_top1,156,0.628600001335144
9c8ab725-738b-4cc2-b2af-b9648aeb8ad3,vision_vit,gelu,3,val_top1,174,0.6434000134468079
9c8ab725-738b-4cc2-b2af-b9648aeb8ad3,vision_vit,gelu,3,val_top1,190,0.6538000106811523
9c8ab725-738b-4cc2-b2af-b9648aeb8ad3,vision_vit,gelu,3,val_top1,208,0.6582000255584717
9c8ab725-738b-4cc2-b2af-b9648aeb8ad3,vision_vit,gelu,3,val_top1,226,0.6700000166893005
9c8ab725-738b-4cc2-b2af-b9648aeb8ad3,vision_vit,gelu,3,val_top1,244,0.6808000206947327
9c8ab725-738b-4cc2-b2af-b9648aeb8ad3,vision_vit,gelu,3,val_top1,262,0.6886000037193298
9c8ab725-738b-4cc2-b2af-b9648aeb8ad3,vision_vit,gelu,3,val_top1,278,0.6905999779701233
9c8ab725-738b-4cc2-b2af-b9648aeb8ad3,vision_vit,gelu,3,val_top1,296,0.6987000107765198
9c8ab725-738b-4cc2-b2af-b9648aeb8ad3,vision_vit,gelu,3,val_top1,314,0.7103999853134155
9c8ab725-738b-4cc2-b2af-b9648aeb8ad3,vision_vit,gelu,3,val_top1,332,0.7135000228881836
9c8ab725-738b-4cc2-b2af-b9648aeb8ad3,vision_vit,gelu,3,val_top1,350,0.7178000211715698
9c8ab725-738b-4cc2-b2af-b9648aeb8ad3,vision_vit,gelu,3,val_top1,366,0.723800003528595
9c8ab725-738b-4cc2-b2af-b9648aeb8ad3,vision_vit,gelu,3,val_top1,384,0.7342000007629395
9c8ab725-738b-4cc2-b2af-b9648aeb8ad3,vision_vit,gelu,3,val_top1,402,0.7355999946594238
9c8ab725-738b-4cc2-b2af-b9648aeb8ad3,vision_vit,gelu,3,val_top1,420,0.7401999831199646
9c8ab725-738b-4cc2-b2af-b9648aeb8ad3,vision_vit,gelu,3,val_top1,438,0.7373999953269958
9c8ab725-738b-4cc2-b2af-b9648aeb8ad3,vision_vit,gelu,3,val_top1,454,0.7439000010490417
9c8ab725-738b-4cc2-b2af-b9648aeb8ad3,vision_vit,gelu,3,val_top1,472,0.7444000244140625
9c8ab725-738b-4cc2-b2af-b9648aeb8ad3,vision_vit,gelu,3,val_top1,490,0.7465000152587891
9c8ab725-738b-4cc2-b2af-b9648aeb8ad3,vision_vit,gelu,3,val_top1,508,0.7441999912261963
9c8ab725-738b-4cc2-b2af-b9648aeb8ad3,vision_vit,gelu,3,val_top1,526,0.7447999715805054
9c8ab725-738b-4cc2-b2af-b9648aeb8ad3,vision_vit,gelu,3,train_loss_epoch,15,2.0155627727508545
9c8ab725-738b-4cc2-b2af-b9648aeb8ad3,vision_vit,gelu,3,train_loss_epoch,33,1.657935619354248
9c8ab725-738b-4cc2-b2af-b9648aeb8ad3,vision_vit,gelu,3,train_loss_epoch,51,1.463214635848999
9c8ab725-738b-4cc2-b2af-b9648aeb8ad3,vision_vit,gelu,3,train_loss_epoch,69,1.3608522415161133
9c8ab725-738b-4cc2-b2af-b9648aeb8ad3,vision_vit,gelu,3,train_loss_epoch,87,1.2895562648773191
9c8ab725-738b-4cc2-b2af-b9648aeb8ad3,vision_vit,gelu,3,train_loss_epoch,103,1.2305618524551392
9c8ab725-738b-4cc2-b2af-b9648aeb8ad3,vision_vit,gelu,3,train_loss_epoch,121,1.18397319316864
9c8ab725-738b-4cc2-b2af-b9648aeb8ad3,vision_vit,gelu,3,train_loss_epoch,139,1.140220284461975
9c8ab725-738b-4cc2-b2af-b9648aeb8ad3,vision_vit,gelu,3,train_loss_epoch,157,1.1022144556045532
9c8ab725-738b-4cc2-b2af-b9648aeb8ad3,vision_vit,gelu,3,train_loss_epoch,175,1.065178394317627
9c8ab725-738b-4cc2-b2af-b9648aeb8ad3,vision_vit,gelu,3,train_loss_epoch,191,1.0359605550765991
9c8ab725-738b-4cc2-b2af-b9648aeb8ad3,vision_vit,gelu,3,train_loss_epoch,209,1.0082781314849854
9c8ab725-738b-4cc2-b2af-b9648aeb8ad3,vision_vit,gelu,3,train_loss_epoch,227,0.9683818817138672
9c8ab725-738b-4cc2-b2af-b9648aeb8ad3,vision_vit,gelu,3,train_loss_epoch,245,0.943573236465454
9c8ab725-738b-4cc2-b2af-b9648aeb8ad3,vision_vit,gelu,3,train_loss_epoch,263,0.9092466831207277
9c8ab725-738b-4cc2-b2af-b9648aeb8ad3,vision_vit,gelu,3,train_loss_epoch,279,0.8874760270118713
9c8ab725-738b-4cc2-b2af-b9648aeb8ad3,vision_vit,gelu,3,train_loss_epoch,297,0.8623560070991516
9c8ab725-738b-4cc2-b2af-b9648aeb8ad3,vision_vit,gelu,3,train_loss_epoch,315,0.8431538939476013
9c8ab725-738b-4cc2-b2af-b9648aeb8ad3,vision_vit,gelu,3,train_loss_epoch,333,0.8196583390235901
9c8ab725-738b-4cc2-b2af-b9648aeb8ad3,vision_vit,gelu,3,train_loss_epoch,351,0.8001300692558289
9c8ab725-738b-4cc2-b2af-b9648aeb8ad3,vision_vit,gelu,3,train_loss_epoch,367,0.7844298481941223
9c8ab725-738b-4cc2-b2af-b9648aeb8ad3,vision_vit,gelu,3,train_loss_epoch,385,0.7638739347457886
9c8ab725-738b-4cc2-b2af-b9648aeb8ad3,vision_vit,gelu,3,train_loss_epoch,403,0.7507996559143066
9c8ab725-738b-4cc2-b2af-b9648aeb8ad3,vision_vit,gelu,3,train_loss_epoch,421,0.7367255687713623
9c8ab725-738b-4cc2-b2af-b9648aeb8ad3,vision_vit,gelu,3,train_loss_epoch,439,0.7264034152030945
9c8ab725-738b-4cc2-b2af-b9648aeb8ad3,vision_vit,gelu,3,train_loss_epoch,455,0.7194138765335083
9c8ab725-738b-4cc2-b2af-b9648aeb8ad3,vision_vit,gelu,3,train_loss_epoch,473,0.7107563614845276
9c8ab725-738b-4cc2-b2af-b9648aeb8ad3,vision_vit,gelu,3,train_loss_epoch,491,0.7075635194778442
9c8ab725-738b-4cc2-b2af-b9648aeb8ad3,vision_vit,gelu,3,train_loss_epoch,509,0.7033403515815735
9c8ab725-738b-4cc2-b2af-b9648aeb8ad3,vision_vit,gelu,3,train_loss_epoch,527,0.6996437907218933
67ac531c-fb3e-4bc4-94a9-359259160426,vision_vit,gelu,2,val_top1,14,0.3492000102996826
67ac531c-fb3e-4bc4-94a9-359259160426,vision_vit,gelu,2,val_top1,32,0.4686999917030334
67ac531c-fb3e-4bc4-94a9-359259160426,vision_vit,gelu,2,val_top1,50,0.5034000277519226
67ac531c-fb3e-4bc4-94a9-359259160426,vision_vit,gelu,2,val_top1,68,0.5385000109672546
67ac531c-fb3e-4bc4-94a9-359259160426,vision_vit,gelu,2,val_top1,86,0.5625
67ac531c-fb3e-4bc4-94a9-359259160426,vision_vit,gelu,2,val_top1,102,0.5874000191688538
67ac531c-fb3e-4bc4-94a9-359259160426,vision_vit,gelu,2,val_top1,120,0.5990999937057495
67ac531c-fb3e-4bc4-94a9-359259160426,vision_vit,gelu,2,val_top1,138,0.6200000047683716
67ac531c-fb3e-4bc4-94a9-359259160426,vision_vit,gelu,2,val_top1,156,0.6334999799728394
67ac531c-fb3e-4bc4-94a9-359259160426,vision_vit,gelu,2,val_top1,174,0.6459000110626221
67ac531c-fb3e-4bc4-94a9-359259160426,vision_vit,gelu,2,val_top1,190,0.6527000069618225
67ac531c-fb3e-4bc4-94a9-359259160426,vision_vit,gelu,2,val_top1,208,0.6618000268936157
67ac531c-fb3e-4bc4-94a9-359259160426,vision_vit,gelu,2,val_top1,226,0.6780999898910522
67ac531c-fb3e-4bc4-94a9-359259160426,vision_vit,gelu,2,val_top1,244,0.6796000003814697
67ac531c-fb3e-4bc4-94a9-359259160426,vision_vit,gelu,2,val_top1,262,0.6819000244140625
67ac531c-fb3e-4bc4-94a9-359259160426,vision_vit,gelu,2,val_top1,278,0.6951000094413757
67ac531c-fb3e-4bc4-94a9-359259160426,vision_vit,gelu,2,val_top1,296,0.6992999911308289
67ac531c-fb3e-4bc4-94a9-359259160426,vision_vit,gelu,2,val_top1,314,0.7055000066757202
67ac531c-fb3e-4bc4-94a9-359259160426,vision_vit,gelu,2,val_top1,332,0.704800009727478
67ac531c-fb3e-4bc4-94a9-359259160426,vision_vit,gelu,2,val_top1,350,0.7179999947547913
67ac531c-fb3e-4bc4-94a9-359259160426,vision_vit,gelu,2,val_top1,366,0.7159000039100647
67ac531c-fb3e-4bc4-94a9-359259160426,vision_vit,gelu,2,val_top1,384,0.7318000197410583
67ac531c-fb3e-4bc4-94a9-359259160426,vision_vit,gelu,2,val_top1,402,0.7289000153541565
67ac531c-fb3e-4bc4-94a9-359259160426,vision_vit,gelu,2,val_top1,420,0.7275999784469604
67ac531c-fb3e-4bc4-94a9-359259160426,vision_vit,gelu,2,val_top1,438,0.7350000143051147
67ac531c-fb3e-4bc4-94a9-359259160426,vision_vit,gelu,2,val_top1,454,0.7383000254631042
67ac531c-fb3e-4bc4-94a9-359259160426,vision_vit,gelu,2,val_top1,472,0.7394000291824341
67ac531c-fb3e-4bc4-94a9-359259160426,vision_vit,gelu,2,val_top1,490,0.7401999831199646
67ac531c-fb3e-4bc4-94a9-359259160426,vision_vit,gelu,2,val_top1,508,0.7372000217437744
67ac531c-fb3e-4bc4-94a9-359259160426,vision_vit,gelu,2,val_top1,526,0.7382000088691711
67ac531c-fb3e-4bc4-94a9-359259160426,vision_vit,gelu,2,train_loss_epoch,15,2.016064405441284
67ac531c-fb3e-4bc4-94a9-359259160426,vision_vit,gelu,2,train_loss_epoch,33,1.649970293045044
67ac531c-fb3e-4bc4-94a9-359259160426,vision_vit,gelu,2,train_loss_epoch,51,1.471218466758728
67ac531c-fb3e-4bc4-94a9-359259160426,vision_vit,gelu,2,train_loss_epoch,69,1.372988224029541
67ac531c-fb3e-4bc4-94a9-359259160426,vision_vit,gelu,2,train_loss_epoch,87,1.292363166809082
67ac531c-fb3e-4bc4-94a9-359259160426,vision_vit,gelu,2,train_loss_epoch,103,1.2362158298492432
67ac531c-fb3e-4bc4-94a9-359259160426,vision_vit,gelu,2,train_loss_epoch,121,1.1889564990997314
67ac531c-fb3e-4bc4-94a9-359259160426,vision_vit,gelu,2,train_loss_epoch,139,1.154022455215454
67ac531c-fb3e-4bc4-94a9-359259160426,vision_vit,gelu,2,train_loss_epoch,157,1.1178325414657593
67ac531c-fb3e-4bc4-94a9-359259160426,vision_vit,gelu,2,train_loss_epoch,175,1.0783324241638184
67ac531c-fb3e-4bc4-94a9-359259160426,vision_vit,gelu,2,train_loss_epoch,191,1.0486596822738647
67ac531c-fb3e-4bc4-94a9-359259160426,vision_vit,gelu,2,train_loss_epoch,209,1.0151411294937134
67ac531c-fb3e-4bc4-94a9-359259160426,vision_vit,gelu,2,train_loss_epoch,227,0.9842767715454102
67ac531c-fb3e-4bc4-94a9-359259160426,vision_vit,gelu,2,train_loss_epoch,245,0.956072211265564
67ac531c-fb3e-4bc4-94a9-359259160426,vision_vit,gelu,2,train_loss_epoch,263,0.9278520345687866
67ac531c-fb3e-4bc4-94a9-359259160426,vision_vit,gelu,2,train_loss_epoch,279,0.9033228158950806
67ac531c-fb3e-4bc4-94a9-359259160426,vision_vit,gelu,2,train_loss_epoch,297,0.8797077536582947
67ac531c-fb3e-4bc4-94a9-359259160426,vision_vit,gelu,2,train_loss_epoch,315,0.8552718162536621
67ac531c-fb3e-4bc4-94a9-359259160426,vision_vit,gelu,2,train_loss_epoch,333,0.8359856009483337
67ac531c-fb3e-4bc4-94a9-359259160426,vision_vit,gelu,2,train_loss_epoch,351,0.8166733384132385
67ac531c-fb3e-4bc4-94a9-359259160426,vision_vit,gelu,2,train_loss_epoch,367,0.7988371849060059
67ac531c-fb3e-4bc4-94a9-359259160426,vision_vit,gelu,2,train_loss_epoch,385,0.7827251553535461
67ac531c-fb3e-4bc4-94a9-359259160426,vision_vit,gelu,2,train_loss_epoch,403,0.7693856358528137
67ac531c-fb3e-4bc4-94a9-359259160426,vision_vit,gelu,2,train_loss_epoch,421,0.7592876553535461
67ac531c-fb3e-4bc4-94a9-359259160426,vision_vit,gelu,2,train_loss_epoch,439,0.7399530410766602
67ac531c-fb3e-4bc4-94a9-359259160426,vision_vit,gelu,2,train_loss_epoch,455,0.7397177815437317
67ac531c-fb3e-4bc4-94a9-359259160426,vision_vit,gelu,2,train_loss_epoch,473,0.7320537567138672
67ac531c-fb3e-4bc4-94a9-359259160426,vision_vit,gelu,2,train_loss_epoch,491,0.7254056334495544
67ac531c-fb3e-4bc4-94a9-359259160426,vision_vit,gelu,2,train_loss_epoch,509,0.7207995057106018
67ac531c-fb3e-4bc4-94a9-359259160426,vision_vit,gelu,2,train_loss_epoch,527,0.7132453918457031
ce627961-4e44-457e-9ded-87575b3b33d4,vision_vit,gelu,1,val_top1,14,0.3770999908447265
ce627961-4e44-457e-9ded-87575b3b33d4,vision_vit,gelu,1,val_top1,32,0.4426000118255615
ce627961-4e44-457e-9ded-87575b3b33d4,vision_vit,gelu,1,val_top1,50,0.4776999950408935
ce627961-4e44-457e-9ded-87575b3b33d4,vision_vit,gelu,1,val_top1,68,0.521399974822998
ce627961-4e44-457e-9ded-87575b3b33d4,vision_vit,gelu,1,val_top1,86,0.5587999820709229
ce627961-4e44-457e-9ded-87575b3b33d4,vision_vit,gelu,1,val_top1,102,0.5781000256538391
ce627961-4e44-457e-9ded-87575b3b33d4,vision_vit,gelu,1,val_top1,120,0.5929999947547913
ce627961-4e44-457e-9ded-87575b3b33d4,vision_vit,gelu,1,val_top1,138,0.6062999963760376
ce627961-4e44-457e-9ded-87575b3b33d4,vision_vit,gelu,1,val_top1,156,0.6261000037193298
ce627961-4e44-457e-9ded-87575b3b33d4,vision_vit,gelu,1,val_top1,174,0.6355000138282776
ce627961-4e44-457e-9ded-87575b3b33d4,vision_vit,gelu,1,val_top1,190,0.6431999802589417
ce627961-4e44-457e-9ded-87575b3b33d4,vision_vit,gelu,1,val_top1,208,0.654699981212616
ce627961-4e44-457e-9ded-87575b3b33d4,vision_vit,gelu,1,val_top1,226,0.6725999712944031
ce627961-4e44-457e-9ded-87575b3b33d4,vision_vit,gelu,1,val_top1,244,0.6818000078201294
ce627961-4e44-457e-9ded-87575b3b33d4,vision_vit,gelu,1,val_top1,262,0.6834999918937683
ce627961-4e44-457e-9ded-87575b3b33d4,vision_vit,gelu,1,val_top1,278,0.689300000667572
ce627961-4e44-457e-9ded-87575b3b33d4,vision_vit,gelu,1,val_top1,296,0.7031999826431274
ce627961-4e44-457e-9ded-87575b3b33d4,vision_vit,gelu,1,val_top1,314,0.7102000117301941
ce627961-4e44-457e-9ded-87575b3b33d4,vision_vit,gelu,1,val_top1,332,0.7095999717712402
ce627961-4e44-457e-9ded-87575b3b33d4,vision_vit,gelu,1,val_top1,350,0.7186999917030334
ce627961-4e44-457e-9ded-87575b3b33d4,vision_vit,gelu,1,val_top1,366,0.7224000096321106
ce627961-4e44-457e-9ded-87575b3b33d4,vision_vit,gelu,1,val_top1,384,0.7300999760627747
ce627961-4e44-457e-9ded-87575b3b33d4,vision_vit,gelu,1,val_top1,402,0.7321000099182129
ce627961-4e44-457e-9ded-87575b3b33d4,vision_vit,gelu,1,val_top1,420,0.7365999817848206
ce627961-4e44-457e-9ded-87575b3b33d4,vision_vit,gelu,1,val_top1,438,0.7372000217437744
ce627961-4e44-457e-9ded-87575b3b33d4,vision_vit,gelu,1,val_top1,454,0.7368999719619751
ce627961-4e44-457e-9ded-87575b3b33d4,vision_vit,gelu,1,val_top1,472,0.7422000169754028
ce627961-4e44-457e-9ded-87575b3b33d4,vision_vit,gelu,1,val_top1,490,0.741100013256073
ce627961-4e44-457e-9ded-87575b3b33d4,vision_vit,gelu,1,val_top1,508,0.7409999966621399
ce627961-4e44-457e-9ded-87575b3b33d4,vision_vit,gelu,1,val_top1,526,0.7416999936103821
ce627961-4e44-457e-9ded-87575b3b33d4,vision_vit,gelu,1,train_loss_epoch,15,2.00662612915039
ce627961-4e44-457e-9ded-87575b3b33d4,vision_vit,gelu,1,train_loss_epoch,33,1.6603330373764038
ce627961-4e44-457e-9ded-87575b3b33d4,vision_vit,gelu,1,train_loss_epoch,51,1.483421802520752
ce627961-4e44-457e-9ded-87575b3b33d4,vision_vit,gelu,1,train_loss_epoch,69,1.376245379447937
ce627961-4e44-457e-9ded-87575b3b33d4,vision_vit,gelu,1,train_loss_epoch,87,1.3094607591629028
ce627961-4e44-457e-9ded-87575b3b33d4,vision_vit,gelu,1,train_loss_epoch,103,1.2511590719223022
ce627961-4e44-457e-9ded-87575b3b33d4,vision_vit,gelu,1,train_loss_epoch,121,1.198971390724182
ce627961-4e44-457e-9ded-87575b3b33d4,vision_vit,gelu,1,train_loss_epoch,139,1.1541876792907717
ce627961-4e44-457e-9ded-87575b3b33d4,vision_vit,gelu,1,train_loss_epoch,157,1.1188583374023438
ce627961-4e44-457e-9ded-87575b3b33d4,vision_vit,gelu,1,train_loss_epoch,175,1.0799806118011477
ce627961-4e44-457e-9ded-87575b3b33d4,vision_vit,gelu,1,train_loss_epoch,191,1.0421481132507324
ce627961-4e44-457e-9ded-87575b3b33d4,vision_vit,gelu,1,train_loss_epoch,209,1.0039358139038086
ce627961-4e44-457e-9ded-87575b3b33d4,vision_vit,gelu,1,train_loss_epoch,227,0.9756122827529908
ce627961-4e44-457e-9ded-87575b3b33d4,vision_vit,gelu,1,train_loss_epoch,245,0.9462119340896606
ce627961-4e44-457e-9ded-87575b3b33d4,vision_vit,gelu,1,train_loss_epoch,263,0.9177598357200624
ce627961-4e44-457e-9ded-87575b3b33d4,vision_vit,gelu,1,train_loss_epoch,279,0.8923837542533875
ce627961-4e44-457e-9ded-87575b3b33d4,vision_vit,gelu,1,train_loss_epoch,297,0.8693447113037109
ce627961-4e44-457e-9ded-87575b3b33d4,vision_vit,gelu,1,train_loss_epoch,315,0.8425642848014832
ce627961-4e44-457e-9ded-87575b3b33d4,vision_vit,gelu,1,train_loss_epoch,333,0.8285972476005554
ce627961-4e44-457e-9ded-87575b3b33d4,vision_vit,gelu,1,train_loss_epoch,351,0.8016940355300903
ce627961-4e44-457e-9ded-87575b3b33d4,vision_vit,gelu,1,train_loss_epoch,367,0.7850486636161804
ce627961-4e44-457e-9ded-87575b3b33d4,vision_vit,gelu,1,train_loss_epoch,385,0.770743727684021
ce627961-4e44-457e-9ded-87575b3b33d4,vision_vit,gelu,1,train_loss_epoch,403,0.7561765313148499
ce627961-4e44-457e-9ded-87575b3b33d4,vision_vit,gelu,1,train_loss_epoch,421,0.743340253829956
ce627961-4e44-457e-9ded-87575b3b33d4,vision_vit,gelu,1,train_loss_epoch,439,0.7338089346885681
ce627961-4e44-457e-9ded-87575b3b33d4,vision_vit,gelu,1,train_loss_epoch,455,0.7228159308433533
ce627961-4e44-457e-9ded-87575b3b33d4,vision_vit,gelu,1,train_loss_epoch,473,0.7180926203727722
ce627961-4e44-457e-9ded-87575b3b33d4,vision_vit,gelu,1,train_loss_epoch,491,0.710812509059906
ce627961-4e44-457e-9ded-87575b3b33d4,vision_vit,gelu,1,train_loss_epoch,509,0.7077444195747375
ce627961-4e44-457e-9ded-87575b3b33d4,vision_vit,gelu,1,train_loss_epoch,527,0.711345911026001
a2634f2d-71da-409f-ae90-9a698270560e,vision_vit,gelu,4,val_top1,14,0.3476999998092651
a2634f2d-71da-409f-ae90-9a698270560e,vision_vit,gelu,4,val_top1,32,0.4483999907970428
a2634f2d-71da-409f-ae90-9a698270560e,vision_vit,gelu,4,val_top1,50,0.4905000030994415
a2634f2d-71da-409f-ae90-9a698270560e,vision_vit,gelu,4,val_top1,68,0.5340999960899353
a2634f2d-71da-409f-ae90-9a698270560e,vision_vit,gelu,4,val_top1,86,0.5676000118255615
a2634f2d-71da-409f-ae90-9a698270560e,vision_vit,gelu,4,val_top1,102,0.5648999810218811
a2634f2d-71da-409f-ae90-9a698270560e,vision_vit,gelu,4,val_top1,120,0.608299970626831
a2634f2d-71da-409f-ae90-9a698270560e,vision_vit,gelu,4,val_top1,138,0.614300012588501
a2634f2d-71da-409f-ae90-9a698270560e,vision_vit,gelu,4,val_top1,156,0.6327999830245972
a2634f2d-71da-409f-ae90-9a698270560e,vision_vit,gelu,4,val_top1,174,0.6446999907493591
a2634f2d-71da-409f-ae90-9a698270560e,vision_vit,gelu,4,val_top1,190,0.6527000069618225
a2634f2d-71da-409f-ae90-9a698270560e,vision_vit,gelu,4,val_top1,208,0.6647999882698059
a2634f2d-71da-409f-ae90-9a698270560e,vision_vit,gelu,4,val_top1,226,0.6718999743461609
a2634f2d-71da-409f-ae90-9a698270560e,vision_vit,gelu,4,val_top1,244,0.6852999925613403
a2634f2d-71da-409f-ae90-9a698270560e,vision_vit,gelu,4,val_top1,262,0.6988000273704529
a2634f2d-71da-409f-ae90-9a698270560e,vision_vit,gelu,4,val_top1,278,0.6996999979019165
a2634f2d-71da-409f-ae90-9a698270560e,vision_vit,gelu,4,val_top1,296,0.7178000211715698
a2634f2d-71da-409f-ae90-9a698270560e,vision_vit,gelu,4,val_top1,314,0.7110999822616577
a2634f2d-71da-409f-ae90-9a698270560e,vision_vit,gelu,4,val_top1,332,0.7235999703407288
a2634f2d-71da-409f-ae90-9a698270560e,vision_vit,gelu,4,val_top1,350,0.7261999845504761
a2634f2d-71da-409f-ae90-9a698270560e,vision_vit,gelu,4,val_top1,366,0.7351999878883362
a2634f2d-71da-409f-ae90-9a698270560e,vision_vit,gelu,4,val_top1,384,0.7408000230789185
a2634f2d-71da-409f-ae90-9a698270560e,vision_vit,gelu,4,val_top1,402,0.7348999977111816
a2634f2d-71da-409f-ae90-9a698270560e,vision_vit,gelu,4,val_top1,420,0.7411999702453613
a2634f2d-71da-409f-ae90-9a698270560e,vision_vit,gelu,4,val_top1,438,0.7433000206947327
a2634f2d-71da-409f-ae90-9a698270560e,vision_vit,gelu,4,val_top1,454,0.745199978351593
a2634f2d-71da-409f-ae90-9a698270560e,vision_vit,gelu,4,val_top1,472,0.7487000226974487
a2634f2d-71da-409f-ae90-9a698270560e,vision_vit,gelu,4,val_top1,490,0.7480999827384949
a2634f2d-71da-409f-ae90-9a698270560e,vision_vit,gelu,4,val_top1,508,0.7462999820709229
a2634f2d-71da-409f-ae90-9a698270560e,vision_vit,gelu,4,val_top1,526,0.7476000189781189
a2634f2d-71da-409f-ae90-9a698270560e,vision_vit,gelu,4,train_loss_epoch,15,2.0113155841827397
a2634f2d-71da-409f-ae90-9a698270560e,vision_vit,gelu,4,train_loss_epoch,33,1.6756657361984253
a2634f2d-71da-409f-ae90-9a698270560e,vision_vit,gelu,4,train_loss_epoch,51,1.4819642305374146
a2634f2d-71da-409f-ae90-9a698270560e,vision_vit,gelu,4,train_loss_epoch,69,1.3683830499649048
a2634f2d-71da-409f-ae90-9a698270560e,vision_vit,gelu,4,train_loss_epoch,87,1.2908105850219729
a2634f2d-71da-409f-ae90-9a698270560e,vision_vit,gelu,4,train_loss_epoch,103,1.23327898979187
a2634f2d-71da-409f-ae90-9a698270560e,vision_vit,gelu,4,train_loss_epoch,121,1.1886471509933472
a2634f2d-71da-409f-ae90-9a698270560e,vision_vit,gelu,4,train_loss_epoch,139,1.137601375579834
a2634f2d-71da-409f-ae90-9a698270560e,vision_vit,gelu,4,train_loss_epoch,157,1.1013200283050537
a2634f2d-71da-409f-ae90-9a698270560e,vision_vit,gelu,4,train_loss_epoch,175,1.0607978105545044
a2634f2d-71da-409f-ae90-9a698270560e,vision_vit,gelu,4,train_loss_epoch,191,1.0264288187026978
a2634f2d-71da-409f-ae90-9a698270560e,vision_vit,gelu,4,train_loss_epoch,209,0.9921079874038696
a2634f2d-71da-409f-ae90-9a698270560e,vision_vit,gelu,4,train_loss_epoch,227,0.9679328203201294
a2634f2d-71da-409f-ae90-9a698270560e,vision_vit,gelu,4,train_loss_epoch,245,0.934242308139801
a2634f2d-71da-409f-ae90-9a698270560e,vision_vit,gelu,4,train_loss_epoch,263,0.9085100889205932
a2634f2d-71da-409f-ae90-9a698270560e,vision_vit,gelu,4,train_loss_epoch,279,0.8825258016586304
a2634f2d-71da-409f-ae90-9a698270560e,vision_vit,gelu,4,train_loss_epoch,297,0.8555858731269836
a2634f2d-71da-409f-ae90-9a698270560e,vision_vit,gelu,4,train_loss_epoch,315,0.83245450258255
a2634f2d-71da-409f-ae90-9a698270560e,vision_vit,gelu,4,train_loss_epoch,333,0.8119902014732361
a2634f2d-71da-409f-ae90-9a698270560e,vision_vit,gelu,4,train_loss_epoch,351,0.7897393703460693
a2634f2d-71da-409f-ae90-9a698270560e,vision_vit,gelu,4,train_loss_epoch,367,0.77517169713974
a2634f2d-71da-409f-ae90-9a698270560e,vision_vit,gelu,4,train_loss_epoch,385,0.7555311322212219
a2634f2d-71da-409f-ae90-9a698270560e,vision_vit,gelu,4,train_loss_epoch,403,0.742284893989563
a2634f2d-71da-409f-ae90-9a698270560e,vision_vit,gelu,4,train_loss_epoch,421,0.730102002620697
a2634f2d-71da-409f-ae90-9a698270560e,vision_vit,gelu,4,train_loss_epoch,439,0.7172991037368774
a2634f2d-71da-409f-ae90-9a698270560e,vision_vit,gelu,4,train_loss_epoch,455,0.7152239084243774
a2634f2d-71da-409f-ae90-9a698270560e,vision_vit,gelu,4,train_loss_epoch,473,0.7069857120513916
a2634f2d-71da-409f-ae90-9a698270560e,vision_vit,gelu,4,train_loss_epoch,491,0.7016259431838989
a2634f2d-71da-409f-ae90-9a698270560e,vision_vit,gelu,4,train_loss_epoch,509,0.6941282749176025
a2634f2d-71da-409f-ae90-9a698270560e,vision_vit,gelu,4,train_loss_epoch,527,0.6906775832176208
510c9a5c-84fd-45d3-8769-70f906d06f80,vision_vit,gelu,0,val_top1,14,0.3538999855518341
510c9a5c-84fd-45d3-8769-70f906d06f80,vision_vit,gelu,0,val_top1,32,0.4410000145435333
510c9a5c-84fd-45d3-8769-70f906d06f80,vision_vit,gelu,0,val_top1,50,0.5205000042915344
510c9a5c-84fd-45d3-8769-70f906d06f80,vision_vit,gelu,0,val_top1,68,0.539900004863739
510c9a5c-84fd-45d3-8769-70f906d06f80,vision_vit,gelu,0,val_top1,86,0.5605999827384949
510c9a5c-84fd-45d3-8769-70f906d06f80,vision_vit,gelu,0,val_top1,102,0.5839999914169312
510c9a5c-84fd-45d3-8769-70f906d06f80,vision_vit,gelu,0,val_top1,120,0.5870000123977661
510c9a5c-84fd-45d3-8769-70f906d06f80,vision_vit,gelu,0,val_top1,138,0.6086000204086304
510c9a5c-84fd-45d3-8769-70f906d06f80,vision_vit,gelu,0,val_top1,156,0.6254000067710876
510c9a5c-84fd-45d3-8769-70f906d06f80,vision_vit,gelu,0,val_top1,174,0.6169000267982483
510c9a5c-84fd-45d3-8769-70f906d06f80,vision_vit,gelu,0,val_top1,190,0.6495000123977661
510c9a5c-84fd-45d3-8769-70f906d06f80,vision_vit,gelu,0,val_top1,208,0.6452000141143799
510c9a5c-84fd-45d3-8769-70f906d06f80,vision_vit,gelu,0,val_top1,226,0.6694999933242798
510c9a5c-84fd-45d3-8769-70f906d06f80,vision_vit,gelu,0,val_top1,244,0.6787999868392944
510c9a5c-84fd-45d3-8769-70f906d06f80,vision_vit,gelu,0,val_top1,262,0.6775000095367432
510c9a5c-84fd-45d3-8769-70f906d06f80,vision_vit,gelu,0,val_top1,278,0.6929000020027161
510c9a5c-84fd-45d3-8769-70f906d06f80,vision_vit,gelu,0,val_top1,296,0.6938999891281128
510c9a5c-84fd-45d3-8769-70f906d06f80,vision_vit,gelu,0,val_top1,314,0.7063000202178955
510c9a5c-84fd-45d3-8769-70f906d06f80,vision_vit,gelu,0,val_top1,332,0.7087000012397766
510c9a5c-84fd-45d3-8769-70f906d06f80,vision_vit,gelu,0,val_top1,350,0.7174000144004822
510c9a5c-84fd-45d3-8769-70f906d06f80,vision_vit,gelu,0,val_top1,366,0.7196000218391418
510c9a5c-84fd-45d3-8769-70f906d06f80,vision_vit,gelu,0,val_top1,384,0.7268999814987183
510c9a5c-84fd-45d3-8769-70f906d06f80,vision_vit,gelu,0,val_top1,402,0.7289999723434448
510c9a5c-84fd-45d3-8769-70f906d06f80,vision_vit,gelu,0,val_top1,420,0.7264999747276306
510c9a5c-84fd-45d3-8769-70f906d06f80,vision_vit,gelu,0,val_top1,438,0.728600025177002
510c9a5c-84fd-45d3-8769-70f906d06f80,vision_vit,gelu,0,val_top1,454,0.7364000082015991
510c9a5c-84fd-45d3-8769-70f906d06f80,vision_vit,gelu,0,val_top1,472,0.7336000204086304
510c9a5c-84fd-45d3-8769-70f906d06f80,vision_vit,gelu,0,val_top1,490,0.7348999977111816
510c9a5c-84fd-45d3-8769-70f906d06f80,vision_vit,gelu,0,val_top1,508,0.7389000058174133
510c9a5c-84fd-45d3-8769-70f906d06f80,vision_vit,gelu,0,val_top1,526,0.7373999953269958
510c9a5c-84fd-45d3-8769-70f906d06f80,vision_vit,gelu,0,train_loss_epoch,15,1.997766733169556
510c9a5c-84fd-45d3-8769-70f906d06f80,vision_vit,gelu,0,train_loss_epoch,33,1.654210925102234
510c9a5c-84fd-45d3-8769-70f906d06f80,vision_vit,gelu,0,train_loss_epoch,51,1.4701272249221802
510c9a5c-84fd-45d3-8769-70f906d06f80,vision_vit,gelu,0,train_loss_epoch,69,1.370646595954895
510c9a5c-84fd-45d3-8769-70f906d06f80,vision_vit,gelu,0,train_loss_epoch,87,1.303621768951416
510c9a5c-84fd-45d3-8769-70f906d06f80,vision_vit,gelu,0,train_loss_epoch,103,1.252015471458435
510c9a5c-84fd-45d3-8769-70f906d06f80,vision_vit,gelu,0,train_loss_epoch,121,1.2003519535064695
510c9a5c-84fd-45d3-8769-70f906d06f80,vision_vit,gelu,0,train_loss_epoch,139,1.1615784168243408
510c9a5c-84fd-45d3-8769-70f906d06f80,vision_vit,gelu,0,train_loss_epoch,157,1.125434637069702
510c9a5c-84fd-45d3-8769-70f906d06f80,vision_vit,gelu,0,train_loss_epoch,175,1.088197112083435
510c9a5c-84fd-45d3-8769-70f906d06f80,vision_vit,gelu,0,train_loss_epoch,191,1.0519905090332031
510c9a5c-84fd-45d3-8769-70f906d06f80,vision_vit,gelu,0,train_loss_epoch,209,1.029943585395813
510c9a5c-84fd-45d3-8769-70f906d06f80,vision_vit,gelu,0,train_loss_epoch,227,0.997674822807312
510c9a5c-84fd-45d3-8769-70f906d06f80,vision_vit,gelu,0,train_loss_epoch,245,0.9684475064277648
510c9a5c-84fd-45d3-8769-70f906d06f80,vision_vit,gelu,0,train_loss_epoch,263,0.9391041994094848
510c9a5c-84fd-45d3-8769-70f906d06f80,vision_vit,gelu,0,train_loss_epoch,279,0.91746723651886
510c9a5c-84fd-45d3-8769-70f906d06f80,vision_vit,gelu,0,train_loss_epoch,297,0.8912767171859741
510c9a5c-84fd-45d3-8769-70f906d06f80,vision_vit,gelu,0,train_loss_epoch,315,0.8669573068618774
510c9a5c-84fd-45d3-8769-70f906d06f80,vision_vit,gelu,0,train_loss_epoch,333,0.8450400233268738
510c9a5c-84fd-45d3-8769-70f906d06f80,vision_vit,gelu,0,train_loss_epoch,351,0.830876886844635
510c9a5c-84fd-45d3-8769-70f906d06f80,vision_vit,gelu,0,train_loss_epoch,367,0.8118546605110168
510c9a5c-84fd-45d3-8769-70f906d06f80,vision_vit,gelu,0,train_loss_epoch,385,0.7979936599731445
510c9a5c-84fd-45d3-8769-70f906d06f80,vision_vit,gelu,0,train_loss_epoch,403,0.7810114026069641
510c9a5c-84fd-45d3-8769-70f906d06f80,vision_vit,gelu,0,train_loss_epoch,421,0.7678279280662537
510c9a5c-84fd-45d3-8769-70f906d06f80,vision_vit,gelu,0,train_loss_epoch,439,0.7585400938987732
510c9a5c-84fd-45d3-8769-70f906d06f80,vision_vit,gelu,0,train_loss_epoch,455,0.7490100860595703
510c9a5c-84fd-45d3-8769-70f906d06f80,vision_vit,gelu,0,train_loss_epoch,473,0.7384503483772278
510c9a5c-84fd-45d3-8769-70f906d06f80,vision_vit,gelu,0,train_loss_epoch,491,0.7364407181739807
510c9a5c-84fd-45d3-8769-70f906d06f80,vision_vit,gelu,0,train_loss_epoch,509,0.733242928981781
510c9a5c-84fd-45d3-8769-70f906d06f80,vision_vit,gelu,0,train_loss_epoch,527,0.7356687188148499
cb1a5c5d-0b1d-4b70-becc-5176e7c43cb5,vision_vit,gelu,5,val_top1,14,0.3716999888420105
cb1a5c5d-0b1d-4b70-becc-5176e7c43cb5,vision_vit,gelu,5,val_top1,32,0.4501000046730041
cb1a5c5d-0b1d-4b70-becc-5176e7c43cb5,vision_vit,gelu,5,val_top1,50,0.4934000074863434
cb1a5c5d-0b1d-4b70-becc-5176e7c43cb5,vision_vit,gelu,5,val_top1,68,0.5378999710083008
cb1a5c5d-0b1d-4b70-becc-5176e7c43cb5,vision_vit,gelu,5,val_top1,86,0.5536999702453613
cb1a5c5d-0b1d-4b70-becc-5176e7c43cb5,vision_vit,gelu,5,val_top1,102,0.5551999807357788
cb1a5c5d-0b1d-4b70-becc-5176e7c43cb5,vision_vit,gelu,5,val_top1,120,0.5945000052452087
cb1a5c5d-0b1d-4b70-becc-5176e7c43cb5,vision_vit,gelu,5,val_top1,138,0.6018999814987183
cb1a5c5d-0b1d-4b70-becc-5176e7c43cb5,vision_vit,gelu,5,val_top1,156,0.6244999766349792
cb1a5c5d-0b1d-4b70-becc-5176e7c43cb5,vision_vit,gelu,5,val_top1,174,0.6348999738693237
cb1a5c5d-0b1d-4b70-becc-5176e7c43cb5,vision_vit,gelu,5,val_top1,190,0.6495000123977661
cb1a5c5d-0b1d-4b70-becc-5176e7c43cb5,vision_vit,gelu,5,val_top1,208,0.656000018119812
cb1a5c5d-0b1d-4b70-becc-5176e7c43cb5,vision_vit,gelu,5,val_top1,226,0.6610999703407288
cb1a5c5d-0b1d-4b70-becc-5176e7c43cb5,vision_vit,gelu,5,val_top1,244,0.6675999760627747
cb1a5c5d-0b1d-4b70-becc-5176e7c43cb5,vision_vit,gelu,5,val_top1,262,0.6754000186920166
cb1a5c5d-0b1d-4b70-becc-5176e7c43cb5,vision_vit,gelu,5,val_top1,278,0.6891999840736389
cb1a5c5d-0b1d-4b70-becc-5176e7c43cb5,vision_vit,gelu,5,val_top1,296,0.701200008392334
cb1a5c5d-0b1d-4b70-becc-5176e7c43cb5,vision_vit,gelu,5,val_top1,314,0.7037000060081482
cb1a5c5d-0b1d-4b70-becc-5176e7c43cb5,vision_vit,gelu,5,val_top1,332,0.7138000130653381
cb1a5c5d-0b1d-4b70-becc-5176e7c43cb5,vision_vit,gelu,5,val_top1,350,0.7177000045776367
cb1a5c5d-0b1d-4b70-becc-5176e7c43cb5,vision_vit,gelu,5,val_top1,366,0.7222999930381775
cb1a5c5d-0b1d-4b70-becc-5176e7c43cb5,vision_vit,gelu,5,val_top1,384,0.7289000153541565
cb1a5c5d-0b1d-4b70-becc-5176e7c43cb5,vision_vit,gelu,5,val_top1,402,0.7290999889373779
cb1a5c5d-0b1d-4b70-becc-5176e7c43cb5,vision_vit,gelu,5,val_top1,420,0.732699990272522
cb1a5c5d-0b1d-4b70-becc-5176e7c43cb5,vision_vit,gelu,5,val_top1,438,0.7329999804496765
cb1a5c5d-0b1d-4b70-becc-5176e7c43cb5,vision_vit,gelu,5,val_top1,454,0.7383999824523926
cb1a5c5d-0b1d-4b70-becc-5176e7c43cb5,vision_vit,gelu,5,val_top1,472,0.7384999990463257
cb1a5c5d-0b1d-4b70-becc-5176e7c43cb5,vision_vit,gelu,5,val_top1,490,0.7391999959945679
cb1a5c5d-0b1d-4b70-becc-5176e7c43cb5,vision_vit,gelu,5,val_top1,508,0.7384999990463257
cb1a5c5d-0b1d-4b70-becc-5176e7c43cb5,vision_vit,gelu,5,val_top1,526,0.7386999726295471
cb1a5c5d-0b1d-4b70-becc-5176e7c43cb5,vision_vit,gelu,5,train_loss_epoch,15,2.0206611156463623
cb1a5c5d-0b1d-4b70-becc-5176e7c43cb5,vision_vit,gelu,5,train_loss_epoch,33,1.670724868774414
cb1a5c5d-0b1d-4b70-becc-5176e7c43cb5,vision_vit,gelu,5,train_loss_epoch,51,1.478452444076538
cb1a5c5d-0b1d-4b70-becc-5176e7c43cb5,vision_vit,gelu,5,train_loss_epoch,69,1.3799865245819092
cb1a5c5d-0b1d-4b70-becc-5176e7c43cb5,vision_vit,gelu,5,train_loss_epoch,87,1.313095211982727
cb1a5c5d-0b1d-4b70-becc-5176e7c43cb5,vision_vit,gelu,5,train_loss_epoch,103,1.249992609024048
cb1a5c5d-0b1d-4b70-becc-5176e7c43cb5,vision_vit,gelu,5,train_loss_epoch,121,1.203130125999451
cb1a5c5d-0b1d-4b70-becc-5176e7c43cb5,vision_vit,gelu,5,train_loss_epoch,139,1.158306360244751
cb1a5c5d-0b1d-4b70-becc-5176e7c43cb5,vision_vit,gelu,5,train_loss_epoch,157,1.1194692850112915
cb1a5c5d-0b1d-4b70-becc-5176e7c43cb5,vision_vit,gelu,5,train_loss_epoch,175,1.0865206718444824
cb1a5c5d-0b1d-4b70-becc-5176e7c43cb5,vision_vit,gelu,5,train_loss_epoch,191,1.0504087209701538
cb1a5c5d-0b1d-4b70-becc-5176e7c43cb5,vision_vit,gelu,5,train_loss_epoch,209,1.0114363431930542
cb1a5c5d-0b1d-4b70-becc-5176e7c43cb5,vision_vit,gelu,5,train_loss_epoch,227,0.9887695908546448
cb1a5c5d-0b1d-4b70-becc-5176e7c43cb5,vision_vit,gelu,5,train_loss_epoch,245,0.9553455114364624
cb1a5c5d-0b1d-4b70-becc-5176e7c43cb5,vision_vit,gelu,5,train_loss_epoch,263,0.9369012117385864
cb1a5c5d-0b1d-4b70-becc-5176e7c43cb5,vision_vit,gelu,5,train_loss_epoch,279,0.9072077870368958
cb1a5c5d-0b1d-4b70-becc-5176e7c43cb5,vision_vit,gelu,5,train_loss_epoch,297,0.8812960386276245
cb1a5c5d-0b1d-4b70-becc-5176e7c43cb5,vision_vit,gelu,5,train_loss_epoch,315,0.8562856912612915
cb1a5c5d-0b1d-4b70-becc-5176e7c43cb5,vision_vit,gelu,5,train_loss_epoch,333,0.8329344391822815
cb1a5c5d-0b1d-4b70-becc-5176e7c43cb5,vision_vit,gelu,5,train_loss_epoch,351,0.8129886984825134
cb1a5c5d-0b1d-4b70-becc-5176e7c43cb5,vision_vit,gelu,5,train_loss_epoch,367,0.7985701560974121
cb1a5c5d-0b1d-4b70-becc-5176e7c43cb5,vision_vit,gelu,5,train_loss_epoch,385,0.7815357446670532
cb1a5c5d-0b1d-4b70-becc-5176e7c43cb5,vision_vit,gelu,5,train_loss_epoch,403,0.7674232721328735
cb1a5c5d-0b1d-4b70-becc-5176e7c43cb5,vision_vit,gelu,5,train_loss_epoch,421,0.7550686597824097
cb1a5c5d-0b1d-4b70-becc-5176e7c43cb5,vision_vit,gelu,5,train_loss_epoch,439,0.7448970079421997
cb1a5c5d-0b1d-4b70-becc-5176e7c43cb5,vision_vit,gelu,5,train_loss_epoch,455,0.7362635135650635
cb1a5c5d-0b1d-4b70-becc-5176e7c43cb5,vision_vit,gelu,5,train_loss_epoch,473,0.7291774749755859
cb1a5c5d-0b1d-4b70-becc-5176e7c43cb5,vision_vit,gelu,5,train_loss_epoch,491,0.727866530418396
cb1a5c5d-0b1d-4b70-becc-5176e7c43cb5,vision_vit,gelu,5,train_loss_epoch,509,0.7173150181770325
cb1a5c5d-0b1d-4b70-becc-5176e7c43cb5,vision_vit,gelu,5,train_loss_epoch,527,0.7199904322624207
7a2244bf-2691-4683-8b7b-597aec3fbf69,vision_vit,gelu,7,val_top1,14,0.3781000077724457
7a2244bf-2691-4683-8b7b-597aec3fbf69,vision_vit,gelu,7,val_top1,32,0.4438999891281128
7a2244bf-2691-4683-8b7b-597aec3fbf69,vision_vit,gelu,7,val_top1,50,0.5091000199317932
7a2244bf-2691-4683-8b7b-597aec3fbf69,vision_vit,gelu,7,val_top1,68,0.5228000283241272
7a2244bf-2691-4683-8b7b-597aec3fbf69,vision_vit,gelu,7,val_top1,86,0.5727999806404114
7a2244bf-2691-4683-8b7b-597aec3fbf69,vision_vit,gelu,7,val_top1,102,0.5885000228881836
7a2244bf-2691-4683-8b7b-597aec3fbf69,vision_vit,gelu,7,val_top1,120,0.5981000065803528
7a2244bf-2691-4683-8b7b-597aec3fbf69,vision_vit,gelu,7,val_top1,138,0.6158000230789185
7a2244bf-2691-4683-8b7b-597aec3fbf69,vision_vit,gelu,7,val_top1,156,0.6365000009536743
7a2244bf-2691-4683-8b7b-597aec3fbf69,vision_vit,gelu,7,val_top1,174,0.6513000130653381
7a2244bf-2691-4683-8b7b-597aec3fbf69,vision_vit,gelu,7,val_top1,190,0.6668999791145325
7a2244bf-2691-4683-8b7b-597aec3fbf69,vision_vit,gelu,7,val_top1,208,0.6644999980926514
7a2244bf-2691-4683-8b7b-597aec3fbf69,vision_vit,gelu,7,val_top1,226,0.6766999959945679
7a2244bf-2691-4683-8b7b-597aec3fbf69,vision_vit,gelu,7,val_top1,244,0.6934999823570251
7a2244bf-2691-4683-8b7b-597aec3fbf69,vision_vit,gelu,7,val_top1,262,0.704200029373169
7a2244bf-2691-4683-8b7b-597aec3fbf69,vision_vit,gelu,7,val_top1,278,0.7071999907493591
7a2244bf-2691-4683-8b7b-597aec3fbf69,vision_vit,gelu,7,val_top1,296,0.7189000248908997
7a2244bf-2691-4683-8b7b-597aec3fbf69,vision_vit,gelu,7,val_top1,314,0.7258999943733215
7a2244bf-2691-4683-8b7b-597aec3fbf69,vision_vit,gelu,7,val_top1,332,0.730400025844574
7a2244bf-2691-4683-8b7b-597aec3fbf69,vision_vit,gelu,7,val_top1,350,0.734000027179718
7a2244bf-2691-4683-8b7b-597aec3fbf69,vision_vit,gelu,7,val_top1,366,0.7307000160217285
7a2244bf-2691-4683-8b7b-597aec3fbf69,vision_vit,gelu,7,val_top1,384,0.7470999956130981
7a2244bf-2691-4683-8b7b-597aec3fbf69,vision_vit,gelu,7,val_top1,402,0.7473999857902527
7a2244bf-2691-4683-8b7b-597aec3fbf69,vision_vit,gelu,7,val_top1,420,0.7473000288009644
7a2244bf-2691-4683-8b7b-597aec3fbf69,vision_vit,gelu,7,val_top1,438,0.751800000667572
7a2244bf-2691-4683-8b7b-597aec3fbf69,vision_vit,gelu,7,val_top1,454,0.7533000111579895
7a2244bf-2691-4683-8b7b-597aec3fbf69,vision_vit,gelu,7,val_top1,472,0.7540000081062317
7a2244bf-2691-4683-8b7b-597aec3fbf69,vision_vit,gelu,7,val_top1,490,0.754800021648407
7a2244bf-2691-4683-8b7b-597aec3fbf69,vision_vit,gelu,7,val_top1,508,0.7562999725341797
7a2244bf-2691-4683-8b7b-597aec3fbf69,vision_vit,gelu,7,val_top1,526,0.7565000057220459
7a2244bf-2691-4683-8b7b-597aec3fbf69,vision_vit,gelu,7,train_loss_epoch,15,1.9997313022613523
7a2244bf-2691-4683-8b7b-597aec3fbf69,vision_vit,gelu,7,train_loss_epoch,33,1.6432334184646606
7a2244bf-2691-4683-8b7b-597aec3fbf69,vision_vit,gelu,7,train_loss_epoch,51,1.468914270401001
7a2244bf-2691-4683-8b7b-597aec3fbf69,vision_vit,gelu,7,train_loss_epoch,69,1.362865686416626
7a2244bf-2691-4683-8b7b-597aec3fbf69,vision_vit,gelu,7,train_loss_epoch,87,1.2845643758773804
7a2244bf-2691-4683-8b7b-597aec3fbf69,vision_vit,gelu,7,train_loss_epoch,103,1.2194780111312866
7a2244bf-2691-4683-8b7b-597aec3fbf69,vision_vit,gelu,7,train_loss_epoch,121,1.1701539754867554
7a2244bf-2691-4683-8b7b-597aec3fbf69,vision_vit,gelu,7,train_loss_epoch,139,1.1277083158493042
7a2244bf-2691-4683-8b7b-597aec3fbf69,vision_vit,gelu,7,train_loss_epoch,157,1.0863176584243774
7a2244bf-2691-4683-8b7b-597aec3fbf69,vision_vit,gelu,7,train_loss_epoch,175,1.044684648513794
7a2244bf-2691-4683-8b7b-597aec3fbf69,vision_vit,gelu,7,train_loss_epoch,191,1.0079774856567385
7a2244bf-2691-4683-8b7b-597aec3fbf69,vision_vit,gelu,7,train_loss_epoch,209,0.9747297763824464
7a2244bf-2691-4683-8b7b-597aec3fbf69,vision_vit,gelu,7,train_loss_epoch,227,0.943708837032318
7a2244bf-2691-4683-8b7b-597aec3fbf69,vision_vit,gelu,7,train_loss_epoch,245,0.9161456227302552
7a2244bf-2691-4683-8b7b-597aec3fbf69,vision_vit,gelu,7,train_loss_epoch,263,0.8850901126861572
7a2244bf-2691-4683-8b7b-597aec3fbf69,vision_vit,gelu,7,train_loss_epoch,279,0.8583177328109741
7a2244bf-2691-4683-8b7b-597aec3fbf69,vision_vit,gelu,7,train_loss_epoch,297,0.8359801173210144
7a2244bf-2691-4683-8b7b-597aec3fbf69,vision_vit,gelu,7,train_loss_epoch,315,0.8103718161582947
7a2244bf-2691-4683-8b7b-597aec3fbf69,vision_vit,gelu,7,train_loss_epoch,333,0.7932345867156982
7a2244bf-2691-4683-8b7b-597aec3fbf69,vision_vit,gelu,7,train_loss_epoch,351,0.7716994285583496
7a2244bf-2691-4683-8b7b-597aec3fbf69,vision_vit,gelu,7,train_loss_epoch,367,0.7503756284713745
7a2244bf-2691-4683-8b7b-597aec3fbf69,vision_vit,gelu,7,train_loss_epoch,385,0.7409358620643616
7a2244bf-2691-4683-8b7b-597aec3fbf69,vision_vit,gelu,7,train_loss_epoch,403,0.7281171083450317
7a2244bf-2691-4683-8b7b-597aec3fbf69,vision_vit,gelu,7,train_loss_epoch,421,0.7118690013885498
7a2244bf-2691-4683-8b7b-597aec3fbf69,vision_vit,gelu,7,train_loss_epoch,439,0.7013856768608093
7a2244bf-2691-4683-8b7b-597aec3fbf69,vision_vit,gelu,7,train_loss_epoch,455,0.693115770816803
7a2244bf-2691-4683-8b7b-597aec3fbf69,vision_vit,gelu,7,train_loss_epoch,473,0.6846566200256348
7a2244bf-2691-4683-8b7b-597aec3fbf69,vision_vit,gelu,7,train_loss_epoch,491,0.6830708980560303
7a2244bf-2691-4683-8b7b-597aec3fbf69,vision_vit,gelu,7,train_loss_epoch,509,0.6780117154121399
7a2244bf-2691-4683-8b7b-597aec3fbf69,vision_vit,gelu,7,train_loss_epoch,527,0.6772975325584412
ba55d835-7d62-4c7d-b03a-3918eb583d4b,vision_vit,silu,4,val_top1,14,0.3470999896526336
ba55d835-7d62-4c7d-b03a-3918eb583d4b,vision_vit,silu,4,val_top1,32,0.4435000121593475
ba55d835-7d62-4c7d-b03a-3918eb583d4b,vision_vit,silu,4,val_top1,50,0.4722000062465668
ba55d835-7d62-4c7d-b03a-3918eb583d4b,vision_vit,silu,4,val_top1,68,0.5152000188827515
ba55d835-7d62-4c7d-b03a-3918eb583d4b,vision_vit,silu,4,val_top1,86,0.5512999892234802
ba55d835-7d62-4c7d-b03a-3918eb583d4b,vision_vit,silu,4,val_top1,102,0.5598999857902527
ba55d835-7d62-4c7d-b03a-3918eb583d4b,vision_vit,silu,4,val_top1,120,0.5893999934196472
ba55d835-7d62-4c7d-b03a-3918eb583d4b,vision_vit,silu,4,val_top1,138,0.5939000248908997
ba55d835-7d62-4c7d-b03a-3918eb583d4b,vision_vit,silu,4,val_top1,156,0.6061000227928162
ba55d835-7d62-4c7d-b03a-3918eb583d4b,vision_vit,silu,4,val_top1,174,0.6330999732017517
ba55d835-7d62-4c7d-b03a-3918eb583d4b,vision_vit,silu,4,val_top1,190,0.6344000101089478
ba55d835-7d62-4c7d-b03a-3918eb583d4b,vision_vit,silu,4,val_top1,208,0.6442000269889832
ba55d835-7d62-4c7d-b03a-3918eb583d4b,vision_vit,silu,4,val_top1,226,0.6424999833106995
ba55d835-7d62-4c7d-b03a-3918eb583d4b,vision_vit,silu,4,val_top1,244,0.6626999974250793
ba55d835-7d62-4c7d-b03a-3918eb583d4b,vision_vit,silu,4,val_top1,262,0.6672000288963318
ba55d835-7d62-4c7d-b03a-3918eb583d4b,vision_vit,silu,4,val_top1,278,0.6801999807357788
ba55d835-7d62-4c7d-b03a-3918eb583d4b,vision_vit,silu,4,val_top1,296,0.6834999918937683
ba55d835-7d62-4c7d-b03a-3918eb583d4b,vision_vit,silu,4,val_top1,314,0.6852999925613403
ba55d835-7d62-4c7d-b03a-3918eb583d4b,vision_vit,silu,4,val_top1,332,0.6958000063896179
ba55d835-7d62-4c7d-b03a-3918eb583d4b,vision_vit,silu,4,val_top1,350,0.6970000267028809
ba55d835-7d62-4c7d-b03a-3918eb583d4b,vision_vit,silu,4,val_top1,366,0.7077000141143799
ba55d835-7d62-4c7d-b03a-3918eb583d4b,vision_vit,silu,4,val_top1,384,0.7161999940872192
ba55d835-7d62-4c7d-b03a-3918eb583d4b,vision_vit,silu,4,val_top1,402,0.7159000039100647
ba55d835-7d62-4c7d-b03a-3918eb583d4b,vision_vit,silu,4,val_top1,420,0.7204999923706055
ba55d835-7d62-4c7d-b03a-3918eb583d4b,vision_vit,silu,4,val_top1,438,0.7208999991416931
ba55d835-7d62-4c7d-b03a-3918eb583d4b,vision_vit,silu,4,val_top1,454,0.72079998254776
ba55d835-7d62-4c7d-b03a-3918eb583d4b,vision_vit,silu,4,val_top1,472,0.7253999710083008
ba55d835-7d62-4c7d-b03a-3918eb583d4b,vision_vit,silu,4,val_top1,490,0.725600004196167
ba55d835-7d62-4c7d-b03a-3918eb583d4b,vision_vit,silu,4,val_top1,508,0.7257000207901001
ba55d835-7d62-4c7d-b03a-3918eb583d4b,vision_vit,silu,4,val_top1,526,0.7264999747276306
ba55d835-7d62-4c7d-b03a-3918eb583d4b,vision_vit,silu,4,train_loss_epoch,15,2.008452177047729
ba55d835-7d62-4c7d-b03a-3918eb583d4b,vision_vit,silu,4,train_loss_epoch,33,1.681843638420105
ba55d835-7d62-4c7d-b03a-3918eb583d4b,vision_vit,silu,4,train_loss_epoch,51,1.4967691898345947
ba55d835-7d62-4c7d-b03a-3918eb583d4b,vision_vit,silu,4,train_loss_epoch,69,1.3926291465759275
ba55d835-7d62-4c7d-b03a-3918eb583d4b,vision_vit,silu,4,train_loss_epoch,87,1.3200044631958008
ba55d835-7d62-4c7d-b03a-3918eb583d4b,vision_vit,silu,4,train_loss_epoch,103,1.2655065059661863
ba55d835-7d62-4c7d-b03a-3918eb583d4b,vision_vit,silu,4,train_loss_epoch,121,1.2267850637435913
ba55d835-7d62-4c7d-b03a-3918eb583d4b,vision_vit,silu,4,train_loss_epoch,139,1.1794602870941162
ba55d835-7d62-4c7d-b03a-3918eb583d4b,vision_vit,silu,4,train_loss_epoch,157,1.1514873504638672
ba55d835-7d62-4c7d-b03a-3918eb583d4b,vision_vit,silu,4,train_loss_epoch,175,1.115319013595581
ba55d835-7d62-4c7d-b03a-3918eb583d4b,vision_vit,silu,4,train_loss_epoch,191,1.0891817808151243
ba55d835-7d62-4c7d-b03a-3918eb583d4b,vision_vit,silu,4,train_loss_epoch,209,1.0586597919464111
ba55d835-7d62-4c7d-b03a-3918eb583d4b,vision_vit,silu,4,train_loss_epoch,227,1.0373839139938354
ba55d835-7d62-4c7d-b03a-3918eb583d4b,vision_vit,silu,4,train_loss_epoch,245,1.0086328983306885
ba55d835-7d62-4c7d-b03a-3918eb583d4b,vision_vit,silu,4,train_loss_epoch,263,0.9858322739601136
ba55d835-7d62-4c7d-b03a-3918eb583d4b,vision_vit,silu,4,train_loss_epoch,279,0.9635624885559082
ba55d835-7d62-4c7d-b03a-3918eb583d4b,vision_vit,silu,4,train_loss_epoch,297,0.9368913173675536
ba55d835-7d62-4c7d-b03a-3918eb583d4b,vision_vit,silu,4,train_loss_epoch,315,0.9153485298156738
ba55d835-7d62-4c7d-b03a-3918eb583d4b,vision_vit,silu,4,train_loss_epoch,333,0.8950905799865723
ba55d835-7d62-4c7d-b03a-3918eb583d4b,vision_vit,silu,4,train_loss_epoch,351,0.878993570804596
ba55d835-7d62-4c7d-b03a-3918eb583d4b,vision_vit,silu,4,train_loss_epoch,367,0.861625611782074
ba55d835-7d62-4c7d-b03a-3918eb583d4b,vision_vit,silu,4,train_loss_epoch,385,0.8447545766830444
ba55d835-7d62-4c7d-b03a-3918eb583d4b,vision_vit,silu,4,train_loss_epoch,403,0.8299421072006226
ba55d835-7d62-4c7d-b03a-3918eb583d4b,vision_vit,silu,4,train_loss_epoch,421,0.820786714553833
ba55d835-7d62-4c7d-b03a-3918eb583d4b,vision_vit,silu,4,train_loss_epoch,439,0.8081995248794556
ba55d835-7d62-4c7d-b03a-3918eb583d4b,vision_vit,silu,4,train_loss_epoch,455,0.8077365756034851
ba55d835-7d62-4c7d-b03a-3918eb583d4b,vision_vit,silu,4,train_loss_epoch,473,0.795706570148468
ba55d835-7d62-4c7d-b03a-3918eb583d4b,vision_vit,silu,4,train_loss_epoch,491,0.7904583215713501
ba55d835-7d62-4c7d-b03a-3918eb583d4b,vision_vit,silu,4,train_loss_epoch,509,0.7885112762451172
ba55d835-7d62-4c7d-b03a-3918eb583d4b,vision_vit,silu,4,train_loss_epoch,527,0.7834551930427551
0b4ca0a8-94af-42b2-8263-f30c026e17bf,vision_vit,silu,5,val_top1,14,0.3709000051021576
0b4ca0a8-94af-42b2-8263-f30c026e17bf,vision_vit,silu,5,val_top1,32,0.4444000124931335
0b4ca0a8-94af-42b2-8263-f30c026e17bf,vision_vit,silu,5,val_top1,50,0.4860999882221222
0b4ca0a8-94af-42b2-8263-f30c026e17bf,vision_vit,silu,5,val_top1,68,0.5368000268936157
0b4ca0a8-94af-42b2-8263-f30c026e17bf,vision_vit,silu,5,val_top1,86,0.5454999804496765
0b4ca0a8-94af-42b2-8263-f30c026e17bf,vision_vit,silu,5,val_top1,102,0.5534999966621399
0b4ca0a8-94af-42b2-8263-f30c026e17bf,vision_vit,silu,5,val_top1,120,0.5853000283241272
0b4ca0a8-94af-42b2-8263-f30c026e17bf,vision_vit,silu,5,val_top1,138,0.5885000228881836
0b4ca0a8-94af-42b2-8263-f30c026e17bf,vision_vit,silu,5,val_top1,156,0.6017000079154968
0b4ca0a8-94af-42b2-8263-f30c026e17bf,vision_vit,silu,5,val_top1,174,0.6205999851226807
0b4ca0a8-94af-42b2-8263-f30c026e17bf,vision_vit,silu,5,val_top1,190,0.6301000118255615
0b4ca0a8-94af-42b2-8263-f30c026e17bf,vision_vit,silu,5,val_top1,208,0.6402000188827515
0b4ca0a8-94af-42b2-8263-f30c026e17bf,vision_vit,silu,5,val_top1,226,0.6396999955177307
0b4ca0a8-94af-42b2-8263-f30c026e17bf,vision_vit,silu,5,val_top1,244,0.6491000056266785
0b4ca0a8-94af-42b2-8263-f30c026e17bf,vision_vit,silu,5,val_top1,262,0.6541000008583069
0b4ca0a8-94af-42b2-8263-f30c026e17bf,vision_vit,silu,5,val_top1,278,0.6610999703407288
0b4ca0a8-94af-42b2-8263-f30c026e17bf,vision_vit,silu,5,val_top1,296,0.6794000267982483
0b4ca0a8-94af-42b2-8263-f30c026e17bf,vision_vit,silu,5,val_top1,314,0.6779999732971191
0b4ca0a8-94af-42b2-8263-f30c026e17bf,vision_vit,silu,5,val_top1,332,0.6866000294685364
0b4ca0a8-94af-42b2-8263-f30c026e17bf,vision_vit,silu,5,val_top1,350,0.6966999769210815
0b4ca0a8-94af-42b2-8263-f30c026e17bf,vision_vit,silu,5,val_top1,366,0.6998999714851379
0b4ca0a8-94af-42b2-8263-f30c026e17bf,vision_vit,silu,5,val_top1,384,0.7027999758720398
0b4ca0a8-94af-42b2-8263-f30c026e17bf,vision_vit,silu,5,val_top1,402,0.7056000232696533
0b4ca0a8-94af-42b2-8263-f30c026e17bf,vision_vit,silu,5,val_top1,420,0.7077000141143799
0b4ca0a8-94af-42b2-8263-f30c026e17bf,vision_vit,silu,5,val_top1,438,0.7134000062942505
0b4ca0a8-94af-42b2-8263-f30c026e17bf,vision_vit,silu,5,val_top1,454,0.7132999897003174
0b4ca0a8-94af-42b2-8263-f30c026e17bf,vision_vit,silu,5,val_top1,472,0.7143999934196472
0b4ca0a8-94af-42b2-8263-f30c026e17bf,vision_vit,silu,5,val_top1,490,0.713699996471405
0b4ca0a8-94af-42b2-8263-f30c026e17bf,vision_vit,silu,5,val_top1,508,0.7139999866485596
0b4ca0a8-94af-42b2-8263-f30c026e17bf,vision_vit,silu,5,val_top1,526,0.7135000228881836
0b4ca0a8-94af-42b2-8263-f30c026e17bf,vision_vit,silu,5,train_loss_epoch,15,2.019140720367432
0b4ca0a8-94af-42b2-8263-f30c026e17bf,vision_vit,silu,5,train_loss_epoch,33,1.6838940382003784
0b4ca0a8-94af-42b2-8263-f30c026e17bf,vision_vit,silu,5,train_loss_epoch,51,1.495681643486023
0b4ca0a8-94af-42b2-8263-f30c026e17bf,vision_vit,silu,5,train_loss_epoch,69,1.3983581066131592
0b4ca0a8-94af-42b2-8263-f30c026e17bf,vision_vit,silu,5,train_loss_epoch,87,1.3310081958770752
0b4ca0a8-94af-42b2-8263-f30c026e17bf,vision_vit,silu,5,train_loss_epoch,103,1.2774921655654907
0b4ca0a8-94af-42b2-8263-f30c026e17bf,vision_vit,silu,5,train_loss_epoch,121,1.2345584630966189
0b4ca0a8-94af-42b2-8263-f30c026e17bf,vision_vit,silu,5,train_loss_epoch,139,1.1944690942764282
0b4ca0a8-94af-42b2-8263-f30c026e17bf,vision_vit,silu,5,train_loss_epoch,157,1.1558829545974731
0b4ca0a8-94af-42b2-8263-f30c026e17bf,vision_vit,silu,5,train_loss_epoch,175,1.1306310892105105
0b4ca0a8-94af-42b2-8263-f30c026e17bf,vision_vit,silu,5,train_loss_epoch,191,1.097961187362671
0b4ca0a8-94af-42b2-8263-f30c026e17bf,vision_vit,silu,5,train_loss_epoch,209,1.069926142692566
0b4ca0a8-94af-42b2-8263-f30c026e17bf,vision_vit,silu,5,train_loss_epoch,227,1.0467650890350342
0b4ca0a8-94af-42b2-8263-f30c026e17bf,vision_vit,silu,5,train_loss_epoch,245,1.020185112953186
0b4ca0a8-94af-42b2-8263-f30c026e17bf,vision_vit,silu,5,train_loss_epoch,263,0.9981462359428406
0b4ca0a8-94af-42b2-8263-f30c026e17bf,vision_vit,silu,5,train_loss_epoch,279,0.9742772579193116
0b4ca0a8-94af-42b2-8263-f30c026e17bf,vision_vit,silu,5,train_loss_epoch,297,0.9557582139968872
0b4ca0a8-94af-42b2-8263-f30c026e17bf,vision_vit,silu,5,train_loss_epoch,315,0.9282004833221436
0b4ca0a8-94af-42b2-8263-f30c026e17bf,vision_vit,silu,5,train_loss_epoch,333,0.9093770384788512
0b4ca0a8-94af-42b2-8263-f30c026e17bf,vision_vit,silu,5,train_loss_epoch,351,0.8944969773292542
0b4ca0a8-94af-42b2-8263-f30c026e17bf,vision_vit,silu,5,train_loss_epoch,367,0.880170464515686
0b4ca0a8-94af-42b2-8263-f30c026e17bf,vision_vit,silu,5,train_loss_epoch,385,0.8624387383460999
0b4ca0a8-94af-42b2-8263-f30c026e17bf,vision_vit,silu,5,train_loss_epoch,403,0.8516435027122498
0b4ca0a8-94af-42b2-8263-f30c026e17bf,vision_vit,silu,5,train_loss_epoch,421,0.8391871452331543
0b4ca0a8-94af-42b2-8263-f30c026e17bf,vision_vit,silu,5,train_loss_epoch,439,0.831524133682251
0b4ca0a8-94af-42b2-8263-f30c026e17bf,vision_vit,silu,5,train_loss_epoch,455,0.8225741386413574
0b4ca0a8-94af-42b2-8263-f30c026e17bf,vision_vit,silu,5,train_loss_epoch,473,0.8127486109733582
0b4ca0a8-94af-42b2-8263-f30c026e17bf,vision_vit,silu,5,train_loss_epoch,491,0.8186020255088806
0b4ca0a8-94af-42b2-8263-f30c026e17bf,vision_vit,silu,5,train_loss_epoch,509,0.8075857162475586
0b4ca0a8-94af-42b2-8263-f30c026e17bf,vision_vit,silu,5,train_loss_epoch,527,0.8060435056686401
e1da7e2f-9ab5-42b7-8e76-a2c9ab5acd2a,vision_vit,silu,3,val_top1,14,0.353300005197525
e1da7e2f-9ab5-42b7-8e76-a2c9ab5acd2a,vision_vit,silu,3,val_top1,32,0.4287999868392944
e1da7e2f-9ab5-42b7-8e76-a2c9ab5acd2a,vision_vit,silu,3,val_top1,50,0.505299985408783
e1da7e2f-9ab5-42b7-8e76-a2c9ab5acd2a,vision_vit,silu,3,val_top1,68,0.5072000026702881
e1da7e2f-9ab5-42b7-8e76-a2c9ab5acd2a,vision_vit,silu,3,val_top1,86,0.5401999950408936
e1da7e2f-9ab5-42b7-8e76-a2c9ab5acd2a,vision_vit,silu,3,val_top1,102,0.5734999775886536
e1da7e2f-9ab5-42b7-8e76-a2c9ab5acd2a,vision_vit,silu,3,val_top1,120,0.5968000292778015
e1da7e2f-9ab5-42b7-8e76-a2c9ab5acd2a,vision_vit,silu,3,val_top1,138,0.6086000204086304
e1da7e2f-9ab5-42b7-8e76-a2c9ab5acd2a,vision_vit,silu,3,val_top1,156,0.6169999837875366
e1da7e2f-9ab5-42b7-8e76-a2c9ab5acd2a,vision_vit,silu,3,val_top1,174,0.623199999332428
e1da7e2f-9ab5-42b7-8e76-a2c9ab5acd2a,vision_vit,silu,3,val_top1,190,0.638700008392334
e1da7e2f-9ab5-42b7-8e76-a2c9ab5acd2a,vision_vit,silu,3,val_top1,208,0.6363000273704529
e1da7e2f-9ab5-42b7-8e76-a2c9ab5acd2a,vision_vit,silu,3,val_top1,226,0.6495000123977661
e1da7e2f-9ab5-42b7-8e76-a2c9ab5acd2a,vision_vit,silu,3,val_top1,244,0.6646000146865845
e1da7e2f-9ab5-42b7-8e76-a2c9ab5acd2a,vision_vit,silu,3,val_top1,262,0.6707000136375427
e1da7e2f-9ab5-42b7-8e76-a2c9ab5acd2a,vision_vit,silu,3,val_top1,278,0.6714000105857849
e1da7e2f-9ab5-42b7-8e76-a2c9ab5acd2a,vision_vit,silu,3,val_top1,296,0.6800000071525574
e1da7e2f-9ab5-42b7-8e76-a2c9ab5acd2a,vision_vit,silu,3,val_top1,314,0.692300021648407
e1da7e2f-9ab5-42b7-8e76-a2c9ab5acd2a,vision_vit,silu,3,val_top1,332,0.6941999793052673
e1da7e2f-9ab5-42b7-8e76-a2c9ab5acd2a,vision_vit,silu,3,val_top1,350,0.6948000192642212
e1da7e2f-9ab5-42b7-8e76-a2c9ab5acd2a,vision_vit,silu,3,val_top1,366,0.7049999833106995
e1da7e2f-9ab5-42b7-8e76-a2c9ab5acd2a,vision_vit,silu,3,val_top1,384,0.7099999785423279
e1da7e2f-9ab5-42b7-8e76-a2c9ab5acd2a,vision_vit,silu,3,val_top1,402,0.7125999927520752
e1da7e2f-9ab5-42b7-8e76-a2c9ab5acd2a,vision_vit,silu,3,val_top1,420,0.7177000045776367
e1da7e2f-9ab5-42b7-8e76-a2c9ab5acd2a,vision_vit,silu,3,val_top1,438,0.7188000082969666
e1da7e2f-9ab5-42b7-8e76-a2c9ab5acd2a,vision_vit,silu,3,val_top1,454,0.7179999947547913
e1da7e2f-9ab5-42b7-8e76-a2c9ab5acd2a,vision_vit,silu,3,val_top1,472,0.720300018787384
e1da7e2f-9ab5-42b7-8e76-a2c9ab5acd2a,vision_vit,silu,3,val_top1,490,0.7197999954223633
e1da7e2f-9ab5-42b7-8e76-a2c9ab5acd2a,vision_vit,silu,3,val_top1,508,0.7200000286102295
e1da7e2f-9ab5-42b7-8e76-a2c9ab5acd2a,vision_vit,silu,3,val_top1,526,0.7197999954223633
e1da7e2f-9ab5-42b7-8e76-a2c9ab5acd2a,vision_vit,silu,3,train_loss_epoch,15,2.014836549758911
e1da7e2f-9ab5-42b7-8e76-a2c9ab5acd2a,vision_vit,silu,3,train_loss_epoch,33,1.6653363704681396
e1da7e2f-9ab5-42b7-8e76-a2c9ab5acd2a,vision_vit,silu,3,train_loss_epoch,51,1.4802374839782717
e1da7e2f-9ab5-42b7-8e76-a2c9ab5acd2a,vision_vit,silu,3,train_loss_epoch,69,1.3809019327163696
e1da7e2f-9ab5-42b7-8e76-a2c9ab5acd2a,vision_vit,silu,3,train_loss_epoch,87,1.3152426481246948
e1da7e2f-9ab5-42b7-8e76-a2c9ab5acd2a,vision_vit,silu,3,train_loss_epoch,103,1.2592787742614746
e1da7e2f-9ab5-42b7-8e76-a2c9ab5acd2a,vision_vit,silu,3,train_loss_epoch,121,1.2150784730911257
e1da7e2f-9ab5-42b7-8e76-a2c9ab5acd2a,vision_vit,silu,3,train_loss_epoch,139,1.176941990852356
e1da7e2f-9ab5-42b7-8e76-a2c9ab5acd2a,vision_vit,silu,3,train_loss_epoch,157,1.143417239189148
e1da7e2f-9ab5-42b7-8e76-a2c9ab5acd2a,vision_vit,silu,3,train_loss_epoch,175,1.1162128448486328
e1da7e2f-9ab5-42b7-8e76-a2c9ab5acd2a,vision_vit,silu,3,train_loss_epoch,191,1.0881012678146362
e1da7e2f-9ab5-42b7-8e76-a2c9ab5acd2a,vision_vit,silu,3,train_loss_epoch,209,1.06804096698761
e1da7e2f-9ab5-42b7-8e76-a2c9ab5acd2a,vision_vit,silu,3,train_loss_epoch,227,1.0316120386123655
e1da7e2f-9ab5-42b7-8e76-a2c9ab5acd2a,vision_vit,silu,3,train_loss_epoch,245,1.0109083652496338
e1da7e2f-9ab5-42b7-8e76-a2c9ab5acd2a,vision_vit,silu,3,train_loss_epoch,263,0.9865545630455016
e1da7e2f-9ab5-42b7-8e76-a2c9ab5acd2a,vision_vit,silu,3,train_loss_epoch,279,0.9646194577217102
e1da7e2f-9ab5-42b7-8e76-a2c9ab5acd2a,vision_vit,silu,3,train_loss_epoch,297,0.9449215531349182
e1da7e2f-9ab5-42b7-8e76-a2c9ab5acd2a,vision_vit,silu,3,train_loss_epoch,315,0.9289191365242004
e1da7e2f-9ab5-42b7-8e76-a2c9ab5acd2a,vision_vit,silu,3,train_loss_epoch,333,0.9065904021263124
e1da7e2f-9ab5-42b7-8e76-a2c9ab5acd2a,vision_vit,silu,3,train_loss_epoch,351,0.8905912041664124
e1da7e2f-9ab5-42b7-8e76-a2c9ab5acd2a,vision_vit,silu,3,train_loss_epoch,367,0.8732013702392578
e1da7e2f-9ab5-42b7-8e76-a2c9ab5acd2a,vision_vit,silu,3,train_loss_epoch,385,0.8617589473724365
e1da7e2f-9ab5-42b7-8e76-a2c9ab5acd2a,vision_vit,silu,3,train_loss_epoch,403,0.8452455401420593
e1da7e2f-9ab5-42b7-8e76-a2c9ab5acd2a,vision_vit,silu,3,train_loss_epoch,421,0.8313093781471252
e1da7e2f-9ab5-42b7-8e76-a2c9ab5acd2a,vision_vit,silu,3,train_loss_epoch,439,0.8236051201820374
e1da7e2f-9ab5-42b7-8e76-a2c9ab5acd2a,vision_vit,silu,3,train_loss_epoch,455,0.8155539631843567
e1da7e2f-9ab5-42b7-8e76-a2c9ab5acd2a,vision_vit,silu,3,train_loss_epoch,473,0.8082005977630615
e1da7e2f-9ab5-42b7-8e76-a2c9ab5acd2a,vision_vit,silu,3,train_loss_epoch,491,0.8033647537231445
e1da7e2f-9ab5-42b7-8e76-a2c9ab5acd2a,vision_vit,silu,3,train_loss_epoch,509,0.7994735836982727
e1da7e2f-9ab5-42b7-8e76-a2c9ab5acd2a,vision_vit,silu,3,train_loss_epoch,527,0.7989501357078552
d5cccf4c-ce83-43a3-93dd-1bb225e7a23e,vision_vit,silu,2,val_top1,14,0.3454000055789947
d5cccf4c-ce83-43a3-93dd-1bb225e7a23e,vision_vit,silu,2,val_top1,32,0.4589999914169311
d5cccf4c-ce83-43a3-93dd-1bb225e7a23e,vision_vit,silu,2,val_top1,50,0.4950999915599823
d5cccf4c-ce83-43a3-93dd-1bb225e7a23e,vision_vit,silu,2,val_top1,68,0.524399995803833
d5cccf4c-ce83-43a3-93dd-1bb225e7a23e,vision_vit,silu,2,val_top1,86,0.5512999892234802
d5cccf4c-ce83-43a3-93dd-1bb225e7a23e,vision_vit,silu,2,val_top1,102,0.5713000297546387
d5cccf4c-ce83-43a3-93dd-1bb225e7a23e,vision_vit,silu,2,val_top1,120,0.5953999757766724
d5cccf4c-ce83-43a3-93dd-1bb225e7a23e,vision_vit,silu,2,val_top1,138,0.6069999933242798
d5cccf4c-ce83-43a3-93dd-1bb225e7a23e,vision_vit,silu,2,val_top1,156,0.6121000051498413
d5cccf4c-ce83-43a3-93dd-1bb225e7a23e,vision_vit,silu,2,val_top1,174,0.6248999834060669
d5cccf4c-ce83-43a3-93dd-1bb225e7a23e,vision_vit,silu,2,val_top1,190,0.6365000009536743
d5cccf4c-ce83-43a3-93dd-1bb225e7a23e,vision_vit,silu,2,val_top1,208,0.6416000127792358
d5cccf4c-ce83-43a3-93dd-1bb225e7a23e,vision_vit,silu,2,val_top1,226,0.6564000248908997
d5cccf4c-ce83-43a3-93dd-1bb225e7a23e,vision_vit,silu,2,val_top1,244,0.6578999757766724
d5cccf4c-ce83-43a3-93dd-1bb225e7a23e,vision_vit,silu,2,val_top1,262,0.6621999740600586
d5cccf4c-ce83-43a3-93dd-1bb225e7a23e,vision_vit,silu,2,val_top1,278,0.6711999773979187
d5cccf4c-ce83-43a3-93dd-1bb225e7a23e,vision_vit,silu,2,val_top1,296,0.6758000254631042
d5cccf4c-ce83-43a3-93dd-1bb225e7a23e,vision_vit,silu,2,val_top1,314,0.6791999936103821
d5cccf4c-ce83-43a3-93dd-1bb225e7a23e,vision_vit,silu,2,val_top1,332,0.6877999901771545
d5cccf4c-ce83-43a3-93dd-1bb225e7a23e,vision_vit,silu,2,val_top1,350,0.7001000046730042
d5cccf4c-ce83-43a3-93dd-1bb225e7a23e,vision_vit,silu,2,val_top1,366,0.6930999755859375
d5cccf4c-ce83-43a3-93dd-1bb225e7a23e,vision_vit,silu,2,val_top1,384,0.7038999795913696
d5cccf4c-ce83-43a3-93dd-1bb225e7a23e,vision_vit,silu,2,val_top1,402,0.7073000073432922
d5cccf4c-ce83-43a3-93dd-1bb225e7a23e,vision_vit,silu,2,val_top1,420,0.7116000056266785
d5cccf4c-ce83-43a3-93dd-1bb225e7a23e,vision_vit,silu,2,val_top1,438,0.7128000259399414
d5cccf4c-ce83-43a3-93dd-1bb225e7a23e,vision_vit,silu,2,val_top1,454,0.720300018787384
d5cccf4c-ce83-43a3-93dd-1bb225e7a23e,vision_vit,silu,2,val_top1,472,0.7196000218391418
d5cccf4c-ce83-43a3-93dd-1bb225e7a23e,vision_vit,silu,2,val_top1,490,0.7213000059127808
d5cccf4c-ce83-43a3-93dd-1bb225e7a23e,vision_vit,silu,2,val_top1,508,0.7232000231742859
d5cccf4c-ce83-43a3-93dd-1bb225e7a23e,vision_vit,silu,2,val_top1,526,0.7228000164031982
d5cccf4c-ce83-43a3-93dd-1bb225e7a23e,vision_vit,silu,2,train_loss_epoch,15,2.0189437866210938
d5cccf4c-ce83-43a3-93dd-1bb225e7a23e,vision_vit,silu,2,train_loss_epoch,33,1.660873293876648
d5cccf4c-ce83-43a3-93dd-1bb225e7a23e,vision_vit,silu,2,train_loss_epoch,51,1.4888416528701782
d5cccf4c-ce83-43a3-93dd-1bb225e7a23e,vision_vit,silu,2,train_loss_epoch,69,1.3947603702545166
d5cccf4c-ce83-43a3-93dd-1bb225e7a23e,vision_vit,silu,2,train_loss_epoch,87,1.3199924230575562
d5cccf4c-ce83-43a3-93dd-1bb225e7a23e,vision_vit,silu,2,train_loss_epoch,103,1.2676671743392944
d5cccf4c-ce83-43a3-93dd-1bb225e7a23e,vision_vit,silu,2,train_loss_epoch,121,1.2245217561721802
d5cccf4c-ce83-43a3-93dd-1bb225e7a23e,vision_vit,silu,2,train_loss_epoch,139,1.196216702461243
d5cccf4c-ce83-43a3-93dd-1bb225e7a23e,vision_vit,silu,2,train_loss_epoch,157,1.1608015298843384
d5cccf4c-ce83-43a3-93dd-1bb225e7a23e,vision_vit,silu,2,train_loss_epoch,175,1.1312636137008667
d5cccf4c-ce83-43a3-93dd-1bb225e7a23e,vision_vit,silu,2,train_loss_epoch,191,1.102851390838623
d5cccf4c-ce83-43a3-93dd-1bb225e7a23e,vision_vit,silu,2,train_loss_epoch,209,1.077190399169922
d5cccf4c-ce83-43a3-93dd-1bb225e7a23e,vision_vit,silu,2,train_loss_epoch,227,1.052868127822876
d5cccf4c-ce83-43a3-93dd-1bb225e7a23e,vision_vit,silu,2,train_loss_epoch,245,1.026084065437317
d5cccf4c-ce83-43a3-93dd-1bb225e7a23e,vision_vit,silu,2,train_loss_epoch,263,1.0037410259246826
d5cccf4c-ce83-43a3-93dd-1bb225e7a23e,vision_vit,silu,2,train_loss_epoch,279,0.9808671474456788
d5cccf4c-ce83-43a3-93dd-1bb225e7a23e,vision_vit,silu,2,train_loss_epoch,297,0.9566258192062378
d5cccf4c-ce83-43a3-93dd-1bb225e7a23e,vision_vit,silu,2,train_loss_epoch,315,0.9341391324996948
d5cccf4c-ce83-43a3-93dd-1bb225e7a23e,vision_vit,silu,2,train_loss_epoch,333,0.9191103577613832
d5cccf4c-ce83-43a3-93dd-1bb225e7a23e,vision_vit,silu,2,train_loss_epoch,351,0.9012120962142944
d5cccf4c-ce83-43a3-93dd-1bb225e7a23e,vision_vit,silu,2,train_loss_epoch,367,0.8878111243247986
d5cccf4c-ce83-43a3-93dd-1bb225e7a23e,vision_vit,silu,2,train_loss_epoch,385,0.8702322244644165
d5cccf4c-ce83-43a3-93dd-1bb225e7a23e,vision_vit,silu,2,train_loss_epoch,403,0.855685293674469
d5cccf4c-ce83-43a3-93dd-1bb225e7a23e,vision_vit,silu,2,train_loss_epoch,421,0.8462626934051514
d5cccf4c-ce83-43a3-93dd-1bb225e7a23e,vision_vit,silu,2,train_loss_epoch,439,0.8335309028625488
d5cccf4c-ce83-43a3-93dd-1bb225e7a23e,vision_vit,silu,2,train_loss_epoch,455,0.8292199373245239
d5cccf4c-ce83-43a3-93dd-1bb225e7a23e,vision_vit,silu,2,train_loss_epoch,473,0.8220154643058777
d5cccf4c-ce83-43a3-93dd-1bb225e7a23e,vision_vit,silu,2,train_loss_epoch,491,0.8162727355957031
d5cccf4c-ce83-43a3-93dd-1bb225e7a23e,vision_vit,silu,2,train_loss_epoch,509,0.8131586909294128
d5cccf4c-ce83-43a3-93dd-1bb225e7a23e,vision_vit,silu,2,train_loss_epoch,527,0.8066674470901489
7ce09c93-ab5b-4a23-8ad8-8bc6c2d12c31,vision_vit,silu,0,val_top1,14,0.3528999984264374
7ce09c93-ab5b-4a23-8ad8-8bc6c2d12c31,vision_vit,silu,0,val_top1,32,0.4316999912261963
7ce09c93-ab5b-4a23-8ad8-8bc6c2d12c31,vision_vit,silu,0,val_top1,50,0.5109999775886536
7ce09c93-ab5b-4a23-8ad8-8bc6c2d12c31,vision_vit,silu,0,val_top1,68,0.5289000272750854
7ce09c93-ab5b-4a23-8ad8-8bc6c2d12c31,vision_vit,silu,0,val_top1,86,0.5557000041007996
7ce09c93-ab5b-4a23-8ad8-8bc6c2d12c31,vision_vit,silu,0,val_top1,102,0.5792999863624573
7ce09c93-ab5b-4a23-8ad8-8bc6c2d12c31,vision_vit,silu,0,val_top1,120,0.5830000042915344
7ce09c93-ab5b-4a23-8ad8-8bc6c2d12c31,vision_vit,silu,0,val_top1,138,0.6086999773979187
7ce09c93-ab5b-4a23-8ad8-8bc6c2d12c31,vision_vit,silu,0,val_top1,156,0.6230999827384949
7ce09c93-ab5b-4a23-8ad8-8bc6c2d12c31,vision_vit,silu,0,val_top1,174,0.6086000204086304
7ce09c93-ab5b-4a23-8ad8-8bc6c2d12c31,vision_vit,silu,0,val_top1,190,0.6320000290870667
7ce09c93-ab5b-4a23-8ad8-8bc6c2d12c31,vision_vit,silu,0,val_top1,208,0.6258999705314636
7ce09c93-ab5b-4a23-8ad8-8bc6c2d12c31,vision_vit,silu,0,val_top1,226,0.6520000100135803
7ce09c93-ab5b-4a23-8ad8-8bc6c2d12c31,vision_vit,silu,0,val_top1,244,0.6632000207901001
7ce09c93-ab5b-4a23-8ad8-8bc6c2d12c31,vision_vit,silu,0,val_top1,262,0.6678000092506409
7ce09c93-ab5b-4a23-8ad8-8bc6c2d12c31,vision_vit,silu,0,val_top1,278,0.675599992275238
7ce09c93-ab5b-4a23-8ad8-8bc6c2d12c31,vision_vit,silu,0,val_top1,296,0.6761000156402588
7ce09c93-ab5b-4a23-8ad8-8bc6c2d12c31,vision_vit,silu,0,val_top1,314,0.6863999962806702
7ce09c93-ab5b-4a23-8ad8-8bc6c2d12c31,vision_vit,silu,0,val_top1,332,0.6904000043869019
7ce09c93-ab5b-4a23-8ad8-8bc6c2d12c31,vision_vit,silu,0,val_top1,350,0.6959999799728394
7ce09c93-ab5b-4a23-8ad8-8bc6c2d12c31,vision_vit,silu,0,val_top1,366,0.6984000205993652
7ce09c93-ab5b-4a23-8ad8-8bc6c2d12c31,vision_vit,silu,0,val_top1,384,0.7024000287055969
7ce09c93-ab5b-4a23-8ad8-8bc6c2d12c31,vision_vit,silu,0,val_top1,402,0.7056000232696533
7ce09c93-ab5b-4a23-8ad8-8bc6c2d12c31,vision_vit,silu,0,val_top1,420,0.7084000110626221
7ce09c93-ab5b-4a23-8ad8-8bc6c2d12c31,vision_vit,silu,0,val_top1,438,0.7074000239372253
7ce09c93-ab5b-4a23-8ad8-8bc6c2d12c31,vision_vit,silu,0,val_top1,454,0.7113000154495239
7ce09c93-ab5b-4a23-8ad8-8bc6c2d12c31,vision_vit,silu,0,val_top1,472,0.7131999731063843
7ce09c93-ab5b-4a23-8ad8-8bc6c2d12c31,vision_vit,silu,0,val_top1,490,0.7125999927520752
7ce09c93-ab5b-4a23-8ad8-8bc6c2d12c31,vision_vit,silu,0,val_top1,508,0.7139000296592712
7ce09c93-ab5b-4a23-8ad8-8bc6c2d12c31,vision_vit,silu,0,val_top1,526,0.7141000032424927
7ce09c93-ab5b-4a23-8ad8-8bc6c2d12c31,vision_vit,silu,0,train_loss_epoch,15,2.0005483627319336
7ce09c93-ab5b-4a23-8ad8-8bc6c2d12c31,vision_vit,silu,0,train_loss_epoch,33,1.668201208114624
7ce09c93-ab5b-4a23-8ad8-8bc6c2d12c31,vision_vit,silu,0,train_loss_epoch,51,1.4901094436645508
7ce09c93-ab5b-4a23-8ad8-8bc6c2d12c31,vision_vit,silu,0,train_loss_epoch,69,1.3895303010940552
7ce09c93-ab5b-4a23-8ad8-8bc6c2d12c31,vision_vit,silu,0,train_loss_epoch,87,1.323674559593201
7ce09c93-ab5b-4a23-8ad8-8bc6c2d12c31,vision_vit,silu,0,train_loss_epoch,103,1.2730684280395508
7ce09c93-ab5b-4a23-8ad8-8bc6c2d12c31,vision_vit,silu,0,train_loss_epoch,121,1.224768877029419
7ce09c93-ab5b-4a23-8ad8-8bc6c2d12c31,vision_vit,silu,0,train_loss_epoch,139,1.1874088048934937
7ce09c93-ab5b-4a23-8ad8-8bc6c2d12c31,vision_vit,silu,0,train_loss_epoch,157,1.1524171829223633
7ce09c93-ab5b-4a23-8ad8-8bc6c2d12c31,vision_vit,silu,0,train_loss_epoch,175,1.1221400499343872
7ce09c93-ab5b-4a23-8ad8-8bc6c2d12c31,vision_vit,silu,0,train_loss_epoch,191,1.091565728187561
7ce09c93-ab5b-4a23-8ad8-8bc6c2d12c31,vision_vit,silu,0,train_loss_epoch,209,1.072355031967163
7ce09c93-ab5b-4a23-8ad8-8bc6c2d12c31,vision_vit,silu,0,train_loss_epoch,227,1.043402075767517
7ce09c93-ab5b-4a23-8ad8-8bc6c2d12c31,vision_vit,silu,0,train_loss_epoch,245,1.0208884477615356
7ce09c93-ab5b-4a23-8ad8-8bc6c2d12c31,vision_vit,silu,0,train_loss_epoch,263,0.9976743459701538
7ce09c93-ab5b-4a23-8ad8-8bc6c2d12c31,vision_vit,silu,0,train_loss_epoch,279,0.979906678199768
7ce09c93-ab5b-4a23-8ad8-8bc6c2d12c31,vision_vit,silu,0,train_loss_epoch,297,0.9549617767333984
7ce09c93-ab5b-4a23-8ad8-8bc6c2d12c31,vision_vit,silu,0,train_loss_epoch,315,0.9339442253112792
7ce09c93-ab5b-4a23-8ad8-8bc6c2d12c31,vision_vit,silu,0,train_loss_epoch,333,0.9111502766609192
7ce09c93-ab5b-4a23-8ad8-8bc6c2d12c31,vision_vit,silu,0,train_loss_epoch,351,0.8993518352508545
7ce09c93-ab5b-4a23-8ad8-8bc6c2d12c31,vision_vit,silu,0,train_loss_epoch,367,0.8814151883125305
7ce09c93-ab5b-4a23-8ad8-8bc6c2d12c31,vision_vit,silu,0,train_loss_epoch,385,0.8709152340888977
7ce09c93-ab5b-4a23-8ad8-8bc6c2d12c31,vision_vit,silu,0,train_loss_epoch,403,0.8513864874839783
7ce09c93-ab5b-4a23-8ad8-8bc6c2d12c31,vision_vit,silu,0,train_loss_epoch,421,0.8401138186454773
7ce09c93-ab5b-4a23-8ad8-8bc6c2d12c31,vision_vit,silu,0,train_loss_epoch,439,0.8318485617637634
7ce09c93-ab5b-4a23-8ad8-8bc6c2d12c31,vision_vit,silu,0,train_loss_epoch,455,0.8243889212608337
7ce09c93-ab5b-4a23-8ad8-8bc6c2d12c31,vision_vit,silu,0,train_loss_epoch,473,0.8173770904541016
7ce09c93-ab5b-4a23-8ad8-8bc6c2d12c31,vision_vit,silu,0,train_loss_epoch,491,0.8117308616638184
7ce09c93-ab5b-4a23-8ad8-8bc6c2d12c31,vision_vit,silu,0,train_loss_epoch,509,0.8110906481742859
7ce09c93-ab5b-4a23-8ad8-8bc6c2d12c31,vision_vit,silu,0,train_loss_epoch,527,0.8119516372680664
df93e37d-eb4d-45b3-9103-37c7a77a75fc,vision_vit,silu,7,val_top1,14,0.3736999928951263
df93e37d-eb4d-45b3-9103-37c7a77a75fc,vision_vit,silu,7,val_top1,32,0.4383000135421753
df93e37d-eb4d-45b3-9103-37c7a77a75fc,vision_vit,silu,7,val_top1,50,0.5006999969482422
df93e37d-eb4d-45b3-9103-37c7a77a75fc,vision_vit,silu,7,val_top1,68,0.5045999884605408
df93e37d-eb4d-45b3-9103-37c7a77a75fc,vision_vit,silu,7,val_top1,86,0.5577999949455261
df93e37d-eb4d-45b3-9103-37c7a77a75fc,vision_vit,silu,7,val_top1,102,0.5722000002861023
df93e37d-eb4d-45b3-9103-37c7a77a75fc,vision_vit,silu,7,val_top1,120,0.5927000045776367
df93e37d-eb4d-45b3-9103-37c7a77a75fc,vision_vit,silu,7,val_top1,138,0.6032000184059143
df93e37d-eb4d-45b3-9103-37c7a77a75fc,vision_vit,silu,7,val_top1,156,0.6154999732971191
df93e37d-eb4d-45b3-9103-37c7a77a75fc,vision_vit,silu,7,val_top1,174,0.6319000124931335
df93e37d-eb4d-45b3-9103-37c7a77a75fc,vision_vit,silu,7,val_top1,190,0.64410001039505
df93e37d-eb4d-45b3-9103-37c7a77a75fc,vision_vit,silu,7,val_top1,208,0.6420999765396118
df93e37d-eb4d-45b3-9103-37c7a77a75fc,vision_vit,silu,7,val_top1,226,0.6553000211715698
df93e37d-eb4d-45b3-9103-37c7a77a75fc,vision_vit,silu,7,val_top1,244,0.6650000214576721
df93e37d-eb4d-45b3-9103-37c7a77a75fc,vision_vit,silu,7,val_top1,262,0.675000011920929
df93e37d-eb4d-45b3-9103-37c7a77a75fc,vision_vit,silu,7,val_top1,278,0.6772000193595886
df93e37d-eb4d-45b3-9103-37c7a77a75fc,vision_vit,silu,7,val_top1,296,0.6869000196456909
df93e37d-eb4d-45b3-9103-37c7a77a75fc,vision_vit,silu,7,val_top1,314,0.6891000270843506
df93e37d-eb4d-45b3-9103-37c7a77a75fc,vision_vit,silu,7,val_top1,332,0.701200008392334
df93e37d-eb4d-45b3-9103-37c7a77a75fc,vision_vit,silu,7,val_top1,350,0.7003999948501587
df93e37d-eb4d-45b3-9103-37c7a77a75fc,vision_vit,silu,7,val_top1,366,0.699400007724762
df93e37d-eb4d-45b3-9103-37c7a77a75fc,vision_vit,silu,7,val_top1,384,0.7125999927520752
df93e37d-eb4d-45b3-9103-37c7a77a75fc,vision_vit,silu,7,val_top1,402,0.7129999995231628
df93e37d-eb4d-45b3-9103-37c7a77a75fc,vision_vit,silu,7,val_top1,420,0.7166000008583069
df93e37d-eb4d-45b3-9103-37c7a77a75fc,vision_vit,silu,7,val_top1,438,0.7210000157356262
df93e37d-eb4d-45b3-9103-37c7a77a75fc,vision_vit,silu,7,val_top1,454,0.720300018787384
df93e37d-eb4d-45b3-9103-37c7a77a75fc,vision_vit,silu,7,val_top1,472,0.7232999801635742
df93e37d-eb4d-45b3-9103-37c7a77a75fc,vision_vit,silu,7,val_top1,490,0.7231000065803528
df93e37d-eb4d-45b3-9103-37c7a77a75fc,vision_vit,silu,7,val_top1,508,0.7235000133514404
df93e37d-eb4d-45b3-9103-37c7a77a75fc,vision_vit,silu,7,val_top1,526,0.7235999703407288
df93e37d-eb4d-45b3-9103-37c7a77a75fc,vision_vit,silu,7,train_loss_epoch,15,2.000441074371338
df93e37d-eb4d-45b3-9103-37c7a77a75fc,vision_vit,silu,7,train_loss_epoch,33,1.6518808603286743
df93e37d-eb4d-45b3-9103-37c7a77a75fc,vision_vit,silu,7,train_loss_epoch,51,1.484933376312256
df93e37d-eb4d-45b3-9103-37c7a77a75fc,vision_vit,silu,7,train_loss_epoch,69,1.3861695528030396
df93e37d-eb4d-45b3-9103-37c7a77a75fc,vision_vit,silu,7,train_loss_epoch,87,1.3141430616378784
df93e37d-eb4d-45b3-9103-37c7a77a75fc,vision_vit,silu,7,train_loss_epoch,103,1.2519996166229248
df93e37d-eb4d-45b3-9103-37c7a77a75fc,vision_vit,silu,7,train_loss_epoch,121,1.2157739400863647
df93e37d-eb4d-45b3-9103-37c7a77a75fc,vision_vit,silu,7,train_loss_epoch,139,1.173514723777771
df93e37d-eb4d-45b3-9103-37c7a77a75fc,vision_vit,silu,7,train_loss_epoch,157,1.1399506330490112
df93e37d-eb4d-45b3-9103-37c7a77a75fc,vision_vit,silu,7,train_loss_epoch,175,1.1034880876541138
df93e37d-eb4d-45b3-9103-37c7a77a75fc,vision_vit,silu,7,train_loss_epoch,191,1.0708423852920532
df93e37d-eb4d-45b3-9103-37c7a77a75fc,vision_vit,silu,7,train_loss_epoch,209,1.0438408851623535
df93e37d-eb4d-45b3-9103-37c7a77a75fc,vision_vit,silu,7,train_loss_epoch,227,1.0230587720870972
df93e37d-eb4d-45b3-9103-37c7a77a75fc,vision_vit,silu,7,train_loss_epoch,245,1.000635027885437
df93e37d-eb4d-45b3-9103-37c7a77a75fc,vision_vit,silu,7,train_loss_epoch,263,0.969634771347046
df93e37d-eb4d-45b3-9103-37c7a77a75fc,vision_vit,silu,7,train_loss_epoch,279,0.948208510875702
df93e37d-eb4d-45b3-9103-37c7a77a75fc,vision_vit,silu,7,train_loss_epoch,297,0.9323192834854126
df93e37d-eb4d-45b3-9103-37c7a77a75fc,vision_vit,silu,7,train_loss_epoch,315,0.9131291508674622
df93e37d-eb4d-45b3-9103-37c7a77a75fc,vision_vit,silu,7,train_loss_epoch,333,0.8913748860359192
df93e37d-eb4d-45b3-9103-37c7a77a75fc,vision_vit,silu,7,train_loss_epoch,351,0.8745428919792175
df93e37d-eb4d-45b3-9103-37c7a77a75fc,vision_vit,silu,7,train_loss_epoch,367,0.8488767147064209
df93e37d-eb4d-45b3-9103-37c7a77a75fc,vision_vit,silu,7,train_loss_epoch,385,0.8444375991821289
df93e37d-eb4d-45b3-9103-37c7a77a75fc,vision_vit,silu,7,train_loss_epoch,403,0.8265350461006165
df93e37d-eb4d-45b3-9103-37c7a77a75fc,vision_vit,silu,7,train_loss_epoch,421,0.8144527077674866
df93e37d-eb4d-45b3-9103-37c7a77a75fc,vision_vit,silu,7,train_loss_epoch,439,0.8067226409912109
df93e37d-eb4d-45b3-9103-37c7a77a75fc,vision_vit,silu,7,train_loss_epoch,455,0.7984881401062012
df93e37d-eb4d-45b3-9103-37c7a77a75fc,vision_vit,silu,7,train_loss_epoch,473,0.7899478077888489
df93e37d-eb4d-45b3-9103-37c7a77a75fc,vision_vit,silu,7,train_loss_epoch,491,0.7886139750480652
df93e37d-eb4d-45b3-9103-37c7a77a75fc,vision_vit,silu,7,train_loss_epoch,509,0.7867628931999207
df93e37d-eb4d-45b3-9103-37c7a77a75fc,vision_vit,silu,7,train_loss_epoch,527,0.7814430594444275
75c2523c-257b-4bbf-be04-b7341d8bc25e,vision_vit,silu,6,val_top1,14,0.3528000116348266
75c2523c-257b-4bbf-be04-b7341d8bc25e,vision_vit,silu,6,val_top1,32,0.4476000070571899
75c2523c-257b-4bbf-be04-b7341d8bc25e,vision_vit,silu,6,val_top1,50,0.4939999878406524
75c2523c-257b-4bbf-be04-b7341d8bc25e,vision_vit,silu,6,val_top1,68,0.517300009727478
75c2523c-257b-4bbf-be04-b7341d8bc25e,vision_vit,silu,6,val_top1,86,0.5432000160217285
75c2523c-257b-4bbf-be04-b7341d8bc25e,vision_vit,silu,6,val_top1,102,0.5751000046730042
75c2523c-257b-4bbf-be04-b7341d8bc25e,vision_vit,silu,6,val_top1,120,0.5838000178337097
75c2523c-257b-4bbf-be04-b7341d8bc25e,vision_vit,silu,6,val_top1,138,0.6104000210762024
75c2523c-257b-4bbf-be04-b7341d8bc25e,vision_vit,silu,6,val_top1,156,0.6204000115394592
75c2523c-257b-4bbf-be04-b7341d8bc25e,vision_vit,silu,6,val_top1,174,0.630299985408783
75c2523c-257b-4bbf-be04-b7341d8bc25e,vision_vit,silu,6,val_top1,190,0.6301000118255615
75c2523c-257b-4bbf-be04-b7341d8bc25e,vision_vit,silu,6,val_top1,208,0.6428999900817871
75c2523c-257b-4bbf-be04-b7341d8bc25e,vision_vit,silu,6,val_top1,226,0.652400016784668
75c2523c-257b-4bbf-be04-b7341d8bc25e,vision_vit,silu,6,val_top1,244,0.6657999753952026
75c2523c-257b-4bbf-be04-b7341d8bc25e,vision_vit,silu,6,val_top1,262,0.673799991607666
75c2523c-257b-4bbf-be04-b7341d8bc25e,vision_vit,silu,6,val_top1,278,0.6765000224113464
75c2523c-257b-4bbf-be04-b7341d8bc25e,vision_vit,silu,6,val_top1,296,0.6819000244140625
75c2523c-257b-4bbf-be04-b7341d8bc25e,vision_vit,silu,6,val_top1,314,0.7005000114440918
75c2523c-257b-4bbf-be04-b7341d8bc25e,vision_vit,silu,6,val_top1,332,0.7014999985694885
75c2523c-257b-4bbf-be04-b7341d8bc25e,vision_vit,silu,6,val_top1,350,0.7106999754905701
75c2523c-257b-4bbf-be04-b7341d8bc25e,vision_vit,silu,6,val_top1,366,0.7057999968528748
75c2523c-257b-4bbf-be04-b7341d8bc25e,vision_vit,silu,6,val_top1,384,0.7124999761581421
75c2523c-257b-4bbf-be04-b7341d8bc25e,vision_vit,silu,6,val_top1,402,0.7139999866485596
75c2523c-257b-4bbf-be04-b7341d8bc25e,vision_vit,silu,6,val_top1,420,0.7189000248908997
75c2523c-257b-4bbf-be04-b7341d8bc25e,vision_vit,silu,6,val_top1,438,0.722000002861023
75c2523c-257b-4bbf-be04-b7341d8bc25e,vision_vit,silu,6,val_top1,454,0.7283999919891357
75c2523c-257b-4bbf-be04-b7341d8bc25e,vision_vit,silu,6,val_top1,472,0.7305999994277954
75c2523c-257b-4bbf-be04-b7341d8bc25e,vision_vit,silu,6,val_top1,490,0.728600025177002
75c2523c-257b-4bbf-be04-b7341d8bc25e,vision_vit,silu,6,val_top1,508,0.7297000288963318
75c2523c-257b-4bbf-be04-b7341d8bc25e,vision_vit,silu,6,val_top1,526,0.7294999957084656
75c2523c-257b-4bbf-be04-b7341d8bc25e,vision_vit,silu,6,train_loss_epoch,15,2.006814479827881
75c2523c-257b-4bbf-be04-b7341d8bc25e,vision_vit,silu,6,train_loss_epoch,33,1.663909912109375
75c2523c-257b-4bbf-be04-b7341d8bc25e,vision_vit,silu,6,train_loss_epoch,51,1.4827866554260254
75c2523c-257b-4bbf-be04-b7341d8bc25e,vision_vit,silu,6,train_loss_epoch,69,1.3779762983322144
75c2523c-257b-4bbf-be04-b7341d8bc25e,vision_vit,silu,6,train_loss_epoch,87,1.3111222982406616
75c2523c-257b-4bbf-be04-b7341d8bc25e,vision_vit,silu,6,train_loss_epoch,103,1.257711410522461
75c2523c-257b-4bbf-be04-b7341d8bc25e,vision_vit,silu,6,train_loss_epoch,121,1.2109103202819824
75c2523c-257b-4bbf-be04-b7341d8bc25e,vision_vit,silu,6,train_loss_epoch,139,1.175437092781067
75c2523c-257b-4bbf-be04-b7341d8bc25e,vision_vit,silu,6,train_loss_epoch,157,1.1418606042861938
75c2523c-257b-4bbf-be04-b7341d8bc25e,vision_vit,silu,6,train_loss_epoch,175,1.1013003587722778
75c2523c-257b-4bbf-be04-b7341d8bc25e,vision_vit,silu,6,train_loss_epoch,191,1.076587200164795
75c2523c-257b-4bbf-be04-b7341d8bc25e,vision_vit,silu,6,train_loss_epoch,209,1.0531537532806396
75c2523c-257b-4bbf-be04-b7341d8bc25e,vision_vit,silu,6,train_loss_epoch,227,1.0261662006378174
75c2523c-257b-4bbf-be04-b7341d8bc25e,vision_vit,silu,6,train_loss_epoch,245,0.9974839687347412
75c2523c-257b-4bbf-be04-b7341d8bc25e,vision_vit,silu,6,train_loss_epoch,263,0.9827755093574524
75c2523c-257b-4bbf-be04-b7341d8bc25e,vision_vit,silu,6,train_loss_epoch,279,0.9527172446250916
75c2523c-257b-4bbf-be04-b7341d8bc25e,vision_vit,silu,6,train_loss_epoch,297,0.9280232191085817
75c2523c-257b-4bbf-be04-b7341d8bc25e,vision_vit,silu,6,train_loss_epoch,315,0.9078899025917052
75c2523c-257b-4bbf-be04-b7341d8bc25e,vision_vit,silu,6,train_loss_epoch,333,0.8968200087547302
75c2523c-257b-4bbf-be04-b7341d8bc25e,vision_vit,silu,6,train_loss_epoch,351,0.8725109100341797
75c2523c-257b-4bbf-be04-b7341d8bc25e,vision_vit,silu,6,train_loss_epoch,367,0.8584234118461609
75c2523c-257b-4bbf-be04-b7341d8bc25e,vision_vit,silu,6,train_loss_epoch,385,0.8463590741157532
75c2523c-257b-4bbf-be04-b7341d8bc25e,vision_vit,silu,6,train_loss_epoch,403,0.8283939361572266
75c2523c-257b-4bbf-be04-b7341d8bc25e,vision_vit,silu,6,train_loss_epoch,421,0.8195520639419556
75c2523c-257b-4bbf-be04-b7341d8bc25e,vision_vit,silu,6,train_loss_epoch,439,0.8040173053741455
75c2523c-257b-4bbf-be04-b7341d8bc25e,vision_vit,silu,6,train_loss_epoch,455,0.7987245321273804
75c2523c-257b-4bbf-be04-b7341d8bc25e,vision_vit,silu,6,train_loss_epoch,473,0.7923198342323303
75c2523c-257b-4bbf-be04-b7341d8bc25e,vision_vit,silu,6,train_loss_epoch,491,0.7874339818954468
75c2523c-257b-4bbf-be04-b7341d8bc25e,vision_vit,silu,6,train_loss_epoch,509,0.7854136824607849
75c2523c-257b-4bbf-be04-b7341d8bc25e,vision_vit,silu,6,train_loss_epoch,527,0.7817004323005676
4bb34b3b-3573-45ee-aea1-f2f1fb6ea315,vision_vit,silu,1,val_top1,14,0.3781999945640564
4bb34b3b-3573-45ee-aea1-f2f1fb6ea315,vision_vit,silu,1,val_top1,32,0.441100001335144
4bb34b3b-3573-45ee-aea1-f2f1fb6ea315,vision_vit,silu,1,val_top1,50,0.4769000113010406
4bb34b3b-3573-45ee-aea1-f2f1fb6ea315,vision_vit,silu,1,val_top1,68,0.5184999704360962
4bb34b3b-3573-45ee-aea1-f2f1fb6ea315,vision_vit,silu,1,val_top1,86,0.5504000186920166
4bb34b3b-3573-45ee-aea1-f2f1fb6ea315,vision_vit,silu,1,val_top1,102,0.5741999745368958
4bb34b3b-3573-45ee-aea1-f2f1fb6ea315,vision_vit,silu,1,val_top1,120,0.5806999802589417
4bb34b3b-3573-45ee-aea1-f2f1fb6ea315,vision_vit,silu,1,val_top1,138,0.5989000201225281
4bb34b3b-3573-45ee-aea1-f2f1fb6ea315,vision_vit,silu,1,val_top1,156,0.6158999800682068
4bb34b3b-3573-45ee-aea1-f2f1fb6ea315,vision_vit,silu,1,val_top1,174,0.6215999722480774
4bb34b3b-3573-45ee-aea1-f2f1fb6ea315,vision_vit,silu,1,val_top1,190,0.6226999759674072
4bb34b3b-3573-45ee-aea1-f2f1fb6ea315,vision_vit,silu,1,val_top1,208,0.631600022315979
4bb34b3b-3573-45ee-aea1-f2f1fb6ea315,vision_vit,silu,1,val_top1,226,0.6407999992370605
4bb34b3b-3573-45ee-aea1-f2f1fb6ea315,vision_vit,silu,1,val_top1,244,0.6528000235557556
4bb34b3b-3573-45ee-aea1-f2f1fb6ea315,vision_vit,silu,1,val_top1,262,0.6557000279426575
4bb34b3b-3573-45ee-aea1-f2f1fb6ea315,vision_vit,silu,1,val_top1,278,0.6679999828338623
4bb34b3b-3573-45ee-aea1-f2f1fb6ea315,vision_vit,silu,1,val_top1,296,0.6776000261306763
4bb34b3b-3573-45ee-aea1-f2f1fb6ea315,vision_vit,silu,1,val_top1,314,0.6826000213623047
4bb34b3b-3573-45ee-aea1-f2f1fb6ea315,vision_vit,silu,1,val_top1,332,0.6832000017166138
4bb34b3b-3573-45ee-aea1-f2f1fb6ea315,vision_vit,silu,1,val_top1,350,0.6890000104904175
4bb34b3b-3573-45ee-aea1-f2f1fb6ea315,vision_vit,silu,1,val_top1,366,0.6952999830245972
4bb34b3b-3573-45ee-aea1-f2f1fb6ea315,vision_vit,silu,1,val_top1,384,0.7038000226020813
4bb34b3b-3573-45ee-aea1-f2f1fb6ea315,vision_vit,silu,1,val_top1,402,0.70169997215271
4bb34b3b-3573-45ee-aea1-f2f1fb6ea315,vision_vit,silu,1,val_top1,420,0.7038999795913696
4bb34b3b-3573-45ee-aea1-f2f1fb6ea315,vision_vit,silu,1,val_top1,438,0.7062000036239624
4bb34b3b-3573-45ee-aea1-f2f1fb6ea315,vision_vit,silu,1,val_top1,454,0.7062000036239624
4bb34b3b-3573-45ee-aea1-f2f1fb6ea315,vision_vit,silu,1,val_top1,472,0.7081999778747559
4bb34b3b-3573-45ee-aea1-f2f1fb6ea315,vision_vit,silu,1,val_top1,490,0.7106999754905701
4bb34b3b-3573-45ee-aea1-f2f1fb6ea315,vision_vit,silu,1,val_top1,508,0.7103000283241272
4bb34b3b-3573-45ee-aea1-f2f1fb6ea315,vision_vit,silu,1,val_top1,526,0.7106999754905701
4bb34b3b-3573-45ee-aea1-f2f1fb6ea315,vision_vit,silu,1,train_loss_epoch,15,2.0082483291625977
4bb34b3b-3573-45ee-aea1-f2f1fb6ea315,vision_vit,silu,1,train_loss_epoch,33,1.6701514720916748
4bb34b3b-3573-45ee-aea1-f2f1fb6ea315,vision_vit,silu,1,train_loss_epoch,51,1.496920824050903
4bb34b3b-3573-45ee-aea1-f2f1fb6ea315,vision_vit,silu,1,train_loss_epoch,69,1.3970086574554443
4bb34b3b-3573-45ee-aea1-f2f1fb6ea315,vision_vit,silu,1,train_loss_epoch,87,1.329734444618225
4bb34b3b-3573-45ee-aea1-f2f1fb6ea315,vision_vit,silu,1,train_loss_epoch,103,1.2774527072906494
4bb34b3b-3573-45ee-aea1-f2f1fb6ea315,vision_vit,silu,1,train_loss_epoch,121,1.2309579849243164
4bb34b3b-3573-45ee-aea1-f2f1fb6ea315,vision_vit,silu,1,train_loss_epoch,139,1.1925277709960938
4bb34b3b-3573-45ee-aea1-f2f1fb6ea315,vision_vit,silu,1,train_loss_epoch,157,1.163334608078003
4bb34b3b-3573-45ee-aea1-f2f1fb6ea315,vision_vit,silu,1,train_loss_epoch,175,1.130061388015747
4bb34b3b-3573-45ee-aea1-f2f1fb6ea315,vision_vit,silu,1,train_loss_epoch,191,1.103400468826294
4bb34b3b-3573-45ee-aea1-f2f1fb6ea315,vision_vit,silu,1,train_loss_epoch,209,1.0638647079467771
4bb34b3b-3573-45ee-aea1-f2f1fb6ea315,vision_vit,silu,1,train_loss_epoch,227,1.0456373691558838
4bb34b3b-3573-45ee-aea1-f2f1fb6ea315,vision_vit,silu,1,train_loss_epoch,245,1.0212544202804563
4bb34b3b-3573-45ee-aea1-f2f1fb6ea315,vision_vit,silu,1,train_loss_epoch,263,1.0042496919631958
4bb34b3b-3573-45ee-aea1-f2f1fb6ea315,vision_vit,silu,1,train_loss_epoch,279,0.9798786640167236
4bb34b3b-3573-45ee-aea1-f2f1fb6ea315,vision_vit,silu,1,train_loss_epoch,297,0.9594728946685792
4bb34b3b-3573-45ee-aea1-f2f1fb6ea315,vision_vit,silu,1,train_loss_epoch,315,0.9440659880638124
4bb34b3b-3573-45ee-aea1-f2f1fb6ea315,vision_vit,silu,1,train_loss_epoch,333,0.9224125742912292
4bb34b3b-3573-45ee-aea1-f2f1fb6ea315,vision_vit,silu,1,train_loss_epoch,351,0.9017674922943116
4bb34b3b-3573-45ee-aea1-f2f1fb6ea315,vision_vit,silu,1,train_loss_epoch,367,0.8862127661705017
4bb34b3b-3573-45ee-aea1-f2f1fb6ea315,vision_vit,silu,1,train_loss_epoch,385,0.8698415160179138
4bb34b3b-3573-45ee-aea1-f2f1fb6ea315,vision_vit,silu,1,train_loss_epoch,403,0.8567107319831848
4bb34b3b-3573-45ee-aea1-f2f1fb6ea315,vision_vit,silu,1,train_loss_epoch,421,0.8459792137145996
4bb34b3b-3573-45ee-aea1-f2f1fb6ea315,vision_vit,silu,1,train_loss_epoch,439,0.8351027965545654
4bb34b3b-3573-45ee-aea1-f2f1fb6ea315,vision_vit,silu,1,train_loss_epoch,455,0.8251737952232361
4bb34b3b-3573-45ee-aea1-f2f1fb6ea315,vision_vit,silu,1,train_loss_epoch,473,0.8213609457015991
4bb34b3b-3573-45ee-aea1-f2f1fb6ea315,vision_vit,silu,1,train_loss_epoch,491,0.8131275773048401
4bb34b3b-3573-45ee-aea1-f2f1fb6ea315,vision_vit,silu,1,train_loss_epoch,509,0.8132228255271912
4bb34b3b-3573-45ee-aea1-f2f1fb6ea315,vision_vit,silu,1,train_loss_epoch,527,0.8137794137001038
403b3ce9-049b-4a32-aadd-a838009a9d2d,vision_vit,mish,4,val_top1,14,0.3465000092983246
403b3ce9-049b-4a32-aadd-a838009a9d2d,vision_vit,mish,4,val_top1,32,0.442900002002716
403b3ce9-049b-4a32-aadd-a838009a9d2d,vision_vit,mish,4,val_top1,50,0.4745999872684479
403b3ce9-049b-4a32-aadd-a838009a9d2d,vision_vit,mish,4,val_top1,68,0.5206000208854675
403b3ce9-049b-4a32-aadd-a838009a9d2d,vision_vit,mish,4,val_top1,86,0.546999990940094
403b3ce9-049b-4a32-aadd-a838009a9d2d,vision_vit,mish,4,val_top1,102,0.5565999746322632
403b3ce9-049b-4a32-aadd-a838009a9d2d,vision_vit,mish,4,val_top1,120,0.590499997138977
403b3ce9-049b-4a32-aadd-a838009a9d2d,vision_vit,mish,4,val_top1,138,0.5983999967575073
403b3ce9-049b-4a32-aadd-a838009a9d2d,vision_vit,mish,4,val_top1,156,0.6101999878883362
403b3ce9-049b-4a32-aadd-a838009a9d2d,vision_vit,mish,4,val_top1,174,0.6326000094413757
403b3ce9-049b-4a32-aadd-a838009a9d2d,vision_vit,mish,4,val_top1,190,0.6322000026702881
403b3ce9-049b-4a32-aadd-a838009a9d2d,vision_vit,mish,4,val_top1,208,0.6456999778747559
403b3ce9-049b-4a32-aadd-a838009a9d2d,vision_vit,mish,4,val_top1,226,0.6480000019073486
403b3ce9-049b-4a32-aadd-a838009a9d2d,vision_vit,mish,4,val_top1,244,0.66839998960495
403b3ce9-049b-4a32-aadd-a838009a9d2d,vision_vit,mish,4,val_top1,262,0.6726999878883362
403b3ce9-049b-4a32-aadd-a838009a9d2d,vision_vit,mish,4,val_top1,278,0.6848999857902527
403b3ce9-049b-4a32-aadd-a838009a9d2d,vision_vit,mish,4,val_top1,296,0.6872000098228455
403b3ce9-049b-4a32-aadd-a838009a9d2d,vision_vit,mish,4,val_top1,314,0.6876999735832214
403b3ce9-049b-4a32-aadd-a838009a9d2d,vision_vit,mish,4,val_top1,332,0.705299973487854
403b3ce9-049b-4a32-aadd-a838009a9d2d,vision_vit,mish,4,val_top1,350,0.697700023651123
403b3ce9-049b-4a32-aadd-a838009a9d2d,vision_vit,mish,4,val_top1,366,0.7117000222206116
403b3ce9-049b-4a32-aadd-a838009a9d2d,vision_vit,mish,4,val_top1,384,0.71670001745224
403b3ce9-049b-4a32-aadd-a838009a9d2d,vision_vit,mish,4,val_top1,402,0.7143999934196472
403b3ce9-049b-4a32-aadd-a838009a9d2d,vision_vit,mish,4,val_top1,420,0.7214000225067139
403b3ce9-049b-4a32-aadd-a838009a9d2d,vision_vit,mish,4,val_top1,438,0.7236999869346619
403b3ce9-049b-4a32-aadd-a838009a9d2d,vision_vit,mish,4,val_top1,454,0.722000002861023
403b3ce9-049b-4a32-aadd-a838009a9d2d,vision_vit,mish,4,val_top1,472,0.73089998960495
403b3ce9-049b-4a32-aadd-a838009a9d2d,vision_vit,mish,4,val_top1,490,0.7287999987602234
403b3ce9-049b-4a32-aadd-a838009a9d2d,vision_vit,mish,4,val_top1,508,0.7289999723434448
403b3ce9-049b-4a32-aadd-a838009a9d2d,vision_vit,mish,4,val_top1,526,0.7294999957084656
403b3ce9-049b-4a32-aadd-a838009a9d2d,vision_vit,mish,4,train_loss_epoch,15,2.013742208480835
403b3ce9-049b-4a32-aadd-a838009a9d2d,vision_vit,mish,4,train_loss_epoch,33,1.6834580898284912
403b3ce9-049b-4a32-aadd-a838009a9d2d,vision_vit,mish,4,train_loss_epoch,51,1.498562216758728
403b3ce9-049b-4a32-aadd-a838009a9d2d,vision_vit,mish,4,train_loss_epoch,69,1.3954336643218994
403b3ce9-049b-4a32-aadd-a838009a9d2d,vision_vit,mish,4,train_loss_epoch,87,1.3202688694000244
403b3ce9-049b-4a32-aadd-a838009a9d2d,vision_vit,mish,4,train_loss_epoch,103,1.2678009271621704
403b3ce9-049b-4a32-aadd-a838009a9d2d,vision_vit,mish,4,train_loss_epoch,121,1.2235283851623535
403b3ce9-049b-4a32-aadd-a838009a9d2d,vision_vit,mish,4,train_loss_epoch,139,1.1777416467666626
403b3ce9-049b-4a32-aadd-a838009a9d2d,vision_vit,mish,4,train_loss_epoch,157,1.1473824977874756
403b3ce9-049b-4a32-aadd-a838009a9d2d,vision_vit,mish,4,train_loss_epoch,175,1.1104252338409424
403b3ce9-049b-4a32-aadd-a838009a9d2d,vision_vit,mish,4,train_loss_epoch,191,1.0811090469360352
403b3ce9-049b-4a32-aadd-a838009a9d2d,vision_vit,mish,4,train_loss_epoch,209,1.0533820390701294
403b3ce9-049b-4a32-aadd-a838009a9d2d,vision_vit,mish,4,train_loss_epoch,227,1.0305367708206177
403b3ce9-049b-4a32-aadd-a838009a9d2d,vision_vit,mish,4,train_loss_epoch,245,1.0011063814163208
403b3ce9-049b-4a32-aadd-a838009a9d2d,vision_vit,mish,4,train_loss_epoch,263,0.9795836806297302
403b3ce9-049b-4a32-aadd-a838009a9d2d,vision_vit,mish,4,train_loss_epoch,279,0.9551558494567872
403b3ce9-049b-4a32-aadd-a838009a9d2d,vision_vit,mish,4,train_loss_epoch,297,0.9291872382164
403b3ce9-049b-4a32-aadd-a838009a9d2d,vision_vit,mish,4,train_loss_epoch,315,0.908600389957428
403b3ce9-049b-4a32-aadd-a838009a9d2d,vision_vit,mish,4,train_loss_epoch,333,0.8861873745918274
403b3ce9-049b-4a32-aadd-a838009a9d2d,vision_vit,mish,4,train_loss_epoch,351,0.868679940700531
403b3ce9-049b-4a32-aadd-a838009a9d2d,vision_vit,mish,4,train_loss_epoch,367,0.8538660407066345
403b3ce9-049b-4a32-aadd-a838009a9d2d,vision_vit,mish,4,train_loss_epoch,385,0.8351722955703735
403b3ce9-049b-4a32-aadd-a838009a9d2d,vision_vit,mish,4,train_loss_epoch,403,0.8209940791130066
403b3ce9-049b-4a32-aadd-a838009a9d2d,vision_vit,mish,4,train_loss_epoch,421,0.8087034821510315
403b3ce9-049b-4a32-aadd-a838009a9d2d,vision_vit,mish,4,train_loss_epoch,439,0.7991688847541809
403b3ce9-049b-4a32-aadd-a838009a9d2d,vision_vit,mish,4,train_loss_epoch,455,0.7974732518196106
403b3ce9-049b-4a32-aadd-a838009a9d2d,vision_vit,mish,4,train_loss_epoch,473,0.7885718941688538
403b3ce9-049b-4a32-aadd-a838009a9d2d,vision_vit,mish,4,train_loss_epoch,491,0.7793444395065308
403b3ce9-049b-4a32-aadd-a838009a9d2d,vision_vit,mish,4,train_loss_epoch,509,0.77916020154953
403b3ce9-049b-4a32-aadd-a838009a9d2d,vision_vit,mish,4,train_loss_epoch,527,0.7710641622543335
13f0fbba-6c9a-4fff-8cd1-cea4df0b4f54,vision_vit,mish,7,val_top1,14,0.3693999946117401
13f0fbba-6c9a-4fff-8cd1-cea4df0b4f54,vision_vit,mish,7,val_top1,32,0.4325000047683716
13f0fbba-6c9a-4fff-8cd1-cea4df0b4f54,vision_vit,mish,7,val_top1,50,0.5034999847412109
13f0fbba-6c9a-4fff-8cd1-cea4df0b4f54,vision_vit,mish,7,val_top1,68,0.5059000253677368
13f0fbba-6c9a-4fff-8cd1-cea4df0b4f54,vision_vit,mish,7,val_top1,86,0.5626999735832214
13f0fbba-6c9a-4fff-8cd1-cea4df0b4f54,vision_vit,mish,7,val_top1,102,0.5713000297546387
13f0fbba-6c9a-4fff-8cd1-cea4df0b4f54,vision_vit,mish,7,val_top1,120,0.5891000032424927
13f0fbba-6c9a-4fff-8cd1-cea4df0b4f54,vision_vit,mish,7,val_top1,138,0.6026999950408936
13f0fbba-6c9a-4fff-8cd1-cea4df0b4f54,vision_vit,mish,7,val_top1,156,0.6173999905586243
13f0fbba-6c9a-4fff-8cd1-cea4df0b4f54,vision_vit,mish,7,val_top1,174,0.6309000253677368
13f0fbba-6c9a-4fff-8cd1-cea4df0b4f54,vision_vit,mish,7,val_top1,190,0.6456000208854675
13f0fbba-6c9a-4fff-8cd1-cea4df0b4f54,vision_vit,mish,7,val_top1,208,0.6428999900817871
13f0fbba-6c9a-4fff-8cd1-cea4df0b4f54,vision_vit,mish,7,val_top1,226,0.6559000015258789
13f0fbba-6c9a-4fff-8cd1-cea4df0b4f54,vision_vit,mish,7,val_top1,244,0.6611999869346619
13f0fbba-6c9a-4fff-8cd1-cea4df0b4f54,vision_vit,mish,7,val_top1,262,0.6718999743461609
13f0fbba-6c9a-4fff-8cd1-cea4df0b4f54,vision_vit,mish,7,val_top1,278,0.6764000058174133
13f0fbba-6c9a-4fff-8cd1-cea4df0b4f54,vision_vit,mish,7,val_top1,296,0.6841999888420105
13f0fbba-6c9a-4fff-8cd1-cea4df0b4f54,vision_vit,mish,7,val_top1,314,0.6883000135421753
13f0fbba-6c9a-4fff-8cd1-cea4df0b4f54,vision_vit,mish,7,val_top1,332,0.696399986743927
13f0fbba-6c9a-4fff-8cd1-cea4df0b4f54,vision_vit,mish,7,val_top1,350,0.6998999714851379
13f0fbba-6c9a-4fff-8cd1-cea4df0b4f54,vision_vit,mish,7,val_top1,366,0.7020999789237976
13f0fbba-6c9a-4fff-8cd1-cea4df0b4f54,vision_vit,mish,7,val_top1,384,0.7128999829292297
13f0fbba-6c9a-4fff-8cd1-cea4df0b4f54,vision_vit,mish,7,val_top1,402,0.7124999761581421
13f0fbba-6c9a-4fff-8cd1-cea4df0b4f54,vision_vit,mish,7,val_top1,420,0.7171000242233276
13f0fbba-6c9a-4fff-8cd1-cea4df0b4f54,vision_vit,mish,7,val_top1,438,0.7210000157356262
13f0fbba-6c9a-4fff-8cd1-cea4df0b4f54,vision_vit,mish,7,val_top1,454,0.7181000113487244
13f0fbba-6c9a-4fff-8cd1-cea4df0b4f54,vision_vit,mish,7,val_top1,472,0.7210999727249146
13f0fbba-6c9a-4fff-8cd1-cea4df0b4f54,vision_vit,mish,7,val_top1,490,0.7210000157356262
13f0fbba-6c9a-4fff-8cd1-cea4df0b4f54,vision_vit,mish,7,val_top1,508,0.7215999960899353
13f0fbba-6c9a-4fff-8cd1-cea4df0b4f54,vision_vit,mish,7,val_top1,526,0.7210000157356262
13f0fbba-6c9a-4fff-8cd1-cea4df0b4f54,vision_vit,mish,7,train_loss_epoch,15,2.003922462463379
13f0fbba-6c9a-4fff-8cd1-cea4df0b4f54,vision_vit,mish,7,train_loss_epoch,33,1.6547763347625732
13f0fbba-6c9a-4fff-8cd1-cea4df0b4f54,vision_vit,mish,7,train_loss_epoch,51,1.487128973007202
13f0fbba-6c9a-4fff-8cd1-cea4df0b4f54,vision_vit,mish,7,train_loss_epoch,69,1.3892537355422974
13f0fbba-6c9a-4fff-8cd1-cea4df0b4f54,vision_vit,mish,7,train_loss_epoch,87,1.316651463508606
13f0fbba-6c9a-4fff-8cd1-cea4df0b4f54,vision_vit,mish,7,train_loss_epoch,103,1.255137324333191
13f0fbba-6c9a-4fff-8cd1-cea4df0b4f54,vision_vit,mish,7,train_loss_epoch,121,1.2173432111740112
13f0fbba-6c9a-4fff-8cd1-cea4df0b4f54,vision_vit,mish,7,train_loss_epoch,139,1.1769014596939087
13f0fbba-6c9a-4fff-8cd1-cea4df0b4f54,vision_vit,mish,7,train_loss_epoch,157,1.1421667337417605
13f0fbba-6c9a-4fff-8cd1-cea4df0b4f54,vision_vit,mish,7,train_loss_epoch,175,1.103867530822754
13f0fbba-6c9a-4fff-8cd1-cea4df0b4f54,vision_vit,mish,7,train_loss_epoch,191,1.073104739189148
13f0fbba-6c9a-4fff-8cd1-cea4df0b4f54,vision_vit,mish,7,train_loss_epoch,209,1.0446122884750366
13f0fbba-6c9a-4fff-8cd1-cea4df0b4f54,vision_vit,mish,7,train_loss_epoch,227,1.0215935707092283
13f0fbba-6c9a-4fff-8cd1-cea4df0b4f54,vision_vit,mish,7,train_loss_epoch,245,0.9976447224617004
13f0fbba-6c9a-4fff-8cd1-cea4df0b4f54,vision_vit,mish,7,train_loss_epoch,263,0.9697160124778748
13f0fbba-6c9a-4fff-8cd1-cea4df0b4f54,vision_vit,mish,7,train_loss_epoch,279,0.9467430710792542
13f0fbba-6c9a-4fff-8cd1-cea4df0b4f54,vision_vit,mish,7,train_loss_epoch,297,0.9296725392341614
13f0fbba-6c9a-4fff-8cd1-cea4df0b4f54,vision_vit,mish,7,train_loss_epoch,315,0.908738911151886
13f0fbba-6c9a-4fff-8cd1-cea4df0b4f54,vision_vit,mish,7,train_loss_epoch,333,0.8896650075912476
13f0fbba-6c9a-4fff-8cd1-cea4df0b4f54,vision_vit,mish,7,train_loss_epoch,351,0.8707181215286255
13f0fbba-6c9a-4fff-8cd1-cea4df0b4f54,vision_vit,mish,7,train_loss_epoch,367,0.8456336259841919
13f0fbba-6c9a-4fff-8cd1-cea4df0b4f54,vision_vit,mish,7,train_loss_epoch,385,0.8407097458839417
13f0fbba-6c9a-4fff-8cd1-cea4df0b4f54,vision_vit,mish,7,train_loss_epoch,403,0.8220170736312866
13f0fbba-6c9a-4fff-8cd1-cea4df0b4f54,vision_vit,mish,7,train_loss_epoch,421,0.809034526348114
13f0fbba-6c9a-4fff-8cd1-cea4df0b4f54,vision_vit,mish,7,train_loss_epoch,439,0.8017449975013733
13f0fbba-6c9a-4fff-8cd1-cea4df0b4f54,vision_vit,mish,7,train_loss_epoch,455,0.7952598929405212
13f0fbba-6c9a-4fff-8cd1-cea4df0b4f54,vision_vit,mish,7,train_loss_epoch,473,0.784320592880249
13f0fbba-6c9a-4fff-8cd1-cea4df0b4f54,vision_vit,mish,7,train_loss_epoch,491,0.7827608585357666
13f0fbba-6c9a-4fff-8cd1-cea4df0b4f54,vision_vit,mish,7,train_loss_epoch,509,0.7819338440895081
13f0fbba-6c9a-4fff-8cd1-cea4df0b4f54,vision_vit,mish,7,train_loss_epoch,527,0.7738721966743469
f91e2b8b-6c86-40b7-808f-76b663cb51cf,vision_vit,mish,5,val_top1,14,0.3655000030994415
f91e2b8b-6c86-40b7-808f-76b663cb51cf,vision_vit,mish,5,val_top1,32,0.4524999856948852
f91e2b8b-6c86-40b7-808f-76b663cb51cf,vision_vit,mish,5,val_top1,50,0.4900999963283539
f91e2b8b-6c86-40b7-808f-76b663cb51cf,vision_vit,mish,5,val_top1,68,0.5401999950408936
f91e2b8b-6c86-40b7-808f-76b663cb51cf,vision_vit,mish,5,val_top1,86,0.5458999872207642
f91e2b8b-6c86-40b7-808f-76b663cb51cf,vision_vit,mish,5,val_top1,102,0.5425999760627747
f91e2b8b-6c86-40b7-808f-76b663cb51cf,vision_vit,mish,5,val_top1,120,0.5824000239372253
f91e2b8b-6c86-40b7-808f-76b663cb51cf,vision_vit,mish,5,val_top1,138,0.5982000231742859
f91e2b8b-6c86-40b7-808f-76b663cb51cf,vision_vit,mish,5,val_top1,156,0.6079999804496765
f91e2b8b-6c86-40b7-808f-76b663cb51cf,vision_vit,mish,5,val_top1,174,0.6097000241279602
f91e2b8b-6c86-40b7-808f-76b663cb51cf,vision_vit,mish,5,val_top1,190,0.6312000155448914
f91e2b8b-6c86-40b7-808f-76b663cb51cf,vision_vit,mish,5,val_top1,208,0.6391000151634216
f91e2b8b-6c86-40b7-808f-76b663cb51cf,vision_vit,mish,5,val_top1,226,0.6385999917984009
f91e2b8b-6c86-40b7-808f-76b663cb51cf,vision_vit,mish,5,val_top1,244,0.652999997138977
f91e2b8b-6c86-40b7-808f-76b663cb51cf,vision_vit,mish,5,val_top1,262,0.6574000120162964
f91e2b8b-6c86-40b7-808f-76b663cb51cf,vision_vit,mish,5,val_top1,278,0.6690000295639038
f91e2b8b-6c86-40b7-808f-76b663cb51cf,vision_vit,mish,5,val_top1,296,0.6786999702453613
f91e2b8b-6c86-40b7-808f-76b663cb51cf,vision_vit,mish,5,val_top1,314,0.6790000200271606
f91e2b8b-6c86-40b7-808f-76b663cb51cf,vision_vit,mish,5,val_top1,332,0.6934000253677368
f91e2b8b-6c86-40b7-808f-76b663cb51cf,vision_vit,mish,5,val_top1,350,0.6949999928474426
f91e2b8b-6c86-40b7-808f-76b663cb51cf,vision_vit,mish,5,val_top1,366,0.7067999839782715
f91e2b8b-6c86-40b7-808f-76b663cb51cf,vision_vit,mish,5,val_top1,384,0.7064999938011169
f91e2b8b-6c86-40b7-808f-76b663cb51cf,vision_vit,mish,5,val_top1,402,0.7057999968528748
f91e2b8b-6c86-40b7-808f-76b663cb51cf,vision_vit,mish,5,val_top1,420,0.7116000056266785
f91e2b8b-6c86-40b7-808f-76b663cb51cf,vision_vit,mish,5,val_top1,438,0.7143999934196472
f91e2b8b-6c86-40b7-808f-76b663cb51cf,vision_vit,mish,5,val_top1,454,0.715499997138977
f91e2b8b-6c86-40b7-808f-76b663cb51cf,vision_vit,mish,5,val_top1,472,0.7186999917030334
f91e2b8b-6c86-40b7-808f-76b663cb51cf,vision_vit,mish,5,val_top1,490,0.7182999849319458
f91e2b8b-6c86-40b7-808f-76b663cb51cf,vision_vit,mish,5,val_top1,508,0.7170000076293945
f91e2b8b-6c86-40b7-808f-76b663cb51cf,vision_vit,mish,5,val_top1,526,0.7164000272750854
f91e2b8b-6c86-40b7-808f-76b663cb51cf,vision_vit,mish,5,train_loss_epoch,15,2.0225822925567627
f91e2b8b-6c86-40b7-808f-76b663cb51cf,vision_vit,mish,5,train_loss_epoch,33,1.6817611455917358
f91e2b8b-6c86-40b7-808f-76b663cb51cf,vision_vit,mish,5,train_loss_epoch,51,1.4910237789154053
f91e2b8b-6c86-40b7-808f-76b663cb51cf,vision_vit,mish,5,train_loss_epoch,69,1.393759846687317
f91e2b8b-6c86-40b7-808f-76b663cb51cf,vision_vit,mish,5,train_loss_epoch,87,1.3272849321365356
f91e2b8b-6c86-40b7-808f-76b663cb51cf,vision_vit,mish,5,train_loss_epoch,103,1.2759168148040771
f91e2b8b-6c86-40b7-808f-76b663cb51cf,vision_vit,mish,5,train_loss_epoch,121,1.2342160940170288
f91e2b8b-6c86-40b7-808f-76b663cb51cf,vision_vit,mish,5,train_loss_epoch,139,1.196943759918213
f91e2b8b-6c86-40b7-808f-76b663cb51cf,vision_vit,mish,5,train_loss_epoch,157,1.1578291654586792
f91e2b8b-6c86-40b7-808f-76b663cb51cf,vision_vit,mish,5,train_loss_epoch,175,1.1313012838363647
f91e2b8b-6c86-40b7-808f-76b663cb51cf,vision_vit,mish,5,train_loss_epoch,191,1.1025787591934204
f91e2b8b-6c86-40b7-808f-76b663cb51cf,vision_vit,mish,5,train_loss_epoch,209,1.0684164762496948
f91e2b8b-6c86-40b7-808f-76b663cb51cf,vision_vit,mish,5,train_loss_epoch,227,1.0447782278060913
f91e2b8b-6c86-40b7-808f-76b663cb51cf,vision_vit,mish,5,train_loss_epoch,245,1.0194400548934937
f91e2b8b-6c86-40b7-808f-76b663cb51cf,vision_vit,mish,5,train_loss_epoch,263,0.9976257085800172
f91e2b8b-6c86-40b7-808f-76b663cb51cf,vision_vit,mish,5,train_loss_epoch,279,0.974562644958496
f91e2b8b-6c86-40b7-808f-76b663cb51cf,vision_vit,mish,5,train_loss_epoch,297,0.9543101191520692
f91e2b8b-6c86-40b7-808f-76b663cb51cf,vision_vit,mish,5,train_loss_epoch,315,0.9284050464630128
f91e2b8b-6c86-40b7-808f-76b663cb51cf,vision_vit,mish,5,train_loss_epoch,333,0.9111592769622804
f91e2b8b-6c86-40b7-808f-76b663cb51cf,vision_vit,mish,5,train_loss_epoch,351,0.8892194032669067
f91e2b8b-6c86-40b7-808f-76b663cb51cf,vision_vit,mish,5,train_loss_epoch,367,0.8753735423088074
f91e2b8b-6c86-40b7-808f-76b663cb51cf,vision_vit,mish,5,train_loss_epoch,385,0.8618180751800537
f91e2b8b-6c86-40b7-808f-76b663cb51cf,vision_vit,mish,5,train_loss_epoch,403,0.8476830124855042
f91e2b8b-6c86-40b7-808f-76b663cb51cf,vision_vit,mish,5,train_loss_epoch,421,0.8347263336181641
f91e2b8b-6c86-40b7-808f-76b663cb51cf,vision_vit,mish,5,train_loss_epoch,439,0.8283188939094543
f91e2b8b-6c86-40b7-808f-76b663cb51cf,vision_vit,mish,5,train_loss_epoch,455,0.8195070624351501
f91e2b8b-6c86-40b7-808f-76b663cb51cf,vision_vit,mish,5,train_loss_epoch,473,0.8104934096336365
f91e2b8b-6c86-40b7-808f-76b663cb51cf,vision_vit,mish,5,train_loss_epoch,491,0.8138344883918762
f91e2b8b-6c86-40b7-808f-76b663cb51cf,vision_vit,mish,5,train_loss_epoch,509,0.8053073883056641
f91e2b8b-6c86-40b7-808f-76b663cb51cf,vision_vit,mish,5,train_loss_epoch,527,0.8074870705604553
f170c682-c438-42ed-9a3c-e295e3ed2c5a,vision_vit,mish,2,val_top1,14,0.3443999886512756
f170c682-c438-42ed-9a3c-e295e3ed2c5a,vision_vit,mish,2,val_top1,32,0.4602000117301941
f170c682-c438-42ed-9a3c-e295e3ed2c5a,vision_vit,mish,2,val_top1,50,0.4954000115394592
f170c682-c438-42ed-9a3c-e295e3ed2c5a,vision_vit,mish,2,val_top1,68,0.5205000042915344
f170c682-c438-42ed-9a3c-e295e3ed2c5a,vision_vit,mish,2,val_top1,86,0.5512999892234802
f170c682-c438-42ed-9a3c-e295e3ed2c5a,vision_vit,mish,2,val_top1,102,0.5734999775886536
f170c682-c438-42ed-9a3c-e295e3ed2c5a,vision_vit,mish,2,val_top1,120,0.5874000191688538
f170c682-c438-42ed-9a3c-e295e3ed2c5a,vision_vit,mish,2,val_top1,138,0.6096000075340271
f170c682-c438-42ed-9a3c-e295e3ed2c5a,vision_vit,mish,2,val_top1,156,0.6159999966621399
f170c682-c438-42ed-9a3c-e295e3ed2c5a,vision_vit,mish,2,val_top1,174,0.6251999735832214
f170c682-c438-42ed-9a3c-e295e3ed2c5a,vision_vit,mish,2,val_top1,190,0.6373000144958496
f170c682-c438-42ed-9a3c-e295e3ed2c5a,vision_vit,mish,2,val_top1,208,0.6370999813079834
f170c682-c438-42ed-9a3c-e295e3ed2c5a,vision_vit,mish,2,val_top1,226,0.6543999910354614
f170c682-c438-42ed-9a3c-e295e3ed2c5a,vision_vit,mish,2,val_top1,244,0.6614000201225281
f170c682-c438-42ed-9a3c-e295e3ed2c5a,vision_vit,mish,2,val_top1,262,0.6579999923706055
f170c682-c438-42ed-9a3c-e295e3ed2c5a,vision_vit,mish,2,val_top1,278,0.6656000018119812
f170c682-c438-42ed-9a3c-e295e3ed2c5a,vision_vit,mish,2,val_top1,296,0.6823999881744385
f170c682-c438-42ed-9a3c-e295e3ed2c5a,vision_vit,mish,2,val_top1,314,0.6782000064849854
f170c682-c438-42ed-9a3c-e295e3ed2c5a,vision_vit,mish,2,val_top1,332,0.6858000159263611
f170c682-c438-42ed-9a3c-e295e3ed2c5a,vision_vit,mish,2,val_top1,350,0.6967999935150146
f170c682-c438-42ed-9a3c-e295e3ed2c5a,vision_vit,mish,2,val_top1,366,0.6952000260353088
f170c682-c438-42ed-9a3c-e295e3ed2c5a,vision_vit,mish,2,val_top1,384,0.7046999931335449
f170c682-c438-42ed-9a3c-e295e3ed2c5a,vision_vit,mish,2,val_top1,402,0.7038999795913696
f170c682-c438-42ed-9a3c-e295e3ed2c5a,vision_vit,mish,2,val_top1,420,0.7113999724388123
f170c682-c438-42ed-9a3c-e295e3ed2c5a,vision_vit,mish,2,val_top1,438,0.7146000266075134
f170c682-c438-42ed-9a3c-e295e3ed2c5a,vision_vit,mish,2,val_top1,454,0.7192000150680542
f170c682-c438-42ed-9a3c-e295e3ed2c5a,vision_vit,mish,2,val_top1,472,0.7192999720573425
f170c682-c438-42ed-9a3c-e295e3ed2c5a,vision_vit,mish,2,val_top1,490,0.72079998254776
f170c682-c438-42ed-9a3c-e295e3ed2c5a,vision_vit,mish,2,val_top1,508,0.7197999954223633
f170c682-c438-42ed-9a3c-e295e3ed2c5a,vision_vit,mish,2,val_top1,526,0.7210999727249146
f170c682-c438-42ed-9a3c-e295e3ed2c5a,vision_vit,mish,2,train_loss_epoch,15,2.023776769638061
f170c682-c438-42ed-9a3c-e295e3ed2c5a,vision_vit,mish,2,train_loss_epoch,33,1.6634695529937744
f170c682-c438-42ed-9a3c-e295e3ed2c5a,vision_vit,mish,2,train_loss_epoch,51,1.4863412380218506
f170c682-c438-42ed-9a3c-e295e3ed2c5a,vision_vit,mish,2,train_loss_epoch,69,1.395452857017517
f170c682-c438-42ed-9a3c-e295e3ed2c5a,vision_vit,mish,2,train_loss_epoch,87,1.317057490348816
f170c682-c438-42ed-9a3c-e295e3ed2c5a,vision_vit,mish,2,train_loss_epoch,103,1.2660493850708008
f170c682-c438-42ed-9a3c-e295e3ed2c5a,vision_vit,mish,2,train_loss_epoch,121,1.2213456630706787
f170c682-c438-42ed-9a3c-e295e3ed2c5a,vision_vit,mish,2,train_loss_epoch,139,1.1925917863845823
f170c682-c438-42ed-9a3c-e295e3ed2c5a,vision_vit,mish,2,train_loss_epoch,157,1.154420256614685
f170c682-c438-42ed-9a3c-e295e3ed2c5a,vision_vit,mish,2,train_loss_epoch,175,1.1289126873016355
f170c682-c438-42ed-9a3c-e295e3ed2c5a,vision_vit,mish,2,train_loss_epoch,191,1.1017625331878662
f170c682-c438-42ed-9a3c-e295e3ed2c5a,vision_vit,mish,2,train_loss_epoch,209,1.072171688079834
f170c682-c438-42ed-9a3c-e295e3ed2c5a,vision_vit,mish,2,train_loss_epoch,227,1.04927396774292
f170c682-c438-42ed-9a3c-e295e3ed2c5a,vision_vit,mish,2,train_loss_epoch,245,1.0208696126937866
f170c682-c438-42ed-9a3c-e295e3ed2c5a,vision_vit,mish,2,train_loss_epoch,263,1.000184416770935
f170c682-c438-42ed-9a3c-e295e3ed2c5a,vision_vit,mish,2,train_loss_epoch,279,0.9750382900238036
f170c682-c438-42ed-9a3c-e295e3ed2c5a,vision_vit,mish,2,train_loss_epoch,297,0.9555772542953492
f170c682-c438-42ed-9a3c-e295e3ed2c5a,vision_vit,mish,2,train_loss_epoch,315,0.9311496615409852
f170c682-c438-42ed-9a3c-e295e3ed2c5a,vision_vit,mish,2,train_loss_epoch,333,0.9134768843650818
f170c682-c438-42ed-9a3c-e295e3ed2c5a,vision_vit,mish,2,train_loss_epoch,351,0.8947494029998779
f170c682-c438-42ed-9a3c-e295e3ed2c5a,vision_vit,mish,2,train_loss_epoch,367,0.8802890777587891
f170c682-c438-42ed-9a3c-e295e3ed2c5a,vision_vit,mish,2,train_loss_epoch,385,0.863193690776825
f170c682-c438-42ed-9a3c-e295e3ed2c5a,vision_vit,mish,2,train_loss_epoch,403,0.8507829904556274
f170c682-c438-42ed-9a3c-e295e3ed2c5a,vision_vit,mish,2,train_loss_epoch,421,0.8383803367614746
f170c682-c438-42ed-9a3c-e295e3ed2c5a,vision_vit,mish,2,train_loss_epoch,439,0.8248844742774963
f170c682-c438-42ed-9a3c-e295e3ed2c5a,vision_vit,mish,2,train_loss_epoch,455,0.8214723467826843
f170c682-c438-42ed-9a3c-e295e3ed2c5a,vision_vit,mish,2,train_loss_epoch,473,0.8140007853507996
f170c682-c438-42ed-9a3c-e295e3ed2c5a,vision_vit,mish,2,train_loss_epoch,491,0.811402440071106
f170c682-c438-42ed-9a3c-e295e3ed2c5a,vision_vit,mish,2,train_loss_epoch,509,0.804660975933075
f170c682-c438-42ed-9a3c-e295e3ed2c5a,vision_vit,mish,2,train_loss_epoch,527,0.7974186539649963
3ee6b4b2-080b-4fb9-a6d9-e1770150cb1c,vision_vit,mish,1,val_top1,14,0.3759999871253967
3ee6b4b2-080b-4fb9-a6d9-e1770150cb1c,vision_vit,mish,1,val_top1,32,0.4388999938964844
3ee6b4b2-080b-4fb9-a6d9-e1770150cb1c,vision_vit,mish,1,val_top1,50,0.4686000049114227
3ee6b4b2-080b-4fb9-a6d9-e1770150cb1c,vision_vit,mish,1,val_top1,68,0.5220999717712402
3ee6b4b2-080b-4fb9-a6d9-e1770150cb1c,vision_vit,mish,1,val_top1,86,0.5454000234603882
3ee6b4b2-080b-4fb9-a6d9-e1770150cb1c,vision_vit,mish,1,val_top1,102,0.5746999979019165
3ee6b4b2-080b-4fb9-a6d9-e1770150cb1c,vision_vit,mish,1,val_top1,120,0.57669997215271
3ee6b4b2-080b-4fb9-a6d9-e1770150cb1c,vision_vit,mish,1,val_top1,138,0.6022999882698059
3ee6b4b2-080b-4fb9-a6d9-e1770150cb1c,vision_vit,mish,1,val_top1,156,0.6137999892234802
3ee6b4b2-080b-4fb9-a6d9-e1770150cb1c,vision_vit,mish,1,val_top1,174,0.6152999997138977
3ee6b4b2-080b-4fb9-a6d9-e1770150cb1c,vision_vit,mish,1,val_top1,190,0.621999979019165
3ee6b4b2-080b-4fb9-a6d9-e1770150cb1c,vision_vit,mish,1,val_top1,208,0.6294000148773193
3ee6b4b2-080b-4fb9-a6d9-e1770150cb1c,vision_vit,mish,1,val_top1,226,0.64410001039505
3ee6b4b2-080b-4fb9-a6d9-e1770150cb1c,vision_vit,mish,1,val_top1,244,0.6597999930381775
3ee6b4b2-080b-4fb9-a6d9-e1770150cb1c,vision_vit,mish,1,val_top1,262,0.6625999808311462
3ee6b4b2-080b-4fb9-a6d9-e1770150cb1c,vision_vit,mish,1,val_top1,278,0.6718000173568726
3ee6b4b2-080b-4fb9-a6d9-e1770150cb1c,vision_vit,mish,1,val_top1,296,0.680899977684021
3ee6b4b2-080b-4fb9-a6d9-e1770150cb1c,vision_vit,mish,1,val_top1,314,0.6862000226974487
3ee6b4b2-080b-4fb9-a6d9-e1770150cb1c,vision_vit,mish,1,val_top1,332,0.685699999332428
3ee6b4b2-080b-4fb9-a6d9-e1770150cb1c,vision_vit,mish,1,val_top1,350,0.6866000294685364
3ee6b4b2-080b-4fb9-a6d9-e1770150cb1c,vision_vit,mish,1,val_top1,366,0.6947000026702881
3ee6b4b2-080b-4fb9-a6d9-e1770150cb1c,vision_vit,mish,1,val_top1,384,0.7057999968528748
3ee6b4b2-080b-4fb9-a6d9-e1770150cb1c,vision_vit,mish,1,val_top1,402,0.7080000042915344
3ee6b4b2-080b-4fb9-a6d9-e1770150cb1c,vision_vit,mish,1,val_top1,420,0.7088000178337097
3ee6b4b2-080b-4fb9-a6d9-e1770150cb1c,vision_vit,mish,1,val_top1,438,0.7074000239372253
3ee6b4b2-080b-4fb9-a6d9-e1770150cb1c,vision_vit,mish,1,val_top1,454,0.7125999927520752
3ee6b4b2-080b-4fb9-a6d9-e1770150cb1c,vision_vit,mish,1,val_top1,472,0.7124999761581421
3ee6b4b2-080b-4fb9-a6d9-e1770150cb1c,vision_vit,mish,1,val_top1,490,0.7141000032424927
3ee6b4b2-080b-4fb9-a6d9-e1770150cb1c,vision_vit,mish,1,val_top1,508,0.7143999934196472
3ee6b4b2-080b-4fb9-a6d9-e1770150cb1c,vision_vit,mish,1,val_top1,526,0.7143999934196472
3ee6b4b2-080b-4fb9-a6d9-e1770150cb1c,vision_vit,mish,1,train_loss_epoch,15,2.012733459472656
3ee6b4b2-080b-4fb9-a6d9-e1770150cb1c,vision_vit,mish,1,train_loss_epoch,33,1.672819972038269
3ee6b4b2-080b-4fb9-a6d9-e1770150cb1c,vision_vit,mish,1,train_loss_epoch,51,1.5005159378051758
3ee6b4b2-080b-4fb9-a6d9-e1770150cb1c,vision_vit,mish,1,train_loss_epoch,69,1.4013538360595703
3ee6b4b2-080b-4fb9-a6d9-e1770150cb1c,vision_vit,mish,1,train_loss_epoch,87,1.3311498165130615
3ee6b4b2-080b-4fb9-a6d9-e1770150cb1c,vision_vit,mish,1,train_loss_epoch,103,1.279901146888733
3ee6b4b2-080b-4fb9-a6d9-e1770150cb1c,vision_vit,mish,1,train_loss_epoch,121,1.2349940538406372
3ee6b4b2-080b-4fb9-a6d9-e1770150cb1c,vision_vit,mish,1,train_loss_epoch,139,1.196667194366455
3ee6b4b2-080b-4fb9-a6d9-e1770150cb1c,vision_vit,mish,1,train_loss_epoch,157,1.1632359027862549
3ee6b4b2-080b-4fb9-a6d9-e1770150cb1c,vision_vit,mish,1,train_loss_epoch,175,1.1302529573440552
3ee6b4b2-080b-4fb9-a6d9-e1770150cb1c,vision_vit,mish,1,train_loss_epoch,191,1.10321307182312
3ee6b4b2-080b-4fb9-a6d9-e1770150cb1c,vision_vit,mish,1,train_loss_epoch,209,1.0669286251068115
3ee6b4b2-080b-4fb9-a6d9-e1770150cb1c,vision_vit,mish,1,train_loss_epoch,227,1.047816514968872
3ee6b4b2-080b-4fb9-a6d9-e1770150cb1c,vision_vit,mish,1,train_loss_epoch,245,1.0209054946899414
3ee6b4b2-080b-4fb9-a6d9-e1770150cb1c,vision_vit,mish,1,train_loss_epoch,263,1.0014511346817017
3ee6b4b2-080b-4fb9-a6d9-e1770150cb1c,vision_vit,mish,1,train_loss_epoch,279,0.9772704243659972
3ee6b4b2-080b-4fb9-a6d9-e1770150cb1c,vision_vit,mish,1,train_loss_epoch,297,0.9527044892311096
3ee6b4b2-080b-4fb9-a6d9-e1770150cb1c,vision_vit,mish,1,train_loss_epoch,315,0.9373078942298888
3ee6b4b2-080b-4fb9-a6d9-e1770150cb1c,vision_vit,mish,1,train_loss_epoch,333,0.9139469861984252
3ee6b4b2-080b-4fb9-a6d9-e1770150cb1c,vision_vit,mish,1,train_loss_epoch,351,0.8928120732307434
3ee6b4b2-080b-4fb9-a6d9-e1770150cb1c,vision_vit,mish,1,train_loss_epoch,367,0.8783945441246033
3ee6b4b2-080b-4fb9-a6d9-e1770150cb1c,vision_vit,mish,1,train_loss_epoch,385,0.8596588373184204
3ee6b4b2-080b-4fb9-a6d9-e1770150cb1c,vision_vit,mish,1,train_loss_epoch,403,0.8455394506454468
3ee6b4b2-080b-4fb9-a6d9-e1770150cb1c,vision_vit,mish,1,train_loss_epoch,421,0.8373454809188843
3ee6b4b2-080b-4fb9-a6d9-e1770150cb1c,vision_vit,mish,1,train_loss_epoch,439,0.8262884616851807
3ee6b4b2-080b-4fb9-a6d9-e1770150cb1c,vision_vit,mish,1,train_loss_epoch,455,0.8145929574966431
3ee6b4b2-080b-4fb9-a6d9-e1770150cb1c,vision_vit,mish,1,train_loss_epoch,473,0.8130660057067871
3ee6b4b2-080b-4fb9-a6d9-e1770150cb1c,vision_vit,mish,1,train_loss_epoch,491,0.806990385055542
3ee6b4b2-080b-4fb9-a6d9-e1770150cb1c,vision_vit,mish,1,train_loss_epoch,509,0.8050107359886169
3ee6b4b2-080b-4fb9-a6d9-e1770150cb1c,vision_vit,mish,1,train_loss_epoch,527,0.8025455474853516
0eb304da-d15b-4100-8138-19d82a1dda05,vision_vit,mish,0,val_top1,14,0.3555999994277954
0eb304da-d15b-4100-8138-19d82a1dda05,vision_vit,mish,0,val_top1,32,0.4329000115394592
0eb304da-d15b-4100-8138-19d82a1dda05,vision_vit,mish,0,val_top1,50,0.5094000101089478
0eb304da-d15b-4100-8138-19d82a1dda05,vision_vit,mish,0,val_top1,68,0.5339000225067139
0eb304da-d15b-4100-8138-19d82a1dda05,vision_vit,mish,0,val_top1,86,0.5573999881744385
0eb304da-d15b-4100-8138-19d82a1dda05,vision_vit,mish,0,val_top1,102,0.5795999765396118
0eb304da-d15b-4100-8138-19d82a1dda05,vision_vit,mish,0,val_top1,120,0.5838000178337097
0eb304da-d15b-4100-8138-19d82a1dda05,vision_vit,mish,0,val_top1,138,0.6082000136375427
0eb304da-d15b-4100-8138-19d82a1dda05,vision_vit,mish,0,val_top1,156,0.6223000288009644
0eb304da-d15b-4100-8138-19d82a1dda05,vision_vit,mish,0,val_top1,174,0.6060000061988831
0eb304da-d15b-4100-8138-19d82a1dda05,vision_vit,mish,0,val_top1,190,0.6351000070571899
0eb304da-d15b-4100-8138-19d82a1dda05,vision_vit,mish,0,val_top1,208,0.6273999810218811
0eb304da-d15b-4100-8138-19d82a1dda05,vision_vit,mish,0,val_top1,226,0.6450999975204468
0eb304da-d15b-4100-8138-19d82a1dda05,vision_vit,mish,0,val_top1,244,0.663100004196167
0eb304da-d15b-4100-8138-19d82a1dda05,vision_vit,mish,0,val_top1,262,0.6635000109672546
0eb304da-d15b-4100-8138-19d82a1dda05,vision_vit,mish,0,val_top1,278,0.675000011920929
0eb304da-d15b-4100-8138-19d82a1dda05,vision_vit,mish,0,val_top1,296,0.6717000007629395
0eb304da-d15b-4100-8138-19d82a1dda05,vision_vit,mish,0,val_top1,314,0.680899977684021
0eb304da-d15b-4100-8138-19d82a1dda05,vision_vit,mish,0,val_top1,332,0.6845999956130981
0eb304da-d15b-4100-8138-19d82a1dda05,vision_vit,mish,0,val_top1,350,0.6970000267028809
0eb304da-d15b-4100-8138-19d82a1dda05,vision_vit,mish,0,val_top1,366,0.7002000212669373
0eb304da-d15b-4100-8138-19d82a1dda05,vision_vit,mish,0,val_top1,384,0.7026000022888184
0eb304da-d15b-4100-8138-19d82a1dda05,vision_vit,mish,0,val_top1,402,0.7092000246047974
0eb304da-d15b-4100-8138-19d82a1dda05,vision_vit,mish,0,val_top1,420,0.7085999846458435
0eb304da-d15b-4100-8138-19d82a1dda05,vision_vit,mish,0,val_top1,438,0.7069000005722046
0eb304da-d15b-4100-8138-19d82a1dda05,vision_vit,mish,0,val_top1,454,0.7139000296592712
0eb304da-d15b-4100-8138-19d82a1dda05,vision_vit,mish,0,val_top1,472,0.7110000252723694
0eb304da-d15b-4100-8138-19d82a1dda05,vision_vit,mish,0,val_top1,490,0.7121999859809875
0eb304da-d15b-4100-8138-19d82a1dda05,vision_vit,mish,0,val_top1,508,0.7145000100135803
0eb304da-d15b-4100-8138-19d82a1dda05,vision_vit,mish,0,val_top1,526,0.7138000130653381
0eb304da-d15b-4100-8138-19d82a1dda05,vision_vit,mish,0,train_loss_epoch,15,2.004468441009521
0eb304da-d15b-4100-8138-19d82a1dda05,vision_vit,mish,0,train_loss_epoch,33,1.6682583093643188
0eb304da-d15b-4100-8138-19d82a1dda05,vision_vit,mish,0,train_loss_epoch,51,1.491674542427063
0eb304da-d15b-4100-8138-19d82a1dda05,vision_vit,mish,0,train_loss_epoch,69,1.3886703252792358
0eb304da-d15b-4100-8138-19d82a1dda05,vision_vit,mish,0,train_loss_epoch,87,1.3267885446548462
0eb304da-d15b-4100-8138-19d82a1dda05,vision_vit,mish,0,train_loss_epoch,103,1.2757591009140017
0eb304da-d15b-4100-8138-19d82a1dda05,vision_vit,mish,0,train_loss_epoch,121,1.2281612157821655
0eb304da-d15b-4100-8138-19d82a1dda05,vision_vit,mish,0,train_loss_epoch,139,1.1892106533050537
0eb304da-d15b-4100-8138-19d82a1dda05,vision_vit,mish,0,train_loss_epoch,157,1.1558876037597656
0eb304da-d15b-4100-8138-19d82a1dda05,vision_vit,mish,0,train_loss_epoch,175,1.127622365951538
0eb304da-d15b-4100-8138-19d82a1dda05,vision_vit,mish,0,train_loss_epoch,191,1.0926319360733032
0eb304da-d15b-4100-8138-19d82a1dda05,vision_vit,mish,0,train_loss_epoch,209,1.0734609365463257
0eb304da-d15b-4100-8138-19d82a1dda05,vision_vit,mish,0,train_loss_epoch,227,1.0447922945022583
0eb304da-d15b-4100-8138-19d82a1dda05,vision_vit,mish,0,train_loss_epoch,245,1.0223979949951172
0eb304da-d15b-4100-8138-19d82a1dda05,vision_vit,mish,0,train_loss_epoch,263,0.9982092380523682
0eb304da-d15b-4100-8138-19d82a1dda05,vision_vit,mish,0,train_loss_epoch,279,0.9815042614936828
0eb304da-d15b-4100-8138-19d82a1dda05,vision_vit,mish,0,train_loss_epoch,297,0.9538919925689696
0eb304da-d15b-4100-8138-19d82a1dda05,vision_vit,mish,0,train_loss_epoch,315,0.9383246302604676
0eb304da-d15b-4100-8138-19d82a1dda05,vision_vit,mish,0,train_loss_epoch,333,0.911442756652832
0eb304da-d15b-4100-8138-19d82a1dda05,vision_vit,mish,0,train_loss_epoch,351,0.9007787704467772
0eb304da-d15b-4100-8138-19d82a1dda05,vision_vit,mish,0,train_loss_epoch,367,0.8831493854522705
0eb304da-d15b-4100-8138-19d82a1dda05,vision_vit,mish,0,train_loss_epoch,385,0.8721048831939697
0eb304da-d15b-4100-8138-19d82a1dda05,vision_vit,mish,0,train_loss_epoch,403,0.8563418388366699
0eb304da-d15b-4100-8138-19d82a1dda05,vision_vit,mish,0,train_loss_epoch,421,0.8448436856269836
0eb304da-d15b-4100-8138-19d82a1dda05,vision_vit,mish,0,train_loss_epoch,439,0.8332064151763916
0eb304da-d15b-4100-8138-19d82a1dda05,vision_vit,mish,0,train_loss_epoch,455,0.8297551870346069
0eb304da-d15b-4100-8138-19d82a1dda05,vision_vit,mish,0,train_loss_epoch,473,0.8193363547325134
0eb304da-d15b-4100-8138-19d82a1dda05,vision_vit,mish,0,train_loss_epoch,491,0.8145681619644165
0eb304da-d15b-4100-8138-19d82a1dda05,vision_vit,mish,0,train_loss_epoch,509,0.8132104277610779
0eb304da-d15b-4100-8138-19d82a1dda05,vision_vit,mish,0,train_loss_epoch,527,0.8154259920120239
c7a0d818-1a16-4610-85de-8532ec980853,vision_vit,mish,6,val_top1,14,0.353300005197525
c7a0d818-1a16-4610-85de-8532ec980853,vision_vit,mish,6,val_top1,32,0.4413999915122986
c7a0d818-1a16-4610-85de-8532ec980853,vision_vit,mish,6,val_top1,50,0.4977000057697296
c7a0d818-1a16-4610-85de-8532ec980853,vision_vit,mish,6,val_top1,68,0.5223000049591064
c7a0d818-1a16-4610-85de-8532ec980853,vision_vit,mish,6,val_top1,86,0.5430999994277954
c7a0d818-1a16-4610-85de-8532ec980853,vision_vit,mish,6,val_top1,102,0.5774000287055969
c7a0d818-1a16-4610-85de-8532ec980853,vision_vit,mish,6,val_top1,120,0.5896000266075134
c7a0d818-1a16-4610-85de-8532ec980853,vision_vit,mish,6,val_top1,138,0.6086000204086304
c7a0d818-1a16-4610-85de-8532ec980853,vision_vit,mish,6,val_top1,156,0.621399998664856
c7a0d818-1a16-4610-85de-8532ec980853,vision_vit,mish,6,val_top1,174,0.6262999773025513
c7a0d818-1a16-4610-85de-8532ec980853,vision_vit,mish,6,val_top1,190,0.6377999782562256
c7a0d818-1a16-4610-85de-8532ec980853,vision_vit,mish,6,val_top1,208,0.6434999704360962
c7a0d818-1a16-4610-85de-8532ec980853,vision_vit,mish,6,val_top1,226,0.6554999947547913
c7a0d818-1a16-4610-85de-8532ec980853,vision_vit,mish,6,val_top1,244,0.6682999730110168
c7a0d818-1a16-4610-85de-8532ec980853,vision_vit,mish,6,val_top1,262,0.6754999756813049
c7a0d818-1a16-4610-85de-8532ec980853,vision_vit,mish,6,val_top1,278,0.6761999726295471
c7a0d818-1a16-4610-85de-8532ec980853,vision_vit,mish,6,val_top1,296,0.6876999735832214
c7a0d818-1a16-4610-85de-8532ec980853,vision_vit,mish,6,val_top1,314,0.7034000158309937
c7a0d818-1a16-4610-85de-8532ec980853,vision_vit,mish,6,val_top1,332,0.7024000287055969
c7a0d818-1a16-4610-85de-8532ec980853,vision_vit,mish,6,val_top1,350,0.7077000141143799
c7a0d818-1a16-4610-85de-8532ec980853,vision_vit,mish,6,val_top1,366,0.7093999981880188
c7a0d818-1a16-4610-85de-8532ec980853,vision_vit,mish,6,val_top1,384,0.7160000205039978
c7a0d818-1a16-4610-85de-8532ec980853,vision_vit,mish,6,val_top1,402,0.7181000113487244
c7a0d818-1a16-4610-85de-8532ec980853,vision_vit,mish,6,val_top1,420,0.7206000089645386
c7a0d818-1a16-4610-85de-8532ec980853,vision_vit,mish,6,val_top1,438,0.7232000231742859
c7a0d818-1a16-4610-85de-8532ec980853,vision_vit,mish,6,val_top1,454,0.7268999814987183
c7a0d818-1a16-4610-85de-8532ec980853,vision_vit,mish,6,val_top1,472,0.728600025177002
c7a0d818-1a16-4610-85de-8532ec980853,vision_vit,mish,6,val_top1,490,0.7300999760627747
c7a0d818-1a16-4610-85de-8532ec980853,vision_vit,mish,6,val_top1,508,0.730400025844574
c7a0d818-1a16-4610-85de-8532ec980853,vision_vit,mish,6,val_top1,526,0.7301999926567078
c7a0d818-1a16-4610-85de-8532ec980853,vision_vit,mish,6,train_loss_epoch,15,2.008945941925049
c7a0d818-1a16-4610-85de-8532ec980853,vision_vit,mish,6,train_loss_epoch,33,1.6672942638397217
c7a0d818-1a16-4610-85de-8532ec980853,vision_vit,mish,6,train_loss_epoch,51,1.4833680391311646
c7a0d818-1a16-4610-85de-8532ec980853,vision_vit,mish,6,train_loss_epoch,69,1.3821781873703003
c7a0d818-1a16-4610-85de-8532ec980853,vision_vit,mish,6,train_loss_epoch,87,1.3140239715576172
c7a0d818-1a16-4610-85de-8532ec980853,vision_vit,mish,6,train_loss_epoch,103,1.25384783744812
c7a0d818-1a16-4610-85de-8532ec980853,vision_vit,mish,6,train_loss_epoch,121,1.209458589553833
c7a0d818-1a16-4610-85de-8532ec980853,vision_vit,mish,6,train_loss_epoch,139,1.1738992929458618
c7a0d818-1a16-4610-85de-8532ec980853,vision_vit,mish,6,train_loss_epoch,157,1.140019774436951
c7a0d818-1a16-4610-85de-8532ec980853,vision_vit,mish,6,train_loss_epoch,175,1.094758152961731
c7a0d818-1a16-4610-85de-8532ec980853,vision_vit,mish,6,train_loss_epoch,191,1.076866865158081
c7a0d818-1a16-4610-85de-8532ec980853,vision_vit,mish,6,train_loss_epoch,209,1.0511789321899414
c7a0d818-1a16-4610-85de-8532ec980853,vision_vit,mish,6,train_loss_epoch,227,1.0209046602249146
c7a0d818-1a16-4610-85de-8532ec980853,vision_vit,mish,6,train_loss_epoch,245,0.9950396418571472
c7a0d818-1a16-4610-85de-8532ec980853,vision_vit,mish,6,train_loss_epoch,263,0.9749057292938232
c7a0d818-1a16-4610-85de-8532ec980853,vision_vit,mish,6,train_loss_epoch,279,0.9480730891227722
c7a0d818-1a16-4610-85de-8532ec980853,vision_vit,mish,6,train_loss_epoch,297,0.9254039525985718
c7a0d818-1a16-4610-85de-8532ec980853,vision_vit,mish,6,train_loss_epoch,315,0.9070585370063782
c7a0d818-1a16-4610-85de-8532ec980853,vision_vit,mish,6,train_loss_epoch,333,0.8884364366531372
c7a0d818-1a16-4610-85de-8532ec980853,vision_vit,mish,6,train_loss_epoch,351,0.8665973544120789
c7a0d818-1a16-4610-85de-8532ec980853,vision_vit,mish,6,train_loss_epoch,367,0.8552533388137817
c7a0d818-1a16-4610-85de-8532ec980853,vision_vit,mish,6,train_loss_epoch,385,0.8376485109329224
c7a0d818-1a16-4610-85de-8532ec980853,vision_vit,mish,6,train_loss_epoch,403,0.8244551420211792
c7a0d818-1a16-4610-85de-8532ec980853,vision_vit,mish,6,train_loss_epoch,421,0.8109613656997681
c7a0d818-1a16-4610-85de-8532ec980853,vision_vit,mish,6,train_loss_epoch,439,0.8001438975334167
c7a0d818-1a16-4610-85de-8532ec980853,vision_vit,mish,6,train_loss_epoch,455,0.7934219241142273
c7a0d818-1a16-4610-85de-8532ec980853,vision_vit,mish,6,train_loss_epoch,473,0.7862534523010254
c7a0d818-1a16-4610-85de-8532ec980853,vision_vit,mish,6,train_loss_epoch,491,0.7852452993392944
c7a0d818-1a16-4610-85de-8532ec980853,vision_vit,mish,6,train_loss_epoch,509,0.7823668122291565
c7a0d818-1a16-4610-85de-8532ec980853,vision_vit,mish,6,train_loss_epoch,527,0.7794756889343262
a0a007b2-96ff-4088-bf5f-aea05c8a48d3,vision_vit,mish,3,val_top1,14,0.354200005531311
a0a007b2-96ff-4088-bf5f-aea05c8a48d3,vision_vit,mish,3,val_top1,32,0.4275000095367431
a0a007b2-96ff-4088-bf5f-aea05c8a48d3,vision_vit,mish,3,val_top1,50,0.5037000179290771
a0a007b2-96ff-4088-bf5f-aea05c8a48d3,vision_vit,mish,3,val_top1,68,0.501800000667572
a0a007b2-96ff-4088-bf5f-aea05c8a48d3,vision_vit,mish,3,val_top1,86,0.5313000082969666
a0a007b2-96ff-4088-bf5f-aea05c8a48d3,vision_vit,mish,3,val_top1,102,0.5659999847412109
a0a007b2-96ff-4088-bf5f-aea05c8a48d3,vision_vit,mish,3,val_top1,120,0.5896999835968018
a0a007b2-96ff-4088-bf5f-aea05c8a48d3,vision_vit,mish,3,val_top1,138,0.6047999858856201
a0a007b2-96ff-4088-bf5f-aea05c8a48d3,vision_vit,mish,3,val_top1,156,0.6150000095367432
a0a007b2-96ff-4088-bf5f-aea05c8a48d3,vision_vit,mish,3,val_top1,174,0.6207000017166138
a0a007b2-96ff-4088-bf5f-aea05c8a48d3,vision_vit,mish,3,val_top1,190,0.635699987411499
a0a007b2-96ff-4088-bf5f-aea05c8a48d3,vision_vit,mish,3,val_top1,208,0.6233999729156494
a0a007b2-96ff-4088-bf5f-aea05c8a48d3,vision_vit,mish,3,val_top1,226,0.6498000025749207
a0a007b2-96ff-4088-bf5f-aea05c8a48d3,vision_vit,mish,3,val_top1,244,0.6590999960899353
a0a007b2-96ff-4088-bf5f-aea05c8a48d3,vision_vit,mish,3,val_top1,262,0.6614000201225281
a0a007b2-96ff-4088-bf5f-aea05c8a48d3,vision_vit,mish,3,val_top1,278,0.664900004863739
a0a007b2-96ff-4088-bf5f-aea05c8a48d3,vision_vit,mish,3,val_top1,296,0.677299976348877
a0a007b2-96ff-4088-bf5f-aea05c8a48d3,vision_vit,mish,3,val_top1,314,0.6797000169754028
a0a007b2-96ff-4088-bf5f-aea05c8a48d3,vision_vit,mish,3,val_top1,332,0.6840999722480774
a0a007b2-96ff-4088-bf5f-aea05c8a48d3,vision_vit,mish,3,val_top1,350,0.6830000281333923
a0a007b2-96ff-4088-bf5f-aea05c8a48d3,vision_vit,mish,3,val_top1,366,0.6940000057220459
a0a007b2-96ff-4088-bf5f-aea05c8a48d3,vision_vit,mish,3,val_top1,384,0.7006000280380249
a0a007b2-96ff-4088-bf5f-aea05c8a48d3,vision_vit,mish,3,val_top1,402,0.7024000287055969
a0a007b2-96ff-4088-bf5f-aea05c8a48d3,vision_vit,mish,3,val_top1,420,0.7099000215530396
a0a007b2-96ff-4088-bf5f-aea05c8a48d3,vision_vit,mish,3,val_top1,438,0.7077999711036682
a0a007b2-96ff-4088-bf5f-aea05c8a48d3,vision_vit,mish,3,val_top1,454,0.7116000056266785
a0a007b2-96ff-4088-bf5f-aea05c8a48d3,vision_vit,mish,3,val_top1,472,0.7103000283241272
a0a007b2-96ff-4088-bf5f-aea05c8a48d3,vision_vit,mish,3,val_top1,490,0.7113999724388123
a0a007b2-96ff-4088-bf5f-aea05c8a48d3,vision_vit,mish,3,val_top1,508,0.7125999927520752
a0a007b2-96ff-4088-bf5f-aea05c8a48d3,vision_vit,mish,3,val_top1,526,0.7117999792098999
a0a007b2-96ff-4088-bf5f-aea05c8a48d3,vision_vit,mish,3,train_loss_epoch,15,2.017339944839477
a0a007b2-96ff-4088-bf5f-aea05c8a48d3,vision_vit,mish,3,train_loss_epoch,33,1.6698408126831057
a0a007b2-96ff-4088-bf5f-aea05c8a48d3,vision_vit,mish,3,train_loss_epoch,51,1.4851188659667969
a0a007b2-96ff-4088-bf5f-aea05c8a48d3,vision_vit,mish,3,train_loss_epoch,69,1.3911539316177368
a0a007b2-96ff-4088-bf5f-aea05c8a48d3,vision_vit,mish,3,train_loss_epoch,87,1.3199741840362549
a0a007b2-96ff-4088-bf5f-aea05c8a48d3,vision_vit,mish,3,train_loss_epoch,103,1.2709306478500366
a0a007b2-96ff-4088-bf5f-aea05c8a48d3,vision_vit,mish,3,train_loss_epoch,121,1.232576847076416
a0a007b2-96ff-4088-bf5f-aea05c8a48d3,vision_vit,mish,3,train_loss_epoch,139,1.1921336650848389
a0a007b2-96ff-4088-bf5f-aea05c8a48d3,vision_vit,mish,3,train_loss_epoch,157,1.1603628396987915
a0a007b2-96ff-4088-bf5f-aea05c8a48d3,vision_vit,mish,3,train_loss_epoch,175,1.1281079053878784
a0a007b2-96ff-4088-bf5f-aea05c8a48d3,vision_vit,mish,3,train_loss_epoch,191,1.10369610786438
a0a007b2-96ff-4088-bf5f-aea05c8a48d3,vision_vit,mish,3,train_loss_epoch,209,1.0808143615722656
a0a007b2-96ff-4088-bf5f-aea05c8a48d3,vision_vit,mish,3,train_loss_epoch,227,1.0476977825164795
a0a007b2-96ff-4088-bf5f-aea05c8a48d3,vision_vit,mish,3,train_loss_epoch,245,1.0301793813705444
a0a007b2-96ff-4088-bf5f-aea05c8a48d3,vision_vit,mish,3,train_loss_epoch,263,1.0048412084579468
a0a007b2-96ff-4088-bf5f-aea05c8a48d3,vision_vit,mish,3,train_loss_epoch,279,0.9849316477775574
a0a007b2-96ff-4088-bf5f-aea05c8a48d3,vision_vit,mish,3,train_loss_epoch,297,0.960541844367981
a0a007b2-96ff-4088-bf5f-aea05c8a48d3,vision_vit,mish,3,train_loss_epoch,315,0.9438712000846864
a0a007b2-96ff-4088-bf5f-aea05c8a48d3,vision_vit,mish,3,train_loss_epoch,333,0.9242141842842102
a0a007b2-96ff-4088-bf5f-aea05c8a48d3,vision_vit,mish,3,train_loss_epoch,351,0.9068455100059508
a0a007b2-96ff-4088-bf5f-aea05c8a48d3,vision_vit,mish,3,train_loss_epoch,367,0.8919296860694885
a0a007b2-96ff-4088-bf5f-aea05c8a48d3,vision_vit,mish,3,train_loss_epoch,385,0.8777031302452087
a0a007b2-96ff-4088-bf5f-aea05c8a48d3,vision_vit,mish,3,train_loss_epoch,403,0.8603471517562866
a0a007b2-96ff-4088-bf5f-aea05c8a48d3,vision_vit,mish,3,train_loss_epoch,421,0.8480636477470398
a0a007b2-96ff-4088-bf5f-aea05c8a48d3,vision_vit,mish,3,train_loss_epoch,439,0.8387958407402039
a0a007b2-96ff-4088-bf5f-aea05c8a48d3,vision_vit,mish,3,train_loss_epoch,455,0.8313525319099426
a0a007b2-96ff-4088-bf5f-aea05c8a48d3,vision_vit,mish,3,train_loss_epoch,473,0.8224501609802246
a0a007b2-96ff-4088-bf5f-aea05c8a48d3,vision_vit,mish,3,train_loss_epoch,491,0.8212796449661255
a0a007b2-96ff-4088-bf5f-aea05c8a48d3,vision_vit,mish,3,train_loss_epoch,509,0.8179753422737122
a0a007b2-96ff-4088-bf5f-aea05c8a48d3,vision_vit,mish,3,train_loss_epoch,527,0.8169643878936768
69b00873-a76b-457a-a6f3-049540269944,vision_vit,swiglu,1,val_top1,14,0.3605999946594238
69b00873-a76b-457a-a6f3-049540269944,vision_vit,swiglu,1,val_top1,32,0.4729999899864197
69b00873-a76b-457a-a6f3-049540269944,vision_vit,swiglu,1,val_top1,50,0.5206999778747559
69b00873-a76b-457a-a6f3-049540269944,vision_vit,swiglu,1,val_top1,68,0.5611000061035156
69b00873-a76b-457a-a6f3-049540269944,vision_vit,swiglu,1,val_top1,86,0.5985999703407288
69b00873-a76b-457a-a6f3-049540269944,vision_vit,swiglu,1,val_top1,102,0.6166999936103821
69b00873-a76b-457a-a6f3-049540269944,vision_vit,swiglu,1,val_top1,120,0.633400022983551
69b00873-a76b-457a-a6f3-049540269944,vision_vit,swiglu,1,val_top1,138,0.6464999914169312
69b00873-a76b-457a-a6f3-049540269944,vision_vit,swiglu,1,val_top1,156,0.6657999753952026
69b00873-a76b-457a-a6f3-049540269944,vision_vit,swiglu,1,val_top1,174,0.6837999820709229
69b00873-a76b-457a-a6f3-049540269944,vision_vit,swiglu,1,val_top1,190,0.6851000189781189
69b00873-a76b-457a-a6f3-049540269944,vision_vit,swiglu,1,val_top1,208,0.6931999921798706
69b00873-a76b-457a-a6f3-049540269944,vision_vit,swiglu,1,val_top1,226,0.7069000005722046
69b00873-a76b-457a-a6f3-049540269944,vision_vit,swiglu,1,val_top1,244,0.7020999789237976
69b00873-a76b-457a-a6f3-049540269944,vision_vit,swiglu,1,val_top1,262,0.7232000231742859
69b00873-a76b-457a-a6f3-049540269944,vision_vit,swiglu,1,val_top1,278,0.7340999841690063
69b00873-a76b-457a-a6f3-049540269944,vision_vit,swiglu,1,val_top1,296,0.7383000254631042
69b00873-a76b-457a-a6f3-049540269944,vision_vit,swiglu,1,val_top1,314,0.7483999729156494
69b00873-a76b-457a-a6f3-049540269944,vision_vit,swiglu,1,val_top1,332,0.7473999857902527
69b00873-a76b-457a-a6f3-049540269944,vision_vit,swiglu,1,val_top1,350,0.7484999895095825
69b00873-a76b-457a-a6f3-049540269944,vision_vit,swiglu,1,val_top1,366,0.7616000175476074
69b00873-a76b-457a-a6f3-049540269944,vision_vit,swiglu,1,val_top1,384,0.7623000144958496
69b00873-a76b-457a-a6f3-049540269944,vision_vit,swiglu,1,val_top1,402,0.7613999843597412
69b00873-a76b-457a-a6f3-049540269944,vision_vit,swiglu,1,val_top1,420,0.7635999917984009
69b00873-a76b-457a-a6f3-049540269944,vision_vit,swiglu,1,val_top1,438,0.7681999802589417
69b00873-a76b-457a-a6f3-049540269944,vision_vit,swiglu,1,val_top1,454,0.7682999968528748
69b00873-a76b-457a-a6f3-049540269944,vision_vit,swiglu,1,val_top1,472,0.7713000178337097
69b00873-a76b-457a-a6f3-049540269944,vision_vit,swiglu,1,val_top1,490,0.770799994468689
69b00873-a76b-457a-a6f3-049540269944,vision_vit,swiglu,1,val_top1,508,0.7702000141143799
69b00873-a76b-457a-a6f3-049540269944,vision_vit,swiglu,1,val_top1,526,0.7699000239372253
69b00873-a76b-457a-a6f3-049540269944,vision_vit,swiglu,1,train_loss_epoch,15,2.011526346206665
69b00873-a76b-457a-a6f3-049540269944,vision_vit,swiglu,1,train_loss_epoch,33,1.6148866415023804
69b00873-a76b-457a-a6f3-049540269944,vision_vit,swiglu,1,train_loss_epoch,51,1.414838433265686
69b00873-a76b-457a-a6f3-049540269944,vision_vit,swiglu,1,train_loss_epoch,69,1.300782322883606
69b00873-a76b-457a-a6f3-049540269944,vision_vit,swiglu,1,train_loss_epoch,87,1.2123031616210938
69b00873-a76b-457a-a6f3-049540269944,vision_vit,swiglu,1,train_loss_epoch,103,1.1433576345443726
69b00873-a76b-457a-a6f3-049540269944,vision_vit,swiglu,1,train_loss_epoch,121,1.0800637006759644
69b00873-a76b-457a-a6f3-049540269944,vision_vit,swiglu,1,train_loss_epoch,139,1.0348334312438965
69b00873-a76b-457a-a6f3-049540269944,vision_vit,swiglu,1,train_loss_epoch,157,0.9916699528694152
69b00873-a76b-457a-a6f3-049540269944,vision_vit,swiglu,1,train_loss_epoch,175,0.9541898369789124
69b00873-a76b-457a-a6f3-049540269944,vision_vit,swiglu,1,train_loss_epoch,191,0.9168391823768616
69b00873-a76b-457a-a6f3-049540269944,vision_vit,swiglu,1,train_loss_epoch,209,0.8788478970527649
69b00873-a76b-457a-a6f3-049540269944,vision_vit,swiglu,1,train_loss_epoch,227,0.8485257625579834
69b00873-a76b-457a-a6f3-049540269944,vision_vit,swiglu,1,train_loss_epoch,245,0.8202184438705444
69b00873-a76b-457a-a6f3-049540269944,vision_vit,swiglu,1,train_loss_epoch,263,0.7904556393623352
69b00873-a76b-457a-a6f3-049540269944,vision_vit,swiglu,1,train_loss_epoch,279,0.7589592337608337
69b00873-a76b-457a-a6f3-049540269944,vision_vit,swiglu,1,train_loss_epoch,297,0.7314538955688477
69b00873-a76b-457a-a6f3-049540269944,vision_vit,swiglu,1,train_loss_epoch,315,0.7097468376159668
69b00873-a76b-457a-a6f3-049540269944,vision_vit,swiglu,1,train_loss_epoch,333,0.6847779154777527
69b00873-a76b-457a-a6f3-049540269944,vision_vit,swiglu,1,train_loss_epoch,351,0.6707035899162292
69b00873-a76b-457a-a6f3-049540269944,vision_vit,swiglu,1,train_loss_epoch,367,0.6465327739715576
69b00873-a76b-457a-a6f3-049540269944,vision_vit,swiglu,1,train_loss_epoch,385,0.6315827369689941
69b00873-a76b-457a-a6f3-049540269944,vision_vit,swiglu,1,train_loss_epoch,403,0.6180886626243591
69b00873-a76b-457a-a6f3-049540269944,vision_vit,swiglu,1,train_loss_epoch,421,0.599649965763092
69b00873-a76b-457a-a6f3-049540269944,vision_vit,swiglu,1,train_loss_epoch,439,0.5898629426956177
69b00873-a76b-457a-a6f3-049540269944,vision_vit,swiglu,1,train_loss_epoch,455,0.581139087677002
69b00873-a76b-457a-a6f3-049540269944,vision_vit,swiglu,1,train_loss_epoch,473,0.5687603950500488
69b00873-a76b-457a-a6f3-049540269944,vision_vit,swiglu,1,train_loss_epoch,491,0.5669172406196594
69b00873-a76b-457a-a6f3-049540269944,vision_vit,swiglu,1,train_loss_epoch,509,0.5645957589149475
69b00873-a76b-457a-a6f3-049540269944,vision_vit,swiglu,1,train_loss_epoch,527,0.5635035634040833
eb3fc29b-aa74-4daf-b163-8b60d367a3e2,vision_vit,swiglu,2,val_top1,14,0.3711999952793121
eb3fc29b-aa74-4daf-b163-8b60d367a3e2,vision_vit,swiglu,2,val_top1,32,0.4442000091075897
eb3fc29b-aa74-4daf-b163-8b60d367a3e2,vision_vit,swiglu,2,val_top1,50,0.5270000100135803
eb3fc29b-aa74-4daf-b163-8b60d367a3e2,vision_vit,swiglu,2,val_top1,68,0.5623000264167786
eb3fc29b-aa74-4daf-b163-8b60d367a3e2,vision_vit,swiglu,2,val_top1,86,0.5670999884605408
eb3fc29b-aa74-4daf-b163-8b60d367a3e2,vision_vit,swiglu,2,val_top1,102,0.6301000118255615
eb3fc29b-aa74-4daf-b163-8b60d367a3e2,vision_vit,swiglu,2,val_top1,120,0.6448000073432922
eb3fc29b-aa74-4daf-b163-8b60d367a3e2,vision_vit,swiglu,2,val_top1,138,0.6614999771118164
eb3fc29b-aa74-4daf-b163-8b60d367a3e2,vision_vit,swiglu,2,val_top1,156,0.6705999970436096
eb3fc29b-aa74-4daf-b163-8b60d367a3e2,vision_vit,swiglu,2,val_top1,174,0.6866000294685364
eb3fc29b-aa74-4daf-b163-8b60d367a3e2,vision_vit,swiglu,2,val_top1,190,0.6870999932289124
eb3fc29b-aa74-4daf-b163-8b60d367a3e2,vision_vit,swiglu,2,val_top1,208,0.7075999975204468
eb3fc29b-aa74-4daf-b163-8b60d367a3e2,vision_vit,swiglu,2,val_top1,226,0.7164000272750854
eb3fc29b-aa74-4daf-b163-8b60d367a3e2,vision_vit,swiglu,2,val_top1,244,0.7149999737739563
eb3fc29b-aa74-4daf-b163-8b60d367a3e2,vision_vit,swiglu,2,val_top1,262,0.7268999814987183
eb3fc29b-aa74-4daf-b163-8b60d367a3e2,vision_vit,swiglu,2,val_top1,278,0.7397000193595886
eb3fc29b-aa74-4daf-b163-8b60d367a3e2,vision_vit,swiglu,2,val_top1,296,0.7515000104904175
eb3fc29b-aa74-4daf-b163-8b60d367a3e2,vision_vit,swiglu,2,val_top1,314,0.7455999851226807
eb3fc29b-aa74-4daf-b163-8b60d367a3e2,vision_vit,swiglu,2,val_top1,332,0.7562999725341797
eb3fc29b-aa74-4daf-b163-8b60d367a3e2,vision_vit,swiglu,2,val_top1,350,0.7595999836921692
eb3fc29b-aa74-4daf-b163-8b60d367a3e2,vision_vit,swiglu,2,val_top1,366,0.7633000016212463
eb3fc29b-aa74-4daf-b163-8b60d367a3e2,vision_vit,swiglu,2,val_top1,384,0.7652999758720398
eb3fc29b-aa74-4daf-b163-8b60d367a3e2,vision_vit,swiglu,2,val_top1,402,0.7742999792098999
eb3fc29b-aa74-4daf-b163-8b60d367a3e2,vision_vit,swiglu,2,val_top1,420,0.7727000117301941
eb3fc29b-aa74-4daf-b163-8b60d367a3e2,vision_vit,swiglu,2,val_top1,438,0.7710999846458435
eb3fc29b-aa74-4daf-b163-8b60d367a3e2,vision_vit,swiglu,2,val_top1,454,0.7742999792098999
eb3fc29b-aa74-4daf-b163-8b60d367a3e2,vision_vit,swiglu,2,val_top1,472,0.7767999768257141
eb3fc29b-aa74-4daf-b163-8b60d367a3e2,vision_vit,swiglu,2,val_top1,490,0.7778000235557556
eb3fc29b-aa74-4daf-b163-8b60d367a3e2,vision_vit,swiglu,2,val_top1,508,0.7771999835968018
eb3fc29b-aa74-4daf-b163-8b60d367a3e2,vision_vit,swiglu,2,val_top1,526,0.7771999835968018
eb3fc29b-aa74-4daf-b163-8b60d367a3e2,vision_vit,swiglu,2,train_loss_epoch,15,1.992631912231445
eb3fc29b-aa74-4daf-b163-8b60d367a3e2,vision_vit,swiglu,2,train_loss_epoch,33,1.6041308641433716
eb3fc29b-aa74-4daf-b163-8b60d367a3e2,vision_vit,swiglu,2,train_loss_epoch,51,1.403669834136963
eb3fc29b-aa74-4daf-b163-8b60d367a3e2,vision_vit,swiglu,2,train_loss_epoch,69,1.2768669128417969
eb3fc29b-aa74-4daf-b163-8b60d367a3e2,vision_vit,swiglu,2,train_loss_epoch,87,1.1957767009735107
eb3fc29b-aa74-4daf-b163-8b60d367a3e2,vision_vit,swiglu,2,train_loss_epoch,103,1.1283162832260132
eb3fc29b-aa74-4daf-b163-8b60d367a3e2,vision_vit,swiglu,2,train_loss_epoch,121,1.0629311800003052
eb3fc29b-aa74-4daf-b163-8b60d367a3e2,vision_vit,swiglu,2,train_loss_epoch,139,1.011269450187683
eb3fc29b-aa74-4daf-b163-8b60d367a3e2,vision_vit,swiglu,2,train_loss_epoch,157,0.9686762690544128
eb3fc29b-aa74-4daf-b163-8b60d367a3e2,vision_vit,swiglu,2,train_loss_epoch,175,0.922860622406006
eb3fc29b-aa74-4daf-b163-8b60d367a3e2,vision_vit,swiglu,2,train_loss_epoch,191,0.8917521834373474
eb3fc29b-aa74-4daf-b163-8b60d367a3e2,vision_vit,swiglu,2,train_loss_epoch,209,0.8538128137588501
eb3fc29b-aa74-4daf-b163-8b60d367a3e2,vision_vit,swiglu,2,train_loss_epoch,227,0.8211967349052429
eb3fc29b-aa74-4daf-b163-8b60d367a3e2,vision_vit,swiglu,2,train_loss_epoch,245,0.7943790555000305
eb3fc29b-aa74-4daf-b163-8b60d367a3e2,vision_vit,swiglu,2,train_loss_epoch,263,0.7604312896728516
eb3fc29b-aa74-4daf-b163-8b60d367a3e2,vision_vit,swiglu,2,train_loss_epoch,279,0.7414761185646057
eb3fc29b-aa74-4daf-b163-8b60d367a3e2,vision_vit,swiglu,2,train_loss_epoch,297,0.715453565120697
eb3fc29b-aa74-4daf-b163-8b60d367a3e2,vision_vit,swiglu,2,train_loss_epoch,315,0.6864174604415894
eb3fc29b-aa74-4daf-b163-8b60d367a3e2,vision_vit,swiglu,2,train_loss_epoch,333,0.6660457253456116
eb3fc29b-aa74-4daf-b163-8b60d367a3e2,vision_vit,swiglu,2,train_loss_epoch,351,0.6479262113571167
eb3fc29b-aa74-4daf-b163-8b60d367a3e2,vision_vit,swiglu,2,train_loss_epoch,367,0.6300076842308044
eb3fc29b-aa74-4daf-b163-8b60d367a3e2,vision_vit,swiglu,2,train_loss_epoch,385,0.6101496815681458
eb3fc29b-aa74-4daf-b163-8b60d367a3e2,vision_vit,swiglu,2,train_loss_epoch,403,0.5963830947875977
eb3fc29b-aa74-4daf-b163-8b60d367a3e2,vision_vit,swiglu,2,train_loss_epoch,421,0.5829251408576965
eb3fc29b-aa74-4daf-b163-8b60d367a3e2,vision_vit,swiglu,2,train_loss_epoch,439,0.5672350525856018
eb3fc29b-aa74-4daf-b163-8b60d367a3e2,vision_vit,swiglu,2,train_loss_epoch,455,0.562555730342865
eb3fc29b-aa74-4daf-b163-8b60d367a3e2,vision_vit,swiglu,2,train_loss_epoch,473,0.5504783391952515
eb3fc29b-aa74-4daf-b163-8b60d367a3e2,vision_vit,swiglu,2,train_loss_epoch,491,0.5458950996398926
eb3fc29b-aa74-4daf-b163-8b60d367a3e2,vision_vit,swiglu,2,train_loss_epoch,509,0.5484724044799805
eb3fc29b-aa74-4daf-b163-8b60d367a3e2,vision_vit,swiglu,2,train_loss_epoch,527,0.5462673306465149
2c52e19f-2522-47e5-98b8-7ec5dc18d108,vision_vit,swiglu,4,val_top1,14,0.3612000048160553
2c52e19f-2522-47e5-98b8-7ec5dc18d108,vision_vit,swiglu,4,val_top1,32,0.4553000032901764
2c52e19f-2522-47e5-98b8-7ec5dc18d108,vision_vit,swiglu,4,val_top1,50,0.534600019454956
2c52e19f-2522-47e5-98b8-7ec5dc18d108,vision_vit,swiglu,4,val_top1,68,0.5647000074386597
2c52e19f-2522-47e5-98b8-7ec5dc18d108,vision_vit,swiglu,4,val_top1,86,0.5863999724388123
2c52e19f-2522-47e5-98b8-7ec5dc18d108,vision_vit,swiglu,4,val_top1,102,0.6165000200271606
2c52e19f-2522-47e5-98b8-7ec5dc18d108,vision_vit,swiglu,4,val_top1,120,0.6371999979019165
2c52e19f-2522-47e5-98b8-7ec5dc18d108,vision_vit,swiglu,4,val_top1,138,0.6570000052452087
2c52e19f-2522-47e5-98b8-7ec5dc18d108,vision_vit,swiglu,4,val_top1,156,0.6618000268936157
2c52e19f-2522-47e5-98b8-7ec5dc18d108,vision_vit,swiglu,4,val_top1,174,0.6830999851226807
2c52e19f-2522-47e5-98b8-7ec5dc18d108,vision_vit,swiglu,4,val_top1,190,0.6829000115394592
2c52e19f-2522-47e5-98b8-7ec5dc18d108,vision_vit,swiglu,4,val_top1,208,0.7006000280380249
2c52e19f-2522-47e5-98b8-7ec5dc18d108,vision_vit,swiglu,4,val_top1,226,0.7088000178337097
2c52e19f-2522-47e5-98b8-7ec5dc18d108,vision_vit,swiglu,4,val_top1,244,0.7265999913215637
2c52e19f-2522-47e5-98b8-7ec5dc18d108,vision_vit,swiglu,4,val_top1,262,0.7261000275611877
2c52e19f-2522-47e5-98b8-7ec5dc18d108,vision_vit,swiglu,4,val_top1,278,0.7333999872207642
2c52e19f-2522-47e5-98b8-7ec5dc18d108,vision_vit,swiglu,4,val_top1,296,0.739300012588501
2c52e19f-2522-47e5-98b8-7ec5dc18d108,vision_vit,swiglu,4,val_top1,314,0.7451000213623047
2c52e19f-2522-47e5-98b8-7ec5dc18d108,vision_vit,swiglu,4,val_top1,332,0.7562000155448914
2c52e19f-2522-47e5-98b8-7ec5dc18d108,vision_vit,swiglu,4,val_top1,350,0.7542999982833862
2c52e19f-2522-47e5-98b8-7ec5dc18d108,vision_vit,swiglu,4,val_top1,366,0.757099986076355
2c52e19f-2522-47e5-98b8-7ec5dc18d108,vision_vit,swiglu,4,val_top1,384,0.7630000114440918
2c52e19f-2522-47e5-98b8-7ec5dc18d108,vision_vit,swiglu,4,val_top1,402,0.7612000107765198
2c52e19f-2522-47e5-98b8-7ec5dc18d108,vision_vit,swiglu,4,val_top1,420,0.7667999863624573
2c52e19f-2522-47e5-98b8-7ec5dc18d108,vision_vit,swiglu,4,val_top1,438,0.767799973487854
2c52e19f-2522-47e5-98b8-7ec5dc18d108,vision_vit,swiglu,4,val_top1,454,0.7681000232696533
2c52e19f-2522-47e5-98b8-7ec5dc18d108,vision_vit,swiglu,4,val_top1,472,0.7696999907493591
2c52e19f-2522-47e5-98b8-7ec5dc18d108,vision_vit,swiglu,4,val_top1,490,0.7700999975204468
2c52e19f-2522-47e5-98b8-7ec5dc18d108,vision_vit,swiglu,4,val_top1,508,0.769599974155426
2c52e19f-2522-47e5-98b8-7ec5dc18d108,vision_vit,swiglu,4,val_top1,526,0.769599974155426
2c52e19f-2522-47e5-98b8-7ec5dc18d108,vision_vit,swiglu,4,train_loss_epoch,15,2.0267157554626465
2c52e19f-2522-47e5-98b8-7ec5dc18d108,vision_vit,swiglu,4,train_loss_epoch,33,1.609886646270752
2c52e19f-2522-47e5-98b8-7ec5dc18d108,vision_vit,swiglu,4,train_loss_epoch,51,1.4065335988998413
2c52e19f-2522-47e5-98b8-7ec5dc18d108,vision_vit,swiglu,4,train_loss_epoch,69,1.286989688873291
2c52e19f-2522-47e5-98b8-7ec5dc18d108,vision_vit,swiglu,4,train_loss_epoch,87,1.204045295715332
2c52e19f-2522-47e5-98b8-7ec5dc18d108,vision_vit,swiglu,4,train_loss_epoch,103,1.133363962173462
2c52e19f-2522-47e5-98b8-7ec5dc18d108,vision_vit,swiglu,4,train_loss_epoch,121,1.0731443166732788
2c52e19f-2522-47e5-98b8-7ec5dc18d108,vision_vit,swiglu,4,train_loss_epoch,139,1.01914644241333
2c52e19f-2522-47e5-98b8-7ec5dc18d108,vision_vit,swiglu,4,train_loss_epoch,157,0.9777965545654296
2c52e19f-2522-47e5-98b8-7ec5dc18d108,vision_vit,swiglu,4,train_loss_epoch,175,0.9444319605827332
2c52e19f-2522-47e5-98b8-7ec5dc18d108,vision_vit,swiglu,4,train_loss_epoch,191,0.8999282717704773
2c52e19f-2522-47e5-98b8-7ec5dc18d108,vision_vit,swiglu,4,train_loss_epoch,209,0.8672230839729309
2c52e19f-2522-47e5-98b8-7ec5dc18d108,vision_vit,swiglu,4,train_loss_epoch,227,0.8340216279029846
2c52e19f-2522-47e5-98b8-7ec5dc18d108,vision_vit,swiglu,4,train_loss_epoch,245,0.8002249002456665
2c52e19f-2522-47e5-98b8-7ec5dc18d108,vision_vit,swiglu,4,train_loss_epoch,263,0.7787243723869324
2c52e19f-2522-47e5-98b8-7ec5dc18d108,vision_vit,swiglu,4,train_loss_epoch,279,0.7539950609207153
2c52e19f-2522-47e5-98b8-7ec5dc18d108,vision_vit,swiglu,4,train_loss_epoch,297,0.7276270389556885
2c52e19f-2522-47e5-98b8-7ec5dc18d108,vision_vit,swiglu,4,train_loss_epoch,315,0.6985478401184082
2c52e19f-2522-47e5-98b8-7ec5dc18d108,vision_vit,swiglu,4,train_loss_epoch,333,0.682343065738678
2c52e19f-2522-47e5-98b8-7ec5dc18d108,vision_vit,swiglu,4,train_loss_epoch,351,0.6573603749275208
2c52e19f-2522-47e5-98b8-7ec5dc18d108,vision_vit,swiglu,4,train_loss_epoch,367,0.6406030058860779
2c52e19f-2522-47e5-98b8-7ec5dc18d108,vision_vit,swiglu,4,train_loss_epoch,385,0.6228945255279541
2c52e19f-2522-47e5-98b8-7ec5dc18d108,vision_vit,swiglu,4,train_loss_epoch,403,0.6075649261474609
2c52e19f-2522-47e5-98b8-7ec5dc18d108,vision_vit,swiglu,4,train_loss_epoch,421,0.5927173495292664
2c52e19f-2522-47e5-98b8-7ec5dc18d108,vision_vit,swiglu,4,train_loss_epoch,439,0.5822203755378723
2c52e19f-2522-47e5-98b8-7ec5dc18d108,vision_vit,swiglu,4,train_loss_epoch,455,0.5726336240768433
2c52e19f-2522-47e5-98b8-7ec5dc18d108,vision_vit,swiglu,4,train_loss_epoch,473,0.5657168626785278
2c52e19f-2522-47e5-98b8-7ec5dc18d108,vision_vit,swiglu,4,train_loss_epoch,491,0.5578182339668274
2c52e19f-2522-47e5-98b8-7ec5dc18d108,vision_vit,swiglu,4,train_loss_epoch,509,0.5567376613616943
2c52e19f-2522-47e5-98b8-7ec5dc18d108,vision_vit,swiglu,4,train_loss_epoch,527,0.5531383752822876
a8ea7b41-cdf2-4f24-ab18-f52679fab18b,vision_vit,swiglu,3,val_top1,14,0.3671000003814697
a8ea7b41-cdf2-4f24-ab18-f52679fab18b,vision_vit,swiglu,3,val_top1,32,0.4422999918460846
a8ea7b41-cdf2-4f24-ab18-f52679fab18b,vision_vit,swiglu,3,val_top1,50,0.5281999707221985
a8ea7b41-cdf2-4f24-ab18-f52679fab18b,vision_vit,swiglu,3,val_top1,68,0.5737000107765198
a8ea7b41-cdf2-4f24-ab18-f52679fab18b,vision_vit,swiglu,3,val_top1,86,0.5947999954223633
a8ea7b41-cdf2-4f24-ab18-f52679fab18b,vision_vit,swiglu,3,val_top1,102,0.6136999726295471
a8ea7b41-cdf2-4f24-ab18-f52679fab18b,vision_vit,swiglu,3,val_top1,120,0.6452999711036682
a8ea7b41-cdf2-4f24-ab18-f52679fab18b,vision_vit,swiglu,3,val_top1,138,0.6542999744415283
a8ea7b41-cdf2-4f24-ab18-f52679fab18b,vision_vit,swiglu,3,val_top1,156,0.6729000210762024
a8ea7b41-cdf2-4f24-ab18-f52679fab18b,vision_vit,swiglu,3,val_top1,174,0.6935999989509583
a8ea7b41-cdf2-4f24-ab18-f52679fab18b,vision_vit,swiglu,3,val_top1,190,0.6880000233650208
a8ea7b41-cdf2-4f24-ab18-f52679fab18b,vision_vit,swiglu,3,val_top1,208,0.7017999887466431
a8ea7b41-cdf2-4f24-ab18-f52679fab18b,vision_vit,swiglu,3,val_top1,226,0.7159000039100647
a8ea7b41-cdf2-4f24-ab18-f52679fab18b,vision_vit,swiglu,3,val_top1,244,0.7258999943733215
a8ea7b41-cdf2-4f24-ab18-f52679fab18b,vision_vit,swiglu,3,val_top1,262,0.7264000177383423
a8ea7b41-cdf2-4f24-ab18-f52679fab18b,vision_vit,swiglu,3,val_top1,278,0.7401999831199646
a8ea7b41-cdf2-4f24-ab18-f52679fab18b,vision_vit,swiglu,3,val_top1,296,0.7366999983787537
a8ea7b41-cdf2-4f24-ab18-f52679fab18b,vision_vit,swiglu,3,val_top1,314,0.7473000288009644
a8ea7b41-cdf2-4f24-ab18-f52679fab18b,vision_vit,swiglu,3,val_top1,332,0.7494999766349792
a8ea7b41-cdf2-4f24-ab18-f52679fab18b,vision_vit,swiglu,3,val_top1,350,0.7509999871253967
a8ea7b41-cdf2-4f24-ab18-f52679fab18b,vision_vit,swiglu,3,val_top1,366,0.7573000192642212
a8ea7b41-cdf2-4f24-ab18-f52679fab18b,vision_vit,swiglu,3,val_top1,384,0.7562000155448914
a8ea7b41-cdf2-4f24-ab18-f52679fab18b,vision_vit,swiglu,3,val_top1,402,0.7651000022888184
a8ea7b41-cdf2-4f24-ab18-f52679fab18b,vision_vit,swiglu,3,val_top1,420,0.7656999826431274
a8ea7b41-cdf2-4f24-ab18-f52679fab18b,vision_vit,swiglu,3,val_top1,438,0.767300009727478
a8ea7b41-cdf2-4f24-ab18-f52679fab18b,vision_vit,swiglu,3,val_top1,454,0.7669000029563904
a8ea7b41-cdf2-4f24-ab18-f52679fab18b,vision_vit,swiglu,3,val_top1,472,0.7685999870300293
a8ea7b41-cdf2-4f24-ab18-f52679fab18b,vision_vit,swiglu,3,val_top1,490,0.7684000134468079
a8ea7b41-cdf2-4f24-ab18-f52679fab18b,vision_vit,swiglu,3,val_top1,508,0.7703999876976013
a8ea7b41-cdf2-4f24-ab18-f52679fab18b,vision_vit,swiglu,3,val_top1,526,0.7702000141143799
a8ea7b41-cdf2-4f24-ab18-f52679fab18b,vision_vit,swiglu,3,train_loss_epoch,15,1.9981689453125
a8ea7b41-cdf2-4f24-ab18-f52679fab18b,vision_vit,swiglu,3,train_loss_epoch,33,1.5975630283355713
a8ea7b41-cdf2-4f24-ab18-f52679fab18b,vision_vit,swiglu,3,train_loss_epoch,51,1.4008629322052002
a8ea7b41-cdf2-4f24-ab18-f52679fab18b,vision_vit,swiglu,3,train_loss_epoch,69,1.2750858068466189
a8ea7b41-cdf2-4f24-ab18-f52679fab18b,vision_vit,swiglu,3,train_loss_epoch,87,1.1905723810195925
a8ea7b41-cdf2-4f24-ab18-f52679fab18b,vision_vit,swiglu,3,train_loss_epoch,103,1.117939591407776
a8ea7b41-cdf2-4f24-ab18-f52679fab18b,vision_vit,swiglu,3,train_loss_epoch,121,1.05785870552063
a8ea7b41-cdf2-4f24-ab18-f52679fab18b,vision_vit,swiglu,3,train_loss_epoch,139,1.00740385055542
a8ea7b41-cdf2-4f24-ab18-f52679fab18b,vision_vit,swiglu,3,train_loss_epoch,157,0.9678547382354736
a8ea7b41-cdf2-4f24-ab18-f52679fab18b,vision_vit,swiglu,3,train_loss_epoch,175,0.9271998405456544
a8ea7b41-cdf2-4f24-ab18-f52679fab18b,vision_vit,swiglu,3,train_loss_epoch,191,0.8916706442832947
a8ea7b41-cdf2-4f24-ab18-f52679fab18b,vision_vit,swiglu,3,train_loss_epoch,209,0.8598605394363403
a8ea7b41-cdf2-4f24-ab18-f52679fab18b,vision_vit,swiglu,3,train_loss_epoch,227,0.8291826248168945
a8ea7b41-cdf2-4f24-ab18-f52679fab18b,vision_vit,swiglu,3,train_loss_epoch,245,0.798042356967926
a8ea7b41-cdf2-4f24-ab18-f52679fab18b,vision_vit,swiglu,3,train_loss_epoch,263,0.7673124074935913
a8ea7b41-cdf2-4f24-ab18-f52679fab18b,vision_vit,swiglu,3,train_loss_epoch,279,0.7386612296104431
a8ea7b41-cdf2-4f24-ab18-f52679fab18b,vision_vit,swiglu,3,train_loss_epoch,297,0.7185065746307373
a8ea7b41-cdf2-4f24-ab18-f52679fab18b,vision_vit,swiglu,3,train_loss_epoch,315,0.6936141848564148
a8ea7b41-cdf2-4f24-ab18-f52679fab18b,vision_vit,swiglu,3,train_loss_epoch,333,0.6702820658683777
a8ea7b41-cdf2-4f24-ab18-f52679fab18b,vision_vit,swiglu,3,train_loss_epoch,351,0.6517658829689026
a8ea7b41-cdf2-4f24-ab18-f52679fab18b,vision_vit,swiglu,3,train_loss_epoch,367,0.6344456076622009
a8ea7b41-cdf2-4f24-ab18-f52679fab18b,vision_vit,swiglu,3,train_loss_epoch,385,0.6195124387741089
a8ea7b41-cdf2-4f24-ab18-f52679fab18b,vision_vit,swiglu,3,train_loss_epoch,403,0.598405122756958
a8ea7b41-cdf2-4f24-ab18-f52679fab18b,vision_vit,swiglu,3,train_loss_epoch,421,0.5808495283126831
a8ea7b41-cdf2-4f24-ab18-f52679fab18b,vision_vit,swiglu,3,train_loss_epoch,439,0.5733269453048706
a8ea7b41-cdf2-4f24-ab18-f52679fab18b,vision_vit,swiglu,3,train_loss_epoch,455,0.5657176971435547
a8ea7b41-cdf2-4f24-ab18-f52679fab18b,vision_vit,swiglu,3,train_loss_epoch,473,0.5559839010238647
a8ea7b41-cdf2-4f24-ab18-f52679fab18b,vision_vit,swiglu,3,train_loss_epoch,491,0.5528753995895386
a8ea7b41-cdf2-4f24-ab18-f52679fab18b,vision_vit,swiglu,3,train_loss_epoch,509,0.54742830991745
a8ea7b41-cdf2-4f24-ab18-f52679fab18b,vision_vit,swiglu,3,train_loss_epoch,527,0.5452206134796143
3a91b3bf-35fa-4784-ad72-cec26067be36,vision_vit,swiglu,6,val_top1,14,0.3560999929904938
3a91b3bf-35fa-4784-ad72-cec26067be36,vision_vit,swiglu,6,val_top1,32,0.4821999967098236
3a91b3bf-35fa-4784-ad72-cec26067be36,vision_vit,swiglu,6,val_top1,50,0.5340999960899353
3a91b3bf-35fa-4784-ad72-cec26067be36,vision_vit,swiglu,6,val_top1,68,0.5577999949455261
3a91b3bf-35fa-4784-ad72-cec26067be36,vision_vit,swiglu,6,val_top1,86,0.5929999947547913
3a91b3bf-35fa-4784-ad72-cec26067be36,vision_vit,swiglu,6,val_top1,102,0.6180999875068665
3a91b3bf-35fa-4784-ad72-cec26067be36,vision_vit,swiglu,6,val_top1,120,0.6273999810218811
3a91b3bf-35fa-4784-ad72-cec26067be36,vision_vit,swiglu,6,val_top1,138,0.6588000059127808
3a91b3bf-35fa-4784-ad72-cec26067be36,vision_vit,swiglu,6,val_top1,156,0.6668000221252441
3a91b3bf-35fa-4784-ad72-cec26067be36,vision_vit,swiglu,6,val_top1,174,0.6784999966621399
3a91b3bf-35fa-4784-ad72-cec26067be36,vision_vit,swiglu,6,val_top1,190,0.6832000017166138
3a91b3bf-35fa-4784-ad72-cec26067be36,vision_vit,swiglu,6,val_top1,208,0.7028999924659729
3a91b3bf-35fa-4784-ad72-cec26067be36,vision_vit,swiglu,6,val_top1,226,0.7098000049591064
3a91b3bf-35fa-4784-ad72-cec26067be36,vision_vit,swiglu,6,val_top1,244,0.7204999923706055
3a91b3bf-35fa-4784-ad72-cec26067be36,vision_vit,swiglu,6,val_top1,262,0.7289000153541565
3a91b3bf-35fa-4784-ad72-cec26067be36,vision_vit,swiglu,6,val_top1,278,0.7348999977111816
3a91b3bf-35fa-4784-ad72-cec26067be36,vision_vit,swiglu,6,val_top1,296,0.739799976348877
3a91b3bf-35fa-4784-ad72-cec26067be36,vision_vit,swiglu,6,val_top1,314,0.743399977684021
3a91b3bf-35fa-4784-ad72-cec26067be36,vision_vit,swiglu,6,val_top1,332,0.7506999969482422
3a91b3bf-35fa-4784-ad72-cec26067be36,vision_vit,swiglu,6,val_top1,350,0.7549999952316284
3a91b3bf-35fa-4784-ad72-cec26067be36,vision_vit,swiglu,6,val_top1,366,0.7573000192642212
3a91b3bf-35fa-4784-ad72-cec26067be36,vision_vit,swiglu,6,val_top1,384,0.7645999789237976
3a91b3bf-35fa-4784-ad72-cec26067be36,vision_vit,swiglu,6,val_top1,402,0.7638999819755554
3a91b3bf-35fa-4784-ad72-cec26067be36,vision_vit,swiglu,6,val_top1,420,0.758400022983551
3a91b3bf-35fa-4784-ad72-cec26067be36,vision_vit,swiglu,6,val_top1,438,0.7657999992370605
3a91b3bf-35fa-4784-ad72-cec26067be36,vision_vit,swiglu,6,val_top1,454,0.7688000202178955
3a91b3bf-35fa-4784-ad72-cec26067be36,vision_vit,swiglu,6,val_top1,472,0.7671999931335449
3a91b3bf-35fa-4784-ad72-cec26067be36,vision_vit,swiglu,6,val_top1,490,0.767300009727478
3a91b3bf-35fa-4784-ad72-cec26067be36,vision_vit,swiglu,6,val_top1,508,0.7685999870300293
3a91b3bf-35fa-4784-ad72-cec26067be36,vision_vit,swiglu,6,val_top1,526,0.7689999938011169
3a91b3bf-35fa-4784-ad72-cec26067be36,vision_vit,swiglu,6,train_loss_epoch,15,2.020805597305298
3a91b3bf-35fa-4784-ad72-cec26067be36,vision_vit,swiglu,6,train_loss_epoch,33,1.6004223823547363
3a91b3bf-35fa-4784-ad72-cec26067be36,vision_vit,swiglu,6,train_loss_epoch,51,1.3944636583328247
3a91b3bf-35fa-4784-ad72-cec26067be36,vision_vit,swiglu,6,train_loss_epoch,69,1.273999810218811
3a91b3bf-35fa-4784-ad72-cec26067be36,vision_vit,swiglu,6,train_loss_epoch,87,1.180749773979187
3a91b3bf-35fa-4784-ad72-cec26067be36,vision_vit,swiglu,6,train_loss_epoch,103,1.1130802631378174
3a91b3bf-35fa-4784-ad72-cec26067be36,vision_vit,swiglu,6,train_loss_epoch,121,1.0646567344665527
3a91b3bf-35fa-4784-ad72-cec26067be36,vision_vit,swiglu,6,train_loss_epoch,139,1.0123401880264282
3a91b3bf-35fa-4784-ad72-cec26067be36,vision_vit,swiglu,6,train_loss_epoch,157,0.9657608270645142
3a91b3bf-35fa-4784-ad72-cec26067be36,vision_vit,swiglu,6,train_loss_epoch,175,0.9305744171142578
3a91b3bf-35fa-4784-ad72-cec26067be36,vision_vit,swiglu,6,train_loss_epoch,191,0.8902075886726379
3a91b3bf-35fa-4784-ad72-cec26067be36,vision_vit,swiglu,6,train_loss_epoch,209,0.8610135316848755
3a91b3bf-35fa-4784-ad72-cec26067be36,vision_vit,swiglu,6,train_loss_epoch,227,0.8242854475975037
3a91b3bf-35fa-4784-ad72-cec26067be36,vision_vit,swiglu,6,train_loss_epoch,245,0.7998211979866028
3a91b3bf-35fa-4784-ad72-cec26067be36,vision_vit,swiglu,6,train_loss_epoch,263,0.7711899876594543
3a91b3bf-35fa-4784-ad72-cec26067be36,vision_vit,swiglu,6,train_loss_epoch,279,0.745992124080658
3a91b3bf-35fa-4784-ad72-cec26067be36,vision_vit,swiglu,6,train_loss_epoch,297,0.7149245738983154
3a91b3bf-35fa-4784-ad72-cec26067be36,vision_vit,swiglu,6,train_loss_epoch,315,0.6928165555000305
3a91b3bf-35fa-4784-ad72-cec26067be36,vision_vit,swiglu,6,train_loss_epoch,333,0.6713922023773193
3a91b3bf-35fa-4784-ad72-cec26067be36,vision_vit,swiglu,6,train_loss_epoch,351,0.6519405841827393
3a91b3bf-35fa-4784-ad72-cec26067be36,vision_vit,swiglu,6,train_loss_epoch,367,0.6280165314674377
3a91b3bf-35fa-4784-ad72-cec26067be36,vision_vit,swiglu,6,train_loss_epoch,385,0.6126240491867065
3a91b3bf-35fa-4784-ad72-cec26067be36,vision_vit,swiglu,6,train_loss_epoch,403,0.5984944701194763
3a91b3bf-35fa-4784-ad72-cec26067be36,vision_vit,swiglu,6,train_loss_epoch,421,0.5857630968093872
3a91b3bf-35fa-4784-ad72-cec26067be36,vision_vit,swiglu,6,train_loss_epoch,439,0.5701148509979248
3a91b3bf-35fa-4784-ad72-cec26067be36,vision_vit,swiglu,6,train_loss_epoch,455,0.5658475160598755
3a91b3bf-35fa-4784-ad72-cec26067be36,vision_vit,swiglu,6,train_loss_epoch,473,0.560018002986908
3a91b3bf-35fa-4784-ad72-cec26067be36,vision_vit,swiglu,6,train_loss_epoch,491,0.552969217300415
3a91b3bf-35fa-4784-ad72-cec26067be36,vision_vit,swiglu,6,train_loss_epoch,509,0.5516708493232727
3a91b3bf-35fa-4784-ad72-cec26067be36,vision_vit,swiglu,6,train_loss_epoch,527,0.5430505275726318
c4b87782-4434-4480-8f9d-40fe8833b31e,vision_vit,swiglu,7,val_top1,14,0.383899986743927
c4b87782-4434-4480-8f9d-40fe8833b31e,vision_vit,swiglu,7,val_top1,32,0.4763000011444092
c4b87782-4434-4480-8f9d-40fe8833b31e,vision_vit,swiglu,7,val_top1,50,0.5123000144958496
c4b87782-4434-4480-8f9d-40fe8833b31e,vision_vit,swiglu,7,val_top1,68,0.5521000027656555
c4b87782-4434-4480-8f9d-40fe8833b31e,vision_vit,swiglu,7,val_top1,86,0.5863999724388123
c4b87782-4434-4480-8f9d-40fe8833b31e,vision_vit,swiglu,7,val_top1,102,0.6179999709129333
c4b87782-4434-4480-8f9d-40fe8833b31e,vision_vit,swiglu,7,val_top1,120,0.635699987411499
c4b87782-4434-4480-8f9d-40fe8833b31e,vision_vit,swiglu,7,val_top1,138,0.6607000231742859
c4b87782-4434-4480-8f9d-40fe8833b31e,vision_vit,swiglu,7,val_top1,156,0.6629999876022339
c4b87782-4434-4480-8f9d-40fe8833b31e,vision_vit,swiglu,7,val_top1,174,0.6729999780654907
c4b87782-4434-4480-8f9d-40fe8833b31e,vision_vit,swiglu,7,val_top1,190,0.6996999979019165
c4b87782-4434-4480-8f9d-40fe8833b31e,vision_vit,swiglu,7,val_top1,208,0.7002999782562256
c4b87782-4434-4480-8f9d-40fe8833b31e,vision_vit,swiglu,7,val_top1,226,0.7182999849319458
c4b87782-4434-4480-8f9d-40fe8833b31e,vision_vit,swiglu,7,val_top1,244,0.7246999740600586
c4b87782-4434-4480-8f9d-40fe8833b31e,vision_vit,swiglu,7,val_top1,262,0.7318000197410583
c4b87782-4434-4480-8f9d-40fe8833b31e,vision_vit,swiglu,7,val_top1,278,0.7384999990463257
c4b87782-4434-4480-8f9d-40fe8833b31e,vision_vit,swiglu,7,val_top1,296,0.7394000291824341
c4b87782-4434-4480-8f9d-40fe8833b31e,vision_vit,swiglu,7,val_top1,314,0.7494000196456909
c4b87782-4434-4480-8f9d-40fe8833b31e,vision_vit,swiglu,7,val_top1,332,0.75
c4b87782-4434-4480-8f9d-40fe8833b31e,vision_vit,swiglu,7,val_top1,350,0.7542999982833862
c4b87782-4434-4480-8f9d-40fe8833b31e,vision_vit,swiglu,7,val_top1,366,0.760699987411499
c4b87782-4434-4480-8f9d-40fe8833b31e,vision_vit,swiglu,7,val_top1,384,0.7652999758720398
c4b87782-4434-4480-8f9d-40fe8833b31e,vision_vit,swiglu,7,val_top1,402,0.7684000134468079
c4b87782-4434-4480-8f9d-40fe8833b31e,vision_vit,swiglu,7,val_top1,420,0.7678999900817871
c4b87782-4434-4480-8f9d-40fe8833b31e,vision_vit,swiglu,7,val_top1,438,0.7692999839782715
c4b87782-4434-4480-8f9d-40fe8833b31e,vision_vit,swiglu,7,val_top1,454,0.7728999853134155
c4b87782-4434-4480-8f9d-40fe8833b31e,vision_vit,swiglu,7,val_top1,472,0.7731999754905701
c4b87782-4434-4480-8f9d-40fe8833b31e,vision_vit,swiglu,7,val_top1,490,0.7731999754905701
c4b87782-4434-4480-8f9d-40fe8833b31e,vision_vit,swiglu,7,val_top1,508,0.7750999927520752
c4b87782-4434-4480-8f9d-40fe8833b31e,vision_vit,swiglu,7,val_top1,526,0.7753000259399414
c4b87782-4434-4480-8f9d-40fe8833b31e,vision_vit,swiglu,7,train_loss_epoch,15,2.013233423233032
c4b87782-4434-4480-8f9d-40fe8833b31e,vision_vit,swiglu,7,train_loss_epoch,33,1.6075360774993896
c4b87782-4434-4480-8f9d-40fe8833b31e,vision_vit,swiglu,7,train_loss_epoch,51,1.4223363399505615
c4b87782-4434-4480-8f9d-40fe8833b31e,vision_vit,swiglu,7,train_loss_epoch,69,1.307435154914856
c4b87782-4434-4480-8f9d-40fe8833b31e,vision_vit,swiglu,7,train_loss_epoch,87,1.214021921157837
c4b87782-4434-4480-8f9d-40fe8833b31e,vision_vit,swiglu,7,train_loss_epoch,103,1.1390351057052612
c4b87782-4434-4480-8f9d-40fe8833b31e,vision_vit,swiglu,7,train_loss_epoch,121,1.0763448476791382
c4b87782-4434-4480-8f9d-40fe8833b31e,vision_vit,swiglu,7,train_loss_epoch,139,1.022276759147644
c4b87782-4434-4480-8f9d-40fe8833b31e,vision_vit,swiglu,7,train_loss_epoch,157,0.974617838859558
c4b87782-4434-4480-8f9d-40fe8833b31e,vision_vit,swiglu,7,train_loss_epoch,175,0.9282791018486024
c4b87782-4434-4480-8f9d-40fe8833b31e,vision_vit,swiglu,7,train_loss_epoch,191,0.8925478458404541
c4b87782-4434-4480-8f9d-40fe8833b31e,vision_vit,swiglu,7,train_loss_epoch,209,0.8600484132766724
c4b87782-4434-4480-8f9d-40fe8833b31e,vision_vit,swiglu,7,train_loss_epoch,227,0.8279431462287903
c4b87782-4434-4480-8f9d-40fe8833b31e,vision_vit,swiglu,7,train_loss_epoch,245,0.7941634058952332
c4b87782-4434-4480-8f9d-40fe8833b31e,vision_vit,swiglu,7,train_loss_epoch,263,0.7584538459777832
c4b87782-4434-4480-8f9d-40fe8833b31e,vision_vit,swiglu,7,train_loss_epoch,279,0.7363526225090027
c4b87782-4434-4480-8f9d-40fe8833b31e,vision_vit,swiglu,7,train_loss_epoch,297,0.707733690738678
c4b87782-4434-4480-8f9d-40fe8833b31e,vision_vit,swiglu,7,train_loss_epoch,315,0.6882519721984863
c4b87782-4434-4480-8f9d-40fe8833b31e,vision_vit,swiglu,7,train_loss_epoch,333,0.6686742305755615
c4b87782-4434-4480-8f9d-40fe8833b31e,vision_vit,swiglu,7,train_loss_epoch,351,0.6464535593986511
c4b87782-4434-4480-8f9d-40fe8833b31e,vision_vit,swiglu,7,train_loss_epoch,367,0.627566397190094
c4b87782-4434-4480-8f9d-40fe8833b31e,vision_vit,swiglu,7,train_loss_epoch,385,0.60515958070755
c4b87782-4434-4480-8f9d-40fe8833b31e,vision_vit,swiglu,7,train_loss_epoch,403,0.5936358571052551
c4b87782-4434-4480-8f9d-40fe8833b31e,vision_vit,swiglu,7,train_loss_epoch,421,0.5839006900787354
c4b87782-4434-4480-8f9d-40fe8833b31e,vision_vit,swiglu,7,train_loss_epoch,439,0.568330705165863
c4b87782-4434-4480-8f9d-40fe8833b31e,vision_vit,swiglu,7,train_loss_epoch,455,0.5595310926437378
c4b87782-4434-4480-8f9d-40fe8833b31e,vision_vit,swiglu,7,train_loss_epoch,473,0.5542056560516357
c4b87782-4434-4480-8f9d-40fe8833b31e,vision_vit,swiglu,7,train_loss_epoch,491,0.5427035093307495
c4b87782-4434-4480-8f9d-40fe8833b31e,vision_vit,swiglu,7,train_loss_epoch,509,0.5426385402679443
c4b87782-4434-4480-8f9d-40fe8833b31e,vision_vit,swiglu,7,train_loss_epoch,527,0.5425609946250916
d5d73b42-a71b-45dc-b642-070d70a29ae5,vision_vit,swiglu,5,val_top1,14,0.3328000009059906
d5d73b42-a71b-45dc-b642-070d70a29ae5,vision_vit,swiglu,5,val_top1,32,0.4686999917030334
d5d73b42-a71b-45dc-b642-070d70a29ae5,vision_vit,swiglu,5,val_top1,50,0.5354999899864197
d5d73b42-a71b-45dc-b642-070d70a29ae5,vision_vit,swiglu,5,val_top1,68,0.5763000249862671
d5d73b42-a71b-45dc-b642-070d70a29ae5,vision_vit,swiglu,5,val_top1,86,0.5827999711036682
d5d73b42-a71b-45dc-b642-070d70a29ae5,vision_vit,swiglu,5,val_top1,102,0.5920000076293945
d5d73b42-a71b-45dc-b642-070d70a29ae5,vision_vit,swiglu,5,val_top1,120,0.6384999752044678
d5d73b42-a71b-45dc-b642-070d70a29ae5,vision_vit,swiglu,5,val_top1,138,0.6614999771118164
d5d73b42-a71b-45dc-b642-070d70a29ae5,vision_vit,swiglu,5,val_top1,156,0.6622999906539917
d5d73b42-a71b-45dc-b642-070d70a29ae5,vision_vit,swiglu,5,val_top1,174,0.6804999709129333
d5d73b42-a71b-45dc-b642-070d70a29ae5,vision_vit,swiglu,5,val_top1,190,0.6829000115394592
d5d73b42-a71b-45dc-b642-070d70a29ae5,vision_vit,swiglu,5,val_top1,208,0.6991999745368958
d5d73b42-a71b-45dc-b642-070d70a29ae5,vision_vit,swiglu,5,val_top1,226,0.7077999711036682
d5d73b42-a71b-45dc-b642-070d70a29ae5,vision_vit,swiglu,5,val_top1,244,0.7182999849319458
d5d73b42-a71b-45dc-b642-070d70a29ae5,vision_vit,swiglu,5,val_top1,262,0.72079998254776
d5d73b42-a71b-45dc-b642-070d70a29ae5,vision_vit,swiglu,5,val_top1,278,0.7317000031471252
d5d73b42-a71b-45dc-b642-070d70a29ae5,vision_vit,swiglu,5,val_top1,296,0.7439000010490417
d5d73b42-a71b-45dc-b642-070d70a29ae5,vision_vit,swiglu,5,val_top1,314,0.7429999709129333
d5d73b42-a71b-45dc-b642-070d70a29ae5,vision_vit,swiglu,5,val_top1,332,0.7433000206947327
d5d73b42-a71b-45dc-b642-070d70a29ae5,vision_vit,swiglu,5,val_top1,350,0.7484999895095825
d5d73b42-a71b-45dc-b642-070d70a29ae5,vision_vit,swiglu,5,val_top1,366,0.751800000667572
d5d73b42-a71b-45dc-b642-070d70a29ae5,vision_vit,swiglu,5,val_top1,384,0.7591000199317932
d5d73b42-a71b-45dc-b642-070d70a29ae5,vision_vit,swiglu,5,val_top1,402,0.7570000290870667
d5d73b42-a71b-45dc-b642-070d70a29ae5,vision_vit,swiglu,5,val_top1,420,0.7562999725341797
d5d73b42-a71b-45dc-b642-070d70a29ae5,vision_vit,swiglu,5,val_top1,438,0.7649999856948853
d5d73b42-a71b-45dc-b642-070d70a29ae5,vision_vit,swiglu,5,val_top1,454,0.7649999856948853
d5d73b42-a71b-45dc-b642-070d70a29ae5,vision_vit,swiglu,5,val_top1,472,0.7652000188827515
d5d73b42-a71b-45dc-b642-070d70a29ae5,vision_vit,swiglu,5,val_top1,490,0.7638999819755554
d5d73b42-a71b-45dc-b642-070d70a29ae5,vision_vit,swiglu,5,val_top1,508,0.7659000158309937
d5d73b42-a71b-45dc-b642-070d70a29ae5,vision_vit,swiglu,5,val_top1,526,0.7652000188827515
d5d73b42-a71b-45dc-b642-070d70a29ae5,vision_vit,swiglu,5,train_loss_epoch,15,2.0009915828704834
d5d73b42-a71b-45dc-b642-070d70a29ae5,vision_vit,swiglu,5,train_loss_epoch,33,1.6068686246871948
d5d73b42-a71b-45dc-b642-070d70a29ae5,vision_vit,swiglu,5,train_loss_epoch,51,1.4109818935394287
d5d73b42-a71b-45dc-b642-070d70a29ae5,vision_vit,swiglu,5,train_loss_epoch,69,1.3018139600753784
d5d73b42-a71b-45dc-b642-070d70a29ae5,vision_vit,swiglu,5,train_loss_epoch,87,1.2067177295684814
d5d73b42-a71b-45dc-b642-070d70a29ae5,vision_vit,swiglu,5,train_loss_epoch,103,1.1351970434188845
d5d73b42-a71b-45dc-b642-070d70a29ae5,vision_vit,swiglu,5,train_loss_epoch,121,1.0733731985092163
d5d73b42-a71b-45dc-b642-070d70a29ae5,vision_vit,swiglu,5,train_loss_epoch,139,1.025763750076294
d5d73b42-a71b-45dc-b642-070d70a29ae5,vision_vit,swiglu,5,train_loss_epoch,157,0.9747894406318665
d5d73b42-a71b-45dc-b642-070d70a29ae5,vision_vit,swiglu,5,train_loss_epoch,175,0.940368354320526
d5d73b42-a71b-45dc-b642-070d70a29ae5,vision_vit,swiglu,5,train_loss_epoch,191,0.898359477519989
d5d73b42-a71b-45dc-b642-070d70a29ae5,vision_vit,swiglu,5,train_loss_epoch,209,0.8688066005706787
d5d73b42-a71b-45dc-b642-070d70a29ae5,vision_vit,swiglu,5,train_loss_epoch,227,0.8365366458892822
d5d73b42-a71b-45dc-b642-070d70a29ae5,vision_vit,swiglu,5,train_loss_epoch,245,0.8032103776931763
d5d73b42-a71b-45dc-b642-070d70a29ae5,vision_vit,swiglu,5,train_loss_epoch,263,0.7733349800109863
d5d73b42-a71b-45dc-b642-070d70a29ae5,vision_vit,swiglu,5,train_loss_epoch,279,0.7482804656028748
d5d73b42-a71b-45dc-b642-070d70a29ae5,vision_vit,swiglu,5,train_loss_epoch,297,0.7246297001838684
d5d73b42-a71b-45dc-b642-070d70a29ae5,vision_vit,swiglu,5,train_loss_epoch,315,0.7075510025024414
d5d73b42-a71b-45dc-b642-070d70a29ae5,vision_vit,swiglu,5,train_loss_epoch,333,0.6770022511482239
d5d73b42-a71b-45dc-b642-070d70a29ae5,vision_vit,swiglu,5,train_loss_epoch,351,0.6531364917755127
d5d73b42-a71b-45dc-b642-070d70a29ae5,vision_vit,swiglu,5,train_loss_epoch,367,0.6351820230484009
d5d73b42-a71b-45dc-b642-070d70a29ae5,vision_vit,swiglu,5,train_loss_epoch,385,0.6168982982635498
d5d73b42-a71b-45dc-b642-070d70a29ae5,vision_vit,swiglu,5,train_loss_epoch,403,0.6097902059555054
d5d73b42-a71b-45dc-b642-070d70a29ae5,vision_vit,swiglu,5,train_loss_epoch,421,0.5966039299964905
d5d73b42-a71b-45dc-b642-070d70a29ae5,vision_vit,swiglu,5,train_loss_epoch,439,0.5803093910217285
d5d73b42-a71b-45dc-b642-070d70a29ae5,vision_vit,swiglu,5,train_loss_epoch,455,0.5690168142318726
d5d73b42-a71b-45dc-b642-070d70a29ae5,vision_vit,swiglu,5,train_loss_epoch,473,0.5637165307998657
d5d73b42-a71b-45dc-b642-070d70a29ae5,vision_vit,swiglu,5,train_loss_epoch,491,0.5615012645721436
d5d73b42-a71b-45dc-b642-070d70a29ae5,vision_vit,swiglu,5,train_loss_epoch,509,0.5536408424377441
d5d73b42-a71b-45dc-b642-070d70a29ae5,vision_vit,swiglu,5,train_loss_epoch,527,0.5537731051445007
b78bb4b3-bf95-4145-95fe-5866c3af5eaf,vision_vit,swiglu,0,val_top1,14,0.3756999969482422
b78bb4b3-bf95-4145-95fe-5866c3af5eaf,vision_vit,swiglu,0,val_top1,32,0.4735000133514404
b78bb4b3-bf95-4145-95fe-5866c3af5eaf,vision_vit,swiglu,0,val_top1,50,0.5275999903678894
b78bb4b3-bf95-4145-95fe-5866c3af5eaf,vision_vit,swiglu,0,val_top1,68,0.5570999979972839
b78bb4b3-bf95-4145-95fe-5866c3af5eaf,vision_vit,swiglu,0,val_top1,86,0.5896999835968018
b78bb4b3-bf95-4145-95fe-5866c3af5eaf,vision_vit,swiglu,0,val_top1,102,0.6004999876022339
b78bb4b3-bf95-4145-95fe-5866c3af5eaf,vision_vit,swiglu,0,val_top1,120,0.6290000081062317
b78bb4b3-bf95-4145-95fe-5866c3af5eaf,vision_vit,swiglu,0,val_top1,138,0.6480000019073486
b78bb4b3-bf95-4145-95fe-5866c3af5eaf,vision_vit,swiglu,0,val_top1,156,0.6693000197410583
b78bb4b3-bf95-4145-95fe-5866c3af5eaf,vision_vit,swiglu,0,val_top1,174,0.6777999997138977
b78bb4b3-bf95-4145-95fe-5866c3af5eaf,vision_vit,swiglu,0,val_top1,190,0.6904000043869019
b78bb4b3-bf95-4145-95fe-5866c3af5eaf,vision_vit,swiglu,0,val_top1,208,0.7006999850273132
b78bb4b3-bf95-4145-95fe-5866c3af5eaf,vision_vit,swiglu,0,val_top1,226,0.6970999836921692
b78bb4b3-bf95-4145-95fe-5866c3af5eaf,vision_vit,swiglu,0,val_top1,244,0.7172999978065491
b78bb4b3-bf95-4145-95fe-5866c3af5eaf,vision_vit,swiglu,0,val_top1,262,0.7207000255584717
b78bb4b3-bf95-4145-95fe-5866c3af5eaf,vision_vit,swiglu,0,val_top1,278,0.7264000177383423
b78bb4b3-bf95-4145-95fe-5866c3af5eaf,vision_vit,swiglu,0,val_top1,296,0.7336999773979187
b78bb4b3-bf95-4145-95fe-5866c3af5eaf,vision_vit,swiglu,0,val_top1,314,0.7421000003814697
b78bb4b3-bf95-4145-95fe-5866c3af5eaf,vision_vit,swiglu,0,val_top1,332,0.7452999949455261
b78bb4b3-bf95-4145-95fe-5866c3af5eaf,vision_vit,swiglu,0,val_top1,350,0.7542999982833862
b78bb4b3-bf95-4145-95fe-5866c3af5eaf,vision_vit,swiglu,0,val_top1,366,0.7544999718666077
b78bb4b3-bf95-4145-95fe-5866c3af5eaf,vision_vit,swiglu,0,val_top1,384,0.7610999941825867
b78bb4b3-bf95-4145-95fe-5866c3af5eaf,vision_vit,swiglu,0,val_top1,402,0.7613000273704529
b78bb4b3-bf95-4145-95fe-5866c3af5eaf,vision_vit,swiglu,0,val_top1,420,0.7635999917984009
b78bb4b3-bf95-4145-95fe-5866c3af5eaf,vision_vit,swiglu,0,val_top1,438,0.7631999850273132
b78bb4b3-bf95-4145-95fe-5866c3af5eaf,vision_vit,swiglu,0,val_top1,454,0.767799973487854
b78bb4b3-bf95-4145-95fe-5866c3af5eaf,vision_vit,swiglu,0,val_top1,472,0.7644000053405762
b78bb4b3-bf95-4145-95fe-5866c3af5eaf,vision_vit,swiglu,0,val_top1,490,0.766700029373169
b78bb4b3-bf95-4145-95fe-5866c3af5eaf,vision_vit,swiglu,0,val_top1,508,0.765999972820282
b78bb4b3-bf95-4145-95fe-5866c3af5eaf,vision_vit,swiglu,0,val_top1,526,0.7660999894142151
b78bb4b3-bf95-4145-95fe-5866c3af5eaf,vision_vit,swiglu,0,train_loss_epoch,15,2.0118532180786133
b78bb4b3-bf95-4145-95fe-5866c3af5eaf,vision_vit,swiglu,0,train_loss_epoch,33,1.61123526096344
b78bb4b3-bf95-4145-95fe-5866c3af5eaf,vision_vit,swiglu,0,train_loss_epoch,51,1.4250229597091677
b78bb4b3-bf95-4145-95fe-5866c3af5eaf,vision_vit,swiglu,0,train_loss_epoch,69,1.3050658702850342
b78bb4b3-bf95-4145-95fe-5866c3af5eaf,vision_vit,swiglu,0,train_loss_epoch,87,1.2267197370529177
b78bb4b3-bf95-4145-95fe-5866c3af5eaf,vision_vit,swiglu,0,train_loss_epoch,103,1.1449750661849976
b78bb4b3-bf95-4145-95fe-5866c3af5eaf,vision_vit,swiglu,0,train_loss_epoch,121,1.0874215364456177
b78bb4b3-bf95-4145-95fe-5866c3af5eaf,vision_vit,swiglu,0,train_loss_epoch,139,1.0360157489776611
b78bb4b3-bf95-4145-95fe-5866c3af5eaf,vision_vit,swiglu,0,train_loss_epoch,157,0.9891719818115234
b78bb4b3-bf95-4145-95fe-5866c3af5eaf,vision_vit,swiglu,0,train_loss_epoch,175,0.9461843371391296
b78bb4b3-bf95-4145-95fe-5866c3af5eaf,vision_vit,swiglu,0,train_loss_epoch,191,0.9128758907318116
b78bb4b3-bf95-4145-95fe-5866c3af5eaf,vision_vit,swiglu,0,train_loss_epoch,209,0.8769968748092651
b78bb4b3-bf95-4145-95fe-5866c3af5eaf,vision_vit,swiglu,0,train_loss_epoch,227,0.853935182094574
b78bb4b3-bf95-4145-95fe-5866c3af5eaf,vision_vit,swiglu,0,train_loss_epoch,245,0.8190805315971375
b78bb4b3-bf95-4145-95fe-5866c3af5eaf,vision_vit,swiglu,0,train_loss_epoch,263,0.7860364317893982
b78bb4b3-bf95-4145-95fe-5866c3af5eaf,vision_vit,swiglu,0,train_loss_epoch,279,0.7595070004463196
b78bb4b3-bf95-4145-95fe-5866c3af5eaf,vision_vit,swiglu,0,train_loss_epoch,297,0.7378742694854736
b78bb4b3-bf95-4145-95fe-5866c3af5eaf,vision_vit,swiglu,0,train_loss_epoch,315,0.7139676809310913
b78bb4b3-bf95-4145-95fe-5866c3af5eaf,vision_vit,swiglu,0,train_loss_epoch,333,0.6930764317512512
b78bb4b3-bf95-4145-95fe-5866c3af5eaf,vision_vit,swiglu,0,train_loss_epoch,351,0.6679070591926575
b78bb4b3-bf95-4145-95fe-5866c3af5eaf,vision_vit,swiglu,0,train_loss_epoch,367,0.644891083240509
b78bb4b3-bf95-4145-95fe-5866c3af5eaf,vision_vit,swiglu,0,train_loss_epoch,385,0.6315521001815796
b78bb4b3-bf95-4145-95fe-5866c3af5eaf,vision_vit,swiglu,0,train_loss_epoch,403,0.618638277053833
b78bb4b3-bf95-4145-95fe-5866c3af5eaf,vision_vit,swiglu,0,train_loss_epoch,421,0.6073967814445496
b78bb4b3-bf95-4145-95fe-5866c3af5eaf,vision_vit,swiglu,0,train_loss_epoch,439,0.5932579040527344
b78bb4b3-bf95-4145-95fe-5866c3af5eaf,vision_vit,swiglu,0,train_loss_epoch,455,0.5815858244895935
b78bb4b3-bf95-4145-95fe-5866c3af5eaf,vision_vit,swiglu,0,train_loss_epoch,473,0.5768673419952393
b78bb4b3-bf95-4145-95fe-5866c3af5eaf,vision_vit,swiglu,0,train_loss_epoch,491,0.5706708431243896
b78bb4b3-bf95-4145-95fe-5866c3af5eaf,vision_vit,swiglu,0,train_loss_epoch,509,0.5674747824668884
b78bb4b3-bf95-4145-95fe-5866c3af5eaf,vision_vit,swiglu,0,train_loss_epoch,527,0.5653443336486816
6966d8be-e5ec-4e6a-a6de-6f14b1f1ae77,vision_vit,leaky,6,val_top1,14,0.3524999916553497
6966d8be-e5ec-4e6a-a6de-6f14b1f1ae77,vision_vit,leaky,6,val_top1,32,0.4472000002861023
6966d8be-e5ec-4e6a-a6de-6f14b1f1ae77,vision_vit,leaky,6,val_top1,50,0.5055000185966492
6966d8be-e5ec-4e6a-a6de-6f14b1f1ae77,vision_vit,leaky,6,val_top1,68,0.5329999923706055
6966d8be-e5ec-4e6a-a6de-6f14b1f1ae77,vision_vit,leaky,6,val_top1,86,0.5609999895095825
6966d8be-e5ec-4e6a-a6de-6f14b1f1ae77,vision_vit,leaky,6,val_top1,102,0.590399980545044
6966d8be-e5ec-4e6a-a6de-6f14b1f1ae77,vision_vit,leaky,6,val_top1,120,0.6039999723434448
6966d8be-e5ec-4e6a-a6de-6f14b1f1ae77,vision_vit,leaky,6,val_top1,138,0.6212000250816345
6966d8be-e5ec-4e6a-a6de-6f14b1f1ae77,vision_vit,leaky,6,val_top1,156,0.6284999847412109
6966d8be-e5ec-4e6a-a6de-6f14b1f1ae77,vision_vit,leaky,6,val_top1,174,0.641700029373169
6966d8be-e5ec-4e6a-a6de-6f14b1f1ae77,vision_vit,leaky,6,val_top1,190,0.6499000191688538
6966d8be-e5ec-4e6a-a6de-6f14b1f1ae77,vision_vit,leaky,6,val_top1,208,0.6499000191688538
6966d8be-e5ec-4e6a-a6de-6f14b1f1ae77,vision_vit,leaky,6,val_top1,226,0.670799970626831
6966d8be-e5ec-4e6a-a6de-6f14b1f1ae77,vision_vit,leaky,6,val_top1,244,0.677299976348877
6966d8be-e5ec-4e6a-a6de-6f14b1f1ae77,vision_vit,leaky,6,val_top1,262,0.6934999823570251
6966d8be-e5ec-4e6a-a6de-6f14b1f1ae77,vision_vit,leaky,6,val_top1,278,0.6883000135421753
6966d8be-e5ec-4e6a-a6de-6f14b1f1ae77,vision_vit,leaky,6,val_top1,296,0.7053999900817871
6966d8be-e5ec-4e6a-a6de-6f14b1f1ae77,vision_vit,leaky,6,val_top1,314,0.7121999859809875
6966d8be-e5ec-4e6a-a6de-6f14b1f1ae77,vision_vit,leaky,6,val_top1,332,0.7186999917030334
6966d8be-e5ec-4e6a-a6de-6f14b1f1ae77,vision_vit,leaky,6,val_top1,350,0.7231000065803528
6966d8be-e5ec-4e6a-a6de-6f14b1f1ae77,vision_vit,leaky,6,val_top1,366,0.7226999998092651
6966d8be-e5ec-4e6a-a6de-6f14b1f1ae77,vision_vit,leaky,6,val_top1,384,0.732699990272522
6966d8be-e5ec-4e6a-a6de-6f14b1f1ae77,vision_vit,leaky,6,val_top1,402,0.736299991607666
6966d8be-e5ec-4e6a-a6de-6f14b1f1ae77,vision_vit,leaky,6,val_top1,420,0.736299991607666
6966d8be-e5ec-4e6a-a6de-6f14b1f1ae77,vision_vit,leaky,6,val_top1,438,0.737500011920929
6966d8be-e5ec-4e6a-a6de-6f14b1f1ae77,vision_vit,leaky,6,val_top1,454,0.7419999837875366
6966d8be-e5ec-4e6a-a6de-6f14b1f1ae77,vision_vit,leaky,6,val_top1,472,0.7409999966621399
6966d8be-e5ec-4e6a-a6de-6f14b1f1ae77,vision_vit,leaky,6,val_top1,490,0.7411999702453613
6966d8be-e5ec-4e6a-a6de-6f14b1f1ae77,vision_vit,leaky,6,val_top1,508,0.7394999861717224
6966d8be-e5ec-4e6a-a6de-6f14b1f1ae77,vision_vit,leaky,6,val_top1,526,0.7402999997138977
6966d8be-e5ec-4e6a-a6de-6f14b1f1ae77,vision_vit,leaky,6,train_loss_epoch,15,2.0134518146514893
6966d8be-e5ec-4e6a-a6de-6f14b1f1ae77,vision_vit,leaky,6,train_loss_epoch,33,1.6711695194244385
6966d8be-e5ec-4e6a-a6de-6f14b1f1ae77,vision_vit,leaky,6,train_loss_epoch,51,1.4849494695663452
6966d8be-e5ec-4e6a-a6de-6f14b1f1ae77,vision_vit,leaky,6,train_loss_epoch,69,1.373213529586792
6966d8be-e5ec-4e6a-a6de-6f14b1f1ae77,vision_vit,leaky,6,train_loss_epoch,87,1.303251028060913
6966d8be-e5ec-4e6a-a6de-6f14b1f1ae77,vision_vit,leaky,6,train_loss_epoch,103,1.239779710769653
6966d8be-e5ec-4e6a-a6de-6f14b1f1ae77,vision_vit,leaky,6,train_loss_epoch,121,1.1925572156906128
6966d8be-e5ec-4e6a-a6de-6f14b1f1ae77,vision_vit,leaky,6,train_loss_epoch,139,1.1500242948532104
6966d8be-e5ec-4e6a-a6de-6f14b1f1ae77,vision_vit,leaky,6,train_loss_epoch,157,1.1132616996765137
6966d8be-e5ec-4e6a-a6de-6f14b1f1ae77,vision_vit,leaky,6,train_loss_epoch,175,1.0696061849594116
6966d8be-e5ec-4e6a-a6de-6f14b1f1ae77,vision_vit,leaky,6,train_loss_epoch,191,1.0405102968215942
6966d8be-e5ec-4e6a-a6de-6f14b1f1ae77,vision_vit,leaky,6,train_loss_epoch,209,1.0115532875061035
6966d8be-e5ec-4e6a-a6de-6f14b1f1ae77,vision_vit,leaky,6,train_loss_epoch,227,0.9903822541236876
6966d8be-e5ec-4e6a-a6de-6f14b1f1ae77,vision_vit,leaky,6,train_loss_epoch,245,0.9559285640716552
6966d8be-e5ec-4e6a-a6de-6f14b1f1ae77,vision_vit,leaky,6,train_loss_epoch,263,0.9365798830986024
6966d8be-e5ec-4e6a-a6de-6f14b1f1ae77,vision_vit,leaky,6,train_loss_epoch,279,0.905007541179657
6966d8be-e5ec-4e6a-a6de-6f14b1f1ae77,vision_vit,leaky,6,train_loss_epoch,297,0.8859360814094543
6966d8be-e5ec-4e6a-a6de-6f14b1f1ae77,vision_vit,leaky,6,train_loss_epoch,315,0.8634617924690247
6966d8be-e5ec-4e6a-a6de-6f14b1f1ae77,vision_vit,leaky,6,train_loss_epoch,333,0.8387225270271301
6966d8be-e5ec-4e6a-a6de-6f14b1f1ae77,vision_vit,leaky,6,train_loss_epoch,351,0.8193356394767761
6966d8be-e5ec-4e6a-a6de-6f14b1f1ae77,vision_vit,leaky,6,train_loss_epoch,367,0.8043972849845886
6966d8be-e5ec-4e6a-a6de-6f14b1f1ae77,vision_vit,leaky,6,train_loss_epoch,385,0.7910292148590088
6966d8be-e5ec-4e6a-a6de-6f14b1f1ae77,vision_vit,leaky,6,train_loss_epoch,403,0.771623432636261
6966d8be-e5ec-4e6a-a6de-6f14b1f1ae77,vision_vit,leaky,6,train_loss_epoch,421,0.757924497127533
6966d8be-e5ec-4e6a-a6de-6f14b1f1ae77,vision_vit,leaky,6,train_loss_epoch,439,0.7491351962089539
6966d8be-e5ec-4e6a-a6de-6f14b1f1ae77,vision_vit,leaky,6,train_loss_epoch,455,0.7414072751998901
6966d8be-e5ec-4e6a-a6de-6f14b1f1ae77,vision_vit,leaky,6,train_loss_epoch,473,0.7309011816978455
6966d8be-e5ec-4e6a-a6de-6f14b1f1ae77,vision_vit,leaky,6,train_loss_epoch,491,0.7320041656494141
6966d8be-e5ec-4e6a-a6de-6f14b1f1ae77,vision_vit,leaky,6,train_loss_epoch,509,0.7247669696807861
6966d8be-e5ec-4e6a-a6de-6f14b1f1ae77,vision_vit,leaky,6,train_loss_epoch,527,0.7231995463371277
3b3656a1-e113-4dec-9b24-d7f3fcd8dae3,vision_vit,leaky,5,val_top1,14,0.3637999892234802
3b3656a1-e113-4dec-9b24-d7f3fcd8dae3,vision_vit,leaky,5,val_top1,32,0.4467000067234039
3b3656a1-e113-4dec-9b24-d7f3fcd8dae3,vision_vit,leaky,5,val_top1,50,0.4925000071525574
3b3656a1-e113-4dec-9b24-d7f3fcd8dae3,vision_vit,leaky,5,val_top1,68,0.5299000144004822
3b3656a1-e113-4dec-9b24-d7f3fcd8dae3,vision_vit,leaky,5,val_top1,86,0.5565000176429749
3b3656a1-e113-4dec-9b24-d7f3fcd8dae3,vision_vit,leaky,5,val_top1,102,0.5450000166893005
3b3656a1-e113-4dec-9b24-d7f3fcd8dae3,vision_vit,leaky,5,val_top1,120,0.5974000096321106
3b3656a1-e113-4dec-9b24-d7f3fcd8dae3,vision_vit,leaky,5,val_top1,138,0.5882999897003174
3b3656a1-e113-4dec-9b24-d7f3fcd8dae3,vision_vit,leaky,5,val_top1,156,0.6158000230789185
3b3656a1-e113-4dec-9b24-d7f3fcd8dae3,vision_vit,leaky,5,val_top1,174,0.6258000135421753
3b3656a1-e113-4dec-9b24-d7f3fcd8dae3,vision_vit,leaky,5,val_top1,190,0.6342999935150146
3b3656a1-e113-4dec-9b24-d7f3fcd8dae3,vision_vit,leaky,5,val_top1,208,0.6502000093460083
3b3656a1-e113-4dec-9b24-d7f3fcd8dae3,vision_vit,leaky,5,val_top1,226,0.6452999711036682
3b3656a1-e113-4dec-9b24-d7f3fcd8dae3,vision_vit,leaky,5,val_top1,244,0.6614000201225281
3b3656a1-e113-4dec-9b24-d7f3fcd8dae3,vision_vit,leaky,5,val_top1,262,0.6672000288963318
3b3656a1-e113-4dec-9b24-d7f3fcd8dae3,vision_vit,leaky,5,val_top1,278,0.6656000018119812
3b3656a1-e113-4dec-9b24-d7f3fcd8dae3,vision_vit,leaky,5,val_top1,296,0.6884999871253967
3b3656a1-e113-4dec-9b24-d7f3fcd8dae3,vision_vit,leaky,5,val_top1,314,0.6850000023841858
3b3656a1-e113-4dec-9b24-d7f3fcd8dae3,vision_vit,leaky,5,val_top1,332,0.703499972820282
3b3656a1-e113-4dec-9b24-d7f3fcd8dae3,vision_vit,leaky,5,val_top1,350,0.703000009059906
3b3656a1-e113-4dec-9b24-d7f3fcd8dae3,vision_vit,leaky,5,val_top1,366,0.7146000266075134
3b3656a1-e113-4dec-9b24-d7f3fcd8dae3,vision_vit,leaky,5,val_top1,384,0.7164000272750854
3b3656a1-e113-4dec-9b24-d7f3fcd8dae3,vision_vit,leaky,5,val_top1,402,0.7139999866485596
3b3656a1-e113-4dec-9b24-d7f3fcd8dae3,vision_vit,leaky,5,val_top1,420,0.7213000059127808
3b3656a1-e113-4dec-9b24-d7f3fcd8dae3,vision_vit,leaky,5,val_top1,438,0.7197999954223633
3b3656a1-e113-4dec-9b24-d7f3fcd8dae3,vision_vit,leaky,5,val_top1,454,0.7236999869346619
3b3656a1-e113-4dec-9b24-d7f3fcd8dae3,vision_vit,leaky,5,val_top1,472,0.7261999845504761
3b3656a1-e113-4dec-9b24-d7f3fcd8dae3,vision_vit,leaky,5,val_top1,490,0.7246999740600586
3b3656a1-e113-4dec-9b24-d7f3fcd8dae3,vision_vit,leaky,5,val_top1,508,0.7257999777793884
3b3656a1-e113-4dec-9b24-d7f3fcd8dae3,vision_vit,leaky,5,val_top1,526,0.725600004196167
3b3656a1-e113-4dec-9b24-d7f3fcd8dae3,vision_vit,leaky,5,train_loss_epoch,15,2.029902219772339
3b3656a1-e113-4dec-9b24-d7f3fcd8dae3,vision_vit,leaky,5,train_loss_epoch,33,1.6888991594314575
3b3656a1-e113-4dec-9b24-d7f3fcd8dae3,vision_vit,leaky,5,train_loss_epoch,51,1.4979112148284912
3b3656a1-e113-4dec-9b24-d7f3fcd8dae3,vision_vit,leaky,5,train_loss_epoch,69,1.39030921459198
3b3656a1-e113-4dec-9b24-d7f3fcd8dae3,vision_vit,leaky,5,train_loss_epoch,87,1.3246616125106812
3b3656a1-e113-4dec-9b24-d7f3fcd8dae3,vision_vit,leaky,5,train_loss_epoch,103,1.265425682067871
3b3656a1-e113-4dec-9b24-d7f3fcd8dae3,vision_vit,leaky,5,train_loss_epoch,121,1.2217050790786743
3b3656a1-e113-4dec-9b24-d7f3fcd8dae3,vision_vit,leaky,5,train_loss_epoch,139,1.179919958114624
3b3656a1-e113-4dec-9b24-d7f3fcd8dae3,vision_vit,leaky,5,train_loss_epoch,157,1.141592502593994
3b3656a1-e113-4dec-9b24-d7f3fcd8dae3,vision_vit,leaky,5,train_loss_epoch,175,1.1119734048843384
3b3656a1-e113-4dec-9b24-d7f3fcd8dae3,vision_vit,leaky,5,train_loss_epoch,191,1.0808095932006836
3b3656a1-e113-4dec-9b24-d7f3fcd8dae3,vision_vit,leaky,5,train_loss_epoch,209,1.0495847463607788
3b3656a1-e113-4dec-9b24-d7f3fcd8dae3,vision_vit,leaky,5,train_loss_epoch,227,1.0258193016052246
3b3656a1-e113-4dec-9b24-d7f3fcd8dae3,vision_vit,leaky,5,train_loss_epoch,245,0.9972103238105774
3b3656a1-e113-4dec-9b24-d7f3fcd8dae3,vision_vit,leaky,5,train_loss_epoch,263,0.9748062491416932
3b3656a1-e113-4dec-9b24-d7f3fcd8dae3,vision_vit,leaky,5,train_loss_epoch,279,0.9464907050132751
3b3656a1-e113-4dec-9b24-d7f3fcd8dae3,vision_vit,leaky,5,train_loss_epoch,297,0.9239805340766908
3b3656a1-e113-4dec-9b24-d7f3fcd8dae3,vision_vit,leaky,5,train_loss_epoch,315,0.8983580470085144
3b3656a1-e113-4dec-9b24-d7f3fcd8dae3,vision_vit,leaky,5,train_loss_epoch,333,0.8767199516296387
3b3656a1-e113-4dec-9b24-d7f3fcd8dae3,vision_vit,leaky,5,train_loss_epoch,351,0.8567197322845459
3b3656a1-e113-4dec-9b24-d7f3fcd8dae3,vision_vit,leaky,5,train_loss_epoch,367,0.8396800756454468
3b3656a1-e113-4dec-9b24-d7f3fcd8dae3,vision_vit,leaky,5,train_loss_epoch,385,0.8271204829216003
3b3656a1-e113-4dec-9b24-d7f3fcd8dae3,vision_vit,leaky,5,train_loss_epoch,403,0.8086374402046204
3b3656a1-e113-4dec-9b24-d7f3fcd8dae3,vision_vit,leaky,5,train_loss_epoch,421,0.79449063539505
3b3656a1-e113-4dec-9b24-d7f3fcd8dae3,vision_vit,leaky,5,train_loss_epoch,439,0.7857198715209961
3b3656a1-e113-4dec-9b24-d7f3fcd8dae3,vision_vit,leaky,5,train_loss_epoch,455,0.7806020975112915
3b3656a1-e113-4dec-9b24-d7f3fcd8dae3,vision_vit,leaky,5,train_loss_epoch,473,0.7652567625045776
3b3656a1-e113-4dec-9b24-d7f3fcd8dae3,vision_vit,leaky,5,train_loss_epoch,491,0.7717686295509338
3b3656a1-e113-4dec-9b24-d7f3fcd8dae3,vision_vit,leaky,5,train_loss_epoch,509,0.760659396648407
3b3656a1-e113-4dec-9b24-d7f3fcd8dae3,vision_vit,leaky,5,train_loss_epoch,527,0.7628394365310669
17efbb48-1894-4e29-adca-5ba8dcfe70d4,vision_vit,leaky,4,val_top1,14,0.3379999995231628
17efbb48-1894-4e29-adca-5ba8dcfe70d4,vision_vit,leaky,4,val_top1,32,0.4510999917984009
17efbb48-1894-4e29-adca-5ba8dcfe70d4,vision_vit,leaky,4,val_top1,50,0.4979999959468841
17efbb48-1894-4e29-adca-5ba8dcfe70d4,vision_vit,leaky,4,val_top1,68,0.5386000275611877
17efbb48-1894-4e29-adca-5ba8dcfe70d4,vision_vit,leaky,4,val_top1,86,0.5662000179290771
17efbb48-1894-4e29-adca-5ba8dcfe70d4,vision_vit,leaky,4,val_top1,102,0.5730000138282776
17efbb48-1894-4e29-adca-5ba8dcfe70d4,vision_vit,leaky,4,val_top1,120,0.6047000288963318
17efbb48-1894-4e29-adca-5ba8dcfe70d4,vision_vit,leaky,4,val_top1,138,0.6215999722480774
17efbb48-1894-4e29-adca-5ba8dcfe70d4,vision_vit,leaky,4,val_top1,156,0.6302000284194946
17efbb48-1894-4e29-adca-5ba8dcfe70d4,vision_vit,leaky,4,val_top1,174,0.6452999711036682
17efbb48-1894-4e29-adca-5ba8dcfe70d4,vision_vit,leaky,4,val_top1,190,0.6431000232696533
17efbb48-1894-4e29-adca-5ba8dcfe70d4,vision_vit,leaky,4,val_top1,208,0.6583999991416931
17efbb48-1894-4e29-adca-5ba8dcfe70d4,vision_vit,leaky,4,val_top1,226,0.6593999862670898
17efbb48-1894-4e29-adca-5ba8dcfe70d4,vision_vit,leaky,4,val_top1,244,0.6840999722480774
17efbb48-1894-4e29-adca-5ba8dcfe70d4,vision_vit,leaky,4,val_top1,262,0.691100001335144
17efbb48-1894-4e29-adca-5ba8dcfe70d4,vision_vit,leaky,4,val_top1,278,0.6909999847412109
17efbb48-1894-4e29-adca-5ba8dcfe70d4,vision_vit,leaky,4,val_top1,296,0.7060999870300293
17efbb48-1894-4e29-adca-5ba8dcfe70d4,vision_vit,leaky,4,val_top1,314,0.7027000188827515
17efbb48-1894-4e29-adca-5ba8dcfe70d4,vision_vit,leaky,4,val_top1,332,0.7129999995231628
17efbb48-1894-4e29-adca-5ba8dcfe70d4,vision_vit,leaky,4,val_top1,350,0.7174000144004822
17efbb48-1894-4e29-adca-5ba8dcfe70d4,vision_vit,leaky,4,val_top1,366,0.7258999943733215
17efbb48-1894-4e29-adca-5ba8dcfe70d4,vision_vit,leaky,4,val_top1,384,0.7300000190734863
17efbb48-1894-4e29-adca-5ba8dcfe70d4,vision_vit,leaky,4,val_top1,402,0.7257000207901001
17efbb48-1894-4e29-adca-5ba8dcfe70d4,vision_vit,leaky,4,val_top1,420,0.7324000000953674
17efbb48-1894-4e29-adca-5ba8dcfe70d4,vision_vit,leaky,4,val_top1,438,0.7301999926567078
17efbb48-1894-4e29-adca-5ba8dcfe70d4,vision_vit,leaky,4,val_top1,454,0.7329000234603882
17efbb48-1894-4e29-adca-5ba8dcfe70d4,vision_vit,leaky,4,val_top1,472,0.7414000034332275
17efbb48-1894-4e29-adca-5ba8dcfe70d4,vision_vit,leaky,4,val_top1,490,0.7415000200271606
17efbb48-1894-4e29-adca-5ba8dcfe70d4,vision_vit,leaky,4,val_top1,508,0.7394999861717224
17efbb48-1894-4e29-adca-5ba8dcfe70d4,vision_vit,leaky,4,val_top1,526,0.7397000193595886
17efbb48-1894-4e29-adca-5ba8dcfe70d4,vision_vit,leaky,4,train_loss_epoch,15,2.029585599899292
17efbb48-1894-4e29-adca-5ba8dcfe70d4,vision_vit,leaky,4,train_loss_epoch,33,1.6888737678527832
17efbb48-1894-4e29-adca-5ba8dcfe70d4,vision_vit,leaky,4,train_loss_epoch,51,1.4905564785003662
17efbb48-1894-4e29-adca-5ba8dcfe70d4,vision_vit,leaky,4,train_loss_epoch,69,1.3677326440811155
17efbb48-1894-4e29-adca-5ba8dcfe70d4,vision_vit,leaky,4,train_loss_epoch,87,1.293645262718201
17efbb48-1894-4e29-adca-5ba8dcfe70d4,vision_vit,leaky,4,train_loss_epoch,103,1.236180543899536
17efbb48-1894-4e29-adca-5ba8dcfe70d4,vision_vit,leaky,4,train_loss_epoch,121,1.1946169137954712
17efbb48-1894-4e29-adca-5ba8dcfe70d4,vision_vit,leaky,4,train_loss_epoch,139,1.1437357664108276
17efbb48-1894-4e29-adca-5ba8dcfe70d4,vision_vit,leaky,4,train_loss_epoch,157,1.110155463218689
17efbb48-1894-4e29-adca-5ba8dcfe70d4,vision_vit,leaky,4,train_loss_epoch,175,1.0724409818649292
17efbb48-1894-4e29-adca-5ba8dcfe70d4,vision_vit,leaky,4,train_loss_epoch,191,1.045372724533081
17efbb48-1894-4e29-adca-5ba8dcfe70d4,vision_vit,leaky,4,train_loss_epoch,209,1.013420581817627
17efbb48-1894-4e29-adca-5ba8dcfe70d4,vision_vit,leaky,4,train_loss_epoch,227,0.987051486968994
17efbb48-1894-4e29-adca-5ba8dcfe70d4,vision_vit,leaky,4,train_loss_epoch,245,0.960560977458954
17efbb48-1894-4e29-adca-5ba8dcfe70d4,vision_vit,leaky,4,train_loss_epoch,263,0.9276660680770874
17efbb48-1894-4e29-adca-5ba8dcfe70d4,vision_vit,leaky,4,train_loss_epoch,279,0.908000946044922
17efbb48-1894-4e29-adca-5ba8dcfe70d4,vision_vit,leaky,4,train_loss_epoch,297,0.8808324337005615
17efbb48-1894-4e29-adca-5ba8dcfe70d4,vision_vit,leaky,4,train_loss_epoch,315,0.8573558926582336
17efbb48-1894-4e29-adca-5ba8dcfe70d4,vision_vit,leaky,4,train_loss_epoch,333,0.8367270231246948
17efbb48-1894-4e29-adca-5ba8dcfe70d4,vision_vit,leaky,4,train_loss_epoch,351,0.8173897862434387
17efbb48-1894-4e29-adca-5ba8dcfe70d4,vision_vit,leaky,4,train_loss_epoch,367,0.7991811633110046
17efbb48-1894-4e29-adca-5ba8dcfe70d4,vision_vit,leaky,4,train_loss_epoch,385,0.7833889722824097
17efbb48-1894-4e29-adca-5ba8dcfe70d4,vision_vit,leaky,4,train_loss_epoch,403,0.7676159739494324
17efbb48-1894-4e29-adca-5ba8dcfe70d4,vision_vit,leaky,4,train_loss_epoch,421,0.7596279978752136
17efbb48-1894-4e29-adca-5ba8dcfe70d4,vision_vit,leaky,4,train_loss_epoch,439,0.744856059551239
17efbb48-1894-4e29-adca-5ba8dcfe70d4,vision_vit,leaky,4,train_loss_epoch,455,0.7424308657646179
17efbb48-1894-4e29-adca-5ba8dcfe70d4,vision_vit,leaky,4,train_loss_epoch,473,0.7306292653083801
17efbb48-1894-4e29-adca-5ba8dcfe70d4,vision_vit,leaky,4,train_loss_epoch,491,0.7262753844261169
17efbb48-1894-4e29-adca-5ba8dcfe70d4,vision_vit,leaky,4,train_loss_epoch,509,0.7248184680938721
17efbb48-1894-4e29-adca-5ba8dcfe70d4,vision_vit,leaky,4,train_loss_epoch,527,0.7178460359573364
ccb8410d-d1fc-4102-9ce8-482408d21ef2,vision_vit,leaky,2,val_top1,14,0.3503000140190124
ccb8410d-d1fc-4102-9ce8-482408d21ef2,vision_vit,leaky,2,val_top1,32,0.4625000059604645
ccb8410d-d1fc-4102-9ce8-482408d21ef2,vision_vit,leaky,2,val_top1,50,0.5049999952316284
ccb8410d-d1fc-4102-9ce8-482408d21ef2,vision_vit,leaky,2,val_top1,68,0.5350000262260437
ccb8410d-d1fc-4102-9ce8-482408d21ef2,vision_vit,leaky,2,val_top1,86,0.557699978351593
ccb8410d-d1fc-4102-9ce8-482408d21ef2,vision_vit,leaky,2,val_top1,102,0.5767999887466431
ccb8410d-d1fc-4102-9ce8-482408d21ef2,vision_vit,leaky,2,val_top1,120,0.5898000001907349
ccb8410d-d1fc-4102-9ce8-482408d21ef2,vision_vit,leaky,2,val_top1,138,0.6158999800682068
ccb8410d-d1fc-4102-9ce8-482408d21ef2,vision_vit,leaky,2,val_top1,156,0.6227999925613403
ccb8410d-d1fc-4102-9ce8-482408d21ef2,vision_vit,leaky,2,val_top1,174,0.6383000016212463
ccb8410d-d1fc-4102-9ce8-482408d21ef2,vision_vit,leaky,2,val_top1,190,0.64410001039505
ccb8410d-d1fc-4102-9ce8-482408d21ef2,vision_vit,leaky,2,val_top1,208,0.6474000215530396
ccb8410d-d1fc-4102-9ce8-482408d21ef2,vision_vit,leaky,2,val_top1,226,0.663100004196167
ccb8410d-d1fc-4102-9ce8-482408d21ef2,vision_vit,leaky,2,val_top1,244,0.6656000018119812
ccb8410d-d1fc-4102-9ce8-482408d21ef2,vision_vit,leaky,2,val_top1,262,0.666100025177002
ccb8410d-d1fc-4102-9ce8-482408d21ef2,vision_vit,leaky,2,val_top1,278,0.6796000003814697
ccb8410d-d1fc-4102-9ce8-482408d21ef2,vision_vit,leaky,2,val_top1,296,0.6919000148773193
ccb8410d-d1fc-4102-9ce8-482408d21ef2,vision_vit,leaky,2,val_top1,314,0.6887000203132629
ccb8410d-d1fc-4102-9ce8-482408d21ef2,vision_vit,leaky,2,val_top1,332,0.6963000297546387
ccb8410d-d1fc-4102-9ce8-482408d21ef2,vision_vit,leaky,2,val_top1,350,0.7064999938011169
ccb8410d-d1fc-4102-9ce8-482408d21ef2,vision_vit,leaky,2,val_top1,366,0.7014999985694885
ccb8410d-d1fc-4102-9ce8-482408d21ef2,vision_vit,leaky,2,val_top1,384,0.715499997138977
ccb8410d-d1fc-4102-9ce8-482408d21ef2,vision_vit,leaky,2,val_top1,402,0.7172999978065491
ccb8410d-d1fc-4102-9ce8-482408d21ef2,vision_vit,leaky,2,val_top1,420,0.7224000096321106
ccb8410d-d1fc-4102-9ce8-482408d21ef2,vision_vit,leaky,2,val_top1,438,0.7278000116348267
ccb8410d-d1fc-4102-9ce8-482408d21ef2,vision_vit,leaky,2,val_top1,454,0.7279999852180481
ccb8410d-d1fc-4102-9ce8-482408d21ef2,vision_vit,leaky,2,val_top1,472,0.7265999913215637
ccb8410d-d1fc-4102-9ce8-482408d21ef2,vision_vit,leaky,2,val_top1,490,0.7279999852180481
ccb8410d-d1fc-4102-9ce8-482408d21ef2,vision_vit,leaky,2,val_top1,508,0.7285000085830688
ccb8410d-d1fc-4102-9ce8-482408d21ef2,vision_vit,leaky,2,val_top1,526,0.728600025177002
ccb8410d-d1fc-4102-9ce8-482408d21ef2,vision_vit,leaky,2,train_loss_epoch,15,2.025022268295288
ccb8410d-d1fc-4102-9ce8-482408d21ef2,vision_vit,leaky,2,train_loss_epoch,33,1.665943264961243
ccb8410d-d1fc-4102-9ce8-482408d21ef2,vision_vit,leaky,2,train_loss_epoch,51,1.4835121631622314
ccb8410d-d1fc-4102-9ce8-482408d21ef2,vision_vit,leaky,2,train_loss_epoch,69,1.3831000328063965
ccb8410d-d1fc-4102-9ce8-482408d21ef2,vision_vit,leaky,2,train_loss_epoch,87,1.310500979423523
ccb8410d-d1fc-4102-9ce8-482408d21ef2,vision_vit,leaky,2,train_loss_epoch,103,1.2542506456375122
ccb8410d-d1fc-4102-9ce8-482408d21ef2,vision_vit,leaky,2,train_loss_epoch,121,1.2108373641967771
ccb8410d-d1fc-4102-9ce8-482408d21ef2,vision_vit,leaky,2,train_loss_epoch,139,1.1746126413345337
ccb8410d-d1fc-4102-9ce8-482408d21ef2,vision_vit,leaky,2,train_loss_epoch,157,1.1344623565673828
ccb8410d-d1fc-4102-9ce8-482408d21ef2,vision_vit,leaky,2,train_loss_epoch,175,1.0997443199157717
ccb8410d-d1fc-4102-9ce8-482408d21ef2,vision_vit,leaky,2,train_loss_epoch,191,1.0717312097549438
ccb8410d-d1fc-4102-9ce8-482408d21ef2,vision_vit,leaky,2,train_loss_epoch,209,1.0400270223617554
ccb8410d-d1fc-4102-9ce8-482408d21ef2,vision_vit,leaky,2,train_loss_epoch,227,1.0169748067855835
ccb8410d-d1fc-4102-9ce8-482408d21ef2,vision_vit,leaky,2,train_loss_epoch,245,0.9884820580482484
ccb8410d-d1fc-4102-9ce8-482408d21ef2,vision_vit,leaky,2,train_loss_epoch,263,0.9661321640014648
ccb8410d-d1fc-4102-9ce8-482408d21ef2,vision_vit,leaky,2,train_loss_epoch,279,0.9369364380836488
ccb8410d-d1fc-4102-9ce8-482408d21ef2,vision_vit,leaky,2,train_loss_epoch,297,0.9187663793563844
ccb8410d-d1fc-4102-9ce8-482408d21ef2,vision_vit,leaky,2,train_loss_epoch,315,0.887378454208374
ccb8410d-d1fc-4102-9ce8-482408d21ef2,vision_vit,leaky,2,train_loss_epoch,333,0.8733930587768555
ccb8410d-d1fc-4102-9ce8-482408d21ef2,vision_vit,leaky,2,train_loss_epoch,351,0.8549207448959351
ccb8410d-d1fc-4102-9ce8-482408d21ef2,vision_vit,leaky,2,train_loss_epoch,367,0.8366554975509644
ccb8410d-d1fc-4102-9ce8-482408d21ef2,vision_vit,leaky,2,train_loss_epoch,385,0.8163397312164307
ccb8410d-d1fc-4102-9ce8-482408d21ef2,vision_vit,leaky,2,train_loss_epoch,403,0.8065638542175293
ccb8410d-d1fc-4102-9ce8-482408d21ef2,vision_vit,leaky,2,train_loss_epoch,421,0.7976580262184143
ccb8410d-d1fc-4102-9ce8-482408d21ef2,vision_vit,leaky,2,train_loss_epoch,439,0.778779149055481
ccb8410d-d1fc-4102-9ce8-482408d21ef2,vision_vit,leaky,2,train_loss_epoch,455,0.7739205360412598
ccb8410d-d1fc-4102-9ce8-482408d21ef2,vision_vit,leaky,2,train_loss_epoch,473,0.7676008939743042
ccb8410d-d1fc-4102-9ce8-482408d21ef2,vision_vit,leaky,2,train_loss_epoch,491,0.7584583759307861
ccb8410d-d1fc-4102-9ce8-482408d21ef2,vision_vit,leaky,2,train_loss_epoch,509,0.7587623000144958
ccb8410d-d1fc-4102-9ce8-482408d21ef2,vision_vit,leaky,2,train_loss_epoch,527,0.7542258501052856
7211407c-6a23-462c-a738-476c8d94fe21,vision_vit,leaky,3,val_top1,14,0.3501000106334686
7211407c-6a23-462c-a738-476c8d94fe21,vision_vit,leaky,3,val_top1,32,0.4341000020503998
7211407c-6a23-462c-a738-476c8d94fe21,vision_vit,leaky,3,val_top1,50,0.5090000033378601
7211407c-6a23-462c-a738-476c8d94fe21,vision_vit,leaky,3,val_top1,68,0.5184999704360962
7211407c-6a23-462c-a738-476c8d94fe21,vision_vit,leaky,3,val_top1,86,0.5321000218391418
7211407c-6a23-462c-a738-476c8d94fe21,vision_vit,leaky,3,val_top1,102,0.5763000249862671
7211407c-6a23-462c-a738-476c8d94fe21,vision_vit,leaky,3,val_top1,120,0.5967000126838684
7211407c-6a23-462c-a738-476c8d94fe21,vision_vit,leaky,3,val_top1,138,0.600600004196167
7211407c-6a23-462c-a738-476c8d94fe21,vision_vit,leaky,3,val_top1,156,0.6215999722480774
7211407c-6a23-462c-a738-476c8d94fe21,vision_vit,leaky,3,val_top1,174,0.6269000172615051
7211407c-6a23-462c-a738-476c8d94fe21,vision_vit,leaky,3,val_top1,190,0.6326000094413757
7211407c-6a23-462c-a738-476c8d94fe21,vision_vit,leaky,3,val_top1,208,0.6366999745368958
7211407c-6a23-462c-a738-476c8d94fe21,vision_vit,leaky,3,val_top1,226,0.6603000164031982
7211407c-6a23-462c-a738-476c8d94fe21,vision_vit,leaky,3,val_top1,244,0.6654999852180481
7211407c-6a23-462c-a738-476c8d94fe21,vision_vit,leaky,3,val_top1,262,0.6729999780654907
7211407c-6a23-462c-a738-476c8d94fe21,vision_vit,leaky,3,val_top1,278,0.6722000241279602
7211407c-6a23-462c-a738-476c8d94fe21,vision_vit,leaky,3,val_top1,296,0.6822999715805054
7211407c-6a23-462c-a738-476c8d94fe21,vision_vit,leaky,3,val_top1,314,0.6930000185966492
7211407c-6a23-462c-a738-476c8d94fe21,vision_vit,leaky,3,val_top1,332,0.6923999786376953
7211407c-6a23-462c-a738-476c8d94fe21,vision_vit,leaky,3,val_top1,350,0.696399986743927
7211407c-6a23-462c-a738-476c8d94fe21,vision_vit,leaky,3,val_top1,366,0.7024000287055969
7211407c-6a23-462c-a738-476c8d94fe21,vision_vit,leaky,3,val_top1,384,0.7110999822616577
7211407c-6a23-462c-a738-476c8d94fe21,vision_vit,leaky,3,val_top1,402,0.714900016784668
7211407c-6a23-462c-a738-476c8d94fe21,vision_vit,leaky,3,val_top1,420,0.7170000076293945
7211407c-6a23-462c-a738-476c8d94fe21,vision_vit,leaky,3,val_top1,438,0.7177000045776367
7211407c-6a23-462c-a738-476c8d94fe21,vision_vit,leaky,3,val_top1,454,0.7203999757766724
7211407c-6a23-462c-a738-476c8d94fe21,vision_vit,leaky,3,val_top1,472,0.7200999855995178
7211407c-6a23-462c-a738-476c8d94fe21,vision_vit,leaky,3,val_top1,490,0.72079998254776
7211407c-6a23-462c-a738-476c8d94fe21,vision_vit,leaky,3,val_top1,508,0.7207000255584717
7211407c-6a23-462c-a738-476c8d94fe21,vision_vit,leaky,3,val_top1,526,0.7210000157356262
7211407c-6a23-462c-a738-476c8d94fe21,vision_vit,leaky,3,train_loss_epoch,15,2.026575088500977
7211407c-6a23-462c-a738-476c8d94fe21,vision_vit,leaky,3,train_loss_epoch,33,1.6740049123764038
7211407c-6a23-462c-a738-476c8d94fe21,vision_vit,leaky,3,train_loss_epoch,51,1.4782533645629885
7211407c-6a23-462c-a738-476c8d94fe21,vision_vit,leaky,3,train_loss_epoch,69,1.378126621246338
7211407c-6a23-462c-a738-476c8d94fe21,vision_vit,leaky,3,train_loss_epoch,87,1.3104488849639893
7211407c-6a23-462c-a738-476c8d94fe21,vision_vit,leaky,3,train_loss_epoch,103,1.2594642639160156
7211407c-6a23-462c-a738-476c8d94fe21,vision_vit,leaky,3,train_loss_epoch,121,1.2125885486602783
7211407c-6a23-462c-a738-476c8d94fe21,vision_vit,leaky,3,train_loss_epoch,139,1.1733556985855105
7211407c-6a23-462c-a738-476c8d94fe21,vision_vit,leaky,3,train_loss_epoch,157,1.1357563734054563
7211407c-6a23-462c-a738-476c8d94fe21,vision_vit,leaky,3,train_loss_epoch,175,1.110421895980835
7211407c-6a23-462c-a738-476c8d94fe21,vision_vit,leaky,3,train_loss_epoch,191,1.0797468423843384
7211407c-6a23-462c-a738-476c8d94fe21,vision_vit,leaky,3,train_loss_epoch,209,1.0521987676620483
7211407c-6a23-462c-a738-476c8d94fe21,vision_vit,leaky,3,train_loss_epoch,227,1.015527606010437
7211407c-6a23-462c-a738-476c8d94fe21,vision_vit,leaky,3,train_loss_epoch,245,0.9948365092277528
7211407c-6a23-462c-a738-476c8d94fe21,vision_vit,leaky,3,train_loss_epoch,263,0.969713032245636
7211407c-6a23-462c-a738-476c8d94fe21,vision_vit,leaky,3,train_loss_epoch,279,0.943969428539276
7211407c-6a23-462c-a738-476c8d94fe21,vision_vit,leaky,3,train_loss_epoch,297,0.9202390909194946
7211407c-6a23-462c-a738-476c8d94fe21,vision_vit,leaky,3,train_loss_epoch,315,0.9015175700187684
7211407c-6a23-462c-a738-476c8d94fe21,vision_vit,leaky,3,train_loss_epoch,333,0.8755190968513489
7211407c-6a23-462c-a738-476c8d94fe21,vision_vit,leaky,3,train_loss_epoch,351,0.8634583950042725
7211407c-6a23-462c-a738-476c8d94fe21,vision_vit,leaky,3,train_loss_epoch,367,0.83912593126297
7211407c-6a23-462c-a738-476c8d94fe21,vision_vit,leaky,3,train_loss_epoch,385,0.8219812512397766
7211407c-6a23-462c-a738-476c8d94fe21,vision_vit,leaky,3,train_loss_epoch,403,0.8086907863616943
7211407c-6a23-462c-a738-476c8d94fe21,vision_vit,leaky,3,train_loss_epoch,421,0.7984428405761719
7211407c-6a23-462c-a738-476c8d94fe21,vision_vit,leaky,3,train_loss_epoch,439,0.7881485223770142
7211407c-6a23-462c-a738-476c8d94fe21,vision_vit,leaky,3,train_loss_epoch,455,0.7826603055000305
7211407c-6a23-462c-a738-476c8d94fe21,vision_vit,leaky,3,train_loss_epoch,473,0.7689777612686157
7211407c-6a23-462c-a738-476c8d94fe21,vision_vit,leaky,3,train_loss_epoch,491,0.7677258849143982
7211407c-6a23-462c-a738-476c8d94fe21,vision_vit,leaky,3,train_loss_epoch,509,0.7595680356025696
7211407c-6a23-462c-a738-476c8d94fe21,vision_vit,leaky,3,train_loss_epoch,527,0.7598162293434143
05838c97-e37f-45a6-8c28-3037190eea4e,vision_vit,leaky,1,val_top1,14,0.3752000033855438
05838c97-e37f-45a6-8c28-3037190eea4e,vision_vit,leaky,1,val_top1,32,0.4311000108718872
05838c97-e37f-45a6-8c28-3037190eea4e,vision_vit,leaky,1,val_top1,50,0.4726999998092651
05838c97-e37f-45a6-8c28-3037190eea4e,vision_vit,leaky,1,val_top1,68,0.5160999894142151
05838c97-e37f-45a6-8c28-3037190eea4e,vision_vit,leaky,1,val_top1,86,0.5378000140190125
05838c97-e37f-45a6-8c28-3037190eea4e,vision_vit,leaky,1,val_top1,102,0.5748999714851379
05838c97-e37f-45a6-8c28-3037190eea4e,vision_vit,leaky,1,val_top1,120,0.5820000171661377
05838c97-e37f-45a6-8c28-3037190eea4e,vision_vit,leaky,1,val_top1,138,0.5990999937057495
05838c97-e37f-45a6-8c28-3037190eea4e,vision_vit,leaky,1,val_top1,156,0.6258000135421753
05838c97-e37f-45a6-8c28-3037190eea4e,vision_vit,leaky,1,val_top1,174,0.6331999897956848
05838c97-e37f-45a6-8c28-3037190eea4e,vision_vit,leaky,1,val_top1,190,0.6434000134468079
05838c97-e37f-45a6-8c28-3037190eea4e,vision_vit,leaky,1,val_top1,208,0.6531999707221985
05838c97-e37f-45a6-8c28-3037190eea4e,vision_vit,leaky,1,val_top1,226,0.6669999957084656
05838c97-e37f-45a6-8c28-3037190eea4e,vision_vit,leaky,1,val_top1,244,0.6775000095367432
05838c97-e37f-45a6-8c28-3037190eea4e,vision_vit,leaky,1,val_top1,262,0.6797999739646912
05838c97-e37f-45a6-8c28-3037190eea4e,vision_vit,leaky,1,val_top1,278,0.6862000226974487
05838c97-e37f-45a6-8c28-3037190eea4e,vision_vit,leaky,1,val_top1,296,0.6937000155448914
05838c97-e37f-45a6-8c28-3037190eea4e,vision_vit,leaky,1,val_top1,314,0.7035999894142151
05838c97-e37f-45a6-8c28-3037190eea4e,vision_vit,leaky,1,val_top1,332,0.70169997215271
05838c97-e37f-45a6-8c28-3037190eea4e,vision_vit,leaky,1,val_top1,350,0.7084000110626221
05838c97-e37f-45a6-8c28-3037190eea4e,vision_vit,leaky,1,val_top1,366,0.7152000069618225
05838c97-e37f-45a6-8c28-3037190eea4e,vision_vit,leaky,1,val_top1,384,0.7189000248908997
05838c97-e37f-45a6-8c28-3037190eea4e,vision_vit,leaky,1,val_top1,402,0.724399983882904
05838c97-e37f-45a6-8c28-3037190eea4e,vision_vit,leaky,1,val_top1,420,0.7265999913215637
05838c97-e37f-45a6-8c28-3037190eea4e,vision_vit,leaky,1,val_top1,438,0.7272999882698059
05838c97-e37f-45a6-8c28-3037190eea4e,vision_vit,leaky,1,val_top1,454,0.7279999852180481
05838c97-e37f-45a6-8c28-3037190eea4e,vision_vit,leaky,1,val_top1,472,0.7304999828338623
05838c97-e37f-45a6-8c28-3037190eea4e,vision_vit,leaky,1,val_top1,490,0.7315000295639038
05838c97-e37f-45a6-8c28-3037190eea4e,vision_vit,leaky,1,val_top1,508,0.7305999994277954
05838c97-e37f-45a6-8c28-3037190eea4e,vision_vit,leaky,1,val_top1,526,0.73089998960495
05838c97-e37f-45a6-8c28-3037190eea4e,vision_vit,leaky,1,train_loss_epoch,15,2.016439914703369
05838c97-e37f-45a6-8c28-3037190eea4e,vision_vit,leaky,1,train_loss_epoch,33,1.6816987991333008
05838c97-e37f-45a6-8c28-3037190eea4e,vision_vit,leaky,1,train_loss_epoch,51,1.498297095298767
05838c97-e37f-45a6-8c28-3037190eea4e,vision_vit,leaky,1,train_loss_epoch,69,1.393992304801941
05838c97-e37f-45a6-8c28-3037190eea4e,vision_vit,leaky,1,train_loss_epoch,87,1.32353937625885
05838c97-e37f-45a6-8c28-3037190eea4e,vision_vit,leaky,1,train_loss_epoch,103,1.265998363494873
05838c97-e37f-45a6-8c28-3037190eea4e,vision_vit,leaky,1,train_loss_epoch,121,1.2199530601501465
05838c97-e37f-45a6-8c28-3037190eea4e,vision_vit,leaky,1,train_loss_epoch,139,1.1742788553237915
05838c97-e37f-45a6-8c28-3037190eea4e,vision_vit,leaky,1,train_loss_epoch,157,1.1366615295410156
05838c97-e37f-45a6-8c28-3037190eea4e,vision_vit,leaky,1,train_loss_epoch,175,1.0991675853729248
05838c97-e37f-45a6-8c28-3037190eea4e,vision_vit,leaky,1,train_loss_epoch,191,1.0623860359191897
05838c97-e37f-45a6-8c28-3037190eea4e,vision_vit,leaky,1,train_loss_epoch,209,1.0273661613464355
05838c97-e37f-45a6-8c28-3037190eea4e,vision_vit,leaky,1,train_loss_epoch,227,1.001457452774048
05838c97-e37f-45a6-8c28-3037190eea4e,vision_vit,leaky,1,train_loss_epoch,245,0.9691089987754822
05838c97-e37f-45a6-8c28-3037190eea4e,vision_vit,leaky,1,train_loss_epoch,263,0.9445737600326538
05838c97-e37f-45a6-8c28-3037190eea4e,vision_vit,leaky,1,train_loss_epoch,279,0.915806770324707
05838c97-e37f-45a6-8c28-3037190eea4e,vision_vit,leaky,1,train_loss_epoch,297,0.8902994990348816
05838c97-e37f-45a6-8c28-3037190eea4e,vision_vit,leaky,1,train_loss_epoch,315,0.8697587847709656
05838c97-e37f-45a6-8c28-3037190eea4e,vision_vit,leaky,1,train_loss_epoch,333,0.852597177028656
05838c97-e37f-45a6-8c28-3037190eea4e,vision_vit,leaky,1,train_loss_epoch,351,0.8262956738471985
05838c97-e37f-45a6-8c28-3037190eea4e,vision_vit,leaky,1,train_loss_epoch,367,0.8064637780189514
05838c97-e37f-45a6-8c28-3037190eea4e,vision_vit,leaky,1,train_loss_epoch,385,0.7949674129486084
05838c97-e37f-45a6-8c28-3037190eea4e,vision_vit,leaky,1,train_loss_epoch,403,0.7787697911262512
05838c97-e37f-45a6-8c28-3037190eea4e,vision_vit,leaky,1,train_loss_epoch,421,0.7650091052055359
05838c97-e37f-45a6-8c28-3037190eea4e,vision_vit,leaky,1,train_loss_epoch,439,0.7571061849594116
05838c97-e37f-45a6-8c28-3037190eea4e,vision_vit,leaky,1,train_loss_epoch,455,0.7458615899085999
05838c97-e37f-45a6-8c28-3037190eea4e,vision_vit,leaky,1,train_loss_epoch,473,0.7441158294677734
05838c97-e37f-45a6-8c28-3037190eea4e,vision_vit,leaky,1,train_loss_epoch,491,0.7368884682655334
05838c97-e37f-45a6-8c28-3037190eea4e,vision_vit,leaky,1,train_loss_epoch,509,0.7340072989463806
05838c97-e37f-45a6-8c28-3037190eea4e,vision_vit,leaky,1,train_loss_epoch,527,0.7292128205299377
bfbbb6a5-b4a6-493b-a8db-e6d541e519a2,vision_vit,leaky,7,val_top1,14,0.3698000013828277
bfbbb6a5-b4a6-493b-a8db-e6d541e519a2,vision_vit,leaky,7,val_top1,32,0.4305999875068664
bfbbb6a5-b4a6-493b-a8db-e6d541e519a2,vision_vit,leaky,7,val_top1,50,0.5092999935150146
bfbbb6a5-b4a6-493b-a8db-e6d541e519a2,vision_vit,leaky,7,val_top1,68,0.5329999923706055
bfbbb6a5-b4a6-493b-a8db-e6d541e519a2,vision_vit,leaky,7,val_top1,86,0.5544000267982483
bfbbb6a5-b4a6-493b-a8db-e6d541e519a2,vision_vit,leaky,7,val_top1,102,0.5683000087738037
bfbbb6a5-b4a6-493b-a8db-e6d541e519a2,vision_vit,leaky,7,val_top1,120,0.597000002861023
bfbbb6a5-b4a6-493b-a8db-e6d541e519a2,vision_vit,leaky,7,val_top1,138,0.6116999983787537
bfbbb6a5-b4a6-493b-a8db-e6d541e519a2,vision_vit,leaky,7,val_top1,156,0.6201000213623047
bfbbb6a5-b4a6-493b-a8db-e6d541e519a2,vision_vit,leaky,7,val_top1,174,0.6388000249862671
bfbbb6a5-b4a6-493b-a8db-e6d541e519a2,vision_vit,leaky,7,val_top1,190,0.6520000100135803
bfbbb6a5-b4a6-493b-a8db-e6d541e519a2,vision_vit,leaky,7,val_top1,208,0.6489999890327454
bfbbb6a5-b4a6-493b-a8db-e6d541e519a2,vision_vit,leaky,7,val_top1,226,0.661899983882904
bfbbb6a5-b4a6-493b-a8db-e6d541e519a2,vision_vit,leaky,7,val_top1,244,0.6847000122070312
bfbbb6a5-b4a6-493b-a8db-e6d541e519a2,vision_vit,leaky,7,val_top1,262,0.6887000203132629
bfbbb6a5-b4a6-493b-a8db-e6d541e519a2,vision_vit,leaky,7,val_top1,278,0.6955999732017517
bfbbb6a5-b4a6-493b-a8db-e6d541e519a2,vision_vit,leaky,7,val_top1,296,0.7085999846458435
bfbbb6a5-b4a6-493b-a8db-e6d541e519a2,vision_vit,leaky,7,val_top1,314,0.7032999992370605
bfbbb6a5-b4a6-493b-a8db-e6d541e519a2,vision_vit,leaky,7,val_top1,332,0.7202000021934509
bfbbb6a5-b4a6-493b-a8db-e6d541e519a2,vision_vit,leaky,7,val_top1,350,0.7164000272750854
bfbbb6a5-b4a6-493b-a8db-e6d541e519a2,vision_vit,leaky,7,val_top1,366,0.7190999984741211
bfbbb6a5-b4a6-493b-a8db-e6d541e519a2,vision_vit,leaky,7,val_top1,384,0.7325999736785889
bfbbb6a5-b4a6-493b-a8db-e6d541e519a2,vision_vit,leaky,7,val_top1,402,0.7312999963760376
bfbbb6a5-b4a6-493b-a8db-e6d541e519a2,vision_vit,leaky,7,val_top1,420,0.7333999872207642
bfbbb6a5-b4a6-493b-a8db-e6d541e519a2,vision_vit,leaky,7,val_top1,438,0.7382000088691711
bfbbb6a5-b4a6-493b-a8db-e6d541e519a2,vision_vit,leaky,7,val_top1,454,0.7360000014305115
bfbbb6a5-b4a6-493b-a8db-e6d541e519a2,vision_vit,leaky,7,val_top1,472,0.7378000020980835
bfbbb6a5-b4a6-493b-a8db-e6d541e519a2,vision_vit,leaky,7,val_top1,490,0.7369999885559082
bfbbb6a5-b4a6-493b-a8db-e6d541e519a2,vision_vit,leaky,7,val_top1,508,0.7384999990463257
bfbbb6a5-b4a6-493b-a8db-e6d541e519a2,vision_vit,leaky,7,val_top1,526,0.7390999794006348
bfbbb6a5-b4a6-493b-a8db-e6d541e519a2,vision_vit,leaky,7,train_loss_epoch,15,2.0104522705078125
bfbbb6a5-b4a6-493b-a8db-e6d541e519a2,vision_vit,leaky,7,train_loss_epoch,33,1.6617236137390137
bfbbb6a5-b4a6-493b-a8db-e6d541e519a2,vision_vit,leaky,7,train_loss_epoch,51,1.4899225234985352
bfbbb6a5-b4a6-493b-a8db-e6d541e519a2,vision_vit,leaky,7,train_loss_epoch,69,1.3846060037612915
bfbbb6a5-b4a6-493b-a8db-e6d541e519a2,vision_vit,leaky,7,train_loss_epoch,87,1.3080813884735107
bfbbb6a5-b4a6-493b-a8db-e6d541e519a2,vision_vit,leaky,7,train_loss_epoch,103,1.2455525398254397
bfbbb6a5-b4a6-493b-a8db-e6d541e519a2,vision_vit,leaky,7,train_loss_epoch,121,1.2016537189483645
bfbbb6a5-b4a6-493b-a8db-e6d541e519a2,vision_vit,leaky,7,train_loss_epoch,139,1.160170555114746
bfbbb6a5-b4a6-493b-a8db-e6d541e519a2,vision_vit,leaky,7,train_loss_epoch,157,1.1197210550308228
bfbbb6a5-b4a6-493b-a8db-e6d541e519a2,vision_vit,leaky,7,train_loss_epoch,175,1.0784069299697876
bfbbb6a5-b4a6-493b-a8db-e6d541e519a2,vision_vit,leaky,7,train_loss_epoch,191,1.0467745065689087
bfbbb6a5-b4a6-493b-a8db-e6d541e519a2,vision_vit,leaky,7,train_loss_epoch,209,1.0089738368988037
bfbbb6a5-b4a6-493b-a8db-e6d541e519a2,vision_vit,leaky,7,train_loss_epoch,227,0.986114263534546
bfbbb6a5-b4a6-493b-a8db-e6d541e519a2,vision_vit,leaky,7,train_loss_epoch,245,0.9540750980377196
bfbbb6a5-b4a6-493b-a8db-e6d541e519a2,vision_vit,leaky,7,train_loss_epoch,263,0.925017476081848
bfbbb6a5-b4a6-493b-a8db-e6d541e519a2,vision_vit,leaky,7,train_loss_epoch,279,0.902233362197876
bfbbb6a5-b4a6-493b-a8db-e6d541e519a2,vision_vit,leaky,7,train_loss_epoch,297,0.8791944980621338
bfbbb6a5-b4a6-493b-a8db-e6d541e519a2,vision_vit,leaky,7,train_loss_epoch,315,0.8570073246955872
bfbbb6a5-b4a6-493b-a8db-e6d541e519a2,vision_vit,leaky,7,train_loss_epoch,333,0.8345345258712769
bfbbb6a5-b4a6-493b-a8db-e6d541e519a2,vision_vit,leaky,7,train_loss_epoch,351,0.8159975409507751
bfbbb6a5-b4a6-493b-a8db-e6d541e519a2,vision_vit,leaky,7,train_loss_epoch,367,0.7931516170501709
bfbbb6a5-b4a6-493b-a8db-e6d541e519a2,vision_vit,leaky,7,train_loss_epoch,385,0.7847955822944641
bfbbb6a5-b4a6-493b-a8db-e6d541e519a2,vision_vit,leaky,7,train_loss_epoch,403,0.7648805975914001
bfbbb6a5-b4a6-493b-a8db-e6d541e519a2,vision_vit,leaky,7,train_loss_epoch,421,0.7517482042312622
bfbbb6a5-b4a6-493b-a8db-e6d541e519a2,vision_vit,leaky,7,train_loss_epoch,439,0.747642457485199
bfbbb6a5-b4a6-493b-a8db-e6d541e519a2,vision_vit,leaky,7,train_loss_epoch,455,0.7342771887779236
bfbbb6a5-b4a6-493b-a8db-e6d541e519a2,vision_vit,leaky,7,train_loss_epoch,473,0.7272281646728516
bfbbb6a5-b4a6-493b-a8db-e6d541e519a2,vision_vit,leaky,7,train_loss_epoch,491,0.7257081866264343
bfbbb6a5-b4a6-493b-a8db-e6d541e519a2,vision_vit,leaky,7,train_loss_epoch,509,0.7193590402603149
bfbbb6a5-b4a6-493b-a8db-e6d541e519a2,vision_vit,leaky,7,train_loss_epoch,527,0.7178255319595337
5b9fec93-dd5f-4407-a77f-aaed134ee68d,vision_vit,leaky,0,val_top1,14,0.3470000028610229
5b9fec93-dd5f-4407-a77f-aaed134ee68d,vision_vit,leaky,0,val_top1,32,0.4420999884605407
5b9fec93-dd5f-4407-a77f-aaed134ee68d,vision_vit,leaky,0,val_top1,50,0.503000020980835
5b9fec93-dd5f-4407-a77f-aaed134ee68d,vision_vit,leaky,0,val_top1,68,0.5425000190734863
5b9fec93-dd5f-4407-a77f-aaed134ee68d,vision_vit,leaky,0,val_top1,86,0.5573999881744385
5b9fec93-dd5f-4407-a77f-aaed134ee68d,vision_vit,leaky,0,val_top1,102,0.5727999806404114
5b9fec93-dd5f-4407-a77f-aaed134ee68d,vision_vit,leaky,0,val_top1,120,0.5903000235557556
5b9fec93-dd5f-4407-a77f-aaed134ee68d,vision_vit,leaky,0,val_top1,138,0.6100000143051147
5b9fec93-dd5f-4407-a77f-aaed134ee68d,vision_vit,leaky,0,val_top1,156,0.6265000104904175
5b9fec93-dd5f-4407-a77f-aaed134ee68d,vision_vit,leaky,0,val_top1,174,0.6205000281333923
5b9fec93-dd5f-4407-a77f-aaed134ee68d,vision_vit,leaky,0,val_top1,190,0.6366000175476074
5b9fec93-dd5f-4407-a77f-aaed134ee68d,vision_vit,leaky,0,val_top1,208,0.6371999979019165
5b9fec93-dd5f-4407-a77f-aaed134ee68d,vision_vit,leaky,0,val_top1,226,0.6517000198364258
5b9fec93-dd5f-4407-a77f-aaed134ee68d,vision_vit,leaky,0,val_top1,244,0.6640999913215637
5b9fec93-dd5f-4407-a77f-aaed134ee68d,vision_vit,leaky,0,val_top1,262,0.6672000288963318
5b9fec93-dd5f-4407-a77f-aaed134ee68d,vision_vit,leaky,0,val_top1,278,0.6825000047683716
5b9fec93-dd5f-4407-a77f-aaed134ee68d,vision_vit,leaky,0,val_top1,296,0.6852999925613403
5b9fec93-dd5f-4407-a77f-aaed134ee68d,vision_vit,leaky,0,val_top1,314,0.6956999897956848
5b9fec93-dd5f-4407-a77f-aaed134ee68d,vision_vit,leaky,0,val_top1,332,0.6991000175476074
5b9fec93-dd5f-4407-a77f-aaed134ee68d,vision_vit,leaky,0,val_top1,350,0.7084000110626221
5b9fec93-dd5f-4407-a77f-aaed134ee68d,vision_vit,leaky,0,val_top1,366,0.7095999717712402
5b9fec93-dd5f-4407-a77f-aaed134ee68d,vision_vit,leaky,0,val_top1,384,0.7152000069618225
5b9fec93-dd5f-4407-a77f-aaed134ee68d,vision_vit,leaky,0,val_top1,402,0.7172999978065491
5b9fec93-dd5f-4407-a77f-aaed134ee68d,vision_vit,leaky,0,val_top1,420,0.722100019454956
5b9fec93-dd5f-4407-a77f-aaed134ee68d,vision_vit,leaky,0,val_top1,438,0.7181000113487244
5b9fec93-dd5f-4407-a77f-aaed134ee68d,vision_vit,leaky,0,val_top1,454,0.7253000140190125
5b9fec93-dd5f-4407-a77f-aaed134ee68d,vision_vit,leaky,0,val_top1,472,0.7257000207901001
5b9fec93-dd5f-4407-a77f-aaed134ee68d,vision_vit,leaky,0,val_top1,490,0.7239000201225281
5b9fec93-dd5f-4407-a77f-aaed134ee68d,vision_vit,leaky,0,val_top1,508,0.7261000275611877
5b9fec93-dd5f-4407-a77f-aaed134ee68d,vision_vit,leaky,0,val_top1,526,0.7245000004768372
5b9fec93-dd5f-4407-a77f-aaed134ee68d,vision_vit,leaky,0,train_loss_epoch,15,2.003129243850708
5b9fec93-dd5f-4407-a77f-aaed134ee68d,vision_vit,leaky,0,train_loss_epoch,33,1.663479566574097
5b9fec93-dd5f-4407-a77f-aaed134ee68d,vision_vit,leaky,0,train_loss_epoch,51,1.480396032333374
5b9fec93-dd5f-4407-a77f-aaed134ee68d,vision_vit,leaky,0,train_loss_epoch,69,1.386473298072815
5b9fec93-dd5f-4407-a77f-aaed134ee68d,vision_vit,leaky,0,train_loss_epoch,87,1.322846293449402
5b9fec93-dd5f-4407-a77f-aaed134ee68d,vision_vit,leaky,0,train_loss_epoch,103,1.2716021537780762
5b9fec93-dd5f-4407-a77f-aaed134ee68d,vision_vit,leaky,0,train_loss_epoch,121,1.2219974994659424
5b9fec93-dd5f-4407-a77f-aaed134ee68d,vision_vit,leaky,0,train_loss_epoch,139,1.1864454746246338
5b9fec93-dd5f-4407-a77f-aaed134ee68d,vision_vit,leaky,0,train_loss_epoch,157,1.150957703590393
5b9fec93-dd5f-4407-a77f-aaed134ee68d,vision_vit,leaky,0,train_loss_epoch,175,1.1151517629623413
5b9fec93-dd5f-4407-a77f-aaed134ee68d,vision_vit,leaky,0,train_loss_epoch,191,1.080856204032898
5b9fec93-dd5f-4407-a77f-aaed134ee68d,vision_vit,leaky,0,train_loss_epoch,209,1.0559093952178955
5b9fec93-dd5f-4407-a77f-aaed134ee68d,vision_vit,leaky,0,train_loss_epoch,227,1.0307958126068115
5b9fec93-dd5f-4407-a77f-aaed134ee68d,vision_vit,leaky,0,train_loss_epoch,245,0.9984062910079956
5b9fec93-dd5f-4407-a77f-aaed134ee68d,vision_vit,leaky,0,train_loss_epoch,263,0.9744037985801696
5b9fec93-dd5f-4407-a77f-aaed134ee68d,vision_vit,leaky,0,train_loss_epoch,279,0.9519475102424622
5b9fec93-dd5f-4407-a77f-aaed134ee68d,vision_vit,leaky,0,train_loss_epoch,297,0.9256502389907836
5b9fec93-dd5f-4407-a77f-aaed134ee68d,vision_vit,leaky,0,train_loss_epoch,315,0.9051072597503662
5b9fec93-dd5f-4407-a77f-aaed134ee68d,vision_vit,leaky,0,train_loss_epoch,333,0.880666196346283
5b9fec93-dd5f-4407-a77f-aaed134ee68d,vision_vit,leaky,0,train_loss_epoch,351,0.8647378087043762
5b9fec93-dd5f-4407-a77f-aaed134ee68d,vision_vit,leaky,0,train_loss_epoch,367,0.8458826541900635
5b9fec93-dd5f-4407-a77f-aaed134ee68d,vision_vit,leaky,0,train_loss_epoch,385,0.8346465229988098
5b9fec93-dd5f-4407-a77f-aaed134ee68d,vision_vit,leaky,0,train_loss_epoch,403,0.8173232674598694
5b9fec93-dd5f-4407-a77f-aaed134ee68d,vision_vit,leaky,0,train_loss_epoch,421,0.8047301173210144
5b9fec93-dd5f-4407-a77f-aaed134ee68d,vision_vit,leaky,0,train_loss_epoch,439,0.7959161996841431
5b9fec93-dd5f-4407-a77f-aaed134ee68d,vision_vit,leaky,0,train_loss_epoch,455,0.7853215932846069
5b9fec93-dd5f-4407-a77f-aaed134ee68d,vision_vit,leaky,0,train_loss_epoch,473,0.7785478830337524
5b9fec93-dd5f-4407-a77f-aaed134ee68d,vision_vit,leaky,0,train_loss_epoch,491,0.7743907570838928
5b9fec93-dd5f-4407-a77f-aaed134ee68d,vision_vit,leaky,0,train_loss_epoch,509,0.7688238024711609
5b9fec93-dd5f-4407-a77f-aaed134ee68d,vision_vit,leaky,0,train_loss_epoch,527,0.7717999815940857
834d8992-080f-4334-8d41-1c153c8f5298,vision_vit,relu,1,val_top1,14,0.374099999666214
834d8992-080f-4334-8d41-1c153c8f5298,vision_vit,relu,1,val_top1,32,0.4278999865055084
834d8992-080f-4334-8d41-1c153c8f5298,vision_vit,relu,1,val_top1,50,0.4695000052452087
834d8992-080f-4334-8d41-1c153c8f5298,vision_vit,relu,1,val_top1,68,0.5170999765396118
834d8992-080f-4334-8d41-1c153c8f5298,vision_vit,relu,1,val_top1,86,0.5376999974250793
834d8992-080f-4334-8d41-1c153c8f5298,vision_vit,relu,1,val_top1,102,0.5777999758720398
834d8992-080f-4334-8d41-1c153c8f5298,vision_vit,relu,1,val_top1,120,0.5774999856948853
834d8992-080f-4334-8d41-1c153c8f5298,vision_vit,relu,1,val_top1,138,0.60589998960495
834d8992-080f-4334-8d41-1c153c8f5298,vision_vit,relu,1,val_top1,156,0.6277999877929688
834d8992-080f-4334-8d41-1c153c8f5298,vision_vit,relu,1,val_top1,174,0.628600001335144
834d8992-080f-4334-8d41-1c153c8f5298,vision_vit,relu,1,val_top1,190,0.6409000158309937
834d8992-080f-4334-8d41-1c153c8f5298,vision_vit,relu,1,val_top1,208,0.6553999781608582
834d8992-080f-4334-8d41-1c153c8f5298,vision_vit,relu,1,val_top1,226,0.6567999720573425
834d8992-080f-4334-8d41-1c153c8f5298,vision_vit,relu,1,val_top1,244,0.6722999811172485
834d8992-080f-4334-8d41-1c153c8f5298,vision_vit,relu,1,val_top1,262,0.680400013923645
834d8992-080f-4334-8d41-1c153c8f5298,vision_vit,relu,1,val_top1,278,0.6827999949455261
834d8992-080f-4334-8d41-1c153c8f5298,vision_vit,relu,1,val_top1,296,0.7001000046730042
834d8992-080f-4334-8d41-1c153c8f5298,vision_vit,relu,1,val_top1,314,0.7057999968528748
834d8992-080f-4334-8d41-1c153c8f5298,vision_vit,relu,1,val_top1,332,0.7013000249862671
834d8992-080f-4334-8d41-1c153c8f5298,vision_vit,relu,1,val_top1,350,0.7085999846458435
834d8992-080f-4334-8d41-1c153c8f5298,vision_vit,relu,1,val_top1,366,0.711899995803833
834d8992-080f-4334-8d41-1c153c8f5298,vision_vit,relu,1,val_top1,384,0.7200000286102295
834d8992-080f-4334-8d41-1c153c8f5298,vision_vit,relu,1,val_top1,402,0.7231000065803528
834d8992-080f-4334-8d41-1c153c8f5298,vision_vit,relu,1,val_top1,420,0.7287999987602234
834d8992-080f-4334-8d41-1c153c8f5298,vision_vit,relu,1,val_top1,438,0.7287999987602234
834d8992-080f-4334-8d41-1c153c8f5298,vision_vit,relu,1,val_top1,454,0.7297999858856201
834d8992-080f-4334-8d41-1c153c8f5298,vision_vit,relu,1,val_top1,472,0.7325999736785889
834d8992-080f-4334-8d41-1c153c8f5298,vision_vit,relu,1,val_top1,490,0.7307000160217285
834d8992-080f-4334-8d41-1c153c8f5298,vision_vit,relu,1,val_top1,508,0.7318000197410583
834d8992-080f-4334-8d41-1c153c8f5298,vision_vit,relu,1,val_top1,526,0.7329000234603882
834d8992-080f-4334-8d41-1c153c8f5298,vision_vit,relu,1,train_loss_epoch,15,2.0167737007141118
834d8992-080f-4334-8d41-1c153c8f5298,vision_vit,relu,1,train_loss_epoch,33,1.6825557947158811
834d8992-080f-4334-8d41-1c153c8f5298,vision_vit,relu,1,train_loss_epoch,51,1.4999616146087646
834d8992-080f-4334-8d41-1c153c8f5298,vision_vit,relu,1,train_loss_epoch,69,1.3929380178451538
834d8992-080f-4334-8d41-1c153c8f5298,vision_vit,relu,1,train_loss_epoch,87,1.322680950164795
834d8992-080f-4334-8d41-1c153c8f5298,vision_vit,relu,1,train_loss_epoch,103,1.2643613815307615
834d8992-080f-4334-8d41-1c153c8f5298,vision_vit,relu,1,train_loss_epoch,121,1.216285228729248
834d8992-080f-4334-8d41-1c153c8f5298,vision_vit,relu,1,train_loss_epoch,139,1.1730966567993164
834d8992-080f-4334-8d41-1c153c8f5298,vision_vit,relu,1,train_loss_epoch,157,1.1325970888137815
834d8992-080f-4334-8d41-1c153c8f5298,vision_vit,relu,1,train_loss_epoch,175,1.093945026397705
834d8992-080f-4334-8d41-1c153c8f5298,vision_vit,relu,1,train_loss_epoch,191,1.0605474710464478
834d8992-080f-4334-8d41-1c153c8f5298,vision_vit,relu,1,train_loss_epoch,209,1.0239099264144895
834d8992-080f-4334-8d41-1c153c8f5298,vision_vit,relu,1,train_loss_epoch,227,0.9979771375656128
834d8992-080f-4334-8d41-1c153c8f5298,vision_vit,relu,1,train_loss_epoch,245,0.9658812880516052
834d8992-080f-4334-8d41-1c153c8f5298,vision_vit,relu,1,train_loss_epoch,263,0.9428107142448424
834d8992-080f-4334-8d41-1c153c8f5298,vision_vit,relu,1,train_loss_epoch,279,0.9144259095191956
834d8992-080f-4334-8d41-1c153c8f5298,vision_vit,relu,1,train_loss_epoch,297,0.8897438049316406
834d8992-080f-4334-8d41-1c153c8f5298,vision_vit,relu,1,train_loss_epoch,315,0.8673287630081177
834d8992-080f-4334-8d41-1c153c8f5298,vision_vit,relu,1,train_loss_epoch,333,0.8506191372871399
834d8992-080f-4334-8d41-1c153c8f5298,vision_vit,relu,1,train_loss_epoch,351,0.82558673620224
834d8992-080f-4334-8d41-1c153c8f5298,vision_vit,relu,1,train_loss_epoch,367,0.8063074946403503
834d8992-080f-4334-8d41-1c153c8f5298,vision_vit,relu,1,train_loss_epoch,385,0.7925227284431458
834d8992-080f-4334-8d41-1c153c8f5298,vision_vit,relu,1,train_loss_epoch,403,0.7802859544754028
834d8992-080f-4334-8d41-1c153c8f5298,vision_vit,relu,1,train_loss_epoch,421,0.7630658149719238
834d8992-080f-4334-8d41-1c153c8f5298,vision_vit,relu,1,train_loss_epoch,439,0.7541459202766418
834d8992-080f-4334-8d41-1c153c8f5298,vision_vit,relu,1,train_loss_epoch,455,0.7457667589187622
834d8992-080f-4334-8d41-1c153c8f5298,vision_vit,relu,1,train_loss_epoch,473,0.7425956726074219
834d8992-080f-4334-8d41-1c153c8f5298,vision_vit,relu,1,train_loss_epoch,491,0.7379608154296875
834d8992-080f-4334-8d41-1c153c8f5298,vision_vit,relu,1,train_loss_epoch,509,0.7363741397857666
834d8992-080f-4334-8d41-1c153c8f5298,vision_vit,relu,1,train_loss_epoch,527,0.7323793172836304
db4c005b-dcfc-493f-b789-b90fae410312,vision_vit,relu,2,val_top1,14,0.3499000072479248
db4c005b-dcfc-493f-b789-b90fae410312,vision_vit,relu,2,val_top1,32,0.4598999917507171
db4c005b-dcfc-493f-b789-b90fae410312,vision_vit,relu,2,val_top1,50,0.5069000124931335
db4c005b-dcfc-493f-b789-b90fae410312,vision_vit,relu,2,val_top1,68,0.532800018787384
db4c005b-dcfc-493f-b789-b90fae410312,vision_vit,relu,2,val_top1,86,0.5527999997138977
db4c005b-dcfc-493f-b789-b90fae410312,vision_vit,relu,2,val_top1,102,0.5748999714851379
db4c005b-dcfc-493f-b789-b90fae410312,vision_vit,relu,2,val_top1,120,0.588100016117096
db4c005b-dcfc-493f-b789-b90fae410312,vision_vit,relu,2,val_top1,138,0.6180999875068665
db4c005b-dcfc-493f-b789-b90fae410312,vision_vit,relu,2,val_top1,156,0.6270999908447266
db4c005b-dcfc-493f-b789-b90fae410312,vision_vit,relu,2,val_top1,174,0.6309999823570251
db4c005b-dcfc-493f-b789-b90fae410312,vision_vit,relu,2,val_top1,190,0.6435999870300293
db4c005b-dcfc-493f-b789-b90fae410312,vision_vit,relu,2,val_top1,208,0.644599974155426
db4c005b-dcfc-493f-b789-b90fae410312,vision_vit,relu,2,val_top1,226,0.6672000288963318
db4c005b-dcfc-493f-b789-b90fae410312,vision_vit,relu,2,val_top1,244,0.6671000123023987
db4c005b-dcfc-493f-b789-b90fae410312,vision_vit,relu,2,val_top1,262,0.6686000227928162
db4c005b-dcfc-493f-b789-b90fae410312,vision_vit,relu,2,val_top1,278,0.6850000023841858
db4c005b-dcfc-493f-b789-b90fae410312,vision_vit,relu,2,val_top1,296,0.6894000172615051
db4c005b-dcfc-493f-b789-b90fae410312,vision_vit,relu,2,val_top1,314,0.6880000233650208
db4c005b-dcfc-493f-b789-b90fae410312,vision_vit,relu,2,val_top1,332,0.6945000290870667
db4c005b-dcfc-493f-b789-b90fae410312,vision_vit,relu,2,val_top1,350,0.7070000171661377
db4c005b-dcfc-493f-b789-b90fae410312,vision_vit,relu,2,val_top1,366,0.7024000287055969
db4c005b-dcfc-493f-b789-b90fae410312,vision_vit,relu,2,val_top1,384,0.7129999995231628
db4c005b-dcfc-493f-b789-b90fae410312,vision_vit,relu,2,val_top1,402,0.7124999761581421
db4c005b-dcfc-493f-b789-b90fae410312,vision_vit,relu,2,val_top1,420,0.7174000144004822
db4c005b-dcfc-493f-b789-b90fae410312,vision_vit,relu,2,val_top1,438,0.7246999740600586
db4c005b-dcfc-493f-b789-b90fae410312,vision_vit,relu,2,val_top1,454,0.7242000102996826
db4c005b-dcfc-493f-b789-b90fae410312,vision_vit,relu,2,val_top1,472,0.7254999876022339
db4c005b-dcfc-493f-b789-b90fae410312,vision_vit,relu,2,val_top1,490,0.7265999913215637
db4c005b-dcfc-493f-b789-b90fae410312,vision_vit,relu,2,val_top1,508,0.7246999740600586
db4c005b-dcfc-493f-b789-b90fae410312,vision_vit,relu,2,val_top1,526,0.7239999771118164
db4c005b-dcfc-493f-b789-b90fae410312,vision_vit,relu,2,train_loss_epoch,15,2.024920463562012
db4c005b-dcfc-493f-b789-b90fae410312,vision_vit,relu,2,train_loss_epoch,33,1.6663517951965332
db4c005b-dcfc-493f-b789-b90fae410312,vision_vit,relu,2,train_loss_epoch,51,1.4831922054290771
db4c005b-dcfc-493f-b789-b90fae410312,vision_vit,relu,2,train_loss_epoch,69,1.383507251739502
db4c005b-dcfc-493f-b789-b90fae410312,vision_vit,relu,2,train_loss_epoch,87,1.3102695941925049
db4c005b-dcfc-493f-b789-b90fae410312,vision_vit,relu,2,train_loss_epoch,103,1.2535550594329834
db4c005b-dcfc-493f-b789-b90fae410312,vision_vit,relu,2,train_loss_epoch,121,1.2109506130218506
db4c005b-dcfc-493f-b789-b90fae410312,vision_vit,relu,2,train_loss_epoch,139,1.1736513376235962
db4c005b-dcfc-493f-b789-b90fae410312,vision_vit,relu,2,train_loss_epoch,157,1.1328340768814087
db4c005b-dcfc-493f-b789-b90fae410312,vision_vit,relu,2,train_loss_epoch,175,1.09999418258667
db4c005b-dcfc-493f-b789-b90fae410312,vision_vit,relu,2,train_loss_epoch,191,1.0708675384521484
db4c005b-dcfc-493f-b789-b90fae410312,vision_vit,relu,2,train_loss_epoch,209,1.039894461631775
db4c005b-dcfc-493f-b789-b90fae410312,vision_vit,relu,2,train_loss_epoch,227,1.0144518613815308
db4c005b-dcfc-493f-b789-b90fae410312,vision_vit,relu,2,train_loss_epoch,245,0.9886009693145752
db4c005b-dcfc-493f-b789-b90fae410312,vision_vit,relu,2,train_loss_epoch,263,0.9648672938346864
db4c005b-dcfc-493f-b789-b90fae410312,vision_vit,relu,2,train_loss_epoch,279,0.9353597164154052
db4c005b-dcfc-493f-b789-b90fae410312,vision_vit,relu,2,train_loss_epoch,297,0.917443871498108
db4c005b-dcfc-493f-b789-b90fae410312,vision_vit,relu,2,train_loss_epoch,315,0.8880974650382996
db4c005b-dcfc-493f-b789-b90fae410312,vision_vit,relu,2,train_loss_epoch,333,0.8736824989318848
db4c005b-dcfc-493f-b789-b90fae410312,vision_vit,relu,2,train_loss_epoch,351,0.8542200326919556
db4c005b-dcfc-493f-b789-b90fae410312,vision_vit,relu,2,train_loss_epoch,367,0.8357878923416138
db4c005b-dcfc-493f-b789-b90fae410312,vision_vit,relu,2,train_loss_epoch,385,0.8159909248352051
db4c005b-dcfc-493f-b789-b90fae410312,vision_vit,relu,2,train_loss_epoch,403,0.8060792088508606
db4c005b-dcfc-493f-b789-b90fae410312,vision_vit,relu,2,train_loss_epoch,421,0.7948049902915955
db4c005b-dcfc-493f-b789-b90fae410312,vision_vit,relu,2,train_loss_epoch,439,0.7792094945907593
db4c005b-dcfc-493f-b789-b90fae410312,vision_vit,relu,2,train_loss_epoch,455,0.773438572883606
db4c005b-dcfc-493f-b789-b90fae410312,vision_vit,relu,2,train_loss_epoch,473,0.7680161595344543
db4c005b-dcfc-493f-b789-b90fae410312,vision_vit,relu,2,train_loss_epoch,491,0.7585633993148804
db4c005b-dcfc-493f-b789-b90fae410312,vision_vit,relu,2,train_loss_epoch,509,0.7595380544662476
db4c005b-dcfc-493f-b789-b90fae410312,vision_vit,relu,2,train_loss_epoch,527,0.7530214190483093
cde48bf0-2ad2-4a13-a3d6-becd06a730fd,vision_vit,relu,5,val_top1,14,0.3603000044822693
cde48bf0-2ad2-4a13-a3d6-becd06a730fd,vision_vit,relu,5,val_top1,32,0.444599986076355
cde48bf0-2ad2-4a13-a3d6-becd06a730fd,vision_vit,relu,5,val_top1,50,0.4927999973297119
cde48bf0-2ad2-4a13-a3d6-becd06a730fd,vision_vit,relu,5,val_top1,68,0.5321999788284302
cde48bf0-2ad2-4a13-a3d6-becd06a730fd,vision_vit,relu,5,val_top1,86,0.5533000230789185
cde48bf0-2ad2-4a13-a3d6-becd06a730fd,vision_vit,relu,5,val_top1,102,0.5454000234603882
cde48bf0-2ad2-4a13-a3d6-becd06a730fd,vision_vit,relu,5,val_top1,120,0.5982999801635742
cde48bf0-2ad2-4a13-a3d6-becd06a730fd,vision_vit,relu,5,val_top1,138,0.5954999923706055
cde48bf0-2ad2-4a13-a3d6-becd06a730fd,vision_vit,relu,5,val_top1,156,0.6151000261306763
cde48bf0-2ad2-4a13-a3d6-becd06a730fd,vision_vit,relu,5,val_top1,174,0.6244000196456909
cde48bf0-2ad2-4a13-a3d6-becd06a730fd,vision_vit,relu,5,val_top1,190,0.6344000101089478
cde48bf0-2ad2-4a13-a3d6-becd06a730fd,vision_vit,relu,5,val_top1,208,0.6464999914169312
cde48bf0-2ad2-4a13-a3d6-becd06a730fd,vision_vit,relu,5,val_top1,226,0.6434000134468079
cde48bf0-2ad2-4a13-a3d6-becd06a730fd,vision_vit,relu,5,val_top1,244,0.6657999753952026
cde48bf0-2ad2-4a13-a3d6-becd06a730fd,vision_vit,relu,5,val_top1,262,0.6699000000953674
cde48bf0-2ad2-4a13-a3d6-becd06a730fd,vision_vit,relu,5,val_top1,278,0.6669999957084656
cde48bf0-2ad2-4a13-a3d6-becd06a730fd,vision_vit,relu,5,val_top1,296,0.6901000142097473
cde48bf0-2ad2-4a13-a3d6-becd06a730fd,vision_vit,relu,5,val_top1,314,0.6876999735832214
cde48bf0-2ad2-4a13-a3d6-becd06a730fd,vision_vit,relu,5,val_top1,332,0.7013000249862671
cde48bf0-2ad2-4a13-a3d6-becd06a730fd,vision_vit,relu,5,val_top1,350,0.7089999914169312
cde48bf0-2ad2-4a13-a3d6-becd06a730fd,vision_vit,relu,5,val_top1,366,0.7143999934196472
cde48bf0-2ad2-4a13-a3d6-becd06a730fd,vision_vit,relu,5,val_top1,384,0.7186999917030334
cde48bf0-2ad2-4a13-a3d6-becd06a730fd,vision_vit,relu,5,val_top1,402,0.7179999947547913
cde48bf0-2ad2-4a13-a3d6-becd06a730fd,vision_vit,relu,5,val_top1,420,0.7249000072479248
cde48bf0-2ad2-4a13-a3d6-becd06a730fd,vision_vit,relu,5,val_top1,438,0.7229999899864197
cde48bf0-2ad2-4a13-a3d6-becd06a730fd,vision_vit,relu,5,val_top1,454,0.7253000140190125
cde48bf0-2ad2-4a13-a3d6-becd06a730fd,vision_vit,relu,5,val_top1,472,0.7299000024795532
cde48bf0-2ad2-4a13-a3d6-becd06a730fd,vision_vit,relu,5,val_top1,490,0.7276999950408936
cde48bf0-2ad2-4a13-a3d6-becd06a730fd,vision_vit,relu,5,val_top1,508,0.7272999882698059
cde48bf0-2ad2-4a13-a3d6-becd06a730fd,vision_vit,relu,5,val_top1,526,0.7271000146865845
cde48bf0-2ad2-4a13-a3d6-becd06a730fd,vision_vit,relu,5,train_loss_epoch,15,2.030116319656372
cde48bf0-2ad2-4a13-a3d6-becd06a730fd,vision_vit,relu,5,train_loss_epoch,33,1.6887247562408447
cde48bf0-2ad2-4a13-a3d6-becd06a730fd,vision_vit,relu,5,train_loss_epoch,51,1.498778223991394
cde48bf0-2ad2-4a13-a3d6-becd06a730fd,vision_vit,relu,5,train_loss_epoch,69,1.3904595375061035
cde48bf0-2ad2-4a13-a3d6-becd06a730fd,vision_vit,relu,5,train_loss_epoch,87,1.323837399482727
cde48bf0-2ad2-4a13-a3d6-becd06a730fd,vision_vit,relu,5,train_loss_epoch,103,1.2628393173217771
cde48bf0-2ad2-4a13-a3d6-becd06a730fd,vision_vit,relu,5,train_loss_epoch,121,1.2190030813217163
cde48bf0-2ad2-4a13-a3d6-becd06a730fd,vision_vit,relu,5,train_loss_epoch,139,1.177178978919983
cde48bf0-2ad2-4a13-a3d6-becd06a730fd,vision_vit,relu,5,train_loss_epoch,157,1.1383812427520752
cde48bf0-2ad2-4a13-a3d6-becd06a730fd,vision_vit,relu,5,train_loss_epoch,175,1.1100432872772217
cde48bf0-2ad2-4a13-a3d6-becd06a730fd,vision_vit,relu,5,train_loss_epoch,191,1.0786399841308594
cde48bf0-2ad2-4a13-a3d6-becd06a730fd,vision_vit,relu,5,train_loss_epoch,209,1.0467970371246338
cde48bf0-2ad2-4a13-a3d6-becd06a730fd,vision_vit,relu,5,train_loss_epoch,227,1.0235073566436768
cde48bf0-2ad2-4a13-a3d6-becd06a730fd,vision_vit,relu,5,train_loss_epoch,245,0.9930499196052552
cde48bf0-2ad2-4a13-a3d6-becd06a730fd,vision_vit,relu,5,train_loss_epoch,263,0.9713415503501892
cde48bf0-2ad2-4a13-a3d6-becd06a730fd,vision_vit,relu,5,train_loss_epoch,279,0.942723035812378
cde48bf0-2ad2-4a13-a3d6-becd06a730fd,vision_vit,relu,5,train_loss_epoch,297,0.9223747849464417
cde48bf0-2ad2-4a13-a3d6-becd06a730fd,vision_vit,relu,5,train_loss_epoch,315,0.8964990973472595
cde48bf0-2ad2-4a13-a3d6-becd06a730fd,vision_vit,relu,5,train_loss_epoch,333,0.873372495174408
cde48bf0-2ad2-4a13-a3d6-becd06a730fd,vision_vit,relu,5,train_loss_epoch,351,0.856390118598938
cde48bf0-2ad2-4a13-a3d6-becd06a730fd,vision_vit,relu,5,train_loss_epoch,367,0.837873637676239
cde48bf0-2ad2-4a13-a3d6-becd06a730fd,vision_vit,relu,5,train_loss_epoch,385,0.8239012956619263
cde48bf0-2ad2-4a13-a3d6-becd06a730fd,vision_vit,relu,5,train_loss_epoch,403,0.8062441349029541
cde48bf0-2ad2-4a13-a3d6-becd06a730fd,vision_vit,relu,5,train_loss_epoch,421,0.7927811741828918
cde48bf0-2ad2-4a13-a3d6-becd06a730fd,vision_vit,relu,5,train_loss_epoch,439,0.7827036380767822
cde48bf0-2ad2-4a13-a3d6-becd06a730fd,vision_vit,relu,5,train_loss_epoch,455,0.7789062261581421
cde48bf0-2ad2-4a13-a3d6-becd06a730fd,vision_vit,relu,5,train_loss_epoch,473,0.7642894983291626
cde48bf0-2ad2-4a13-a3d6-becd06a730fd,vision_vit,relu,5,train_loss_epoch,491,0.7682235836982727
cde48bf0-2ad2-4a13-a3d6-becd06a730fd,vision_vit,relu,5,train_loss_epoch,509,0.7592129707336426
cde48bf0-2ad2-4a13-a3d6-becd06a730fd,vision_vit,relu,5,train_loss_epoch,527,0.7606415748596191
2d7df942-a4de-462d-9254-47f44f67a78a,vision_vit,relu,4,val_top1,14,0.3350000083446502
2d7df942-a4de-462d-9254-47f44f67a78a,vision_vit,relu,4,val_top1,32,0.4568000137805938
2d7df942-a4de-462d-9254-47f44f67a78a,vision_vit,relu,4,val_top1,50,0.4986000061035156
2d7df942-a4de-462d-9254-47f44f67a78a,vision_vit,relu,4,val_top1,68,0.5428000092506409
2d7df942-a4de-462d-9254-47f44f67a78a,vision_vit,relu,4,val_top1,86,0.5609999895095825
2d7df942-a4de-462d-9254-47f44f67a78a,vision_vit,relu,4,val_top1,102,0.5670999884605408
2d7df942-a4de-462d-9254-47f44f67a78a,vision_vit,relu,4,val_top1,120,0.6036999821662903
2d7df942-a4de-462d-9254-47f44f67a78a,vision_vit,relu,4,val_top1,138,0.6144000291824341
2d7df942-a4de-462d-9254-47f44f67a78a,vision_vit,relu,4,val_top1,156,0.6265000104904175
2d7df942-a4de-462d-9254-47f44f67a78a,vision_vit,relu,4,val_top1,174,0.6452000141143799
2d7df942-a4de-462d-9254-47f44f67a78a,vision_vit,relu,4,val_top1,190,0.6434999704360962
2d7df942-a4de-462d-9254-47f44f67a78a,vision_vit,relu,4,val_top1,208,0.6597999930381775
2d7df942-a4de-462d-9254-47f44f67a78a,vision_vit,relu,4,val_top1,226,0.6553000211715698
2d7df942-a4de-462d-9254-47f44f67a78a,vision_vit,relu,4,val_top1,244,0.6782000064849854
2d7df942-a4de-462d-9254-47f44f67a78a,vision_vit,relu,4,val_top1,262,0.682200014591217
2d7df942-a4de-462d-9254-47f44f67a78a,vision_vit,relu,4,val_top1,278,0.6924999952316284
2d7df942-a4de-462d-9254-47f44f67a78a,vision_vit,relu,4,val_top1,296,0.6970000267028809
2d7df942-a4de-462d-9254-47f44f67a78a,vision_vit,relu,4,val_top1,314,0.7031999826431274
2d7df942-a4de-462d-9254-47f44f67a78a,vision_vit,relu,4,val_top1,332,0.7124000191688538
2d7df942-a4de-462d-9254-47f44f67a78a,vision_vit,relu,4,val_top1,350,0.7168999910354614
2d7df942-a4de-462d-9254-47f44f67a78a,vision_vit,relu,4,val_top1,366,0.7232000231742859
2d7df942-a4de-462d-9254-47f44f67a78a,vision_vit,relu,4,val_top1,384,0.7311999797821045
2d7df942-a4de-462d-9254-47f44f67a78a,vision_vit,relu,4,val_top1,402,0.7263000011444092
2d7df942-a4de-462d-9254-47f44f67a78a,vision_vit,relu,4,val_top1,420,0.7301999926567078
2d7df942-a4de-462d-9254-47f44f67a78a,vision_vit,relu,4,val_top1,438,0.7275999784469604
2d7df942-a4de-462d-9254-47f44f67a78a,vision_vit,relu,4,val_top1,454,0.7293999791145325
2d7df942-a4de-462d-9254-47f44f67a78a,vision_vit,relu,4,val_top1,472,0.7379999756813049
2d7df942-a4de-462d-9254-47f44f67a78a,vision_vit,relu,4,val_top1,490,0.7389000058174133
2d7df942-a4de-462d-9254-47f44f67a78a,vision_vit,relu,4,val_top1,508,0.7376000285148621
2d7df942-a4de-462d-9254-47f44f67a78a,vision_vit,relu,4,val_top1,526,0.7379999756813049
2d7df942-a4de-462d-9254-47f44f67a78a,vision_vit,relu,4,train_loss_epoch,15,2.029383897781372
2d7df942-a4de-462d-9254-47f44f67a78a,vision_vit,relu,4,train_loss_epoch,33,1.6868776082992554
2d7df942-a4de-462d-9254-47f44f67a78a,vision_vit,relu,4,train_loss_epoch,51,1.489749550819397
2d7df942-a4de-462d-9254-47f44f67a78a,vision_vit,relu,4,train_loss_epoch,69,1.373188018798828
2d7df942-a4de-462d-9254-47f44f67a78a,vision_vit,relu,4,train_loss_epoch,87,1.2964314222335815
2d7df942-a4de-462d-9254-47f44f67a78a,vision_vit,relu,4,train_loss_epoch,103,1.2406972646713257
2d7df942-a4de-462d-9254-47f44f67a78a,vision_vit,relu,4,train_loss_epoch,121,1.197681546211243
2d7df942-a4de-462d-9254-47f44f67a78a,vision_vit,relu,4,train_loss_epoch,139,1.1469604969024658
2d7df942-a4de-462d-9254-47f44f67a78a,vision_vit,relu,4,train_loss_epoch,157,1.116270899772644
2d7df942-a4de-462d-9254-47f44f67a78a,vision_vit,relu,4,train_loss_epoch,175,1.0783554315567017
2d7df942-a4de-462d-9254-47f44f67a78a,vision_vit,relu,4,train_loss_epoch,191,1.0495200157165527
2d7df942-a4de-462d-9254-47f44f67a78a,vision_vit,relu,4,train_loss_epoch,209,1.0160508155822754
2d7df942-a4de-462d-9254-47f44f67a78a,vision_vit,relu,4,train_loss_epoch,227,0.9891221523284912
2d7df942-a4de-462d-9254-47f44f67a78a,vision_vit,relu,4,train_loss_epoch,245,0.9647388458251952
2d7df942-a4de-462d-9254-47f44f67a78a,vision_vit,relu,4,train_loss_epoch,263,0.929180383682251
2d7df942-a4de-462d-9254-47f44f67a78a,vision_vit,relu,4,train_loss_epoch,279,0.912179172039032
2d7df942-a4de-462d-9254-47f44f67a78a,vision_vit,relu,4,train_loss_epoch,297,0.8811625838279724
2d7df942-a4de-462d-9254-47f44f67a78a,vision_vit,relu,4,train_loss_epoch,315,0.8575039505958557
2d7df942-a4de-462d-9254-47f44f67a78a,vision_vit,relu,4,train_loss_epoch,333,0.8383185267448425
2d7df942-a4de-462d-9254-47f44f67a78a,vision_vit,relu,4,train_loss_epoch,351,0.8188554048538208
2d7df942-a4de-462d-9254-47f44f67a78a,vision_vit,relu,4,train_loss_epoch,367,0.8019850254058838
2d7df942-a4de-462d-9254-47f44f67a78a,vision_vit,relu,4,train_loss_epoch,385,0.7852802276611328
2d7df942-a4de-462d-9254-47f44f67a78a,vision_vit,relu,4,train_loss_epoch,403,0.7685574889183044
2d7df942-a4de-462d-9254-47f44f67a78a,vision_vit,relu,4,train_loss_epoch,421,0.7606018781661987
2d7df942-a4de-462d-9254-47f44f67a78a,vision_vit,relu,4,train_loss_epoch,439,0.7419779300689697
2d7df942-a4de-462d-9254-47f44f67a78a,vision_vit,relu,4,train_loss_epoch,455,0.7423129081726074
2d7df942-a4de-462d-9254-47f44f67a78a,vision_vit,relu,4,train_loss_epoch,473,0.7298077940940857
2d7df942-a4de-462d-9254-47f44f67a78a,vision_vit,relu,4,train_loss_epoch,491,0.7270230054855347
2d7df942-a4de-462d-9254-47f44f67a78a,vision_vit,relu,4,train_loss_epoch,509,0.7259497046470642
2d7df942-a4de-462d-9254-47f44f67a78a,vision_vit,relu,4,train_loss_epoch,527,0.7198373675346375
8d568d74-05c1-4bab-9ba5-d580d3ef91f2,vision_vit,relu,7,val_top1,14,0.3684000074863434
8d568d74-05c1-4bab-9ba5-d580d3ef91f2,vision_vit,relu,7,val_top1,32,0.4323999881744385
8d568d74-05c1-4bab-9ba5-d580d3ef91f2,vision_vit,relu,7,val_top1,50,0.510699987411499
8d568d74-05c1-4bab-9ba5-d580d3ef91f2,vision_vit,relu,7,val_top1,68,0.5303999781608582
8d568d74-05c1-4bab-9ba5-d580d3ef91f2,vision_vit,relu,7,val_top1,86,0.5551999807357788
8d568d74-05c1-4bab-9ba5-d580d3ef91f2,vision_vit,relu,7,val_top1,102,0.5697000026702881
8d568d74-05c1-4bab-9ba5-d580d3ef91f2,vision_vit,relu,7,val_top1,120,0.5950000286102295
8d568d74-05c1-4bab-9ba5-d580d3ef91f2,vision_vit,relu,7,val_top1,138,0.609499990940094
8d568d74-05c1-4bab-9ba5-d580d3ef91f2,vision_vit,relu,7,val_top1,156,0.6279000043869019
8d568d74-05c1-4bab-9ba5-d580d3ef91f2,vision_vit,relu,7,val_top1,174,0.6388000249862671
8d568d74-05c1-4bab-9ba5-d580d3ef91f2,vision_vit,relu,7,val_top1,190,0.6480000019073486
8d568d74-05c1-4bab-9ba5-d580d3ef91f2,vision_vit,relu,7,val_top1,208,0.6500999927520752
8d568d74-05c1-4bab-9ba5-d580d3ef91f2,vision_vit,relu,7,val_top1,226,0.6629999876022339
8d568d74-05c1-4bab-9ba5-d580d3ef91f2,vision_vit,relu,7,val_top1,244,0.680899977684021
8d568d74-05c1-4bab-9ba5-d580d3ef91f2,vision_vit,relu,7,val_top1,262,0.6899999976158142
8d568d74-05c1-4bab-9ba5-d580d3ef91f2,vision_vit,relu,7,val_top1,278,0.6972000002861023
8d568d74-05c1-4bab-9ba5-d580d3ef91f2,vision_vit,relu,7,val_top1,296,0.7125999927520752
8d568d74-05c1-4bab-9ba5-d580d3ef91f2,vision_vit,relu,7,val_top1,314,0.7067999839782715
8d568d74-05c1-4bab-9ba5-d580d3ef91f2,vision_vit,relu,7,val_top1,332,0.7210000157356262
8d568d74-05c1-4bab-9ba5-d580d3ef91f2,vision_vit,relu,7,val_top1,350,0.7202000021934509
8d568d74-05c1-4bab-9ba5-d580d3ef91f2,vision_vit,relu,7,val_top1,366,0.7217000126838684
8d568d74-05c1-4bab-9ba5-d580d3ef91f2,vision_vit,relu,7,val_top1,384,0.7353000044822693
8d568d74-05c1-4bab-9ba5-d580d3ef91f2,vision_vit,relu,7,val_top1,402,0.7311999797821045
8d568d74-05c1-4bab-9ba5-d580d3ef91f2,vision_vit,relu,7,val_top1,420,0.7325000166893005
8d568d74-05c1-4bab-9ba5-d580d3ef91f2,vision_vit,relu,7,val_top1,438,0.7422000169754028
8d568d74-05c1-4bab-9ba5-d580d3ef91f2,vision_vit,relu,7,val_top1,454,0.7391999959945679
8d568d74-05c1-4bab-9ba5-d580d3ef91f2,vision_vit,relu,7,val_top1,472,0.7409999966621399
8d568d74-05c1-4bab-9ba5-d580d3ef91f2,vision_vit,relu,7,val_top1,490,0.7423999905586243
8d568d74-05c1-4bab-9ba5-d580d3ef91f2,vision_vit,relu,7,val_top1,508,0.7437999844551086
8d568d74-05c1-4bab-9ba5-d580d3ef91f2,vision_vit,relu,7,val_top1,526,0.7437000274658203
8d568d74-05c1-4bab-9ba5-d580d3ef91f2,vision_vit,relu,7,train_loss_epoch,15,2.010946989059448
8d568d74-05c1-4bab-9ba5-d580d3ef91f2,vision_vit,relu,7,train_loss_epoch,33,1.6615899801254272
8d568d74-05c1-4bab-9ba5-d580d3ef91f2,vision_vit,relu,7,train_loss_epoch,51,1.4881629943847656
8d568d74-05c1-4bab-9ba5-d580d3ef91f2,vision_vit,relu,7,train_loss_epoch,69,1.3828225135803225
8d568d74-05c1-4bab-9ba5-d580d3ef91f2,vision_vit,relu,7,train_loss_epoch,87,1.307650089263916
8d568d74-05c1-4bab-9ba5-d580d3ef91f2,vision_vit,relu,7,train_loss_epoch,103,1.2438150644302368
8d568d74-05c1-4bab-9ba5-d580d3ef91f2,vision_vit,relu,7,train_loss_epoch,121,1.1994634866714478
8d568d74-05c1-4bab-9ba5-d580d3ef91f2,vision_vit,relu,7,train_loss_epoch,139,1.1586953401565552
8d568d74-05c1-4bab-9ba5-d580d3ef91f2,vision_vit,relu,7,train_loss_epoch,157,1.1181116104125977
8d568d74-05c1-4bab-9ba5-d580d3ef91f2,vision_vit,relu,7,train_loss_epoch,175,1.0731980800628662
8d568d74-05c1-4bab-9ba5-d580d3ef91f2,vision_vit,relu,7,train_loss_epoch,191,1.04363751411438
8d568d74-05c1-4bab-9ba5-d580d3ef91f2,vision_vit,relu,7,train_loss_epoch,209,1.0043264627456665
8d568d74-05c1-4bab-9ba5-d580d3ef91f2,vision_vit,relu,7,train_loss_epoch,227,0.9824036955833436
8d568d74-05c1-4bab-9ba5-d580d3ef91f2,vision_vit,relu,7,train_loss_epoch,245,0.951830506324768
8d568d74-05c1-4bab-9ba5-d580d3ef91f2,vision_vit,relu,7,train_loss_epoch,263,0.9227387309074402
8d568d74-05c1-4bab-9ba5-d580d3ef91f2,vision_vit,relu,7,train_loss_epoch,279,0.8983001708984375
8d568d74-05c1-4bab-9ba5-d580d3ef91f2,vision_vit,relu,7,train_loss_epoch,297,0.8792372345924377
8d568d74-05c1-4bab-9ba5-d580d3ef91f2,vision_vit,relu,7,train_loss_epoch,315,0.8544809818267822
8d568d74-05c1-4bab-9ba5-d580d3ef91f2,vision_vit,relu,7,train_loss_epoch,333,0.8298046588897705
8d568d74-05c1-4bab-9ba5-d580d3ef91f2,vision_vit,relu,7,train_loss_epoch,351,0.8120250701904297
8d568d74-05c1-4bab-9ba5-d580d3ef91f2,vision_vit,relu,7,train_loss_epoch,367,0.7891700267791748
8d568d74-05c1-4bab-9ba5-d580d3ef91f2,vision_vit,relu,7,train_loss_epoch,385,0.7813510894775391
8d568d74-05c1-4bab-9ba5-d580d3ef91f2,vision_vit,relu,7,train_loss_epoch,403,0.7622473835945129
8d568d74-05c1-4bab-9ba5-d580d3ef91f2,vision_vit,relu,7,train_loss_epoch,421,0.7471858859062195
8d568d74-05c1-4bab-9ba5-d580d3ef91f2,vision_vit,relu,7,train_loss_epoch,439,0.7444387674331665
8d568d74-05c1-4bab-9ba5-d580d3ef91f2,vision_vit,relu,7,train_loss_epoch,455,0.7308281660079956
8d568d74-05c1-4bab-9ba5-d580d3ef91f2,vision_vit,relu,7,train_loss_epoch,473,0.7224973440170288
8d568d74-05c1-4bab-9ba5-d580d3ef91f2,vision_vit,relu,7,train_loss_epoch,491,0.7212195992469788
8d568d74-05c1-4bab-9ba5-d580d3ef91f2,vision_vit,relu,7,train_loss_epoch,509,0.7160215973854065
8d568d74-05c1-4bab-9ba5-d580d3ef91f2,vision_vit,relu,7,train_loss_epoch,527,0.7142990231513977
cc534052-25ce-44dc-875e-24e84a0a5f23,vision_vit,relu,3,val_top1,14,0.3472000062465668
cc534052-25ce-44dc-875e-24e84a0a5f23,vision_vit,relu,3,val_top1,32,0.4302999973297119
cc534052-25ce-44dc-875e-24e84a0a5f23,vision_vit,relu,3,val_top1,50,0.5094000101089478
cc534052-25ce-44dc-875e-24e84a0a5f23,vision_vit,relu,3,val_top1,68,0.5198000073432922
cc534052-25ce-44dc-875e-24e84a0a5f23,vision_vit,relu,3,val_top1,86,0.5339999794960022
cc534052-25ce-44dc-875e-24e84a0a5f23,vision_vit,relu,3,val_top1,102,0.58160001039505
cc534052-25ce-44dc-875e-24e84a0a5f23,vision_vit,relu,3,val_top1,120,0.598800003528595
cc534052-25ce-44dc-875e-24e84a0a5f23,vision_vit,relu,3,val_top1,138,0.6047000288963318
cc534052-25ce-44dc-875e-24e84a0a5f23,vision_vit,relu,3,val_top1,156,0.6254000067710876
cc534052-25ce-44dc-875e-24e84a0a5f23,vision_vit,relu,3,val_top1,174,0.6310999989509583
cc534052-25ce-44dc-875e-24e84a0a5f23,vision_vit,relu,3,val_top1,190,0.6345999836921692
cc534052-25ce-44dc-875e-24e84a0a5f23,vision_vit,relu,3,val_top1,208,0.6430000066757202
cc534052-25ce-44dc-875e-24e84a0a5f23,vision_vit,relu,3,val_top1,226,0.6592000126838684
cc534052-25ce-44dc-875e-24e84a0a5f23,vision_vit,relu,3,val_top1,244,0.664900004863739
cc534052-25ce-44dc-875e-24e84a0a5f23,vision_vit,relu,3,val_top1,262,0.6747000217437744
cc534052-25ce-44dc-875e-24e84a0a5f23,vision_vit,relu,3,val_top1,278,0.6726999878883362
cc534052-25ce-44dc-875e-24e84a0a5f23,vision_vit,relu,3,val_top1,296,0.6840999722480774
cc534052-25ce-44dc-875e-24e84a0a5f23,vision_vit,relu,3,val_top1,314,0.692799985408783
cc534052-25ce-44dc-875e-24e84a0a5f23,vision_vit,relu,3,val_top1,332,0.6963000297546387
cc534052-25ce-44dc-875e-24e84a0a5f23,vision_vit,relu,3,val_top1,350,0.6984000205993652
cc534052-25ce-44dc-875e-24e84a0a5f23,vision_vit,relu,3,val_top1,366,0.7056999802589417
cc534052-25ce-44dc-875e-24e84a0a5f23,vision_vit,relu,3,val_top1,384,0.718500018119812
cc534052-25ce-44dc-875e-24e84a0a5f23,vision_vit,relu,3,val_top1,402,0.7166000008583069
cc534052-25ce-44dc-875e-24e84a0a5f23,vision_vit,relu,3,val_top1,420,0.7207000255584717
cc534052-25ce-44dc-875e-24e84a0a5f23,vision_vit,relu,3,val_top1,438,0.7210999727249146
cc534052-25ce-44dc-875e-24e84a0a5f23,vision_vit,relu,3,val_top1,454,0.7228999733924866
cc534052-25ce-44dc-875e-24e84a0a5f23,vision_vit,relu,3,val_top1,472,0.7236999869346619
cc534052-25ce-44dc-875e-24e84a0a5f23,vision_vit,relu,3,val_top1,490,0.7247999906539917
cc534052-25ce-44dc-875e-24e84a0a5f23,vision_vit,relu,3,val_top1,508,0.7242000102996826
cc534052-25ce-44dc-875e-24e84a0a5f23,vision_vit,relu,3,val_top1,526,0.7246000170707703
cc534052-25ce-44dc-875e-24e84a0a5f23,vision_vit,relu,3,train_loss_epoch,15,2.0274455547332764
cc534052-25ce-44dc-875e-24e84a0a5f23,vision_vit,relu,3,train_loss_epoch,33,1.6745985746383667
cc534052-25ce-44dc-875e-24e84a0a5f23,vision_vit,relu,3,train_loss_epoch,51,1.476760983467102
cc534052-25ce-44dc-875e-24e84a0a5f23,vision_vit,relu,3,train_loss_epoch,69,1.3773599863052368
cc534052-25ce-44dc-875e-24e84a0a5f23,vision_vit,relu,3,train_loss_epoch,87,1.3077726364135742
cc534052-25ce-44dc-875e-24e84a0a5f23,vision_vit,relu,3,train_loss_epoch,103,1.2575846910476685
cc534052-25ce-44dc-875e-24e84a0a5f23,vision_vit,relu,3,train_loss_epoch,121,1.2111269235610962
cc534052-25ce-44dc-875e-24e84a0a5f23,vision_vit,relu,3,train_loss_epoch,139,1.1720222234725952
cc534052-25ce-44dc-875e-24e84a0a5f23,vision_vit,relu,3,train_loss_epoch,157,1.133211612701416
cc534052-25ce-44dc-875e-24e84a0a5f23,vision_vit,relu,3,train_loss_epoch,175,1.108590841293335
cc534052-25ce-44dc-875e-24e84a0a5f23,vision_vit,relu,3,train_loss_epoch,191,1.0772325992584229
cc534052-25ce-44dc-875e-24e84a0a5f23,vision_vit,relu,3,train_loss_epoch,209,1.047884464263916
cc534052-25ce-44dc-875e-24e84a0a5f23,vision_vit,relu,3,train_loss_epoch,227,1.0124735832214355
cc534052-25ce-44dc-875e-24e84a0a5f23,vision_vit,relu,3,train_loss_epoch,245,0.9917455315589904
cc534052-25ce-44dc-875e-24e84a0a5f23,vision_vit,relu,3,train_loss_epoch,263,0.9669851660728456
cc534052-25ce-44dc-875e-24e84a0a5f23,vision_vit,relu,3,train_loss_epoch,279,0.9404609203338624
cc534052-25ce-44dc-875e-24e84a0a5f23,vision_vit,relu,3,train_loss_epoch,297,0.9174687266349792
cc534052-25ce-44dc-875e-24e84a0a5f23,vision_vit,relu,3,train_loss_epoch,315,0.8979099988937378
cc534052-25ce-44dc-875e-24e84a0a5f23,vision_vit,relu,3,train_loss_epoch,333,0.8732797503471375
cc534052-25ce-44dc-875e-24e84a0a5f23,vision_vit,relu,3,train_loss_epoch,351,0.8601013422012329
cc534052-25ce-44dc-875e-24e84a0a5f23,vision_vit,relu,3,train_loss_epoch,367,0.8373545408248901
cc534052-25ce-44dc-875e-24e84a0a5f23,vision_vit,relu,3,train_loss_epoch,385,0.8219786286354065
cc534052-25ce-44dc-875e-24e84a0a5f23,vision_vit,relu,3,train_loss_epoch,403,0.8060740232467651
cc534052-25ce-44dc-875e-24e84a0a5f23,vision_vit,relu,3,train_loss_epoch,421,0.7969465255737305
cc534052-25ce-44dc-875e-24e84a0a5f23,vision_vit,relu,3,train_loss_epoch,439,0.7841746807098389
cc534052-25ce-44dc-875e-24e84a0a5f23,vision_vit,relu,3,train_loss_epoch,455,0.7796642780303955
cc534052-25ce-44dc-875e-24e84a0a5f23,vision_vit,relu,3,train_loss_epoch,473,0.7698571085929871
cc534052-25ce-44dc-875e-24e84a0a5f23,vision_vit,relu,3,train_loss_epoch,491,0.7662957310676575
cc534052-25ce-44dc-875e-24e84a0a5f23,vision_vit,relu,3,train_loss_epoch,509,0.7576524019241333
cc534052-25ce-44dc-875e-24e84a0a5f23,vision_vit,relu,3,train_loss_epoch,527,0.7556743621826172
1eb81d11-0f64-4f5f-8718-a472f3cb0afb,vision_vit,relu,6,val_top1,14,0.3508000075817108
1eb81d11-0f64-4f5f-8718-a472f3cb0afb,vision_vit,relu,6,val_top1,32,0.4453000128269195
1eb81d11-0f64-4f5f-8718-a472f3cb0afb,vision_vit,relu,6,val_top1,50,0.5063999891281128
1eb81d11-0f64-4f5f-8718-a472f3cb0afb,vision_vit,relu,6,val_top1,68,0.5311999917030334
1eb81d11-0f64-4f5f-8718-a472f3cb0afb,vision_vit,relu,6,val_top1,86,0.5547999739646912
1eb81d11-0f64-4f5f-8718-a472f3cb0afb,vision_vit,relu,6,val_top1,102,0.5871000289916992
1eb81d11-0f64-4f5f-8718-a472f3cb0afb,vision_vit,relu,6,val_top1,120,0.6050000190734863
1eb81d11-0f64-4f5f-8718-a472f3cb0afb,vision_vit,relu,6,val_top1,138,0.6255999803543091
1eb81d11-0f64-4f5f-8718-a472f3cb0afb,vision_vit,relu,6,val_top1,156,0.6341999769210815
1eb81d11-0f64-4f5f-8718-a472f3cb0afb,vision_vit,relu,6,val_top1,174,0.6388000249862671
1eb81d11-0f64-4f5f-8718-a472f3cb0afb,vision_vit,relu,6,val_top1,190,0.6460000276565552
1eb81d11-0f64-4f5f-8718-a472f3cb0afb,vision_vit,relu,6,val_top1,208,0.6578999757766724
1eb81d11-0f64-4f5f-8718-a472f3cb0afb,vision_vit,relu,6,val_top1,226,0.6751000285148621
1eb81d11-0f64-4f5f-8718-a472f3cb0afb,vision_vit,relu,6,val_top1,244,0.6743000149726868
1eb81d11-0f64-4f5f-8718-a472f3cb0afb,vision_vit,relu,6,val_top1,262,0.6905999779701233
1eb81d11-0f64-4f5f-8718-a472f3cb0afb,vision_vit,relu,6,val_top1,278,0.6904000043869019
1eb81d11-0f64-4f5f-8718-a472f3cb0afb,vision_vit,relu,6,val_top1,296,0.7084000110626221
1eb81d11-0f64-4f5f-8718-a472f3cb0afb,vision_vit,relu,6,val_top1,314,0.7168999910354614
1eb81d11-0f64-4f5f-8718-a472f3cb0afb,vision_vit,relu,6,val_top1,332,0.71670001745224
1eb81d11-0f64-4f5f-8718-a472f3cb0afb,vision_vit,relu,6,val_top1,350,0.7214000225067139
1eb81d11-0f64-4f5f-8718-a472f3cb0afb,vision_vit,relu,6,val_top1,366,0.7264000177383423
1eb81d11-0f64-4f5f-8718-a472f3cb0afb,vision_vit,relu,6,val_top1,384,0.7350000143051147
1eb81d11-0f64-4f5f-8718-a472f3cb0afb,vision_vit,relu,6,val_top1,402,0.7340999841690063
1eb81d11-0f64-4f5f-8718-a472f3cb0afb,vision_vit,relu,6,val_top1,420,0.7343999743461609
1eb81d11-0f64-4f5f-8718-a472f3cb0afb,vision_vit,relu,6,val_top1,438,0.736299991607666
1eb81d11-0f64-4f5f-8718-a472f3cb0afb,vision_vit,relu,6,val_top1,454,0.7390000224113464
1eb81d11-0f64-4f5f-8718-a472f3cb0afb,vision_vit,relu,6,val_top1,472,0.7419000267982483
1eb81d11-0f64-4f5f-8718-a472f3cb0afb,vision_vit,relu,6,val_top1,490,0.7394000291824341
1eb81d11-0f64-4f5f-8718-a472f3cb0afb,vision_vit,relu,6,val_top1,508,0.7405999898910522
1eb81d11-0f64-4f5f-8718-a472f3cb0afb,vision_vit,relu,6,val_top1,526,0.7404000163078308
1eb81d11-0f64-4f5f-8718-a472f3cb0afb,vision_vit,relu,6,train_loss_epoch,15,2.0140295028686523
1eb81d11-0f64-4f5f-8718-a472f3cb0afb,vision_vit,relu,6,train_loss_epoch,33,1.6711249351501465
1eb81d11-0f64-4f5f-8718-a472f3cb0afb,vision_vit,relu,6,train_loss_epoch,51,1.484447717666626
1eb81d11-0f64-4f5f-8718-a472f3cb0afb,vision_vit,relu,6,train_loss_epoch,69,1.3745436668395996
1eb81d11-0f64-4f5f-8718-a472f3cb0afb,vision_vit,relu,6,train_loss_epoch,87,1.3045625686645508
1eb81d11-0f64-4f5f-8718-a472f3cb0afb,vision_vit,relu,6,train_loss_epoch,103,1.2407788038253784
1eb81d11-0f64-4f5f-8718-a472f3cb0afb,vision_vit,relu,6,train_loss_epoch,121,1.191871166229248
1eb81d11-0f64-4f5f-8718-a472f3cb0afb,vision_vit,relu,6,train_loss_epoch,139,1.1493011713027954
1eb81d11-0f64-4f5f-8718-a472f3cb0afb,vision_vit,relu,6,train_loss_epoch,157,1.10981285572052
1eb81d11-0f64-4f5f-8718-a472f3cb0afb,vision_vit,relu,6,train_loss_epoch,175,1.0672590732574463
1eb81d11-0f64-4f5f-8718-a472f3cb0afb,vision_vit,relu,6,train_loss_epoch,191,1.0379081964492798
1eb81d11-0f64-4f5f-8718-a472f3cb0afb,vision_vit,relu,6,train_loss_epoch,209,1.0077799558639526
1eb81d11-0f64-4f5f-8718-a472f3cb0afb,vision_vit,relu,6,train_loss_epoch,227,0.985441029071808
1eb81d11-0f64-4f5f-8718-a472f3cb0afb,vision_vit,relu,6,train_loss_epoch,245,0.9544084668159484
1eb81d11-0f64-4f5f-8718-a472f3cb0afb,vision_vit,relu,6,train_loss_epoch,263,0.9318612217903136
1eb81d11-0f64-4f5f-8718-a472f3cb0afb,vision_vit,relu,6,train_loss_epoch,279,0.9009448885917664
1eb81d11-0f64-4f5f-8718-a472f3cb0afb,vision_vit,relu,6,train_loss_epoch,297,0.8812114000320435
1eb81d11-0f64-4f5f-8718-a472f3cb0afb,vision_vit,relu,6,train_loss_epoch,315,0.8593765497207642
1eb81d11-0f64-4f5f-8718-a472f3cb0afb,vision_vit,relu,6,train_loss_epoch,333,0.8360424041748047
1eb81d11-0f64-4f5f-8718-a472f3cb0afb,vision_vit,relu,6,train_loss_epoch,351,0.8163542747497559
1eb81d11-0f64-4f5f-8718-a472f3cb0afb,vision_vit,relu,6,train_loss_epoch,367,0.8007664084434509
1eb81d11-0f64-4f5f-8718-a472f3cb0afb,vision_vit,relu,6,train_loss_epoch,385,0.7883226275444031
1eb81d11-0f64-4f5f-8718-a472f3cb0afb,vision_vit,relu,6,train_loss_epoch,403,0.7694141864776611
1eb81d11-0f64-4f5f-8718-a472f3cb0afb,vision_vit,relu,6,train_loss_epoch,421,0.7535463571548462
1eb81d11-0f64-4f5f-8718-a472f3cb0afb,vision_vit,relu,6,train_loss_epoch,439,0.7472693920135498
1eb81d11-0f64-4f5f-8718-a472f3cb0afb,vision_vit,relu,6,train_loss_epoch,455,0.7397581934928894
1eb81d11-0f64-4f5f-8718-a472f3cb0afb,vision_vit,relu,6,train_loss_epoch,473,0.7265737056732178
1eb81d11-0f64-4f5f-8718-a472f3cb0afb,vision_vit,relu,6,train_loss_epoch,491,0.7293928265571594
1eb81d11-0f64-4f5f-8718-a472f3cb0afb,vision_vit,relu,6,train_loss_epoch,509,0.7227863073348999
1eb81d11-0f64-4f5f-8718-a472f3cb0afb,vision_vit,relu,6,train_loss_epoch,527,0.7222399711608887
6b3cb5e8-dde0-4981-81d7-7275fdaaac43,vision_vit,relu,0,val_top1,14,0.3467000126838684
6b3cb5e8-dde0-4981-81d7-7275fdaaac43,vision_vit,relu,0,val_top1,32,0.4429999887943268
6b3cb5e8-dde0-4981-81d7-7275fdaaac43,vision_vit,relu,0,val_top1,50,0.5049999952316284
6b3cb5e8-dde0-4981-81d7-7275fdaaac43,vision_vit,relu,0,val_top1,68,0.5397999882698059
6b3cb5e8-dde0-4981-81d7-7275fdaaac43,vision_vit,relu,0,val_top1,86,0.5583999752998352
6b3cb5e8-dde0-4981-81d7-7275fdaaac43,vision_vit,relu,0,val_top1,102,0.5746999979019165
6b3cb5e8-dde0-4981-81d7-7275fdaaac43,vision_vit,relu,0,val_top1,120,0.5893999934196472
6b3cb5e8-dde0-4981-81d7-7275fdaaac43,vision_vit,relu,0,val_top1,138,0.6037999987602234
6b3cb5e8-dde0-4981-81d7-7275fdaaac43,vision_vit,relu,0,val_top1,156,0.6234999895095825
6b3cb5e8-dde0-4981-81d7-7275fdaaac43,vision_vit,relu,0,val_top1,174,0.6129000186920166
6b3cb5e8-dde0-4981-81d7-7275fdaaac43,vision_vit,relu,0,val_top1,190,0.6351000070571899
6b3cb5e8-dde0-4981-81d7-7275fdaaac43,vision_vit,relu,0,val_top1,208,0.6388000249862671
6b3cb5e8-dde0-4981-81d7-7275fdaaac43,vision_vit,relu,0,val_top1,226,0.6575000286102295
6b3cb5e8-dde0-4981-81d7-7275fdaaac43,vision_vit,relu,0,val_top1,244,0.6647999882698059
6b3cb5e8-dde0-4981-81d7-7275fdaaac43,vision_vit,relu,0,val_top1,262,0.6686000227928162
6b3cb5e8-dde0-4981-81d7-7275fdaaac43,vision_vit,relu,0,val_top1,278,0.6823999881744385
6b3cb5e8-dde0-4981-81d7-7275fdaaac43,vision_vit,relu,0,val_top1,296,0.6840000152587891
6b3cb5e8-dde0-4981-81d7-7275fdaaac43,vision_vit,relu,0,val_top1,314,0.6977999806404114
6b3cb5e8-dde0-4981-81d7-7275fdaaac43,vision_vit,relu,0,val_top1,332,0.699999988079071
6b3cb5e8-dde0-4981-81d7-7275fdaaac43,vision_vit,relu,0,val_top1,350,0.7037000060081482
6b3cb5e8-dde0-4981-81d7-7275fdaaac43,vision_vit,relu,0,val_top1,366,0.7095000147819519
6b3cb5e8-dde0-4981-81d7-7275fdaaac43,vision_vit,relu,0,val_top1,384,0.7131999731063843
6b3cb5e8-dde0-4981-81d7-7275fdaaac43,vision_vit,relu,0,val_top1,402,0.7125999927520752
6b3cb5e8-dde0-4981-81d7-7275fdaaac43,vision_vit,relu,0,val_top1,420,0.722100019454956
6b3cb5e8-dde0-4981-81d7-7275fdaaac43,vision_vit,relu,0,val_top1,438,0.7210999727249146
6b3cb5e8-dde0-4981-81d7-7275fdaaac43,vision_vit,relu,0,val_top1,454,0.7243000268936157
6b3cb5e8-dde0-4981-81d7-7275fdaaac43,vision_vit,relu,0,val_top1,472,0.7257999777793884
6b3cb5e8-dde0-4981-81d7-7275fdaaac43,vision_vit,relu,0,val_top1,490,0.7271999716758728
6b3cb5e8-dde0-4981-81d7-7275fdaaac43,vision_vit,relu,0,val_top1,508,0.7278000116348267
6b3cb5e8-dde0-4981-81d7-7275fdaaac43,vision_vit,relu,0,val_top1,526,0.7265999913215637
6b3cb5e8-dde0-4981-81d7-7275fdaaac43,vision_vit,relu,0,train_loss_epoch,15,2.002825260162353
6b3cb5e8-dde0-4981-81d7-7275fdaaac43,vision_vit,relu,0,train_loss_epoch,33,1.6626803874969482
6b3cb5e8-dde0-4981-81d7-7275fdaaac43,vision_vit,relu,0,train_loss_epoch,51,1.4806667566299438
6b3cb5e8-dde0-4981-81d7-7275fdaaac43,vision_vit,relu,0,train_loss_epoch,69,1.3860979080200195
6b3cb5e8-dde0-4981-81d7-7275fdaaac43,vision_vit,relu,0,train_loss_epoch,87,1.322626709938049
6b3cb5e8-dde0-4981-81d7-7275fdaaac43,vision_vit,relu,0,train_loss_epoch,103,1.2713069915771484
6b3cb5e8-dde0-4981-81d7-7275fdaaac43,vision_vit,relu,0,train_loss_epoch,121,1.222307205200195
6b3cb5e8-dde0-4981-81d7-7275fdaaac43,vision_vit,relu,0,train_loss_epoch,139,1.184847116470337
6b3cb5e8-dde0-4981-81d7-7275fdaaac43,vision_vit,relu,0,train_loss_epoch,157,1.1509798765182495
6b3cb5e8-dde0-4981-81d7-7275fdaaac43,vision_vit,relu,0,train_loss_epoch,175,1.1168060302734375
6b3cb5e8-dde0-4981-81d7-7275fdaaac43,vision_vit,relu,0,train_loss_epoch,191,1.0838853120803833
6b3cb5e8-dde0-4981-81d7-7275fdaaac43,vision_vit,relu,0,train_loss_epoch,209,1.0554457902908323
6b3cb5e8-dde0-4981-81d7-7275fdaaac43,vision_vit,relu,0,train_loss_epoch,227,1.0270822048187256
6b3cb5e8-dde0-4981-81d7-7275fdaaac43,vision_vit,relu,0,train_loss_epoch,245,1.0009368658065796
6b3cb5e8-dde0-4981-81d7-7275fdaaac43,vision_vit,relu,0,train_loss_epoch,263,0.9741515517234802
6b3cb5e8-dde0-4981-81d7-7275fdaaac43,vision_vit,relu,0,train_loss_epoch,279,0.9502736330032348
6b3cb5e8-dde0-4981-81d7-7275fdaaac43,vision_vit,relu,0,train_loss_epoch,297,0.9247038960456848
6b3cb5e8-dde0-4981-81d7-7275fdaaac43,vision_vit,relu,0,train_loss_epoch,315,0.9065927863121032
6b3cb5e8-dde0-4981-81d7-7275fdaaac43,vision_vit,relu,0,train_loss_epoch,333,0.8797422051429749
6b3cb5e8-dde0-4981-81d7-7275fdaaac43,vision_vit,relu,0,train_loss_epoch,351,0.8645654916763306
6b3cb5e8-dde0-4981-81d7-7275fdaaac43,vision_vit,relu,0,train_loss_epoch,367,0.844542920589447
6b3cb5e8-dde0-4981-81d7-7275fdaaac43,vision_vit,relu,0,train_loss_epoch,385,0.8337860107421875
6b3cb5e8-dde0-4981-81d7-7275fdaaac43,vision_vit,relu,0,train_loss_epoch,403,0.8171558976173401
6b3cb5e8-dde0-4981-81d7-7275fdaaac43,vision_vit,relu,0,train_loss_epoch,421,0.8050879836082458
6b3cb5e8-dde0-4981-81d7-7275fdaaac43,vision_vit,relu,0,train_loss_epoch,439,0.794049084186554
6b3cb5e8-dde0-4981-81d7-7275fdaaac43,vision_vit,relu,0,train_loss_epoch,455,0.7857690453529358
6b3cb5e8-dde0-4981-81d7-7275fdaaac43,vision_vit,relu,0,train_loss_epoch,473,0.7796758413314819
6b3cb5e8-dde0-4981-81d7-7275fdaaac43,vision_vit,relu,0,train_loss_epoch,491,0.7755921483039856
6b3cb5e8-dde0-4981-81d7-7275fdaaac43,vision_vit,relu,0,train_loss_epoch,509,0.7695344686508179
6b3cb5e8-dde0-4981-81d7-7275fdaaac43,vision_vit,relu,0,train_loss_epoch,527,0.7738972306251526
8fb0f452-4f8a-45b2-8237-bebfc057580f,vision_vit,scaled_tanh,4,val_top1,14,0.3246000111103058
8fb0f452-4f8a-45b2-8237-bebfc057580f,vision_vit,scaled_tanh,4,val_top1,32,0.4208999872207641
8fb0f452-4f8a-45b2-8237-bebfc057580f,vision_vit,scaled_tanh,4,val_top1,50,0.4255000054836273
8fb0f452-4f8a-45b2-8237-bebfc057580f,vision_vit,scaled_tanh,4,val_top1,68,0.4939000010490417
8fb0f452-4f8a-45b2-8237-bebfc057580f,vision_vit,scaled_tanh,4,val_top1,86,0.5073999762535095
8fb0f452-4f8a-45b2-8237-bebfc057580f,vision_vit,scaled_tanh,4,val_top1,102,0.5149000287055969
8fb0f452-4f8a-45b2-8237-bebfc057580f,vision_vit,scaled_tanh,4,val_top1,120,0.5436000227928162
8fb0f452-4f8a-45b2-8237-bebfc057580f,vision_vit,scaled_tanh,4,val_top1,138,0.5327000021934509
8fb0f452-4f8a-45b2-8237-bebfc057580f,vision_vit,scaled_tanh,4,val_top1,156,0.5525000095367432
8fb0f452-4f8a-45b2-8237-bebfc057580f,vision_vit,scaled_tanh,4,val_top1,174,0.5625
8fb0f452-4f8a-45b2-8237-bebfc057580f,vision_vit,scaled_tanh,4,val_top1,190,0.5719000101089478
8fb0f452-4f8a-45b2-8237-bebfc057580f,vision_vit,scaled_tanh,4,val_top1,208,0.5888000130653381
8fb0f452-4f8a-45b2-8237-bebfc057580f,vision_vit,scaled_tanh,4,val_top1,226,0.5702000260353088
8fb0f452-4f8a-45b2-8237-bebfc057580f,vision_vit,scaled_tanh,4,val_top1,244,0.6032999753952026
8fb0f452-4f8a-45b2-8237-bebfc057580f,vision_vit,scaled_tanh,4,val_top1,262,0.604200005531311
8fb0f452-4f8a-45b2-8237-bebfc057580f,vision_vit,scaled_tanh,4,val_top1,278,0.6064000129699707
8fb0f452-4f8a-45b2-8237-bebfc057580f,vision_vit,scaled_tanh,4,val_top1,296,0.616100013256073
8fb0f452-4f8a-45b2-8237-bebfc057580f,vision_vit,scaled_tanh,4,val_top1,314,0.6154999732971191
8fb0f452-4f8a-45b2-8237-bebfc057580f,vision_vit,scaled_tanh,4,val_top1,332,0.6272000074386597
8fb0f452-4f8a-45b2-8237-bebfc057580f,vision_vit,scaled_tanh,4,val_top1,350,0.6273999810218811
8fb0f452-4f8a-45b2-8237-bebfc057580f,vision_vit,scaled_tanh,4,val_top1,366,0.636900007724762
8fb0f452-4f8a-45b2-8237-bebfc057580f,vision_vit,scaled_tanh,4,val_top1,384,0.637499988079071
8fb0f452-4f8a-45b2-8237-bebfc057580f,vision_vit,scaled_tanh,4,val_top1,402,0.6424000263214111
8fb0f452-4f8a-45b2-8237-bebfc057580f,vision_vit,scaled_tanh,4,val_top1,420,0.6409000158309937
8fb0f452-4f8a-45b2-8237-bebfc057580f,vision_vit,scaled_tanh,4,val_top1,438,0.6442999839782715
8fb0f452-4f8a-45b2-8237-bebfc057580f,vision_vit,scaled_tanh,4,val_top1,454,0.6450999975204468
8fb0f452-4f8a-45b2-8237-bebfc057580f,vision_vit,scaled_tanh,4,val_top1,472,0.6503000259399414
8fb0f452-4f8a-45b2-8237-bebfc057580f,vision_vit,scaled_tanh,4,val_top1,490,0.6516000032424927
8fb0f452-4f8a-45b2-8237-bebfc057580f,vision_vit,scaled_tanh,4,val_top1,508,0.6504999995231628
8fb0f452-4f8a-45b2-8237-bebfc057580f,vision_vit,scaled_tanh,4,val_top1,526,0.6516000032424927
8fb0f452-4f8a-45b2-8237-bebfc057580f,vision_vit,scaled_tanh,4,train_loss_epoch,15,2.07781720161438
8fb0f452-4f8a-45b2-8237-bebfc057580f,vision_vit,scaled_tanh,4,train_loss_epoch,33,1.7440202236175537
8fb0f452-4f8a-45b2-8237-bebfc057580f,vision_vit,scaled_tanh,4,train_loss_epoch,51,1.5832122564315796
8fb0f452-4f8a-45b2-8237-bebfc057580f,vision_vit,scaled_tanh,4,train_loss_epoch,69,1.4976234436035156
8fb0f452-4f8a-45b2-8237-bebfc057580f,vision_vit,scaled_tanh,4,train_loss_epoch,87,1.4329124689102173
8fb0f452-4f8a-45b2-8237-bebfc057580f,vision_vit,scaled_tanh,4,train_loss_epoch,103,1.392374038696289
8fb0f452-4f8a-45b2-8237-bebfc057580f,vision_vit,scaled_tanh,4,train_loss_epoch,121,1.356736660003662
8fb0f452-4f8a-45b2-8237-bebfc057580f,vision_vit,scaled_tanh,4,train_loss_epoch,139,1.320315957069397
8fb0f452-4f8a-45b2-8237-bebfc057580f,vision_vit,scaled_tanh,4,train_loss_epoch,157,1.299296736717224
8fb0f452-4f8a-45b2-8237-bebfc057580f,vision_vit,scaled_tanh,4,train_loss_epoch,175,1.2696201801300049
8fb0f452-4f8a-45b2-8237-bebfc057580f,vision_vit,scaled_tanh,4,train_loss_epoch,191,1.2552698850631714
8fb0f452-4f8a-45b2-8237-bebfc057580f,vision_vit,scaled_tanh,4,train_loss_epoch,209,1.226772427558899
8fb0f452-4f8a-45b2-8237-bebfc057580f,vision_vit,scaled_tanh,4,train_loss_epoch,227,1.2130179405212402
8fb0f452-4f8a-45b2-8237-bebfc057580f,vision_vit,scaled_tanh,4,train_loss_epoch,245,1.1924582719802856
8fb0f452-4f8a-45b2-8237-bebfc057580f,vision_vit,scaled_tanh,4,train_loss_epoch,263,1.16956627368927
8fb0f452-4f8a-45b2-8237-bebfc057580f,vision_vit,scaled_tanh,4,train_loss_epoch,279,1.157356023788452
8fb0f452-4f8a-45b2-8237-bebfc057580f,vision_vit,scaled_tanh,4,train_loss_epoch,297,1.1375285387039185
8fb0f452-4f8a-45b2-8237-bebfc057580f,vision_vit,scaled_tanh,4,train_loss_epoch,315,1.1224496364593506
8fb0f452-4f8a-45b2-8237-bebfc057580f,vision_vit,scaled_tanh,4,train_loss_epoch,333,1.1065804958343506
8fb0f452-4f8a-45b2-8237-bebfc057580f,vision_vit,scaled_tanh,4,train_loss_epoch,351,1.0976423025131226
8fb0f452-4f8a-45b2-8237-bebfc057580f,vision_vit,scaled_tanh,4,train_loss_epoch,367,1.082221746444702
8fb0f452-4f8a-45b2-8237-bebfc057580f,vision_vit,scaled_tanh,4,train_loss_epoch,385,1.0730849504470823
8fb0f452-4f8a-45b2-8237-bebfc057580f,vision_vit,scaled_tanh,4,train_loss_epoch,403,1.0618133544921875
8fb0f452-4f8a-45b2-8237-bebfc057580f,vision_vit,scaled_tanh,4,train_loss_epoch,421,1.051888942718506
8fb0f452-4f8a-45b2-8237-bebfc057580f,vision_vit,scaled_tanh,4,train_loss_epoch,439,1.042813420295715
8fb0f452-4f8a-45b2-8237-bebfc057580f,vision_vit,scaled_tanh,4,train_loss_epoch,455,1.0417964458465576
8fb0f452-4f8a-45b2-8237-bebfc057580f,vision_vit,scaled_tanh,4,train_loss_epoch,473,1.0340397357940674
8fb0f452-4f8a-45b2-8237-bebfc057580f,vision_vit,scaled_tanh,4,train_loss_epoch,491,1.0302125215530396
8fb0f452-4f8a-45b2-8237-bebfc057580f,vision_vit,scaled_tanh,4,train_loss_epoch,509,1.0270707607269287
8fb0f452-4f8a-45b2-8237-bebfc057580f,vision_vit,scaled_tanh,4,train_loss_epoch,527,1.029727578163147
7691d5c2-5d64-49b7-b8c1-826bbdcfbf59,vision_vit,scaled_tanh,3,val_top1,14,0.3465000092983246
7691d5c2-5d64-49b7-b8c1-826bbdcfbf59,vision_vit,scaled_tanh,3,val_top1,32,0.4075999855995178
7691d5c2-5d64-49b7-b8c1-826bbdcfbf59,vision_vit,scaled_tanh,3,val_top1,50,0.4672000110149383
7691d5c2-5d64-49b7-b8c1-826bbdcfbf59,vision_vit,scaled_tanh,3,val_top1,68,0.4704999923706054
7691d5c2-5d64-49b7-b8c1-826bbdcfbf59,vision_vit,scaled_tanh,3,val_top1,86,0.5092999935150146
7691d5c2-5d64-49b7-b8c1-826bbdcfbf59,vision_vit,scaled_tanh,3,val_top1,102,0.5257999897003174
7691d5c2-5d64-49b7-b8c1-826bbdcfbf59,vision_vit,scaled_tanh,3,val_top1,120,0.5465999841690063
7691d5c2-5d64-49b7-b8c1-826bbdcfbf59,vision_vit,scaled_tanh,3,val_top1,138,0.5530999898910522
7691d5c2-5d64-49b7-b8c1-826bbdcfbf59,vision_vit,scaled_tanh,3,val_top1,156,0.569100022315979
7691d5c2-5d64-49b7-b8c1-826bbdcfbf59,vision_vit,scaled_tanh,3,val_top1,174,0.5737000107765198
7691d5c2-5d64-49b7-b8c1-826bbdcfbf59,vision_vit,scaled_tanh,3,val_top1,190,0.580299973487854
7691d5c2-5d64-49b7-b8c1-826bbdcfbf59,vision_vit,scaled_tanh,3,val_top1,208,0.5810999870300293
7691d5c2-5d64-49b7-b8c1-826bbdcfbf59,vision_vit,scaled_tanh,3,val_top1,226,0.5992000102996826
7691d5c2-5d64-49b7-b8c1-826bbdcfbf59,vision_vit,scaled_tanh,3,val_top1,244,0.6017000079154968
7691d5c2-5d64-49b7-b8c1-826bbdcfbf59,vision_vit,scaled_tanh,3,val_top1,262,0.6085000038146973
7691d5c2-5d64-49b7-b8c1-826bbdcfbf59,vision_vit,scaled_tanh,3,val_top1,278,0.6097000241279602
7691d5c2-5d64-49b7-b8c1-826bbdcfbf59,vision_vit,scaled_tanh,3,val_top1,296,0.6180999875068665
7691d5c2-5d64-49b7-b8c1-826bbdcfbf59,vision_vit,scaled_tanh,3,val_top1,314,0.6258999705314636
7691d5c2-5d64-49b7-b8c1-826bbdcfbf59,vision_vit,scaled_tanh,3,val_top1,332,0.6299999952316284
7691d5c2-5d64-49b7-b8c1-826bbdcfbf59,vision_vit,scaled_tanh,3,val_top1,350,0.6262000203132629
7691d5c2-5d64-49b7-b8c1-826bbdcfbf59,vision_vit,scaled_tanh,3,val_top1,366,0.6395000219345093
7691d5c2-5d64-49b7-b8c1-826bbdcfbf59,vision_vit,scaled_tanh,3,val_top1,384,0.6442999839782715
7691d5c2-5d64-49b7-b8c1-826bbdcfbf59,vision_vit,scaled_tanh,3,val_top1,402,0.6432999968528748
7691d5c2-5d64-49b7-b8c1-826bbdcfbf59,vision_vit,scaled_tanh,3,val_top1,420,0.6453999876976013
7691d5c2-5d64-49b7-b8c1-826bbdcfbf59,vision_vit,scaled_tanh,3,val_top1,438,0.6485000252723694
7691d5c2-5d64-49b7-b8c1-826bbdcfbf59,vision_vit,scaled_tanh,3,val_top1,454,0.6486999988555908
7691d5c2-5d64-49b7-b8c1-826bbdcfbf59,vision_vit,scaled_tanh,3,val_top1,472,0.650600016117096
7691d5c2-5d64-49b7-b8c1-826bbdcfbf59,vision_vit,scaled_tanh,3,val_top1,490,0.6500999927520752
7691d5c2-5d64-49b7-b8c1-826bbdcfbf59,vision_vit,scaled_tanh,3,val_top1,508,0.6496999859809875
7691d5c2-5d64-49b7-b8c1-826bbdcfbf59,vision_vit,scaled_tanh,3,val_top1,526,0.6492999792098999
7691d5c2-5d64-49b7-b8c1-826bbdcfbf59,vision_vit,scaled_tanh,3,train_loss_epoch,15,2.071615695953369
7691d5c2-5d64-49b7-b8c1-826bbdcfbf59,vision_vit,scaled_tanh,3,train_loss_epoch,33,1.736830472946167
7691d5c2-5d64-49b7-b8c1-826bbdcfbf59,vision_vit,scaled_tanh,3,train_loss_epoch,51,1.5736690759658811
7691d5c2-5d64-49b7-b8c1-826bbdcfbf59,vision_vit,scaled_tanh,3,train_loss_epoch,69,1.4858074188232422
7691d5c2-5d64-49b7-b8c1-826bbdcfbf59,vision_vit,scaled_tanh,3,train_loss_epoch,87,1.4204106330871582
7691d5c2-5d64-49b7-b8c1-826bbdcfbf59,vision_vit,scaled_tanh,3,train_loss_epoch,103,1.3714553117752075
7691d5c2-5d64-49b7-b8c1-826bbdcfbf59,vision_vit,scaled_tanh,3,train_loss_epoch,121,1.3348753452301023
7691d5c2-5d64-49b7-b8c1-826bbdcfbf59,vision_vit,scaled_tanh,3,train_loss_epoch,139,1.3050973415374756
7691d5c2-5d64-49b7-b8c1-826bbdcfbf59,vision_vit,scaled_tanh,3,train_loss_epoch,157,1.2773078680038452
7691d5c2-5d64-49b7-b8c1-826bbdcfbf59,vision_vit,scaled_tanh,3,train_loss_epoch,175,1.2535215616226196
7691d5c2-5d64-49b7-b8c1-826bbdcfbf59,vision_vit,scaled_tanh,3,train_loss_epoch,191,1.2325085401535034
7691d5c2-5d64-49b7-b8c1-826bbdcfbf59,vision_vit,scaled_tanh,3,train_loss_epoch,209,1.2148561477661133
7691d5c2-5d64-49b7-b8c1-826bbdcfbf59,vision_vit,scaled_tanh,3,train_loss_epoch,227,1.1853687763214111
7691d5c2-5d64-49b7-b8c1-826bbdcfbf59,vision_vit,scaled_tanh,3,train_loss_epoch,245,1.1701891422271729
7691d5c2-5d64-49b7-b8c1-826bbdcfbf59,vision_vit,scaled_tanh,3,train_loss_epoch,263,1.1544592380523682
7691d5c2-5d64-49b7-b8c1-826bbdcfbf59,vision_vit,scaled_tanh,3,train_loss_epoch,279,1.132954478263855
7691d5c2-5d64-49b7-b8c1-826bbdcfbf59,vision_vit,scaled_tanh,3,train_loss_epoch,297,1.1224422454833984
7691d5c2-5d64-49b7-b8c1-826bbdcfbf59,vision_vit,scaled_tanh,3,train_loss_epoch,315,1.1074371337890625
7691d5c2-5d64-49b7-b8c1-826bbdcfbf59,vision_vit,scaled_tanh,3,train_loss_epoch,333,1.0918002128601074
7691d5c2-5d64-49b7-b8c1-826bbdcfbf59,vision_vit,scaled_tanh,3,train_loss_epoch,351,1.0771178007125854
7691d5c2-5d64-49b7-b8c1-826bbdcfbf59,vision_vit,scaled_tanh,3,train_loss_epoch,367,1.0697288513183594
7691d5c2-5d64-49b7-b8c1-826bbdcfbf59,vision_vit,scaled_tanh,3,train_loss_epoch,385,1.0558342933654783
7691d5c2-5d64-49b7-b8c1-826bbdcfbf59,vision_vit,scaled_tanh,3,train_loss_epoch,403,1.042304515838623
7691d5c2-5d64-49b7-b8c1-826bbdcfbf59,vision_vit,scaled_tanh,3,train_loss_epoch,421,1.0366230010986328
7691d5c2-5d64-49b7-b8c1-826bbdcfbf59,vision_vit,scaled_tanh,3,train_loss_epoch,439,1.026373267173767
7691d5c2-5d64-49b7-b8c1-826bbdcfbf59,vision_vit,scaled_tanh,3,train_loss_epoch,455,1.026620626449585
7691d5c2-5d64-49b7-b8c1-826bbdcfbf59,vision_vit,scaled_tanh,3,train_loss_epoch,473,1.0182033777236938
7691d5c2-5d64-49b7-b8c1-826bbdcfbf59,vision_vit,scaled_tanh,3,train_loss_epoch,491,1.013797640800476
7691d5c2-5d64-49b7-b8c1-826bbdcfbf59,vision_vit,scaled_tanh,3,train_loss_epoch,509,1.0084559917449951
7691d5c2-5d64-49b7-b8c1-826bbdcfbf59,vision_vit,scaled_tanh,3,train_loss_epoch,527,1.0078893899917605
6aba1f54-5967-49e7-830e-7a18907aa11a,vision_vit,scaled_tanh,2,val_top1,14,0.334199994802475
6aba1f54-5967-49e7-830e-7a18907aa11a,vision_vit,scaled_tanh,2,val_top1,32,0.4291000068187713
6aba1f54-5967-49e7-830e-7a18907aa11a,vision_vit,scaled_tanh,2,val_top1,50,0.4544000029563904
6aba1f54-5967-49e7-830e-7a18907aa11a,vision_vit,scaled_tanh,2,val_top1,68,0.4778000116348266
6aba1f54-5967-49e7-830e-7a18907aa11a,vision_vit,scaled_tanh,2,val_top1,86,0.5067999958992004
6aba1f54-5967-49e7-830e-7a18907aa11a,vision_vit,scaled_tanh,2,val_top1,102,0.5121999979019165
6aba1f54-5967-49e7-830e-7a18907aa11a,vision_vit,scaled_tanh,2,val_top1,120,0.532800018787384
6aba1f54-5967-49e7-830e-7a18907aa11a,vision_vit,scaled_tanh,2,val_top1,138,0.5471000075340271
6aba1f54-5967-49e7-830e-7a18907aa11a,vision_vit,scaled_tanh,2,val_top1,156,0.5479000210762024
6aba1f54-5967-49e7-830e-7a18907aa11a,vision_vit,scaled_tanh,2,val_top1,174,0.5637999773025513
6aba1f54-5967-49e7-830e-7a18907aa11a,vision_vit,scaled_tanh,2,val_top1,190,0.5705000162124634
6aba1f54-5967-49e7-830e-7a18907aa11a,vision_vit,scaled_tanh,2,val_top1,208,0.5763000249862671
6aba1f54-5967-49e7-830e-7a18907aa11a,vision_vit,scaled_tanh,2,val_top1,226,0.5845000147819519
6aba1f54-5967-49e7-830e-7a18907aa11a,vision_vit,scaled_tanh,2,val_top1,244,0.5885999798774719
6aba1f54-5967-49e7-830e-7a18907aa11a,vision_vit,scaled_tanh,2,val_top1,262,0.5820000171661377
6aba1f54-5967-49e7-830e-7a18907aa11a,vision_vit,scaled_tanh,2,val_top1,278,0.6067000031471252
6aba1f54-5967-49e7-830e-7a18907aa11a,vision_vit,scaled_tanh,2,val_top1,296,0.61080002784729
6aba1f54-5967-49e7-830e-7a18907aa11a,vision_vit,scaled_tanh,2,val_top1,314,0.6093999743461609
6aba1f54-5967-49e7-830e-7a18907aa11a,vision_vit,scaled_tanh,2,val_top1,332,0.6183000206947327
6aba1f54-5967-49e7-830e-7a18907aa11a,vision_vit,scaled_tanh,2,val_top1,350,0.6204000115394592
6aba1f54-5967-49e7-830e-7a18907aa11a,vision_vit,scaled_tanh,2,val_top1,366,0.6123999953269958
6aba1f54-5967-49e7-830e-7a18907aa11a,vision_vit,scaled_tanh,2,val_top1,384,0.6272000074386597
6aba1f54-5967-49e7-830e-7a18907aa11a,vision_vit,scaled_tanh,2,val_top1,402,0.626800000667572
6aba1f54-5967-49e7-830e-7a18907aa11a,vision_vit,scaled_tanh,2,val_top1,420,0.6334999799728394
6aba1f54-5967-49e7-830e-7a18907aa11a,vision_vit,scaled_tanh,2,val_top1,438,0.6348999738693237
6aba1f54-5967-49e7-830e-7a18907aa11a,vision_vit,scaled_tanh,2,val_top1,454,0.6388000249862671
6aba1f54-5967-49e7-830e-7a18907aa11a,vision_vit,scaled_tanh,2,val_top1,472,0.6383000016212463
6aba1f54-5967-49e7-830e-7a18907aa11a,vision_vit,scaled_tanh,2,val_top1,490,0.6401000022888184
6aba1f54-5967-49e7-830e-7a18907aa11a,vision_vit,scaled_tanh,2,val_top1,508,0.6384999752044678
6aba1f54-5967-49e7-830e-7a18907aa11a,vision_vit,scaled_tanh,2,val_top1,526,0.6383000016212463
6aba1f54-5967-49e7-830e-7a18907aa11a,vision_vit,scaled_tanh,2,train_loss_epoch,15,2.085773468017578
6aba1f54-5967-49e7-830e-7a18907aa11a,vision_vit,scaled_tanh,2,train_loss_epoch,33,1.7428184747695925
6aba1f54-5967-49e7-830e-7a18907aa11a,vision_vit,scaled_tanh,2,train_loss_epoch,51,1.594257354736328
6aba1f54-5967-49e7-830e-7a18907aa11a,vision_vit,scaled_tanh,2,train_loss_epoch,69,1.5092756748199463
6aba1f54-5967-49e7-830e-7a18907aa11a,vision_vit,scaled_tanh,2,train_loss_epoch,87,1.4505113363265991
6aba1f54-5967-49e7-830e-7a18907aa11a,vision_vit,scaled_tanh,2,train_loss_epoch,103,1.4047845602035522
6aba1f54-5967-49e7-830e-7a18907aa11a,vision_vit,scaled_tanh,2,train_loss_epoch,121,1.363267421722412
6aba1f54-5967-49e7-830e-7a18907aa11a,vision_vit,scaled_tanh,2,train_loss_epoch,139,1.333645224571228
6aba1f54-5967-49e7-830e-7a18907aa11a,vision_vit,scaled_tanh,2,train_loss_epoch,157,1.3015413284301758
6aba1f54-5967-49e7-830e-7a18907aa11a,vision_vit,scaled_tanh,2,train_loss_epoch,175,1.2845022678375244
6aba1f54-5967-49e7-830e-7a18907aa11a,vision_vit,scaled_tanh,2,train_loss_epoch,191,1.2616618871688845
6aba1f54-5967-49e7-830e-7a18907aa11a,vision_vit,scaled_tanh,2,train_loss_epoch,209,1.236177921295166
6aba1f54-5967-49e7-830e-7a18907aa11a,vision_vit,scaled_tanh,2,train_loss_epoch,227,1.2230359315872192
6aba1f54-5967-49e7-830e-7a18907aa11a,vision_vit,scaled_tanh,2,train_loss_epoch,245,1.2044048309326172
6aba1f54-5967-49e7-830e-7a18907aa11a,vision_vit,scaled_tanh,2,train_loss_epoch,263,1.1889249086380005
6aba1f54-5967-49e7-830e-7a18907aa11a,vision_vit,scaled_tanh,2,train_loss_epoch,279,1.1726340055465698
6aba1f54-5967-49e7-830e-7a18907aa11a,vision_vit,scaled_tanh,2,train_loss_epoch,297,1.153950333595276
6aba1f54-5967-49e7-830e-7a18907aa11a,vision_vit,scaled_tanh,2,train_loss_epoch,315,1.1341006755828855
6aba1f54-5967-49e7-830e-7a18907aa11a,vision_vit,scaled_tanh,2,train_loss_epoch,333,1.129672884941101
6aba1f54-5967-49e7-830e-7a18907aa11a,vision_vit,scaled_tanh,2,train_loss_epoch,351,1.111711502075195
6aba1f54-5967-49e7-830e-7a18907aa11a,vision_vit,scaled_tanh,2,train_loss_epoch,367,1.1061557531356812
6aba1f54-5967-49e7-830e-7a18907aa11a,vision_vit,scaled_tanh,2,train_loss_epoch,385,1.0899957418441772
6aba1f54-5967-49e7-830e-7a18907aa11a,vision_vit,scaled_tanh,2,train_loss_epoch,403,1.0814117193222046
6aba1f54-5967-49e7-830e-7a18907aa11a,vision_vit,scaled_tanh,2,train_loss_epoch,421,1.0734405517578125
6aba1f54-5967-49e7-830e-7a18907aa11a,vision_vit,scaled_tanh,2,train_loss_epoch,439,1.0678095817565918
6aba1f54-5967-49e7-830e-7a18907aa11a,vision_vit,scaled_tanh,2,train_loss_epoch,455,1.0572761297225952
6aba1f54-5967-49e7-830e-7a18907aa11a,vision_vit,scaled_tanh,2,train_loss_epoch,473,1.0597968101501465
6aba1f54-5967-49e7-830e-7a18907aa11a,vision_vit,scaled_tanh,2,train_loss_epoch,491,1.0474464893341064
6aba1f54-5967-49e7-830e-7a18907aa11a,vision_vit,scaled_tanh,2,train_loss_epoch,509,1.0518125295639038
6aba1f54-5967-49e7-830e-7a18907aa11a,vision_vit,scaled_tanh,2,train_loss_epoch,527,1.0466294288635254
e3ba733b-b08b-43e1-9c0a-fa8f9f9f885f,vision_vit,scaled_tanh,5,val_top1,14,0.3488999903202057
e3ba733b-b08b-43e1-9c0a-fa8f9f9f885f,vision_vit,scaled_tanh,5,val_top1,32,0.4054000079631805
e3ba733b-b08b-43e1-9c0a-fa8f9f9f885f,vision_vit,scaled_tanh,5,val_top1,50,0.4528999924659729
e3ba733b-b08b-43e1-9c0a-fa8f9f9f885f,vision_vit,scaled_tanh,5,val_top1,68,0.499099999666214
e3ba733b-b08b-43e1-9c0a-fa8f9f9f885f,vision_vit,scaled_tanh,5,val_top1,86,0.5001999735832214
e3ba733b-b08b-43e1-9c0a-fa8f9f9f885f,vision_vit,scaled_tanh,5,val_top1,102,0.5149000287055969
e3ba733b-b08b-43e1-9c0a-fa8f9f9f885f,vision_vit,scaled_tanh,5,val_top1,120,0.5360999703407288
e3ba733b-b08b-43e1-9c0a-fa8f9f9f885f,vision_vit,scaled_tanh,5,val_top1,138,0.5443000197410583
e3ba733b-b08b-43e1-9c0a-fa8f9f9f885f,vision_vit,scaled_tanh,5,val_top1,156,0.5493000149726868
e3ba733b-b08b-43e1-9c0a-fa8f9f9f885f,vision_vit,scaled_tanh,5,val_top1,174,0.567799985408783
e3ba733b-b08b-43e1-9c0a-fa8f9f9f885f,vision_vit,scaled_tanh,5,val_top1,190,0.5659000277519226
e3ba733b-b08b-43e1-9c0a-fa8f9f9f885f,vision_vit,scaled_tanh,5,val_top1,208,0.5831999778747559
e3ba733b-b08b-43e1-9c0a-fa8f9f9f885f,vision_vit,scaled_tanh,5,val_top1,226,0.5863000154495239
e3ba733b-b08b-43e1-9c0a-fa8f9f9f885f,vision_vit,scaled_tanh,5,val_top1,244,0.5971999764442444
e3ba733b-b08b-43e1-9c0a-fa8f9f9f885f,vision_vit,scaled_tanh,5,val_top1,262,0.5997999906539917
e3ba733b-b08b-43e1-9c0a-fa8f9f9f885f,vision_vit,scaled_tanh,5,val_top1,278,0.5989999771118164
e3ba733b-b08b-43e1-9c0a-fa8f9f9f885f,vision_vit,scaled_tanh,5,val_top1,296,0.6168000102043152
e3ba733b-b08b-43e1-9c0a-fa8f9f9f885f,vision_vit,scaled_tanh,5,val_top1,314,0.6191999912261963
e3ba733b-b08b-43e1-9c0a-fa8f9f9f885f,vision_vit,scaled_tanh,5,val_top1,332,0.6202999949455261
e3ba733b-b08b-43e1-9c0a-fa8f9f9f885f,vision_vit,scaled_tanh,5,val_top1,350,0.6244000196456909
e3ba733b-b08b-43e1-9c0a-fa8f9f9f885f,vision_vit,scaled_tanh,5,val_top1,366,0.6309000253677368
e3ba733b-b08b-43e1-9c0a-fa8f9f9f885f,vision_vit,scaled_tanh,5,val_top1,384,0.6341000199317932
e3ba733b-b08b-43e1-9c0a-fa8f9f9f885f,vision_vit,scaled_tanh,5,val_top1,402,0.6358000040054321
e3ba733b-b08b-43e1-9c0a-fa8f9f9f885f,vision_vit,scaled_tanh,5,val_top1,420,0.63919997215271
e3ba733b-b08b-43e1-9c0a-fa8f9f9f885f,vision_vit,scaled_tanh,5,val_top1,438,0.6377000212669373
e3ba733b-b08b-43e1-9c0a-fa8f9f9f885f,vision_vit,scaled_tanh,5,val_top1,454,0.6383000016212463
e3ba733b-b08b-43e1-9c0a-fa8f9f9f885f,vision_vit,scaled_tanh,5,val_top1,472,0.6419000029563904
e3ba733b-b08b-43e1-9c0a-fa8f9f9f885f,vision_vit,scaled_tanh,5,val_top1,490,0.641700029373169
e3ba733b-b08b-43e1-9c0a-fa8f9f9f885f,vision_vit,scaled_tanh,5,val_top1,508,0.6442999839782715
e3ba733b-b08b-43e1-9c0a-fa8f9f9f885f,vision_vit,scaled_tanh,5,val_top1,526,0.642799973487854
e3ba733b-b08b-43e1-9c0a-fa8f9f9f885f,vision_vit,scaled_tanh,5,train_loss_epoch,15,2.072295904159546
e3ba733b-b08b-43e1-9c0a-fa8f9f9f885f,vision_vit,scaled_tanh,5,train_loss_epoch,33,1.752344250679016
e3ba733b-b08b-43e1-9c0a-fa8f9f9f885f,vision_vit,scaled_tanh,5,train_loss_epoch,51,1.5880752801895142
e3ba733b-b08b-43e1-9c0a-fa8f9f9f885f,vision_vit,scaled_tanh,5,train_loss_epoch,69,1.498759388923645
e3ba733b-b08b-43e1-9c0a-fa8f9f9f885f,vision_vit,scaled_tanh,5,train_loss_epoch,87,1.4393649101257324
e3ba733b-b08b-43e1-9c0a-fa8f9f9f885f,vision_vit,scaled_tanh,5,train_loss_epoch,103,1.3965277671813965
e3ba733b-b08b-43e1-9c0a-fa8f9f9f885f,vision_vit,scaled_tanh,5,train_loss_epoch,121,1.3584809303283691
e3ba733b-b08b-43e1-9c0a-fa8f9f9f885f,vision_vit,scaled_tanh,5,train_loss_epoch,139,1.3282341957092283
e3ba733b-b08b-43e1-9c0a-fa8f9f9f885f,vision_vit,scaled_tanh,5,train_loss_epoch,157,1.2974576950073242
e3ba733b-b08b-43e1-9c0a-fa8f9f9f885f,vision_vit,scaled_tanh,5,train_loss_epoch,175,1.2799241542816162
e3ba733b-b08b-43e1-9c0a-fa8f9f9f885f,vision_vit,scaled_tanh,5,train_loss_epoch,191,1.2498056888580322
e3ba733b-b08b-43e1-9c0a-fa8f9f9f885f,vision_vit,scaled_tanh,5,train_loss_epoch,209,1.229568600654602
e3ba733b-b08b-43e1-9c0a-fa8f9f9f885f,vision_vit,scaled_tanh,5,train_loss_epoch,227,1.2075899839401243
e3ba733b-b08b-43e1-9c0a-fa8f9f9f885f,vision_vit,scaled_tanh,5,train_loss_epoch,245,1.191494703292847
e3ba733b-b08b-43e1-9c0a-fa8f9f9f885f,vision_vit,scaled_tanh,5,train_loss_epoch,263,1.1755270957946775
e3ba733b-b08b-43e1-9c0a-fa8f9f9f885f,vision_vit,scaled_tanh,5,train_loss_epoch,279,1.1547443866729736
e3ba733b-b08b-43e1-9c0a-fa8f9f9f885f,vision_vit,scaled_tanh,5,train_loss_epoch,297,1.145118236541748
e3ba733b-b08b-43e1-9c0a-fa8f9f9f885f,vision_vit,scaled_tanh,5,train_loss_epoch,315,1.1218948364257812
e3ba733b-b08b-43e1-9c0a-fa8f9f9f885f,vision_vit,scaled_tanh,5,train_loss_epoch,333,1.1134697198867798
e3ba733b-b08b-43e1-9c0a-fa8f9f9f885f,vision_vit,scaled_tanh,5,train_loss_epoch,351,1.1009643077850342
e3ba733b-b08b-43e1-9c0a-fa8f9f9f885f,vision_vit,scaled_tanh,5,train_loss_epoch,367,1.0857229232788086
e3ba733b-b08b-43e1-9c0a-fa8f9f9f885f,vision_vit,scaled_tanh,5,train_loss_epoch,385,1.077531337738037
e3ba733b-b08b-43e1-9c0a-fa8f9f9f885f,vision_vit,scaled_tanh,5,train_loss_epoch,403,1.0638959407806396
e3ba733b-b08b-43e1-9c0a-fa8f9f9f885f,vision_vit,scaled_tanh,5,train_loss_epoch,421,1.0554407835006714
e3ba733b-b08b-43e1-9c0a-fa8f9f9f885f,vision_vit,scaled_tanh,5,train_loss_epoch,439,1.046125888824463
e3ba733b-b08b-43e1-9c0a-fa8f9f9f885f,vision_vit,scaled_tanh,5,train_loss_epoch,455,1.0433056354522705
e3ba733b-b08b-43e1-9c0a-fa8f9f9f885f,vision_vit,scaled_tanh,5,train_loss_epoch,473,1.0338881015777588
e3ba733b-b08b-43e1-9c0a-fa8f9f9f885f,vision_vit,scaled_tanh,5,train_loss_epoch,491,1.0361570119857788
e3ba733b-b08b-43e1-9c0a-fa8f9f9f885f,vision_vit,scaled_tanh,5,train_loss_epoch,509,1.028383731842041
e3ba733b-b08b-43e1-9c0a-fa8f9f9f885f,vision_vit,scaled_tanh,5,train_loss_epoch,527,1.0339434146881104
013582eb-ba29-4588-b8da-07df61c836bb,vision_vit,scaled_tanh,1,val_top1,14,0.3526999950408935
013582eb-ba29-4588-b8da-07df61c836bb,vision_vit,scaled_tanh,1,val_top1,32,0.38960000872612
013582eb-ba29-4588-b8da-07df61c836bb,vision_vit,scaled_tanh,1,val_top1,50,0.4465000033378601
013582eb-ba29-4588-b8da-07df61c836bb,vision_vit,scaled_tanh,1,val_top1,68,0.4850000143051147
013582eb-ba29-4588-b8da-07df61c836bb,vision_vit,scaled_tanh,1,val_top1,86,0.4930999875068664
013582eb-ba29-4588-b8da-07df61c836bb,vision_vit,scaled_tanh,1,val_top1,102,0.5253000259399414
013582eb-ba29-4588-b8da-07df61c836bb,vision_vit,scaled_tanh,1,val_top1,120,0.5360000133514404
013582eb-ba29-4588-b8da-07df61c836bb,vision_vit,scaled_tanh,1,val_top1,138,0.5476999878883362
013582eb-ba29-4588-b8da-07df61c836bb,vision_vit,scaled_tanh,1,val_top1,156,0.553600013256073
013582eb-ba29-4588-b8da-07df61c836bb,vision_vit,scaled_tanh,1,val_top1,174,0.5597000122070312
013582eb-ba29-4588-b8da-07df61c836bb,vision_vit,scaled_tanh,1,val_top1,190,0.5654000043869019
013582eb-ba29-4588-b8da-07df61c836bb,vision_vit,scaled_tanh,1,val_top1,208,0.5733000040054321
013582eb-ba29-4588-b8da-07df61c836bb,vision_vit,scaled_tanh,1,val_top1,226,0.5766000151634216
013582eb-ba29-4588-b8da-07df61c836bb,vision_vit,scaled_tanh,1,val_top1,244,0.5918999910354614
013582eb-ba29-4588-b8da-07df61c836bb,vision_vit,scaled_tanh,1,val_top1,262,0.5921000242233276
013582eb-ba29-4588-b8da-07df61c836bb,vision_vit,scaled_tanh,1,val_top1,278,0.5993000268936157
013582eb-ba29-4588-b8da-07df61c836bb,vision_vit,scaled_tanh,1,val_top1,296,0.6114000082015991
013582eb-ba29-4588-b8da-07df61c836bb,vision_vit,scaled_tanh,1,val_top1,314,0.6074000000953674
013582eb-ba29-4588-b8da-07df61c836bb,vision_vit,scaled_tanh,1,val_top1,332,0.609000027179718
013582eb-ba29-4588-b8da-07df61c836bb,vision_vit,scaled_tanh,1,val_top1,350,0.614799976348877
013582eb-ba29-4588-b8da-07df61c836bb,vision_vit,scaled_tanh,1,val_top1,366,0.6273999810218811
013582eb-ba29-4588-b8da-07df61c836bb,vision_vit,scaled_tanh,1,val_top1,384,0.6244999766349792
013582eb-ba29-4588-b8da-07df61c836bb,vision_vit,scaled_tanh,1,val_top1,402,0.6277999877929688
013582eb-ba29-4588-b8da-07df61c836bb,vision_vit,scaled_tanh,1,val_top1,420,0.6344000101089478
013582eb-ba29-4588-b8da-07df61c836bb,vision_vit,scaled_tanh,1,val_top1,438,0.6326000094413757
013582eb-ba29-4588-b8da-07df61c836bb,vision_vit,scaled_tanh,1,val_top1,454,0.6347000002861023
013582eb-ba29-4588-b8da-07df61c836bb,vision_vit,scaled_tanh,1,val_top1,472,0.6366000175476074
013582eb-ba29-4588-b8da-07df61c836bb,vision_vit,scaled_tanh,1,val_top1,490,0.6371999979019165
013582eb-ba29-4588-b8da-07df61c836bb,vision_vit,scaled_tanh,1,val_top1,508,0.6377999782562256
013582eb-ba29-4588-b8da-07df61c836bb,vision_vit,scaled_tanh,1,val_top1,526,0.6378999948501587
013582eb-ba29-4588-b8da-07df61c836bb,vision_vit,scaled_tanh,1,train_loss_epoch,15,2.082114219665528
013582eb-ba29-4588-b8da-07df61c836bb,vision_vit,scaled_tanh,1,train_loss_epoch,33,1.757538914680481
013582eb-ba29-4588-b8da-07df61c836bb,vision_vit,scaled_tanh,1,train_loss_epoch,51,1.6093274354934692
013582eb-ba29-4588-b8da-07df61c836bb,vision_vit,scaled_tanh,1,train_loss_epoch,69,1.518316626548767
013582eb-ba29-4588-b8da-07df61c836bb,vision_vit,scaled_tanh,1,train_loss_epoch,87,1.458135962486267
013582eb-ba29-4588-b8da-07df61c836bb,vision_vit,scaled_tanh,1,train_loss_epoch,103,1.412787914276123
013582eb-ba29-4588-b8da-07df61c836bb,vision_vit,scaled_tanh,1,train_loss_epoch,121,1.373814821243286
013582eb-ba29-4588-b8da-07df61c836bb,vision_vit,scaled_tanh,1,train_loss_epoch,139,1.3442586660385132
013582eb-ba29-4588-b8da-07df61c836bb,vision_vit,scaled_tanh,1,train_loss_epoch,157,1.320440411567688
013582eb-ba29-4588-b8da-07df61c836bb,vision_vit,scaled_tanh,1,train_loss_epoch,175,1.2928450107574463
013582eb-ba29-4588-b8da-07df61c836bb,vision_vit,scaled_tanh,1,train_loss_epoch,191,1.2752749919891355
013582eb-ba29-4588-b8da-07df61c836bb,vision_vit,scaled_tanh,1,train_loss_epoch,209,1.2487304210662842
013582eb-ba29-4588-b8da-07df61c836bb,vision_vit,scaled_tanh,1,train_loss_epoch,227,1.231870174407959
013582eb-ba29-4588-b8da-07df61c836bb,vision_vit,scaled_tanh,1,train_loss_epoch,245,1.2157304286956787
013582eb-ba29-4588-b8da-07df61c836bb,vision_vit,scaled_tanh,1,train_loss_epoch,263,1.204064130783081
013582eb-ba29-4588-b8da-07df61c836bb,vision_vit,scaled_tanh,1,train_loss_epoch,279,1.1894952058792114
013582eb-ba29-4588-b8da-07df61c836bb,vision_vit,scaled_tanh,1,train_loss_epoch,297,1.16998553276062
013582eb-ba29-4588-b8da-07df61c836bb,vision_vit,scaled_tanh,1,train_loss_epoch,315,1.1606411933898926
013582eb-ba29-4588-b8da-07df61c836bb,vision_vit,scaled_tanh,1,train_loss_epoch,333,1.148881912231445
013582eb-ba29-4588-b8da-07df61c836bb,vision_vit,scaled_tanh,1,train_loss_epoch,351,1.1288851499557495
013582eb-ba29-4588-b8da-07df61c836bb,vision_vit,scaled_tanh,1,train_loss_epoch,367,1.1215977668762207
013582eb-ba29-4588-b8da-07df61c836bb,vision_vit,scaled_tanh,1,train_loss_epoch,385,1.1092313528060913
013582eb-ba29-4588-b8da-07df61c836bb,vision_vit,scaled_tanh,1,train_loss_epoch,403,1.094566822052002
013582eb-ba29-4588-b8da-07df61c836bb,vision_vit,scaled_tanh,1,train_loss_epoch,421,1.0899982452392578
013582eb-ba29-4588-b8da-07df61c836bb,vision_vit,scaled_tanh,1,train_loss_epoch,439,1.0830670595169067
013582eb-ba29-4588-b8da-07df61c836bb,vision_vit,scaled_tanh,1,train_loss_epoch,455,1.0799235105514526
013582eb-ba29-4588-b8da-07df61c836bb,vision_vit,scaled_tanh,1,train_loss_epoch,473,1.0740044116973877
013582eb-ba29-4588-b8da-07df61c836bb,vision_vit,scaled_tanh,1,train_loss_epoch,491,1.076059341430664
013582eb-ba29-4588-b8da-07df61c836bb,vision_vit,scaled_tanh,1,train_loss_epoch,509,1.065973162651062
013582eb-ba29-4588-b8da-07df61c836bb,vision_vit,scaled_tanh,1,train_loss_epoch,527,1.0698415040969849
94c1061b-2aa6-41e8-a6ae-62e43d3f170c,vision_vit,scaled_tanh,7,val_top1,14,0.3610999882221222
94c1061b-2aa6-41e8-a6ae-62e43d3f170c,vision_vit,scaled_tanh,7,val_top1,32,0.4154999852180481
94c1061b-2aa6-41e8-a6ae-62e43d3f170c,vision_vit,scaled_tanh,7,val_top1,50,0.4824000000953674
94c1061b-2aa6-41e8-a6ae-62e43d3f170c,vision_vit,scaled_tanh,7,val_top1,68,0.4688000082969665
94c1061b-2aa6-41e8-a6ae-62e43d3f170c,vision_vit,scaled_tanh,7,val_top1,86,0.5081999897956848
94c1061b-2aa6-41e8-a6ae-62e43d3f170c,vision_vit,scaled_tanh,7,val_top1,102,0.5144000053405762
94c1061b-2aa6-41e8-a6ae-62e43d3f170c,vision_vit,scaled_tanh,7,val_top1,120,0.5511000156402588
94c1061b-2aa6-41e8-a6ae-62e43d3f170c,vision_vit,scaled_tanh,7,val_top1,138,0.5544000267982483
94c1061b-2aa6-41e8-a6ae-62e43d3f170c,vision_vit,scaled_tanh,7,val_top1,156,0.5697000026702881
94c1061b-2aa6-41e8-a6ae-62e43d3f170c,vision_vit,scaled_tanh,7,val_top1,174,0.5821999907493591
94c1061b-2aa6-41e8-a6ae-62e43d3f170c,vision_vit,scaled_tanh,7,val_top1,190,0.5907999873161316
94c1061b-2aa6-41e8-a6ae-62e43d3f170c,vision_vit,scaled_tanh,7,val_top1,208,0.586899995803833
94c1061b-2aa6-41e8-a6ae-62e43d3f170c,vision_vit,scaled_tanh,7,val_top1,226,0.5968999862670898
94c1061b-2aa6-41e8-a6ae-62e43d3f170c,vision_vit,scaled_tanh,7,val_top1,244,0.6018999814987183
94c1061b-2aa6-41e8-a6ae-62e43d3f170c,vision_vit,scaled_tanh,7,val_top1,262,0.6179999709129333
94c1061b-2aa6-41e8-a6ae-62e43d3f170c,vision_vit,scaled_tanh,7,val_top1,278,0.6236000061035156
94c1061b-2aa6-41e8-a6ae-62e43d3f170c,vision_vit,scaled_tanh,7,val_top1,296,0.6274999976158142
94c1061b-2aa6-41e8-a6ae-62e43d3f170c,vision_vit,scaled_tanh,7,val_top1,314,0.6237000226974487
94c1061b-2aa6-41e8-a6ae-62e43d3f170c,vision_vit,scaled_tanh,7,val_top1,332,0.6362000107765198
94c1061b-2aa6-41e8-a6ae-62e43d3f170c,vision_vit,scaled_tanh,7,val_top1,350,0.6406000256538391
94c1061b-2aa6-41e8-a6ae-62e43d3f170c,vision_vit,scaled_tanh,7,val_top1,366,0.6442999839782715
94c1061b-2aa6-41e8-a6ae-62e43d3f170c,vision_vit,scaled_tanh,7,val_top1,384,0.6492000222206116
94c1061b-2aa6-41e8-a6ae-62e43d3f170c,vision_vit,scaled_tanh,7,val_top1,402,0.6534000039100647
94c1061b-2aa6-41e8-a6ae-62e43d3f170c,vision_vit,scaled_tanh,7,val_top1,420,0.650600016117096
94c1061b-2aa6-41e8-a6ae-62e43d3f170c,vision_vit,scaled_tanh,7,val_top1,438,0.657800018787384
94c1061b-2aa6-41e8-a6ae-62e43d3f170c,vision_vit,scaled_tanh,7,val_top1,454,0.6554999947547913
94c1061b-2aa6-41e8-a6ae-62e43d3f170c,vision_vit,scaled_tanh,7,val_top1,472,0.6582000255584717
94c1061b-2aa6-41e8-a6ae-62e43d3f170c,vision_vit,scaled_tanh,7,val_top1,490,0.6607000231742859
94c1061b-2aa6-41e8-a6ae-62e43d3f170c,vision_vit,scaled_tanh,7,val_top1,508,0.6618000268936157
94c1061b-2aa6-41e8-a6ae-62e43d3f170c,vision_vit,scaled_tanh,7,val_top1,526,0.6607999801635742
94c1061b-2aa6-41e8-a6ae-62e43d3f170c,vision_vit,scaled_tanh,7,train_loss_epoch,15,2.0787811279296875
94c1061b-2aa6-41e8-a6ae-62e43d3f170c,vision_vit,scaled_tanh,7,train_loss_epoch,33,1.732707977294922
94c1061b-2aa6-41e8-a6ae-62e43d3f170c,vision_vit,scaled_tanh,7,train_loss_epoch,51,1.5775810480117798
94c1061b-2aa6-41e8-a6ae-62e43d3f170c,vision_vit,scaled_tanh,7,train_loss_epoch,69,1.4833709001541138
94c1061b-2aa6-41e8-a6ae-62e43d3f170c,vision_vit,scaled_tanh,7,train_loss_epoch,87,1.423539638519287
94c1061b-2aa6-41e8-a6ae-62e43d3f170c,vision_vit,scaled_tanh,7,train_loss_epoch,103,1.3777689933776855
94c1061b-2aa6-41e8-a6ae-62e43d3f170c,vision_vit,scaled_tanh,7,train_loss_epoch,121,1.3512169122695925
94c1061b-2aa6-41e8-a6ae-62e43d3f170c,vision_vit,scaled_tanh,7,train_loss_epoch,139,1.3212486505508425
94c1061b-2aa6-41e8-a6ae-62e43d3f170c,vision_vit,scaled_tanh,7,train_loss_epoch,157,1.2908960580825806
94c1061b-2aa6-41e8-a6ae-62e43d3f170c,vision_vit,scaled_tanh,7,train_loss_epoch,175,1.2634763717651367
94c1061b-2aa6-41e8-a6ae-62e43d3f170c,vision_vit,scaled_tanh,7,train_loss_epoch,191,1.2352278232574463
94c1061b-2aa6-41e8-a6ae-62e43d3f170c,vision_vit,scaled_tanh,7,train_loss_epoch,209,1.2162086963653564
94c1061b-2aa6-41e8-a6ae-62e43d3f170c,vision_vit,scaled_tanh,7,train_loss_epoch,227,1.191908597946167
94c1061b-2aa6-41e8-a6ae-62e43d3f170c,vision_vit,scaled_tanh,7,train_loss_epoch,245,1.174892544746399
94c1061b-2aa6-41e8-a6ae-62e43d3f170c,vision_vit,scaled_tanh,7,train_loss_epoch,263,1.1583590507507324
94c1061b-2aa6-41e8-a6ae-62e43d3f170c,vision_vit,scaled_tanh,7,train_loss_epoch,279,1.1409035921096802
94c1061b-2aa6-41e8-a6ae-62e43d3f170c,vision_vit,scaled_tanh,7,train_loss_epoch,297,1.124062180519104
94c1061b-2aa6-41e8-a6ae-62e43d3f170c,vision_vit,scaled_tanh,7,train_loss_epoch,315,1.110419511795044
94c1061b-2aa6-41e8-a6ae-62e43d3f170c,vision_vit,scaled_tanh,7,train_loss_epoch,333,1.0961787700653076
94c1061b-2aa6-41e8-a6ae-62e43d3f170c,vision_vit,scaled_tanh,7,train_loss_epoch,351,1.0810893774032593
94c1061b-2aa6-41e8-a6ae-62e43d3f170c,vision_vit,scaled_tanh,7,train_loss_epoch,367,1.0670406818389893
94c1061b-2aa6-41e8-a6ae-62e43d3f170c,vision_vit,scaled_tanh,7,train_loss_epoch,385,1.061479091644287
94c1061b-2aa6-41e8-a6ae-62e43d3f170c,vision_vit,scaled_tanh,7,train_loss_epoch,403,1.0530376434326172
94c1061b-2aa6-41e8-a6ae-62e43d3f170c,vision_vit,scaled_tanh,7,train_loss_epoch,421,1.0383658409118652
94c1061b-2aa6-41e8-a6ae-62e43d3f170c,vision_vit,scaled_tanh,7,train_loss_epoch,439,1.0312831401824951
94c1061b-2aa6-41e8-a6ae-62e43d3f170c,vision_vit,scaled_tanh,7,train_loss_epoch,455,1.027029037475586
94c1061b-2aa6-41e8-a6ae-62e43d3f170c,vision_vit,scaled_tanh,7,train_loss_epoch,473,1.02522611618042
94c1061b-2aa6-41e8-a6ae-62e43d3f170c,vision_vit,scaled_tanh,7,train_loss_epoch,491,1.0203285217285156
94c1061b-2aa6-41e8-a6ae-62e43d3f170c,vision_vit,scaled_tanh,7,train_loss_epoch,509,1.019930362701416
94c1061b-2aa6-41e8-a6ae-62e43d3f170c,vision_vit,scaled_tanh,7,train_loss_epoch,527,1.014670491218567
b00f2199-347e-428d-9e2c-70a9d1a115e2,vision_vit,scaled_tanh,6,val_top1,14,0.3427999913692474
b00f2199-347e-428d-9e2c-70a9d1a115e2,vision_vit,scaled_tanh,6,val_top1,32,0.4147999882698059
b00f2199-347e-428d-9e2c-70a9d1a115e2,vision_vit,scaled_tanh,6,val_top1,50,0.4514999985694885
b00f2199-347e-428d-9e2c-70a9d1a115e2,vision_vit,scaled_tanh,6,val_top1,68,0.476500004529953
b00f2199-347e-428d-9e2c-70a9d1a115e2,vision_vit,scaled_tanh,6,val_top1,86,0.5044999718666077
b00f2199-347e-428d-9e2c-70a9d1a115e2,vision_vit,scaled_tanh,6,val_top1,102,0.519599974155426
b00f2199-347e-428d-9e2c-70a9d1a115e2,vision_vit,scaled_tanh,6,val_top1,120,0.531000018119812
b00f2199-347e-428d-9e2c-70a9d1a115e2,vision_vit,scaled_tanh,6,val_top1,138,0.5415999889373779
b00f2199-347e-428d-9e2c-70a9d1a115e2,vision_vit,scaled_tanh,6,val_top1,156,0.5623999834060669
b00f2199-347e-428d-9e2c-70a9d1a115e2,vision_vit,scaled_tanh,6,val_top1,174,0.5640000104904175
b00f2199-347e-428d-9e2c-70a9d1a115e2,vision_vit,scaled_tanh,6,val_top1,190,0.5716000199317932
b00f2199-347e-428d-9e2c-70a9d1a115e2,vision_vit,scaled_tanh,6,val_top1,208,0.5680999755859375
b00f2199-347e-428d-9e2c-70a9d1a115e2,vision_vit,scaled_tanh,6,val_top1,226,0.5913000106811523
b00f2199-347e-428d-9e2c-70a9d1a115e2,vision_vit,scaled_tanh,6,val_top1,244,0.5932999849319458
b00f2199-347e-428d-9e2c-70a9d1a115e2,vision_vit,scaled_tanh,6,val_top1,262,0.5968000292778015
b00f2199-347e-428d-9e2c-70a9d1a115e2,vision_vit,scaled_tanh,6,val_top1,278,0.5996000170707703
b00f2199-347e-428d-9e2c-70a9d1a115e2,vision_vit,scaled_tanh,6,val_top1,296,0.6055999994277954
b00f2199-347e-428d-9e2c-70a9d1a115e2,vision_vit,scaled_tanh,6,val_top1,314,0.6225000023841858
b00f2199-347e-428d-9e2c-70a9d1a115e2,vision_vit,scaled_tanh,6,val_top1,332,0.6212000250816345
b00f2199-347e-428d-9e2c-70a9d1a115e2,vision_vit,scaled_tanh,6,val_top1,350,0.6248999834060669
b00f2199-347e-428d-9e2c-70a9d1a115e2,vision_vit,scaled_tanh,6,val_top1,366,0.628000020980835
b00f2199-347e-428d-9e2c-70a9d1a115e2,vision_vit,scaled_tanh,6,val_top1,384,0.632099986076355
b00f2199-347e-428d-9e2c-70a9d1a115e2,vision_vit,scaled_tanh,6,val_top1,402,0.6312000155448914
b00f2199-347e-428d-9e2c-70a9d1a115e2,vision_vit,scaled_tanh,6,val_top1,420,0.6324999928474426
b00f2199-347e-428d-9e2c-70a9d1a115e2,vision_vit,scaled_tanh,6,val_top1,438,0.6399999856948853
b00f2199-347e-428d-9e2c-70a9d1a115e2,vision_vit,scaled_tanh,6,val_top1,454,0.6420000195503235
b00f2199-347e-428d-9e2c-70a9d1a115e2,vision_vit,scaled_tanh,6,val_top1,472,0.6430000066757202
b00f2199-347e-428d-9e2c-70a9d1a115e2,vision_vit,scaled_tanh,6,val_top1,490,0.6421999931335449
b00f2199-347e-428d-9e2c-70a9d1a115e2,vision_vit,scaled_tanh,6,val_top1,508,0.6402000188827515
b00f2199-347e-428d-9e2c-70a9d1a115e2,vision_vit,scaled_tanh,6,val_top1,526,0.640500009059906
b00f2199-347e-428d-9e2c-70a9d1a115e2,vision_vit,scaled_tanh,6,train_loss_epoch,15,2.0700039863586426
b00f2199-347e-428d-9e2c-70a9d1a115e2,vision_vit,scaled_tanh,6,train_loss_epoch,33,1.7502776384353638
b00f2199-347e-428d-9e2c-70a9d1a115e2,vision_vit,scaled_tanh,6,train_loss_epoch,51,1.586270809173584
b00f2199-347e-428d-9e2c-70a9d1a115e2,vision_vit,scaled_tanh,6,train_loss_epoch,69,1.4923564195632937
b00f2199-347e-428d-9e2c-70a9d1a115e2,vision_vit,scaled_tanh,6,train_loss_epoch,87,1.4344520568847656
b00f2199-347e-428d-9e2c-70a9d1a115e2,vision_vit,scaled_tanh,6,train_loss_epoch,103,1.392628788948059
b00f2199-347e-428d-9e2c-70a9d1a115e2,vision_vit,scaled_tanh,6,train_loss_epoch,121,1.347362399101257
b00f2199-347e-428d-9e2c-70a9d1a115e2,vision_vit,scaled_tanh,6,train_loss_epoch,139,1.3232245445251465
b00f2199-347e-428d-9e2c-70a9d1a115e2,vision_vit,scaled_tanh,6,train_loss_epoch,157,1.2965376377105713
b00f2199-347e-428d-9e2c-70a9d1a115e2,vision_vit,scaled_tanh,6,train_loss_epoch,175,1.2664490938186646
b00f2199-347e-428d-9e2c-70a9d1a115e2,vision_vit,scaled_tanh,6,train_loss_epoch,191,1.2409588098526
b00f2199-347e-428d-9e2c-70a9d1a115e2,vision_vit,scaled_tanh,6,train_loss_epoch,209,1.2287753820419312
b00f2199-347e-428d-9e2c-70a9d1a115e2,vision_vit,scaled_tanh,6,train_loss_epoch,227,1.2073404788970947
b00f2199-347e-428d-9e2c-70a9d1a115e2,vision_vit,scaled_tanh,6,train_loss_epoch,245,1.192615628242493
b00f2199-347e-428d-9e2c-70a9d1a115e2,vision_vit,scaled_tanh,6,train_loss_epoch,263,1.1739370822906494
b00f2199-347e-428d-9e2c-70a9d1a115e2,vision_vit,scaled_tanh,6,train_loss_epoch,279,1.15350341796875
b00f2199-347e-428d-9e2c-70a9d1a115e2,vision_vit,scaled_tanh,6,train_loss_epoch,297,1.138378620147705
b00f2199-347e-428d-9e2c-70a9d1a115e2,vision_vit,scaled_tanh,6,train_loss_epoch,315,1.1258445978164673
b00f2199-347e-428d-9e2c-70a9d1a115e2,vision_vit,scaled_tanh,6,train_loss_epoch,333,1.1135988235473633
b00f2199-347e-428d-9e2c-70a9d1a115e2,vision_vit,scaled_tanh,6,train_loss_epoch,351,1.0984565019607544
b00f2199-347e-428d-9e2c-70a9d1a115e2,vision_vit,scaled_tanh,6,train_loss_epoch,367,1.0879089832305908
b00f2199-347e-428d-9e2c-70a9d1a115e2,vision_vit,scaled_tanh,6,train_loss_epoch,385,1.0789884328842163
b00f2199-347e-428d-9e2c-70a9d1a115e2,vision_vit,scaled_tanh,6,train_loss_epoch,403,1.0627110004425049
b00f2199-347e-428d-9e2c-70a9d1a115e2,vision_vit,scaled_tanh,6,train_loss_epoch,421,1.0616005659103394
b00f2199-347e-428d-9e2c-70a9d1a115e2,vision_vit,scaled_tanh,6,train_loss_epoch,439,1.0472928285598757
b00f2199-347e-428d-9e2c-70a9d1a115e2,vision_vit,scaled_tanh,6,train_loss_epoch,455,1.041008234024048
b00f2199-347e-428d-9e2c-70a9d1a115e2,vision_vit,scaled_tanh,6,train_loss_epoch,473,1.034060001373291
b00f2199-347e-428d-9e2c-70a9d1a115e2,vision_vit,scaled_tanh,6,train_loss_epoch,491,1.0363725423812866
b00f2199-347e-428d-9e2c-70a9d1a115e2,vision_vit,scaled_tanh,6,train_loss_epoch,509,1.0298019647598269
b00f2199-347e-428d-9e2c-70a9d1a115e2,vision_vit,scaled_tanh,6,train_loss_epoch,527,1.0318316221237185
fa581667-6d4e-4cc4-a3ac-1668341af5e3,vision_vit,scaled_tanh,0,val_top1,14,0.3373999893665313
fa581667-6d4e-4cc4-a3ac-1668341af5e3,vision_vit,scaled_tanh,0,val_top1,32,0.4244999885559082
fa581667-6d4e-4cc4-a3ac-1668341af5e3,vision_vit,scaled_tanh,0,val_top1,50,0.4776000082492828
fa581667-6d4e-4cc4-a3ac-1668341af5e3,vision_vit,scaled_tanh,0,val_top1,68,0.4889000058174133
fa581667-6d4e-4cc4-a3ac-1668341af5e3,vision_vit,scaled_tanh,0,val_top1,86,0.5213000178337097
fa581667-6d4e-4cc4-a3ac-1668341af5e3,vision_vit,scaled_tanh,0,val_top1,102,0.5425000190734863
fa581667-6d4e-4cc4-a3ac-1668341af5e3,vision_vit,scaled_tanh,0,val_top1,120,0.5332000255584717
fa581667-6d4e-4cc4-a3ac-1668341af5e3,vision_vit,scaled_tanh,0,val_top1,138,0.5672000050544739
fa581667-6d4e-4cc4-a3ac-1668341af5e3,vision_vit,scaled_tanh,0,val_top1,156,0.5626999735832214
fa581667-6d4e-4cc4-a3ac-1668341af5e3,vision_vit,scaled_tanh,0,val_top1,174,0.5722000002861023
fa581667-6d4e-4cc4-a3ac-1668341af5e3,vision_vit,scaled_tanh,0,val_top1,190,0.5792999863624573
fa581667-6d4e-4cc4-a3ac-1668341af5e3,vision_vit,scaled_tanh,0,val_top1,208,0.5788000226020813
fa581667-6d4e-4cc4-a3ac-1668341af5e3,vision_vit,scaled_tanh,0,val_top1,226,0.5964000225067139
fa581667-6d4e-4cc4-a3ac-1668341af5e3,vision_vit,scaled_tanh,0,val_top1,244,0.6050999760627747
fa581667-6d4e-4cc4-a3ac-1668341af5e3,vision_vit,scaled_tanh,0,val_top1,262,0.6075000166893005
fa581667-6d4e-4cc4-a3ac-1668341af5e3,vision_vit,scaled_tanh,0,val_top1,278,0.6187000274658203
fa581667-6d4e-4cc4-a3ac-1668341af5e3,vision_vit,scaled_tanh,0,val_top1,296,0.6202999949455261
fa581667-6d4e-4cc4-a3ac-1668341af5e3,vision_vit,scaled_tanh,0,val_top1,314,0.6262000203132629
fa581667-6d4e-4cc4-a3ac-1668341af5e3,vision_vit,scaled_tanh,0,val_top1,332,0.6280999779701233
fa581667-6d4e-4cc4-a3ac-1668341af5e3,vision_vit,scaled_tanh,0,val_top1,350,0.6326000094413757
fa581667-6d4e-4cc4-a3ac-1668341af5e3,vision_vit,scaled_tanh,0,val_top1,366,0.6413000226020813
fa581667-6d4e-4cc4-a3ac-1668341af5e3,vision_vit,scaled_tanh,0,val_top1,384,0.6388000249862671
fa581667-6d4e-4cc4-a3ac-1668341af5e3,vision_vit,scaled_tanh,0,val_top1,402,0.6417999863624573
fa581667-6d4e-4cc4-a3ac-1668341af5e3,vision_vit,scaled_tanh,0,val_top1,420,0.6498000025749207
fa581667-6d4e-4cc4-a3ac-1668341af5e3,vision_vit,scaled_tanh,0,val_top1,438,0.63919997215271
fa581667-6d4e-4cc4-a3ac-1668341af5e3,vision_vit,scaled_tanh,0,val_top1,454,0.6500999927520752
fa581667-6d4e-4cc4-a3ac-1668341af5e3,vision_vit,scaled_tanh,0,val_top1,472,0.6525999903678894
fa581667-6d4e-4cc4-a3ac-1668341af5e3,vision_vit,scaled_tanh,0,val_top1,490,0.6481999754905701
fa581667-6d4e-4cc4-a3ac-1668341af5e3,vision_vit,scaled_tanh,0,val_top1,508,0.6488999724388123
fa581667-6d4e-4cc4-a3ac-1668341af5e3,vision_vit,scaled_tanh,0,val_top1,526,0.6510000228881836
fa581667-6d4e-4cc4-a3ac-1668341af5e3,vision_vit,scaled_tanh,0,train_loss_epoch,15,2.082376718521118
fa581667-6d4e-4cc4-a3ac-1668341af5e3,vision_vit,scaled_tanh,0,train_loss_epoch,33,1.745240330696106
fa581667-6d4e-4cc4-a3ac-1668341af5e3,vision_vit,scaled_tanh,0,train_loss_epoch,51,1.5811697244644165
fa581667-6d4e-4cc4-a3ac-1668341af5e3,vision_vit,scaled_tanh,0,train_loss_epoch,69,1.4900346994400024
fa581667-6d4e-4cc4-a3ac-1668341af5e3,vision_vit,scaled_tanh,0,train_loss_epoch,87,1.428587794303894
fa581667-6d4e-4cc4-a3ac-1668341af5e3,vision_vit,scaled_tanh,0,train_loss_epoch,103,1.385662078857422
fa581667-6d4e-4cc4-a3ac-1668341af5e3,vision_vit,scaled_tanh,0,train_loss_epoch,121,1.3456201553344729
fa581667-6d4e-4cc4-a3ac-1668341af5e3,vision_vit,scaled_tanh,0,train_loss_epoch,139,1.317171335220337
fa581667-6d4e-4cc4-a3ac-1668341af5e3,vision_vit,scaled_tanh,0,train_loss_epoch,157,1.29148530960083
fa581667-6d4e-4cc4-a3ac-1668341af5e3,vision_vit,scaled_tanh,0,train_loss_epoch,175,1.2636690139770508
fa581667-6d4e-4cc4-a3ac-1668341af5e3,vision_vit,scaled_tanh,0,train_loss_epoch,191,1.239849328994751
fa581667-6d4e-4cc4-a3ac-1668341af5e3,vision_vit,scaled_tanh,0,train_loss_epoch,209,1.2250021696090698
fa581667-6d4e-4cc4-a3ac-1668341af5e3,vision_vit,scaled_tanh,0,train_loss_epoch,227,1.1984224319458008
fa581667-6d4e-4cc4-a3ac-1668341af5e3,vision_vit,scaled_tanh,0,train_loss_epoch,245,1.1819021701812744
fa581667-6d4e-4cc4-a3ac-1668341af5e3,vision_vit,scaled_tanh,0,train_loss_epoch,263,1.1617722511291504
fa581667-6d4e-4cc4-a3ac-1668341af5e3,vision_vit,scaled_tanh,0,train_loss_epoch,279,1.1478030681610107
fa581667-6d4e-4cc4-a3ac-1668341af5e3,vision_vit,scaled_tanh,0,train_loss_epoch,297,1.1274700164794922
fa581667-6d4e-4cc4-a3ac-1668341af5e3,vision_vit,scaled_tanh,0,train_loss_epoch,315,1.111599326133728
fa581667-6d4e-4cc4-a3ac-1668341af5e3,vision_vit,scaled_tanh,0,train_loss_epoch,333,1.0996856689453125
fa581667-6d4e-4cc4-a3ac-1668341af5e3,vision_vit,scaled_tanh,0,train_loss_epoch,351,1.0879491567611694
fa581667-6d4e-4cc4-a3ac-1668341af5e3,vision_vit,scaled_tanh,0,train_loss_epoch,367,1.0725523233413696
fa581667-6d4e-4cc4-a3ac-1668341af5e3,vision_vit,scaled_tanh,0,train_loss_epoch,385,1.068130373954773
fa581667-6d4e-4cc4-a3ac-1668341af5e3,vision_vit,scaled_tanh,0,train_loss_epoch,403,1.0520068407058716
fa581667-6d4e-4cc4-a3ac-1668341af5e3,vision_vit,scaled_tanh,0,train_loss_epoch,421,1.042871117591858
fa581667-6d4e-4cc4-a3ac-1668341af5e3,vision_vit,scaled_tanh,0,train_loss_epoch,439,1.0353572368621826
fa581667-6d4e-4cc4-a3ac-1668341af5e3,vision_vit,scaled_tanh,0,train_loss_epoch,455,1.0321342945098877
fa581667-6d4e-4cc4-a3ac-1668341af5e3,vision_vit,scaled_tanh,0,train_loss_epoch,473,1.0271365642547607
fa581667-6d4e-4cc4-a3ac-1668341af5e3,vision_vit,scaled_tanh,0,train_loss_epoch,491,1.022021770477295
fa581667-6d4e-4cc4-a3ac-1668341af5e3,vision_vit,scaled_tanh,0,train_loss_epoch,509,1.016874074935913
fa581667-6d4e-4cc4-a3ac-1668341af5e3,vision_vit,scaled_tanh,0,train_loss_epoch,527,1.0169731378555298
