run_id,task,activation,seed,metric,row_index,value
37b9a559-eba6-4acf-998d-ef811079e91b,lm,mish,3,val_ppl,10,673.0623168945312
37b9a559-eba6-4acf-998d-ef811079e91b,lm,mish,3,val_ppl,24,438.0122375488281
37b9a559-eba6-4acf-998d-ef811079e91b,lm,mish,3,val_ppl,36,377.5813903808594
37b9a559-eba6-4acf-998d-ef811079e91b,lm,mish,3,val_ppl,50,347.3471984863281
37b9a559-eba6-4acf-998d-ef811079e91b,lm,mish,3,val_ppl,64,330.8205261230469
37b9a559-eba6-4acf-998d-ef811079e91b,lm,mish,3,val_ppl,76,324.1656188964844
37b9a559-eba6-4acf-998d-ef811079e91b,lm,mish,3,val_ppl,90,321.5079040527344
37b9a559-eba6-4acf-998d-ef811079e91b,lm,mish,3,val_ppl,102,323.3490600585937
37b9a559-eba6-4acf-998d-ef811079e91b,lm,mish,3,val_ppl,116,325.47149658203125
37b9a559-eba6-4acf-998d-ef811079e91b,lm,mish,3,val_ppl,130,326.1400146484375
37b9a559-eba6-4acf-998d-ef811079e91b,lm,mish,3,val_loss,10,6.507892608642578
37b9a559-eba6-4acf-998d-ef811079e91b,lm,mish,3,val_loss,24,6.075002193450928
37b9a559-eba6-4acf-998d-ef811079e91b,lm,mish,3,val_loss,36,5.924281597137451
37b9a559-eba6-4acf-998d-ef811079e91b,lm,mish,3,val_loss,50,5.839645385742188
37b9a559-eba6-4acf-998d-ef811079e91b,lm,mish,3,val_loss,64,5.789572715759277
37b9a559-eba6-4acf-998d-ef811079e91b,lm,mish,3,val_loss,76,5.768055438995361
37b9a559-eba6-4acf-998d-ef811079e91b,lm,mish,3,val_loss,90,5.759074687957764
37b9a559-eba6-4acf-998d-ef811079e91b,lm,mish,3,val_loss,102,5.764283657073975
37b9a559-eba6-4acf-998d-ef811079e91b,lm,mish,3,val_loss,116,5.770607948303223
37b9a559-eba6-4acf-998d-ef811079e91b,lm,mish,3,val_loss,130,5.7725677490234375
37b9a559-eba6-4acf-998d-ef811079e91b,lm,mish,3,train_loss_epoch,11,8.014498710632324
37b9a559-eba6-4acf-998d-ef811079e91b,lm,mish,3,train_loss_epoch,25,6.163706302642822
37b9a559-eba6-4acf-998d-ef811079e91b,lm,mish,3,train_loss_epoch,37,5.782125949859619
37b9a559-eba6-4acf-998d-ef811079e91b,lm,mish,3,train_loss_epoch,51,5.544823169708252
37b9a559-eba6-4acf-998d-ef811079e91b,lm,mish,3,train_loss_epoch,65,5.3636345863342285
37b9a559-eba6-4acf-998d-ef811079e91b,lm,mish,3,train_loss_epoch,77,5.220741271972656
37b9a559-eba6-4acf-998d-ef811079e91b,lm,mish,3,train_loss_epoch,91,5.110555648803711
37b9a559-eba6-4acf-998d-ef811079e91b,lm,mish,3,train_loss_epoch,103,5.034423351287842
37b9a559-eba6-4acf-998d-ef811079e91b,lm,mish,3,train_loss_epoch,117,4.988523483276367
37b9a559-eba6-4acf-998d-ef811079e91b,lm,mish,3,train_loss_epoch,131,4.9689040184021
dadfff35-5459-4c56-a206-a1265e5aef10,lm,mish,0,val_ppl,10,684.3817749023438
dadfff35-5459-4c56-a206-a1265e5aef10,lm,mish,0,val_ppl,24,440.9037780761719
dadfff35-5459-4c56-a206-a1265e5aef10,lm,mish,0,val_ppl,36,380.1614379882813
dadfff35-5459-4c56-a206-a1265e5aef10,lm,mish,0,val_ppl,50,350.28057861328125
dadfff35-5459-4c56-a206-a1265e5aef10,lm,mish,0,val_ppl,64,331.6575927734375
dadfff35-5459-4c56-a206-a1265e5aef10,lm,mish,0,val_ppl,76,324.9918518066406
dadfff35-5459-4c56-a206-a1265e5aef10,lm,mish,0,val_ppl,90,322.6611022949219
dadfff35-5459-4c56-a206-a1265e5aef10,lm,mish,0,val_ppl,102,324.5435485839844
dadfff35-5459-4c56-a206-a1265e5aef10,lm,mish,0,val_ppl,116,325.8909912109375
dadfff35-5459-4c56-a206-a1265e5aef10,lm,mish,0,val_ppl,130,326.856201171875
dadfff35-5459-4c56-a206-a1265e5aef10,lm,mish,0,val_loss,10,6.524640083312988
dadfff35-5459-4c56-a206-a1265e5aef10,lm,mish,0,val_loss,24,6.081750869750977
dadfff35-5459-4c56-a206-a1265e5aef10,lm,mish,0,val_loss,36,5.931485652923584
dadfff35-5459-4c56-a206-a1265e5aef10,lm,mish,0,val_loss,50,5.847708702087402
dadfff35-5459-4c56-a206-a1265e5aef10,lm,mish,0,val_loss,64,5.792309761047363
dadfff35-5459-4c56-a206-a1265e5aef10,lm,mish,0,val_loss,76,5.771164894104004
dadfff35-5459-4c56-a206-a1265e5aef10,lm,mish,0,val_loss,90,5.7632904052734375
dadfff35-5459-4c56-a206-a1265e5aef10,lm,mish,0,val_loss,102,5.768726825714111
dadfff35-5459-4c56-a206-a1265e5aef10,lm,mish,0,val_loss,116,5.772530555725098
dadfff35-5459-4c56-a206-a1265e5aef10,lm,mish,0,val_loss,130,5.775418281555176
dadfff35-5459-4c56-a206-a1265e5aef10,lm,mish,0,train_loss_epoch,11,8.001715660095215
dadfff35-5459-4c56-a206-a1265e5aef10,lm,mish,0,train_loss_epoch,25,6.178173065185547
dadfff35-5459-4c56-a206-a1265e5aef10,lm,mish,0,train_loss_epoch,37,5.796546459197998
dadfff35-5459-4c56-a206-a1265e5aef10,lm,mish,0,train_loss_epoch,51,5.559024810791016
dadfff35-5459-4c56-a206-a1265e5aef10,lm,mish,0,train_loss_epoch,65,5.376393795013428
dadfff35-5459-4c56-a206-a1265e5aef10,lm,mish,0,train_loss_epoch,77,5.231234550476074
dadfff35-5459-4c56-a206-a1265e5aef10,lm,mish,0,train_loss_epoch,91,5.118800640106201
dadfff35-5459-4c56-a206-a1265e5aef10,lm,mish,0,train_loss_epoch,103,5.041222095489502
dadfff35-5459-4c56-a206-a1265e5aef10,lm,mish,0,train_loss_epoch,117,4.995325088500977
dadfff35-5459-4c56-a206-a1265e5aef10,lm,mish,0,train_loss_epoch,131,4.975838661193848
b950dade-b10d-4072-ab52-e1f824dbe386,lm,mish,6,val_ppl,10,686.6249389648438
b950dade-b10d-4072-ab52-e1f824dbe386,lm,mish,6,val_ppl,24,442.4386596679688
b950dade-b10d-4072-ab52-e1f824dbe386,lm,mish,6,val_ppl,36,378.3481140136719
b950dade-b10d-4072-ab52-e1f824dbe386,lm,mish,6,val_ppl,50,348.3861694335937
b950dade-b10d-4072-ab52-e1f824dbe386,lm,mish,6,val_ppl,64,331.8246154785156
b950dade-b10d-4072-ab52-e1f824dbe386,lm,mish,6,val_ppl,76,324.58770751953125
b950dade-b10d-4072-ab52-e1f824dbe386,lm,mish,6,val_ppl,90,321.7190856933594
b950dade-b10d-4072-ab52-e1f824dbe386,lm,mish,6,val_ppl,102,324.0673217773437
b950dade-b10d-4072-ab52-e1f824dbe386,lm,mish,6,val_ppl,116,326.3182983398437
b950dade-b10d-4072-ab52-e1f824dbe386,lm,mish,6,val_ppl,130,326.895751953125
b950dade-b10d-4072-ab52-e1f824dbe386,lm,mish,6,val_loss,10,6.527729034423828
b950dade-b10d-4072-ab52-e1f824dbe386,lm,mish,6,val_loss,24,6.084782123565674
b950dade-b10d-4072-ab52-e1f824dbe386,lm,mish,6,val_loss,36,5.926061630249023
b950dade-b10d-4072-ab52-e1f824dbe386,lm,mish,6,val_loss,50,5.842170238494873
b950dade-b10d-4072-ab52-e1f824dbe386,lm,mish,6,val_loss,64,5.7923760414123535
b950dade-b10d-4072-ab52-e1f824dbe386,lm,mish,6,val_loss,76,5.769282341003418
b950dade-b10d-4072-ab52-e1f824dbe386,lm,mish,6,val_loss,90,5.759454250335693
b950dade-b10d-4072-ab52-e1f824dbe386,lm,mish,6,val_loss,102,5.766175270080566
b950dade-b10d-4072-ab52-e1f824dbe386,lm,mish,6,val_loss,116,5.772810459136963
b950dade-b10d-4072-ab52-e1f824dbe386,lm,mish,6,val_loss,130,5.77448844909668
b950dade-b10d-4072-ab52-e1f824dbe386,lm,mish,6,train_loss_epoch,11,8.021391868591309
b950dade-b10d-4072-ab52-e1f824dbe386,lm,mish,6,train_loss_epoch,25,6.179724216461182
b950dade-b10d-4072-ab52-e1f824dbe386,lm,mish,6,train_loss_epoch,37,5.790170669555664
b950dade-b10d-4072-ab52-e1f824dbe386,lm,mish,6,train_loss_epoch,51,5.551024913787842
b950dade-b10d-4072-ab52-e1f824dbe386,lm,mish,6,train_loss_epoch,65,5.370373725891113
b950dade-b10d-4072-ab52-e1f824dbe386,lm,mish,6,train_loss_epoch,77,5.226059913635254
b950dade-b10d-4072-ab52-e1f824dbe386,lm,mish,6,train_loss_epoch,91,5.115623474121094
b950dade-b10d-4072-ab52-e1f824dbe386,lm,mish,6,train_loss_epoch,103,5.0380730628967285
b950dade-b10d-4072-ab52-e1f824dbe386,lm,mish,6,train_loss_epoch,117,4.991964340209961
b950dade-b10d-4072-ab52-e1f824dbe386,lm,mish,6,train_loss_epoch,131,4.972851753234863
8a6d3836-da81-4c86-b076-ae353c2d4b92,lm,mish,7,val_ppl,10,688.843017578125
8a6d3836-da81-4c86-b076-ae353c2d4b92,lm,mish,7,val_ppl,24,439.8826599121094
8a6d3836-da81-4c86-b076-ae353c2d4b92,lm,mish,7,val_ppl,36,376.9720458984375
8a6d3836-da81-4c86-b076-ae353c2d4b92,lm,mish,7,val_ppl,50,346.3120422363281
8a6d3836-da81-4c86-b076-ae353c2d4b92,lm,mish,7,val_ppl,64,329.5507507324219
8a6d3836-da81-4c86-b076-ae353c2d4b92,lm,mish,7,val_ppl,76,320.67742919921875
8a6d3836-da81-4c86-b076-ae353c2d4b92,lm,mish,7,val_ppl,90,319.8907775878906
8a6d3836-da81-4c86-b076-ae353c2d4b92,lm,mish,7,val_ppl,102,321.3116149902344
8a6d3836-da81-4c86-b076-ae353c2d4b92,lm,mish,7,val_ppl,116,323.5413818359375
8a6d3836-da81-4c86-b076-ae353c2d4b92,lm,mish,7,val_ppl,130,324.1234436035156
8a6d3836-da81-4c86-b076-ae353c2d4b92,lm,mish,7,val_loss,10,6.531125545501709
8a6d3836-da81-4c86-b076-ae353c2d4b92,lm,mish,7,val_loss,24,6.078961849212647
8a6d3836-da81-4c86-b076-ae353c2d4b92,lm,mish,7,val_loss,36,5.922862529754639
8a6d3836-da81-4c86-b076-ae353c2d4b92,lm,mish,7,val_loss,50,5.836733341217041
8a6d3836-da81-4c86-b076-ae353c2d4b92,lm,mish,7,val_loss,64,5.785799980163574
8a6d3836-da81-4c86-b076-ae353c2d4b92,lm,mish,7,val_loss,76,5.757657527923584
8a6d3836-da81-4c86-b076-ae353c2d4b92,lm,mish,7,val_loss,90,5.754525184631348
8a6d3836-da81-4c86-b076-ae353c2d4b92,lm,mish,7,val_loss,102,5.758330345153809
8a6d3836-da81-4c86-b076-ae353c2d4b92,lm,mish,7,val_loss,116,5.765060424804688
8a6d3836-da81-4c86-b076-ae353c2d4b92,lm,mish,7,val_loss,130,5.766794204711914
8a6d3836-da81-4c86-b076-ae353c2d4b92,lm,mish,7,train_loss_epoch,11,8.008183479309082
8a6d3836-da81-4c86-b076-ae353c2d4b92,lm,mish,7,train_loss_epoch,25,6.181017875671387
8a6d3836-da81-4c86-b076-ae353c2d4b92,lm,mish,7,train_loss_epoch,37,5.791377544403076
8a6d3836-da81-4c86-b076-ae353c2d4b92,lm,mish,7,train_loss_epoch,51,5.551498889923096
8a6d3836-da81-4c86-b076-ae353c2d4b92,lm,mish,7,train_loss_epoch,65,5.367444515228272
8a6d3836-da81-4c86-b076-ae353c2d4b92,lm,mish,7,train_loss_epoch,77,5.220386981964111
8a6d3836-da81-4c86-b076-ae353c2d4b92,lm,mish,7,train_loss_epoch,91,5.108184337615967
8a6d3836-da81-4c86-b076-ae353c2d4b92,lm,mish,7,train_loss_epoch,103,5.031383037567139
8a6d3836-da81-4c86-b076-ae353c2d4b92,lm,mish,7,train_loss_epoch,117,4.985429763793945
8a6d3836-da81-4c86-b076-ae353c2d4b92,lm,mish,7,train_loss_epoch,131,4.966088771820068
cd5afde1-ad9a-46a2-86e6-3c435967a19d,lm,mish,2,val_ppl,10,687.1907958984375
cd5afde1-ad9a-46a2-86e6-3c435967a19d,lm,mish,2,val_ppl,24,442.3248291015625
cd5afde1-ad9a-46a2-86e6-3c435967a19d,lm,mish,2,val_ppl,36,378.00970458984375
cd5afde1-ad9a-46a2-86e6-3c435967a19d,lm,mish,2,val_ppl,50,346.14404296875
cd5afde1-ad9a-46a2-86e6-3c435967a19d,lm,mish,2,val_ppl,64,330.8494873046875
cd5afde1-ad9a-46a2-86e6-3c435967a19d,lm,mish,2,val_ppl,76,322.8604736328125
cd5afde1-ad9a-46a2-86e6-3c435967a19d,lm,mish,2,val_ppl,90,320.2846984863281
cd5afde1-ad9a-46a2-86e6-3c435967a19d,lm,mish,2,val_ppl,102,322.8202819824219
cd5afde1-ad9a-46a2-86e6-3c435967a19d,lm,mish,2,val_ppl,116,324.5780639648437
cd5afde1-ad9a-46a2-86e6-3c435967a19d,lm,mish,2,val_ppl,130,325.0979309082031
cd5afde1-ad9a-46a2-86e6-3c435967a19d,lm,mish,2,val_loss,10,6.528660774230957
cd5afde1-ad9a-46a2-86e6-3c435967a19d,lm,mish,2,val_loss,24,6.085309505462647
cd5afde1-ad9a-46a2-86e6-3c435967a19d,lm,mish,2,val_loss,36,5.926081657409668
cd5afde1-ad9a-46a2-86e6-3c435967a19d,lm,mish,2,val_loss,50,5.836424350738525
cd5afde1-ad9a-46a2-86e6-3c435967a19d,lm,mish,2,val_loss,64,5.789799213409424
cd5afde1-ad9a-46a2-86e6-3c435967a19d,lm,mish,2,val_loss,76,5.764377117156982
cd5afde1-ad9a-46a2-86e6-3c435967a19d,lm,mish,2,val_loss,90,5.755624294281006
cd5afde1-ad9a-46a2-86e6-3c435967a19d,lm,mish,2,val_loss,102,5.762713432312012
cd5afde1-ad9a-46a2-86e6-3c435967a19d,lm,mish,2,val_loss,116,5.768033981323242
cd5afde1-ad9a-46a2-86e6-3c435967a19d,lm,mish,2,val_loss,130,5.769547462463379
cd5afde1-ad9a-46a2-86e6-3c435967a19d,lm,mish,2,train_loss_epoch,11,8.012080192565918
cd5afde1-ad9a-46a2-86e6-3c435967a19d,lm,mish,2,train_loss_epoch,25,6.187226295471191
cd5afde1-ad9a-46a2-86e6-3c435967a19d,lm,mish,2,train_loss_epoch,37,5.796393871307373
cd5afde1-ad9a-46a2-86e6-3c435967a19d,lm,mish,2,train_loss_epoch,51,5.554323673248291
cd5afde1-ad9a-46a2-86e6-3c435967a19d,lm,mish,2,train_loss_epoch,65,5.371647834777832
cd5afde1-ad9a-46a2-86e6-3c435967a19d,lm,mish,2,train_loss_epoch,77,5.226787567138672
cd5afde1-ad9a-46a2-86e6-3c435967a19d,lm,mish,2,train_loss_epoch,91,5.117003440856934
cd5afde1-ad9a-46a2-86e6-3c435967a19d,lm,mish,2,train_loss_epoch,103,5.03998327255249
cd5afde1-ad9a-46a2-86e6-3c435967a19d,lm,mish,2,train_loss_epoch,117,4.9938130378723145
cd5afde1-ad9a-46a2-86e6-3c435967a19d,lm,mish,2,train_loss_epoch,131,4.974653720855713
ec7c7dcf-d03c-4205-adfb-a06830af9d27,lm,mish,5,val_ppl,10,675.6762084960938
ec7c7dcf-d03c-4205-adfb-a06830af9d27,lm,mish,5,val_ppl,24,438.7837219238281
ec7c7dcf-d03c-4205-adfb-a06830af9d27,lm,mish,5,val_ppl,36,376.18646240234375
ec7c7dcf-d03c-4205-adfb-a06830af9d27,lm,mish,5,val_ppl,50,345.9754333496094
ec7c7dcf-d03c-4205-adfb-a06830af9d27,lm,mish,5,val_ppl,64,327.15496826171875
ec7c7dcf-d03c-4205-adfb-a06830af9d27,lm,mish,5,val_ppl,76,321.0809020996094
ec7c7dcf-d03c-4205-adfb-a06830af9d27,lm,mish,5,val_ppl,90,319.3937072753906
ec7c7dcf-d03c-4205-adfb-a06830af9d27,lm,mish,5,val_ppl,102,321.2803039550781
ec7c7dcf-d03c-4205-adfb-a06830af9d27,lm,mish,5,val_ppl,116,323.0943908691406
ec7c7dcf-d03c-4205-adfb-a06830af9d27,lm,mish,5,val_ppl,130,323.70050048828125
ec7c7dcf-d03c-4205-adfb-a06830af9d27,lm,mish,5,val_loss,10,6.511927604675293
ec7c7dcf-d03c-4205-adfb-a06830af9d27,lm,mish,5,val_loss,24,6.076616287231445
ec7c7dcf-d03c-4205-adfb-a06830af9d27,lm,mish,5,val_loss,36,5.920639991760254
ec7c7dcf-d03c-4205-adfb-a06830af9d27,lm,mish,5,val_loss,50,5.83557653427124
ec7c7dcf-d03c-4205-adfb-a06830af9d27,lm,mish,5,val_loss,64,5.778324604034424
ec7c7dcf-d03c-4205-adfb-a06830af9d27,lm,mish,5,val_loss,76,5.758391380310059
ec7c7dcf-d03c-4205-adfb-a06830af9d27,lm,mish,5,val_loss,90,5.752092361450195
ec7c7dcf-d03c-4205-adfb-a06830af9d27,lm,mish,5,val_loss,102,5.757442474365234
ec7c7dcf-d03c-4205-adfb-a06830af9d27,lm,mish,5,val_loss,116,5.762821197509766
ec7c7dcf-d03c-4205-adfb-a06830af9d27,lm,mish,5,val_loss,130,5.7646074295043945
ec7c7dcf-d03c-4205-adfb-a06830af9d27,lm,mish,5,train_loss_epoch,11,8.009035110473633
ec7c7dcf-d03c-4205-adfb-a06830af9d27,lm,mish,5,train_loss_epoch,25,6.16710376739502
ec7c7dcf-d03c-4205-adfb-a06830af9d27,lm,mish,5,train_loss_epoch,37,5.781416893005371
ec7c7dcf-d03c-4205-adfb-a06830af9d27,lm,mish,5,train_loss_epoch,51,5.541789531707764
ec7c7dcf-d03c-4205-adfb-a06830af9d27,lm,mish,5,train_loss_epoch,65,5.358516216278076
ec7c7dcf-d03c-4205-adfb-a06830af9d27,lm,mish,5,train_loss_epoch,77,5.212065696716309
ec7c7dcf-d03c-4205-adfb-a06830af9d27,lm,mish,5,train_loss_epoch,91,5.10113000869751
ec7c7dcf-d03c-4205-adfb-a06830af9d27,lm,mish,5,train_loss_epoch,103,5.024519443511963
ec7c7dcf-d03c-4205-adfb-a06830af9d27,lm,mish,5,train_loss_epoch,117,4.978854656219482
ec7c7dcf-d03c-4205-adfb-a06830af9d27,lm,mish,5,train_loss_epoch,131,4.958817958831787
c783640e-1098-45d3-99da-49004daa46a7,lm,mish,1,val_ppl,10,678.3759155273438
c783640e-1098-45d3-99da-49004daa46a7,lm,mish,1,val_ppl,24,441.4496765136719
c783640e-1098-45d3-99da-49004daa46a7,lm,mish,1,val_ppl,36,379.596435546875
c783640e-1098-45d3-99da-49004daa46a7,lm,mish,1,val_ppl,50,349.0070495605469
c783640e-1098-45d3-99da-49004daa46a7,lm,mish,1,val_ppl,64,332.4827575683594
c783640e-1098-45d3-99da-49004daa46a7,lm,mish,1,val_ppl,76,324.3382263183594
c783640e-1098-45d3-99da-49004daa46a7,lm,mish,1,val_ppl,90,323.176513671875
c783640e-1098-45d3-99da-49004daa46a7,lm,mish,1,val_ppl,102,324.8550720214844
c783640e-1098-45d3-99da-49004daa46a7,lm,mish,1,val_ppl,116,326.9243469238281
c783640e-1098-45d3-99da-49004daa46a7,lm,mish,1,val_ppl,130,327.1231689453125
c783640e-1098-45d3-99da-49004daa46a7,lm,mish,1,val_loss,10,6.515849590301514
c783640e-1098-45d3-99da-49004daa46a7,lm,mish,1,val_loss,24,6.083113193511963
c783640e-1098-45d3-99da-49004daa46a7,lm,mish,1,val_loss,36,5.930098056793213
c783640e-1098-45d3-99da-49004daa46a7,lm,mish,1,val_loss,50,5.844616889953613
c783640e-1098-45d3-99da-49004daa46a7,lm,mish,1,val_loss,64,5.795215129852295
c783640e-1098-45d3-99da-49004daa46a7,lm,mish,1,val_loss,76,5.769196033477783
c783640e-1098-45d3-99da-49004daa46a7,lm,mish,1,val_loss,90,5.764995574951172
c783640e-1098-45d3-99da-49004daa46a7,lm,mish,1,val_loss,102,5.769715309143066
c783640e-1098-45d3-99da-49004daa46a7,lm,mish,1,val_loss,116,5.775794982910156
c783640e-1098-45d3-99da-49004daa46a7,lm,mish,1,val_loss,130,5.776395797729492
c783640e-1098-45d3-99da-49004daa46a7,lm,mish,1,train_loss_epoch,11,8.009184837341309
c783640e-1098-45d3-99da-49004daa46a7,lm,mish,1,train_loss_epoch,25,6.17263650894165
c783640e-1098-45d3-99da-49004daa46a7,lm,mish,1,train_loss_epoch,37,5.791200160980225
c783640e-1098-45d3-99da-49004daa46a7,lm,mish,1,train_loss_epoch,51,5.553427696228027
c783640e-1098-45d3-99da-49004daa46a7,lm,mish,1,train_loss_epoch,65,5.372077465057373
c783640e-1098-45d3-99da-49004daa46a7,lm,mish,1,train_loss_epoch,77,5.227931499481201
c783640e-1098-45d3-99da-49004daa46a7,lm,mish,1,train_loss_epoch,91,5.116733074188232
c783640e-1098-45d3-99da-49004daa46a7,lm,mish,1,train_loss_epoch,103,5.039248466491699
c783640e-1098-45d3-99da-49004daa46a7,lm,mish,1,train_loss_epoch,117,4.993685245513916
c783640e-1098-45d3-99da-49004daa46a7,lm,mish,1,train_loss_epoch,131,4.975234508514404
2a191668-580f-43f9-8b3d-b2c94dfccd6d,lm,mish,4,val_ppl,10,681.8389892578125
2a191668-580f-43f9-8b3d-b2c94dfccd6d,lm,mish,4,val_ppl,24,443.5361022949219
2a191668-580f-43f9-8b3d-b2c94dfccd6d,lm,mish,4,val_ppl,36,376.9157104492188
2a191668-580f-43f9-8b3d-b2c94dfccd6d,lm,mish,4,val_ppl,50,345.2203369140625
2a191668-580f-43f9-8b3d-b2c94dfccd6d,lm,mish,4,val_ppl,64,329.23065185546875
2a191668-580f-43f9-8b3d-b2c94dfccd6d,lm,mish,4,val_ppl,76,320.9535217285156
2a191668-580f-43f9-8b3d-b2c94dfccd6d,lm,mish,4,val_ppl,90,318.2264404296875
2a191668-580f-43f9-8b3d-b2c94dfccd6d,lm,mish,4,val_ppl,102,320.812744140625
2a191668-580f-43f9-8b3d-b2c94dfccd6d,lm,mish,4,val_ppl,116,322.0455627441406
2a191668-580f-43f9-8b3d-b2c94dfccd6d,lm,mish,4,val_ppl,130,322.8692321777344
2a191668-580f-43f9-8b3d-b2c94dfccd6d,lm,mish,4,val_loss,10,6.520690441131592
2a191668-580f-43f9-8b3d-b2c94dfccd6d,lm,mish,4,val_loss,24,6.088029384613037
2a191668-580f-43f9-8b3d-b2c94dfccd6d,lm,mish,4,val_loss,36,5.922835826873779
2a191668-580f-43f9-8b3d-b2c94dfccd6d,lm,mish,4,val_loss,50,5.833520412445068
2a191668-580f-43f9-8b3d-b2c94dfccd6d,lm,mish,4,val_loss,64,5.784805774688721
2a191668-580f-43f9-8b3d-b2c94dfccd6d,lm,mish,4,val_loss,76,5.75837516784668
2a191668-580f-43f9-8b3d-b2c94dfccd6d,lm,mish,4,val_loss,90,5.749459743499756
2a191668-580f-43f9-8b3d-b2c94dfccd6d,lm,mish,4,val_loss,102,5.756932258605957
2a191668-580f-43f9-8b3d-b2c94dfccd6d,lm,mish,4,val_loss,116,5.760468482971191
2a191668-580f-43f9-8b3d-b2c94dfccd6d,lm,mish,4,val_loss,130,5.762954711914063
2a191668-580f-43f9-8b3d-b2c94dfccd6d,lm,mish,4,train_loss_epoch,11,8.007001876831055
2a191668-580f-43f9-8b3d-b2c94dfccd6d,lm,mish,4,train_loss_epoch,25,6.178630352020264
2a191668-580f-43f9-8b3d-b2c94dfccd6d,lm,mish,4,train_loss_epoch,37,5.790251731872559
2a191668-580f-43f9-8b3d-b2c94dfccd6d,lm,mish,4,train_loss_epoch,51,5.54931116104126
2a191668-580f-43f9-8b3d-b2c94dfccd6d,lm,mish,4,train_loss_epoch,65,5.367222309112549
2a191668-580f-43f9-8b3d-b2c94dfccd6d,lm,mish,4,train_loss_epoch,77,5.221271991729736
2a191668-580f-43f9-8b3d-b2c94dfccd6d,lm,mish,4,train_loss_epoch,91,5.110300064086914
2a191668-580f-43f9-8b3d-b2c94dfccd6d,lm,mish,4,train_loss_epoch,103,5.032697677612305
2a191668-580f-43f9-8b3d-b2c94dfccd6d,lm,mish,4,train_loss_epoch,117,4.987575531005859
2a191668-580f-43f9-8b3d-b2c94dfccd6d,lm,mish,4,train_loss_epoch,131,4.967585563659668
d2f7467a-1645-48c7-8cf1-540bfb11cffb,lm,relu,7,val_ppl,10,681.6782836914062
d2f7467a-1645-48c7-8cf1-540bfb11cffb,lm,relu,7,val_ppl,24,439.3189392089844
d2f7467a-1645-48c7-8cf1-540bfb11cffb,lm,relu,7,val_ppl,36,374.4495239257813
d2f7467a-1645-48c7-8cf1-540bfb11cffb,lm,relu,7,val_ppl,50,342.78094482421875
d2f7467a-1645-48c7-8cf1-540bfb11cffb,lm,relu,7,val_ppl,64,324.8133850097656
d2f7467a-1645-48c7-8cf1-540bfb11cffb,lm,relu,7,val_ppl,76,315.5611572265625
d2f7467a-1645-48c7-8cf1-540bfb11cffb,lm,relu,7,val_ppl,90,313.38055419921875
d2f7467a-1645-48c7-8cf1-540bfb11cffb,lm,relu,7,val_ppl,102,313.5106506347656
d2f7467a-1645-48c7-8cf1-540bfb11cffb,lm,relu,7,val_ppl,116,315.4851379394531
d2f7467a-1645-48c7-8cf1-540bfb11cffb,lm,relu,7,val_ppl,130,315.8791809082031
d2f7467a-1645-48c7-8cf1-540bfb11cffb,lm,relu,7,val_loss,10,6.520748138427734
d2f7467a-1645-48c7-8cf1-540bfb11cffb,lm,relu,7,val_loss,24,6.077606678009033
d2f7467a-1645-48c7-8cf1-540bfb11cffb,lm,relu,7,val_loss,36,5.916351795196533
d2f7467a-1645-48c7-8cf1-540bfb11cffb,lm,relu,7,val_loss,50,5.826539039611816
d2f7467a-1645-48c7-8cf1-540bfb11cffb,lm,relu,7,val_loss,64,5.771353244781494
d2f7467a-1645-48c7-8cf1-540bfb11cffb,lm,relu,7,val_loss,76,5.7413177490234375
d2f7467a-1645-48c7-8cf1-540bfb11cffb,lm,relu,7,val_loss,90,5.733534812927246
d2f7467a-1645-48c7-8cf1-540bfb11cffb,lm,relu,7,val_loss,102,5.733485698699951
d2f7467a-1645-48c7-8cf1-540bfb11cffb,lm,relu,7,val_loss,116,5.739576816558838
d2f7467a-1645-48c7-8cf1-540bfb11cffb,lm,relu,7,val_loss,130,5.740743637084961
d2f7467a-1645-48c7-8cf1-540bfb11cffb,lm,relu,7,train_loss_epoch,11,8.005356788635254
d2f7467a-1645-48c7-8cf1-540bfb11cffb,lm,relu,7,train_loss_epoch,25,6.176462650299072
d2f7467a-1645-48c7-8cf1-540bfb11cffb,lm,relu,7,train_loss_epoch,37,5.793837070465088
d2f7467a-1645-48c7-8cf1-540bfb11cffb,lm,relu,7,train_loss_epoch,51,5.553299427032471
d2f7467a-1645-48c7-8cf1-540bfb11cffb,lm,relu,7,train_loss_epoch,65,5.369233131408691
d2f7467a-1645-48c7-8cf1-540bfb11cffb,lm,relu,7,train_loss_epoch,77,5.222723960876465
d2f7467a-1645-48c7-8cf1-540bfb11cffb,lm,relu,7,train_loss_epoch,91,5.112296581268311
d2f7467a-1645-48c7-8cf1-540bfb11cffb,lm,relu,7,train_loss_epoch,103,5.036783695220947
d2f7467a-1645-48c7-8cf1-540bfb11cffb,lm,relu,7,train_loss_epoch,117,4.991425037384033
d2f7467a-1645-48c7-8cf1-540bfb11cffb,lm,relu,7,train_loss_epoch,131,4.972224712371826
1f53a110-c0fe-4c62-9127-4d4df4efb9b5,lm,relu,2,val_ppl,10,682.97412109375
1f53a110-c0fe-4c62-9127-4d4df4efb9b5,lm,relu,2,val_ppl,24,441.75921630859375
1f53a110-c0fe-4c62-9127-4d4df4efb9b5,lm,relu,2,val_ppl,36,376.2999572753906
1f53a110-c0fe-4c62-9127-4d4df4efb9b5,lm,relu,2,val_ppl,50,344.98248291015625
1f53a110-c0fe-4c62-9127-4d4df4efb9b5,lm,relu,2,val_ppl,64,326.8876647949219
1f53a110-c0fe-4c62-9127-4d4df4efb9b5,lm,relu,2,val_ppl,76,318.27069091796875
1f53a110-c0fe-4c62-9127-4d4df4efb9b5,lm,relu,2,val_ppl,90,315.1075439453125
1f53a110-c0fe-4c62-9127-4d4df4efb9b5,lm,relu,2,val_ppl,102,317.3780822753906
1f53a110-c0fe-4c62-9127-4d4df4efb9b5,lm,relu,2,val_ppl,116,318.0567321777344
1f53a110-c0fe-4c62-9127-4d4df4efb9b5,lm,relu,2,val_ppl,130,318.51153564453125
1f53a110-c0fe-4c62-9127-4d4df4efb9b5,lm,relu,2,val_loss,10,6.522383689880371
1f53a110-c0fe-4c62-9127-4d4df4efb9b5,lm,relu,2,val_loss,24,6.083792686462402
1f53a110-c0fe-4c62-9127-4d4df4efb9b5,lm,relu,2,val_loss,36,5.921178817749023
1f53a110-c0fe-4c62-9127-4d4df4efb9b5,lm,relu,2,val_loss,50,5.832624912261963
1f53a110-c0fe-4c62-9127-4d4df4efb9b5,lm,relu,2,val_loss,64,5.777724742889404
1f53a110-c0fe-4c62-9127-4d4df4efb9b5,lm,relu,2,val_loss,76,5.750079154968262
1f53a110-c0fe-4c62-9127-4d4df4efb9b5,lm,relu,2,val_loss,90,5.739375114440918
1f53a110-c0fe-4c62-9127-4d4df4efb9b5,lm,relu,2,val_loss,102,5.745656490325928
1f53a110-c0fe-4c62-9127-4d4df4efb9b5,lm,relu,2,val_loss,116,5.747758388519287
1f53a110-c0fe-4c62-9127-4d4df4efb9b5,lm,relu,2,val_loss,130,5.749105453491211
1f53a110-c0fe-4c62-9127-4d4df4efb9b5,lm,relu,2,train_loss_epoch,11,8.011239051818848
1f53a110-c0fe-4c62-9127-4d4df4efb9b5,lm,relu,2,train_loss_epoch,25,6.185589790344238
1f53a110-c0fe-4c62-9127-4d4df4efb9b5,lm,relu,2,train_loss_epoch,37,5.799714088439941
1f53a110-c0fe-4c62-9127-4d4df4efb9b5,lm,relu,2,train_loss_epoch,51,5.559335231781006
1f53a110-c0fe-4c62-9127-4d4df4efb9b5,lm,relu,2,train_loss_epoch,65,5.377668380737305
1f53a110-c0fe-4c62-9127-4d4df4efb9b5,lm,relu,2,train_loss_epoch,77,5.233859539031982
1f53a110-c0fe-4c62-9127-4d4df4efb9b5,lm,relu,2,train_loss_epoch,91,5.124741077423096
1f53a110-c0fe-4c62-9127-4d4df4efb9b5,lm,relu,2,train_loss_epoch,103,5.048715591430664
1f53a110-c0fe-4c62-9127-4d4df4efb9b5,lm,relu,2,train_loss_epoch,117,5.003800868988037
1f53a110-c0fe-4c62-9127-4d4df4efb9b5,lm,relu,2,train_loss_epoch,131,4.984403610229492
5d5cd6b2-9ef6-4ee7-aad0-594e375c86ba,lm,relu,6,val_ppl,10,682.195068359375
5d5cd6b2-9ef6-4ee7-aad0-594e375c86ba,lm,relu,6,val_ppl,24,442.2298583984375
5d5cd6b2-9ef6-4ee7-aad0-594e375c86ba,lm,relu,6,val_ppl,36,378.126708984375
5d5cd6b2-9ef6-4ee7-aad0-594e375c86ba,lm,relu,6,val_ppl,50,344.41949462890625
5d5cd6b2-9ef6-4ee7-aad0-594e375c86ba,lm,relu,6,val_ppl,64,325.7738342285156
5d5cd6b2-9ef6-4ee7-aad0-594e375c86ba,lm,relu,6,val_ppl,76,317.4463195800781
5d5cd6b2-9ef6-4ee7-aad0-594e375c86ba,lm,relu,6,val_ppl,90,314.5075988769531
5d5cd6b2-9ef6-4ee7-aad0-594e375c86ba,lm,relu,6,val_ppl,102,315.7571105957031
5d5cd6b2-9ef6-4ee7-aad0-594e375c86ba,lm,relu,6,val_ppl,116,317.9232177734375
5d5cd6b2-9ef6-4ee7-aad0-594e375c86ba,lm,relu,6,val_ppl,130,318.28466796875
5d5cd6b2-9ef6-4ee7-aad0-594e375c86ba,lm,relu,6,val_loss,10,6.521302223205566
5d5cd6b2-9ef6-4ee7-aad0-594e375c86ba,lm,relu,6,val_loss,24,6.084653377532959
5d5cd6b2-9ef6-4ee7-aad0-594e375c86ba,lm,relu,6,val_loss,36,5.925504684448242
5d5cd6b2-9ef6-4ee7-aad0-594e375c86ba,lm,relu,6,val_loss,50,5.830687046051025
5d5cd6b2-9ef6-4ee7-aad0-594e375c86ba,lm,relu,6,val_loss,64,5.773923873901367
5d5cd6b2-9ef6-4ee7-aad0-594e375c86ba,lm,relu,6,val_loss,76,5.746996879577637
5d5cd6b2-9ef6-4ee7-aad0-594e375c86ba,lm,relu,6,val_loss,90,5.736822605133057
5d5cd6b2-9ef6-4ee7-aad0-594e375c86ba,lm,relu,6,val_loss,102,5.740347862243652
5d5cd6b2-9ef6-4ee7-aad0-594e375c86ba,lm,relu,6,val_loss,116,5.746931076049805
5d5cd6b2-9ef6-4ee7-aad0-594e375c86ba,lm,relu,6,val_loss,130,5.747978210449219
5d5cd6b2-9ef6-4ee7-aad0-594e375c86ba,lm,relu,6,train_loss_epoch,11,8.018527030944824
5d5cd6b2-9ef6-4ee7-aad0-594e375c86ba,lm,relu,6,train_loss_epoch,25,6.181732177734375
5d5cd6b2-9ef6-4ee7-aad0-594e375c86ba,lm,relu,6,train_loss_epoch,37,5.799095630645752
5d5cd6b2-9ef6-4ee7-aad0-594e375c86ba,lm,relu,6,train_loss_epoch,51,5.558406829833984
5d5cd6b2-9ef6-4ee7-aad0-594e375c86ba,lm,relu,6,train_loss_epoch,65,5.374526977539063
5d5cd6b2-9ef6-4ee7-aad0-594e375c86ba,lm,relu,6,train_loss_epoch,77,5.229475498199463
5d5cd6b2-9ef6-4ee7-aad0-594e375c86ba,lm,relu,6,train_loss_epoch,91,5.119509220123291
5d5cd6b2-9ef6-4ee7-aad0-594e375c86ba,lm,relu,6,train_loss_epoch,103,5.04336404800415
5d5cd6b2-9ef6-4ee7-aad0-594e375c86ba,lm,relu,6,train_loss_epoch,117,4.998599529266357
5d5cd6b2-9ef6-4ee7-aad0-594e375c86ba,lm,relu,6,train_loss_epoch,131,4.97958517074585
fc8adcaf-6687-4304-93db-53c6ad1f2753,lm,relu,1,val_ppl,10,679.8116455078125
fc8adcaf-6687-4304-93db-53c6ad1f2753,lm,relu,1,val_ppl,24,438.2771911621094
fc8adcaf-6687-4304-93db-53c6ad1f2753,lm,relu,1,val_ppl,36,375.3097839355469
fc8adcaf-6687-4304-93db-53c6ad1f2753,lm,relu,1,val_ppl,50,341.4911193847656
fc8adcaf-6687-4304-93db-53c6ad1f2753,lm,relu,1,val_ppl,64,323.0312805175781
fc8adcaf-6687-4304-93db-53c6ad1f2753,lm,relu,1,val_ppl,76,313.8851623535156
fc8adcaf-6687-4304-93db-53c6ad1f2753,lm,relu,1,val_ppl,90,311.2508850097656
fc8adcaf-6687-4304-93db-53c6ad1f2753,lm,relu,1,val_ppl,102,312.5957946777344
fc8adcaf-6687-4304-93db-53c6ad1f2753,lm,relu,1,val_ppl,116,314.0050048828125
fc8adcaf-6687-4304-93db-53c6ad1f2753,lm,relu,1,val_ppl,130,314.0783996582031
fc8adcaf-6687-4304-93db-53c6ad1f2753,lm,relu,1,val_loss,10,6.5179548263549805
fc8adcaf-6687-4304-93db-53c6ad1f2753,lm,relu,1,val_loss,24,6.075899600982666
fc8adcaf-6687-4304-93db-53c6ad1f2753,lm,relu,1,val_loss,36,5.918612480163574
fc8adcaf-6687-4304-93db-53c6ad1f2753,lm,relu,1,val_loss,50,5.8230719566345215
fc8adcaf-6687-4304-93db-53c6ad1f2753,lm,relu,1,val_loss,64,5.766521453857422
fc8adcaf-6687-4304-93db-53c6ad1f2753,lm,relu,1,val_loss,76,5.736630916595459
fc8adcaf-6687-4304-93db-53c6ad1f2753,lm,relu,1,val_loss,90,5.727388858795166
fc8adcaf-6687-4304-93db-53c6ad1f2753,lm,relu,1,val_loss,102,5.731210708618164
fc8adcaf-6687-4304-93db-53c6ad1f2753,lm,relu,1,val_loss,116,5.735467910766602
fc8adcaf-6687-4304-93db-53c6ad1f2753,lm,relu,1,val_loss,130,5.7357177734375
fc8adcaf-6687-4304-93db-53c6ad1f2753,lm,relu,1,train_loss_epoch,11,8.007328987121582
fc8adcaf-6687-4304-93db-53c6ad1f2753,lm,relu,1,train_loss_epoch,25,6.170050144195557
fc8adcaf-6687-4304-93db-53c6ad1f2753,lm,relu,1,train_loss_epoch,37,5.787088394165039
fc8adcaf-6687-4304-93db-53c6ad1f2753,lm,relu,1,train_loss_epoch,51,5.548038005828857
fc8adcaf-6687-4304-93db-53c6ad1f2753,lm,relu,1,train_loss_epoch,65,5.36403226852417
fc8adcaf-6687-4304-93db-53c6ad1f2753,lm,relu,1,train_loss_epoch,77,5.217751979827881
fc8adcaf-6687-4304-93db-53c6ad1f2753,lm,relu,1,train_loss_epoch,91,5.106972694396973
fc8adcaf-6687-4304-93db-53c6ad1f2753,lm,relu,1,train_loss_epoch,103,5.031054496765137
fc8adcaf-6687-4304-93db-53c6ad1f2753,lm,relu,1,train_loss_epoch,117,4.986431121826172
fc8adcaf-6687-4304-93db-53c6ad1f2753,lm,relu,1,train_loss_epoch,131,4.967986583709717
7f972011-f7f0-4454-8bfd-4d61b9aff613,lm,relu,3,val_ppl,10,672.8125
7f972011-f7f0-4454-8bfd-4d61b9aff613,lm,relu,3,val_ppl,24,437.510498046875
7f972011-f7f0-4454-8bfd-4d61b9aff613,lm,relu,3,val_ppl,36,375.4093017578125
7f972011-f7f0-4454-8bfd-4d61b9aff613,lm,relu,3,val_ppl,50,344.8567199707031
7f972011-f7f0-4454-8bfd-4d61b9aff613,lm,relu,3,val_ppl,64,326.6860656738281
7f972011-f7f0-4454-8bfd-4d61b9aff613,lm,relu,3,val_ppl,76,318.25347900390625
7f972011-f7f0-4454-8bfd-4d61b9aff613,lm,relu,3,val_ppl,90,315.49737548828125
7f972011-f7f0-4454-8bfd-4d61b9aff613,lm,relu,3,val_ppl,102,317.0537414550781
7f972011-f7f0-4454-8bfd-4d61b9aff613,lm,relu,3,val_ppl,116,318.7761535644531
7f972011-f7f0-4454-8bfd-4d61b9aff613,lm,relu,3,val_ppl,130,319.2713623046875
7f972011-f7f0-4454-8bfd-4d61b9aff613,lm,relu,3,val_loss,10,6.507442951202393
7f972011-f7f0-4454-8bfd-4d61b9aff613,lm,relu,3,val_loss,24,6.0738959312438965
7f972011-f7f0-4454-8bfd-4d61b9aff613,lm,relu,3,val_loss,36,5.918460369110107
7f972011-f7f0-4454-8bfd-4d61b9aff613,lm,relu,3,val_loss,50,5.832151412963867
7f972011-f7f0-4454-8bfd-4d61b9aff613,lm,relu,3,val_loss,64,5.776657581329346
7f972011-f7f0-4454-8bfd-4d61b9aff613,lm,relu,3,val_loss,76,5.749788284301758
7f972011-f7f0-4454-8bfd-4d61b9aff613,lm,relu,3,val_loss,90,5.740406513214111
7f972011-f7f0-4454-8bfd-4d61b9aff613,lm,relu,3,val_loss,102,5.744865894317627
7f972011-f7f0-4454-8bfd-4d61b9aff613,lm,relu,3,val_loss,116,5.750055313110352
7f972011-f7f0-4454-8bfd-4d61b9aff613,lm,relu,3,val_loss,130,5.751529693603516
7f972011-f7f0-4454-8bfd-4d61b9aff613,lm,relu,3,train_loss_epoch,11,8.010744094848633
7f972011-f7f0-4454-8bfd-4d61b9aff613,lm,relu,3,train_loss_epoch,25,6.165484428405762
7f972011-f7f0-4454-8bfd-4d61b9aff613,lm,relu,3,train_loss_epoch,37,5.784971714019775
7f972011-f7f0-4454-8bfd-4d61b9aff613,lm,relu,3,train_loss_epoch,51,5.547725200653076
7f972011-f7f0-4454-8bfd-4d61b9aff613,lm,relu,3,train_loss_epoch,65,5.366635799407959
7f972011-f7f0-4454-8bfd-4d61b9aff613,lm,relu,3,train_loss_epoch,77,5.22296953201294
7f972011-f7f0-4454-8bfd-4d61b9aff613,lm,relu,3,train_loss_epoch,91,5.114189624786377
7f972011-f7f0-4454-8bfd-4d61b9aff613,lm,relu,3,train_loss_epoch,103,5.03886604309082
7f972011-f7f0-4454-8bfd-4d61b9aff613,lm,relu,3,train_loss_epoch,117,4.9938812255859375
7f972011-f7f0-4454-8bfd-4d61b9aff613,lm,relu,3,train_loss_epoch,131,4.974954605102539
da4e7352-0a76-4855-bde4-df8b1b8ec379,lm,relu,5,val_ppl,10,667.8929443359375
da4e7352-0a76-4855-bde4-df8b1b8ec379,lm,relu,5,val_ppl,24,433.6822509765625
da4e7352-0a76-4855-bde4-df8b1b8ec379,lm,relu,5,val_ppl,36,370.8997497558594
da4e7352-0a76-4855-bde4-df8b1b8ec379,lm,relu,5,val_ppl,50,337.9543762207031
da4e7352-0a76-4855-bde4-df8b1b8ec379,lm,relu,5,val_ppl,64,320.728515625
da4e7352-0a76-4855-bde4-df8b1b8ec379,lm,relu,5,val_ppl,76,313.268310546875
da4e7352-0a76-4855-bde4-df8b1b8ec379,lm,relu,5,val_ppl,90,311.0130615234375
da4e7352-0a76-4855-bde4-df8b1b8ec379,lm,relu,5,val_ppl,102,311.0736694335937
da4e7352-0a76-4855-bde4-df8b1b8ec379,lm,relu,5,val_ppl,116,312.4515686035156
da4e7352-0a76-4855-bde4-df8b1b8ec379,lm,relu,5,val_ppl,130,312.7846984863281
da4e7352-0a76-4855-bde4-df8b1b8ec379,lm,relu,5,val_loss,10,6.500304222106934
da4e7352-0a76-4855-bde4-df8b1b8ec379,lm,relu,5,val_loss,24,6.065080642700195
da4e7352-0a76-4855-bde4-df8b1b8ec379,lm,relu,5,val_loss,36,5.906843185424805
da4e7352-0a76-4855-bde4-df8b1b8ec379,lm,relu,5,val_loss,50,5.812407970428467
da4e7352-0a76-4855-bde4-df8b1b8ec379,lm,relu,5,val_loss,64,5.758789539337158
da4e7352-0a76-4855-bde4-df8b1b8ec379,lm,relu,5,val_loss,76,5.7339630126953125
da4e7352-0a76-4855-bde4-df8b1b8ec379,lm,relu,5,val_loss,90,5.725833415985107
da4e7352-0a76-4855-bde4-df8b1b8ec379,lm,relu,5,val_loss,102,5.725656032562256
da4e7352-0a76-4855-bde4-df8b1b8ec379,lm,relu,5,val_loss,116,5.72990608215332
da4e7352-0a76-4855-bde4-df8b1b8ec379,lm,relu,5,val_loss,130,5.730880737304688
da4e7352-0a76-4855-bde4-df8b1b8ec379,lm,relu,5,train_loss_epoch,11,7.996747016906738
da4e7352-0a76-4855-bde4-df8b1b8ec379,lm,relu,5,train_loss_epoch,25,6.157063007354736
da4e7352-0a76-4855-bde4-df8b1b8ec379,lm,relu,5,train_loss_epoch,37,5.77730131149292
da4e7352-0a76-4855-bde4-df8b1b8ec379,lm,relu,5,train_loss_epoch,51,5.53869104385376
da4e7352-0a76-4855-bde4-df8b1b8ec379,lm,relu,5,train_loss_epoch,65,5.354885101318359
da4e7352-0a76-4855-bde4-df8b1b8ec379,lm,relu,5,train_loss_epoch,77,5.208666324615479
da4e7352-0a76-4855-bde4-df8b1b8ec379,lm,relu,5,train_loss_epoch,91,5.099001407623291
da4e7352-0a76-4855-bde4-df8b1b8ec379,lm,relu,5,train_loss_epoch,103,5.02358865737915
da4e7352-0a76-4855-bde4-df8b1b8ec379,lm,relu,5,train_loss_epoch,117,4.978301048278809
da4e7352-0a76-4855-bde4-df8b1b8ec379,lm,relu,5,train_loss_epoch,131,4.9589924812316895
7ea43128-db11-4ddb-93b8-391c88c7c15f,lm,relu,0,val_ppl,10,681.1004638671875
7ea43128-db11-4ddb-93b8-391c88c7c15f,lm,relu,0,val_ppl,24,440.8203125
7ea43128-db11-4ddb-93b8-391c88c7c15f,lm,relu,0,val_ppl,36,379.5472106933594
7ea43128-db11-4ddb-93b8-391c88c7c15f,lm,relu,0,val_ppl,50,348.08837890625
7ea43128-db11-4ddb-93b8-391c88c7c15f,lm,relu,0,val_ppl,64,329.2231750488281
7ea43128-db11-4ddb-93b8-391c88c7c15f,lm,relu,0,val_ppl,76,321.3787536621094
7ea43128-db11-4ddb-93b8-391c88c7c15f,lm,relu,0,val_ppl,90,318.0974426269531
7ea43128-db11-4ddb-93b8-391c88c7c15f,lm,relu,0,val_ppl,102,318.6589050292969
7ea43128-db11-4ddb-93b8-391c88c7c15f,lm,relu,0,val_ppl,116,319.4296569824219
7ea43128-db11-4ddb-93b8-391c88c7c15f,lm,relu,0,val_ppl,130,320.3573913574219
7ea43128-db11-4ddb-93b8-391c88c7c15f,lm,relu,0,val_loss,10,6.519894123077393
7ea43128-db11-4ddb-93b8-391c88c7c15f,lm,relu,0,val_loss,24,6.081599235534668
7ea43128-db11-4ddb-93b8-391c88c7c15f,lm,relu,0,val_loss,36,5.929821014404297
7ea43128-db11-4ddb-93b8-391c88c7c15f,lm,relu,0,val_loss,50,5.841480255126953
7ea43128-db11-4ddb-93b8-391c88c7c15f,lm,relu,0,val_loss,64,5.785112857818604
7ea43128-db11-4ddb-93b8-391c88c7c15f,lm,relu,0,val_loss,76,5.7599053382873535
7ea43128-db11-4ddb-93b8-391c88c7c15f,lm,relu,0,val_loss,90,5.749152183532715
7ea43128-db11-4ddb-93b8-391c88c7c15f,lm,relu,0,val_loss,102,5.750444889068604
7ea43128-db11-4ddb-93b8-391c88c7c15f,lm,relu,0,val_loss,116,5.752557754516602
7ea43128-db11-4ddb-93b8-391c88c7c15f,lm,relu,0,val_loss,130,5.755380153656006
7ea43128-db11-4ddb-93b8-391c88c7c15f,lm,relu,0,train_loss_epoch,11,7.998113632202148
7ea43128-db11-4ddb-93b8-391c88c7c15f,lm,relu,0,train_loss_epoch,25,6.176573276519775
7ea43128-db11-4ddb-93b8-391c88c7c15f,lm,relu,0,train_loss_epoch,37,5.800271034240723
7ea43128-db11-4ddb-93b8-391c88c7c15f,lm,relu,0,train_loss_epoch,51,5.564350128173828
7ea43128-db11-4ddb-93b8-391c88c7c15f,lm,relu,0,train_loss_epoch,65,5.382694244384766
7ea43128-db11-4ddb-93b8-391c88c7c15f,lm,relu,0,train_loss_epoch,77,5.238396167755127
7ea43128-db11-4ddb-93b8-391c88c7c15f,lm,relu,0,train_loss_epoch,91,5.127474784851074
7ea43128-db11-4ddb-93b8-391c88c7c15f,lm,relu,0,train_loss_epoch,103,5.0507588386535645
7ea43128-db11-4ddb-93b8-391c88c7c15f,lm,relu,0,train_loss_epoch,117,5.005560874938965
7ea43128-db11-4ddb-93b8-391c88c7c15f,lm,relu,0,train_loss_epoch,131,4.986732482910156
f7278250-20e0-4de0-b713-f4d27a9d3f5d,lm,relu,4,val_ppl,10,678.7559204101562
f7278250-20e0-4de0-b713-f4d27a9d3f5d,lm,relu,4,val_ppl,24,441.4832153320313
f7278250-20e0-4de0-b713-f4d27a9d3f5d,lm,relu,4,val_ppl,36,376.9586791992188
f7278250-20e0-4de0-b713-f4d27a9d3f5d,lm,relu,4,val_ppl,50,342.0206604003906
f7278250-20e0-4de0-b713-f4d27a9d3f5d,lm,relu,4,val_ppl,64,323.2588806152344
f7278250-20e0-4de0-b713-f4d27a9d3f5d,lm,relu,4,val_ppl,76,313.9572448730469
f7278250-20e0-4de0-b713-f4d27a9d3f5d,lm,relu,4,val_ppl,90,310.37432861328125
f7278250-20e0-4de0-b713-f4d27a9d3f5d,lm,relu,4,val_ppl,102,312.27490234375
f7278250-20e0-4de0-b713-f4d27a9d3f5d,lm,relu,4,val_ppl,116,312.6094970703125
f7278250-20e0-4de0-b713-f4d27a9d3f5d,lm,relu,4,val_ppl,130,313.07098388671875
f7278250-20e0-4de0-b713-f4d27a9d3f5d,lm,relu,4,val_loss,10,6.5162739753723145
f7278250-20e0-4de0-b713-f4d27a9d3f5d,lm,relu,4,val_loss,24,6.083432674407959
f7278250-20e0-4de0-b713-f4d27a9d3f5d,lm,relu,4,val_loss,36,5.922955989837647
f7278250-20e0-4de0-b713-f4d27a9d3f5d,lm,relu,4,val_loss,50,5.824129104614258
f7278250-20e0-4de0-b713-f4d27a9d3f5d,lm,relu,4,val_loss,64,5.766765117645264
f7278250-20e0-4de0-b713-f4d27a9d3f5d,lm,relu,4,val_loss,76,5.73661994934082
f7278250-20e0-4de0-b713-f4d27a9d3f5d,lm,relu,4,val_loss,90,5.724752426147461
f7278250-20e0-4de0-b713-f4d27a9d3f5d,lm,relu,4,val_loss,102,5.730388164520264
f7278250-20e0-4de0-b713-f4d27a9d3f5d,lm,relu,4,val_loss,116,5.731242656707764
f7278250-20e0-4de0-b713-f4d27a9d3f5d,lm,relu,4,val_loss,130,5.732656955718994
f7278250-20e0-4de0-b713-f4d27a9d3f5d,lm,relu,4,train_loss_epoch,11,8.002436637878418
f7278250-20e0-4de0-b713-f4d27a9d3f5d,lm,relu,4,train_loss_epoch,25,6.177855968475342
f7278250-20e0-4de0-b713-f4d27a9d3f5d,lm,relu,4,train_loss_epoch,37,5.795385360717773
f7278250-20e0-4de0-b713-f4d27a9d3f5d,lm,relu,4,train_loss_epoch,51,5.555595397949219
f7278250-20e0-4de0-b713-f4d27a9d3f5d,lm,relu,4,train_loss_epoch,65,5.370180606842041
f7278250-20e0-4de0-b713-f4d27a9d3f5d,lm,relu,4,train_loss_epoch,77,5.223549842834473
f7278250-20e0-4de0-b713-f4d27a9d3f5d,lm,relu,4,train_loss_epoch,91,5.114078998565674
f7278250-20e0-4de0-b713-f4d27a9d3f5d,lm,relu,4,train_loss_epoch,103,5.037586212158203
f7278250-20e0-4de0-b713-f4d27a9d3f5d,lm,relu,4,train_loss_epoch,117,4.99344539642334
f7278250-20e0-4de0-b713-f4d27a9d3f5d,lm,relu,4,train_loss_epoch,131,4.973856925964356
779e4912-3ca8-4a57-93dc-559fd843e2ba,lm,gelu,6,val_ppl,10,683.8963623046875
779e4912-3ca8-4a57-93dc-559fd843e2ba,lm,gelu,6,val_ppl,24,439.5577392578125
779e4912-3ca8-4a57-93dc-559fd843e2ba,lm,gelu,6,val_ppl,36,374.2791137695313
779e4912-3ca8-4a57-93dc-559fd843e2ba,lm,gelu,6,val_ppl,50,342.2451477050781
779e4912-3ca8-4a57-93dc-559fd843e2ba,lm,gelu,6,val_ppl,64,323.4834289550781
779e4912-3ca8-4a57-93dc-559fd843e2ba,lm,gelu,6,val_ppl,76,315.0021057128906
779e4912-3ca8-4a57-93dc-559fd843e2ba,lm,gelu,6,val_ppl,90,311.7334289550781
779e4912-3ca8-4a57-93dc-559fd843e2ba,lm,gelu,6,val_ppl,102,313.1010131835937
779e4912-3ca8-4a57-93dc-559fd843e2ba,lm,gelu,6,val_ppl,116,315.0052185058594
779e4912-3ca8-4a57-93dc-559fd843e2ba,lm,gelu,6,val_ppl,130,315.51678466796875
779e4912-3ca8-4a57-93dc-559fd843e2ba,lm,gelu,6,val_loss,10,6.523717403411865
779e4912-3ca8-4a57-93dc-559fd843e2ba,lm,gelu,6,val_loss,24,6.07833194732666
779e4912-3ca8-4a57-93dc-559fd843e2ba,lm,gelu,6,val_loss,36,5.915225028991699
779e4912-3ca8-4a57-93dc-559fd843e2ba,lm,gelu,6,val_loss,50,5.824434280395508
779e4912-3ca8-4a57-93dc-559fd843e2ba,lm,gelu,6,val_loss,64,5.766829490661621
779e4912-3ca8-4a57-93dc-559fd843e2ba,lm,gelu,6,val_loss,76,5.739141464233398
779e4912-3ca8-4a57-93dc-559fd843e2ba,lm,gelu,6,val_loss,90,5.727849960327148
779e4912-3ca8-4a57-93dc-559fd843e2ba,lm,gelu,6,val_loss,102,5.731756210327148
779e4912-3ca8-4a57-93dc-559fd843e2ba,lm,gelu,6,val_loss,116,5.737615585327148
779e4912-3ca8-4a57-93dc-559fd843e2ba,lm,gelu,6,val_loss,130,5.739142417907715
779e4912-3ca8-4a57-93dc-559fd843e2ba,lm,gelu,6,train_loss_epoch,11,8.020318031311035
779e4912-3ca8-4a57-93dc-559fd843e2ba,lm,gelu,6,train_loss_epoch,25,6.176306247711182
779e4912-3ca8-4a57-93dc-559fd843e2ba,lm,gelu,6,train_loss_epoch,37,5.783823490142822
779e4912-3ca8-4a57-93dc-559fd843e2ba,lm,gelu,6,train_loss_epoch,51,5.539777755737305
779e4912-3ca8-4a57-93dc-559fd843e2ba,lm,gelu,6,train_loss_epoch,65,5.352579593658447
779e4912-3ca8-4a57-93dc-559fd843e2ba,lm,gelu,6,train_loss_epoch,77,5.2030839920043945
779e4912-3ca8-4a57-93dc-559fd843e2ba,lm,gelu,6,train_loss_epoch,91,5.089179992675781
779e4912-3ca8-4a57-93dc-559fd843e2ba,lm,gelu,6,train_loss_epoch,103,5.010521411895752
779e4912-3ca8-4a57-93dc-559fd843e2ba,lm,gelu,6,train_loss_epoch,117,4.963784217834473
779e4912-3ca8-4a57-93dc-559fd843e2ba,lm,gelu,6,train_loss_epoch,131,4.944512844085693
9eba82df-27dc-4d2b-aea1-49c9fb3c1b62,lm,gelu,4,val_ppl,10,679.9580688476562
9eba82df-27dc-4d2b-aea1-49c9fb3c1b62,lm,gelu,4,val_ppl,24,440.7649230957031
9eba82df-27dc-4d2b-aea1-49c9fb3c1b62,lm,gelu,4,val_ppl,36,373.3284301757813
9eba82df-27dc-4d2b-aea1-49c9fb3c1b62,lm,gelu,4,val_ppl,50,340.0050048828125
9eba82df-27dc-4d2b-aea1-49c9fb3c1b62,lm,gelu,4,val_ppl,64,320.9939270019531
9eba82df-27dc-4d2b-aea1-49c9fb3c1b62,lm,gelu,4,val_ppl,76,311.4031066894531
9eba82df-27dc-4d2b-aea1-49c9fb3c1b62,lm,gelu,4,val_ppl,90,307.7640686035156
9eba82df-27dc-4d2b-aea1-49c9fb3c1b62,lm,gelu,4,val_ppl,102,309.57452392578125
9eba82df-27dc-4d2b-aea1-49c9fb3c1b62,lm,gelu,4,val_ppl,116,310.2621154785156
9eba82df-27dc-4d2b-aea1-49c9fb3c1b62,lm,gelu,4,val_ppl,130,310.716796875
9eba82df-27dc-4d2b-aea1-49c9fb3c1b62,lm,gelu,4,val_loss,10,6.518002986907959
9eba82df-27dc-4d2b-aea1-49c9fb3c1b62,lm,gelu,4,val_loss,24,6.081728458404541
9eba82df-27dc-4d2b-aea1-49c9fb3c1b62,lm,gelu,4,val_loss,36,5.913215160369873
9eba82df-27dc-4d2b-aea1-49c9fb3c1b62,lm,gelu,4,val_loss,50,5.818218231201172
9eba82df-27dc-4d2b-aea1-49c9fb3c1b62,lm,gelu,4,val_loss,64,5.759445190429688
9eba82df-27dc-4d2b-aea1-49c9fb3c1b62,lm,gelu,4,val_loss,76,5.727996826171875
9eba82df-27dc-4d2b-aea1-49c9fb3c1b62,lm,gelu,4,val_loss,90,5.715869903564453
9eba82df-27dc-4d2b-aea1-49c9fb3c1b62,lm,gelu,4,val_loss,102,5.721086025238037
9eba82df-27dc-4d2b-aea1-49c9fb3c1b62,lm,gelu,4,val_loss,116,5.723022937774658
9eba82df-27dc-4d2b-aea1-49c9fb3c1b62,lm,gelu,4,val_loss,130,5.724429607391357
9eba82df-27dc-4d2b-aea1-49c9fb3c1b62,lm,gelu,4,train_loss_epoch,11,8.004899978637695
9eba82df-27dc-4d2b-aea1-49c9fb3c1b62,lm,gelu,4,train_loss_epoch,25,6.174992561340332
9eba82df-27dc-4d2b-aea1-49c9fb3c1b62,lm,gelu,4,train_loss_epoch,37,5.784072399139404
9eba82df-27dc-4d2b-aea1-49c9fb3c1b62,lm,gelu,4,train_loss_epoch,51,5.539340496063232
9eba82df-27dc-4d2b-aea1-49c9fb3c1b62,lm,gelu,4,train_loss_epoch,65,5.351010799407959
9eba82df-27dc-4d2b-aea1-49c9fb3c1b62,lm,gelu,4,train_loss_epoch,77,5.199814796447754
9eba82df-27dc-4d2b-aea1-49c9fb3c1b62,lm,gelu,4,train_loss_epoch,91,5.08705472946167
9eba82df-27dc-4d2b-aea1-49c9fb3c1b62,lm,gelu,4,train_loss_epoch,103,5.00822639465332
9eba82df-27dc-4d2b-aea1-49c9fb3c1b62,lm,gelu,4,train_loss_epoch,117,4.962554454803467
9eba82df-27dc-4d2b-aea1-49c9fb3c1b62,lm,gelu,4,train_loss_epoch,131,4.94260311126709
ea1b2786-47f3-44e2-82f0-1463d1a06c1e,lm,gelu,0,val_ppl,10,682.601806640625
ea1b2786-47f3-44e2-82f0-1463d1a06c1e,lm,gelu,0,val_ppl,24,438.6477661132813
ea1b2786-47f3-44e2-82f0-1463d1a06c1e,lm,gelu,0,val_ppl,36,375.5433349609375
ea1b2786-47f3-44e2-82f0-1463d1a06c1e,lm,gelu,0,val_ppl,50,343.91217041015625
ea1b2786-47f3-44e2-82f0-1463d1a06c1e,lm,gelu,0,val_ppl,64,323.2626342773437
ea1b2786-47f3-44e2-82f0-1463d1a06c1e,lm,gelu,0,val_ppl,76,314.9581298828125
ea1b2786-47f3-44e2-82f0-1463d1a06c1e,lm,gelu,0,val_ppl,90,311.7035217285156
ea1b2786-47f3-44e2-82f0-1463d1a06c1e,lm,gelu,0,val_ppl,102,312.5224914550781
ea1b2786-47f3-44e2-82f0-1463d1a06c1e,lm,gelu,0,val_ppl,116,313.8396301269531
ea1b2786-47f3-44e2-82f0-1463d1a06c1e,lm,gelu,0,val_ppl,130,314.5992736816406
ea1b2786-47f3-44e2-82f0-1463d1a06c1e,lm,gelu,0,val_loss,10,6.522027492523193
ea1b2786-47f3-44e2-82f0-1463d1a06c1e,lm,gelu,0,val_loss,24,6.076674461364746
ea1b2786-47f3-44e2-82f0-1463d1a06c1e,lm,gelu,0,val_loss,36,5.919282913208008
ea1b2786-47f3-44e2-82f0-1463d1a06c1e,lm,gelu,0,val_loss,50,5.829326629638672
ea1b2786-47f3-44e2-82f0-1463d1a06c1e,lm,gelu,0,val_loss,64,5.7666850090026855
ea1b2786-47f3-44e2-82f0-1463d1a06c1e,lm,gelu,0,val_loss,76,5.739763259887695
ea1b2786-47f3-44e2-82f0-1463d1a06c1e,lm,gelu,0,val_loss,90,5.72880744934082
ea1b2786-47f3-44e2-82f0-1463d1a06c1e,lm,gelu,0,val_loss,102,5.731074333190918
ea1b2786-47f3-44e2-82f0-1463d1a06c1e,lm,gelu,0,val_loss,116,5.734901428222656
ea1b2786-47f3-44e2-82f0-1463d1a06c1e,lm,gelu,0,val_loss,130,5.737246513366699
ea1b2786-47f3-44e2-82f0-1463d1a06c1e,lm,gelu,0,train_loss_epoch,11,8.001060485839844
ea1b2786-47f3-44e2-82f0-1463d1a06c1e,lm,gelu,0,train_loss_epoch,25,6.1750335693359375
ea1b2786-47f3-44e2-82f0-1463d1a06c1e,lm,gelu,0,train_loss_epoch,37,5.789515972137451
ea1b2786-47f3-44e2-82f0-1463d1a06c1e,lm,gelu,0,train_loss_epoch,51,5.5463690757751465
ea1b2786-47f3-44e2-82f0-1463d1a06c1e,lm,gelu,0,train_loss_epoch,65,5.357750415802002
ea1b2786-47f3-44e2-82f0-1463d1a06c1e,lm,gelu,0,train_loss_epoch,77,5.2076096534729
ea1b2786-47f3-44e2-82f0-1463d1a06c1e,lm,gelu,0,train_loss_epoch,91,5.093005180358887
ea1b2786-47f3-44e2-82f0-1463d1a06c1e,lm,gelu,0,train_loss_epoch,103,5.014450550079346
ea1b2786-47f3-44e2-82f0-1463d1a06c1e,lm,gelu,0,train_loss_epoch,117,4.967658042907715
ea1b2786-47f3-44e2-82f0-1463d1a06c1e,lm,gelu,0,train_loss_epoch,131,4.948451042175293
1aa9e7dd-0ae6-47df-8d00-c02c16f0472f,lm,gelu,7,val_ppl,10,684.6317749023438
1aa9e7dd-0ae6-47df-8d00-c02c16f0472f,lm,gelu,7,val_ppl,24,437.5913696289063
1aa9e7dd-0ae6-47df-8d00-c02c16f0472f,lm,gelu,7,val_ppl,36,372.8821411132813
1aa9e7dd-0ae6-47df-8d00-c02c16f0472f,lm,gelu,7,val_ppl,50,339.712646484375
1aa9e7dd-0ae6-47df-8d00-c02c16f0472f,lm,gelu,7,val_ppl,64,321.1996765136719
1aa9e7dd-0ae6-47df-8d00-c02c16f0472f,lm,gelu,7,val_ppl,76,311.3497314453125
1aa9e7dd-0ae6-47df-8d00-c02c16f0472f,lm,gelu,7,val_ppl,90,309.090576171875
1aa9e7dd-0ae6-47df-8d00-c02c16f0472f,lm,gelu,7,val_ppl,102,310.03570556640625
1aa9e7dd-0ae6-47df-8d00-c02c16f0472f,lm,gelu,7,val_ppl,116,311.8558349609375
1aa9e7dd-0ae6-47df-8d00-c02c16f0472f,lm,gelu,7,val_ppl,130,312.3106994628906
1aa9e7dd-0ae6-47df-8d00-c02c16f0472f,lm,gelu,7,val_loss,10,6.5250563621521
1aa9e7dd-0ae6-47df-8d00-c02c16f0472f,lm,gelu,7,val_loss,24,6.073688507080078
1aa9e7dd-0ae6-47df-8d00-c02c16f0472f,lm,gelu,7,val_loss,36,5.912050724029541
1aa9e7dd-0ae6-47df-8d00-c02c16f0472f,lm,gelu,7,val_loss,50,5.81734561920166
1aa9e7dd-0ae6-47df-8d00-c02c16f0472f,lm,gelu,7,val_loss,64,5.759864330291748
1aa9e7dd-0ae6-47df-8d00-c02c16f0472f,lm,gelu,7,val_loss,76,5.727776527404785
1aa9e7dd-0ae6-47df-8d00-c02c16f0472f,lm,gelu,7,val_loss,90,5.719863414764404
1aa9e7dd-0ae6-47df-8d00-c02c16f0472f,lm,gelu,7,val_loss,102,5.722400188446045
1aa9e7dd-0ae6-47df-8d00-c02c16f0472f,lm,gelu,7,val_loss,116,5.728017330169678
1aa9e7dd-0ae6-47df-8d00-c02c16f0472f,lm,gelu,7,val_loss,130,5.729411602020264
1aa9e7dd-0ae6-47df-8d00-c02c16f0472f,lm,gelu,7,train_loss_epoch,11,8.008464813232422
1aa9e7dd-0ae6-47df-8d00-c02c16f0472f,lm,gelu,7,train_loss_epoch,25,6.17703914642334
1aa9e7dd-0ae6-47df-8d00-c02c16f0472f,lm,gelu,7,train_loss_epoch,37,5.786020755767822
1aa9e7dd-0ae6-47df-8d00-c02c16f0472f,lm,gelu,7,train_loss_epoch,51,5.540410041809082
1aa9e7dd-0ae6-47df-8d00-c02c16f0472f,lm,gelu,7,train_loss_epoch,65,5.349710464477539
1aa9e7dd-0ae6-47df-8d00-c02c16f0472f,lm,gelu,7,train_loss_epoch,77,5.197974681854248
1aa9e7dd-0ae6-47df-8d00-c02c16f0472f,lm,gelu,7,train_loss_epoch,91,5.083474159240723
1aa9e7dd-0ae6-47df-8d00-c02c16f0472f,lm,gelu,7,train_loss_epoch,103,5.005341529846191
1aa9e7dd-0ae6-47df-8d00-c02c16f0472f,lm,gelu,7,train_loss_epoch,117,4.958828926086426
1aa9e7dd-0ae6-47df-8d00-c02c16f0472f,lm,gelu,7,train_loss_epoch,131,4.939371109008789
b90e3d16-3445-41b1-9056-376d1f32da5c,lm,gelu,5,val_ppl,10,675.0964965820312
b90e3d16-3445-41b1-9056-376d1f32da5c,lm,gelu,5,val_ppl,24,434.4437255859375
b90e3d16-3445-41b1-9056-376d1f32da5c,lm,gelu,5,val_ppl,36,369.1789245605469
b90e3d16-3445-41b1-9056-376d1f32da5c,lm,gelu,5,val_ppl,50,336.5800476074219
b90e3d16-3445-41b1-9056-376d1f32da5c,lm,gelu,5,val_ppl,64,317.6116027832031
b90e3d16-3445-41b1-9056-376d1f32da5c,lm,gelu,5,val_ppl,76,310.2710876464844
b90e3d16-3445-41b1-9056-376d1f32da5c,lm,gelu,5,val_ppl,90,308.24725341796875
b90e3d16-3445-41b1-9056-376d1f32da5c,lm,gelu,5,val_ppl,102,308.8927917480469
b90e3d16-3445-41b1-9056-376d1f32da5c,lm,gelu,5,val_ppl,116,310.226806640625
b90e3d16-3445-41b1-9056-376d1f32da5c,lm,gelu,5,val_ppl,130,310.62091064453125
b90e3d16-3445-41b1-9056-376d1f32da5c,lm,gelu,5,val_loss,10,6.511079788208008
b90e3d16-3445-41b1-9056-376d1f32da5c,lm,gelu,5,val_loss,24,6.066816806793213
b90e3d16-3445-41b1-9056-376d1f32da5c,lm,gelu,5,val_loss,36,5.90210485458374
b90e3d16-3445-41b1-9056-376d1f32da5c,lm,gelu,5,val_loss,50,5.808340549468994
b90e3d16-3445-41b1-9056-376d1f32da5c,lm,gelu,5,val_loss,64,5.748914241790772
b90e3d16-3445-41b1-9056-376d1f32da5c,lm,gelu,5,val_loss,76,5.724216461181641
b90e3d16-3445-41b1-9056-376d1f32da5c,lm,gelu,5,val_loss,90,5.716693878173828
b90e3d16-3445-41b1-9056-376d1f32da5c,lm,gelu,5,val_loss,102,5.718207836151123
b90e3d16-3445-41b1-9056-376d1f32da5c,lm,gelu,5,val_loss,116,5.722307205200195
b90e3d16-3445-41b1-9056-376d1f32da5c,lm,gelu,5,val_loss,130,5.723469257354736
b90e3d16-3445-41b1-9056-376d1f32da5c,lm,gelu,5,train_loss_epoch,11,8.0072021484375
b90e3d16-3445-41b1-9056-376d1f32da5c,lm,gelu,5,train_loss_epoch,25,6.161101341247559
b90e3d16-3445-41b1-9056-376d1f32da5c,lm,gelu,5,train_loss_epoch,37,5.7717695236206055
b90e3d16-3445-41b1-9056-376d1f32da5c,lm,gelu,5,train_loss_epoch,51,5.526330471038818
b90e3d16-3445-41b1-9056-376d1f32da5c,lm,gelu,5,train_loss_epoch,65,5.337708950042725
b90e3d16-3445-41b1-9056-376d1f32da5c,lm,gelu,5,train_loss_epoch,77,5.188071250915527
b90e3d16-3445-41b1-9056-376d1f32da5c,lm,gelu,5,train_loss_epoch,91,5.075320243835449
b90e3d16-3445-41b1-9056-376d1f32da5c,lm,gelu,5,train_loss_epoch,103,4.997542858123779
b90e3d16-3445-41b1-9056-376d1f32da5c,lm,gelu,5,train_loss_epoch,117,4.95147705078125
b90e3d16-3445-41b1-9056-376d1f32da5c,lm,gelu,5,train_loss_epoch,131,4.931140422821045
bd88eac9-f0d4-4d39-96a4-523dabf203fa,lm,gelu,1,val_ppl,10,678.6420288085938
bd88eac9-f0d4-4d39-96a4-523dabf203fa,lm,gelu,1,val_ppl,24,437.3893737792969
bd88eac9-f0d4-4d39-96a4-523dabf203fa,lm,gelu,1,val_ppl,36,374.2867431640625
bd88eac9-f0d4-4d39-96a4-523dabf203fa,lm,gelu,1,val_ppl,50,341.9379272460937
bd88eac9-f0d4-4d39-96a4-523dabf203fa,lm,gelu,1,val_ppl,64,323.1612854003906
bd88eac9-f0d4-4d39-96a4-523dabf203fa,lm,gelu,1,val_ppl,76,312.5658874511719
bd88eac9-f0d4-4d39-96a4-523dabf203fa,lm,gelu,1,val_ppl,90,310.7877197265625
bd88eac9-f0d4-4d39-96a4-523dabf203fa,lm,gelu,1,val_ppl,102,311.93505859375
bd88eac9-f0d4-4d39-96a4-523dabf203fa,lm,gelu,1,val_ppl,116,313.1665344238281
bd88eac9-f0d4-4d39-96a4-523dabf203fa,lm,gelu,1,val_ppl,130,313.412353515625
bd88eac9-f0d4-4d39-96a4-523dabf203fa,lm,gelu,1,val_loss,10,6.516217231750488
bd88eac9-f0d4-4d39-96a4-523dabf203fa,lm,gelu,1,val_loss,24,6.073861122131348
bd88eac9-f0d4-4d39-96a4-523dabf203fa,lm,gelu,1,val_loss,36,5.915935516357422
bd88eac9-f0d4-4d39-96a4-523dabf203fa,lm,gelu,1,val_loss,50,5.824029922485352
bd88eac9-f0d4-4d39-96a4-523dabf203fa,lm,gelu,1,val_loss,64,5.766698837280273
bd88eac9-f0d4-4d39-96a4-523dabf203fa,lm,gelu,1,val_loss,76,5.732301235198975
bd88eac9-f0d4-4d39-96a4-523dabf203fa,lm,gelu,1,val_loss,90,5.725990295410156
bd88eac9-f0d4-4d39-96a4-523dabf203fa,lm,gelu,1,val_loss,102,5.729185581207275
bd88eac9-f0d4-4d39-96a4-523dabf203fa,lm,gelu,1,val_loss,116,5.732892990112305
bd88eac9-f0d4-4d39-96a4-523dabf203fa,lm,gelu,1,val_loss,130,5.733681678771973
bd88eac9-f0d4-4d39-96a4-523dabf203fa,lm,gelu,1,train_loss_epoch,11,8.009676933288574
bd88eac9-f0d4-4d39-96a4-523dabf203fa,lm,gelu,1,train_loss_epoch,25,6.168806552886963
bd88eac9-f0d4-4d39-96a4-523dabf203fa,lm,gelu,1,train_loss_epoch,37,5.782429218292236
bd88eac9-f0d4-4d39-96a4-523dabf203fa,lm,gelu,1,train_loss_epoch,51,5.538825511932373
bd88eac9-f0d4-4d39-96a4-523dabf203fa,lm,gelu,1,train_loss_epoch,65,5.3511176109313965
bd88eac9-f0d4-4d39-96a4-523dabf203fa,lm,gelu,1,train_loss_epoch,77,5.201033592224121
bd88eac9-f0d4-4d39-96a4-523dabf203fa,lm,gelu,1,train_loss_epoch,91,5.086555480957031
bd88eac9-f0d4-4d39-96a4-523dabf203fa,lm,gelu,1,train_loss_epoch,103,5.007887363433838
bd88eac9-f0d4-4d39-96a4-523dabf203fa,lm,gelu,1,train_loss_epoch,117,4.962332248687744
bd88eac9-f0d4-4d39-96a4-523dabf203fa,lm,gelu,1,train_loss_epoch,131,4.943195819854736
7ca34ca9-1ff8-4ba6-9eae-30b83a5fdfeb,lm,gelu,2,val_ppl,10,683.4436645507812
7ca34ca9-1ff8-4ba6-9eae-30b83a5fdfeb,lm,gelu,2,val_ppl,24,438.44525146484375
7ca34ca9-1ff8-4ba6-9eae-30b83a5fdfeb,lm,gelu,2,val_ppl,36,374.15966796875
7ca34ca9-1ff8-4ba6-9eae-30b83a5fdfeb,lm,gelu,2,val_ppl,50,341.13580322265625
7ca34ca9-1ff8-4ba6-9eae-30b83a5fdfeb,lm,gelu,2,val_ppl,64,323.1791381835937
7ca34ca9-1ff8-4ba6-9eae-30b83a5fdfeb,lm,gelu,2,val_ppl,76,313.5493469238281
7ca34ca9-1ff8-4ba6-9eae-30b83a5fdfeb,lm,gelu,2,val_ppl,90,309.8843688964844
7ca34ca9-1ff8-4ba6-9eae-30b83a5fdfeb,lm,gelu,2,val_ppl,102,312.0908203125
7ca34ca9-1ff8-4ba6-9eae-30b83a5fdfeb,lm,gelu,2,val_ppl,116,313.1613464355469
7ca34ca9-1ff8-4ba6-9eae-30b83a5fdfeb,lm,gelu,2,val_ppl,130,313.5995483398437
7ca34ca9-1ff8-4ba6-9eae-30b83a5fdfeb,lm,gelu,2,val_loss,10,6.523135662078857
7ca34ca9-1ff8-4ba6-9eae-30b83a5fdfeb,lm,gelu,2,val_loss,24,6.076427936553955
7ca34ca9-1ff8-4ba6-9eae-30b83a5fdfeb,lm,gelu,2,val_loss,36,5.915619373321533
7ca34ca9-1ff8-4ba6-9eae-30b83a5fdfeb,lm,gelu,2,val_loss,50,5.821575164794922
7ca34ca9-1ff8-4ba6-9eae-30b83a5fdfeb,lm,gelu,2,val_loss,64,5.765921115875244
7ca34ca9-1ff8-4ba6-9eae-30b83a5fdfeb,lm,gelu,2,val_loss,76,5.734833240509033
7ca34ca9-1ff8-4ba6-9eae-30b83a5fdfeb,lm,gelu,2,val_loss,90,5.722208499908447
7ca34ca9-1ff8-4ba6-9eae-30b83a5fdfeb,lm,gelu,2,val_loss,102,5.728460311889648
7ca34ca9-1ff8-4ba6-9eae-30b83a5fdfeb,lm,gelu,2,val_loss,116,5.73173713684082
7ca34ca9-1ff8-4ba6-9eae-30b83a5fdfeb,lm,gelu,2,val_loss,130,5.733053684234619
7ca34ca9-1ff8-4ba6-9eae-30b83a5fdfeb,lm,gelu,2,train_loss_epoch,11,8.011078834533691
7ca34ca9-1ff8-4ba6-9eae-30b83a5fdfeb,lm,gelu,2,train_loss_epoch,25,6.181281566619873
7ca34ca9-1ff8-4ba6-9eae-30b83a5fdfeb,lm,gelu,2,train_loss_epoch,37,5.789071083068848
7ca34ca9-1ff8-4ba6-9eae-30b83a5fdfeb,lm,gelu,2,train_loss_epoch,51,5.544004440307617
7ca34ca9-1ff8-4ba6-9eae-30b83a5fdfeb,lm,gelu,2,train_loss_epoch,65,5.356161594390869
7ca34ca9-1ff8-4ba6-9eae-30b83a5fdfeb,lm,gelu,2,train_loss_epoch,77,5.206258773803711
7ca34ca9-1ff8-4ba6-9eae-30b83a5fdfeb,lm,gelu,2,train_loss_epoch,91,5.093120098114014
7ca34ca9-1ff8-4ba6-9eae-30b83a5fdfeb,lm,gelu,2,train_loss_epoch,103,5.014511585235596
7ca34ca9-1ff8-4ba6-9eae-30b83a5fdfeb,lm,gelu,2,train_loss_epoch,117,4.9681077003479
7ca34ca9-1ff8-4ba6-9eae-30b83a5fdfeb,lm,gelu,2,train_loss_epoch,131,4.948217391967773
8873c20a-b9e5-426f-aed2-999e7d96e971,lm,gelu,3,val_ppl,10,672.0958862304688
8873c20a-b9e5-426f-aed2-999e7d96e971,lm,gelu,3,val_ppl,24,434.7732849121094
8873c20a-b9e5-426f-aed2-999e7d96e971,lm,gelu,3,val_ppl,36,372.1265563964844
8873c20a-b9e5-426f-aed2-999e7d96e971,lm,gelu,3,val_ppl,50,340.1541748046875
8873c20a-b9e5-426f-aed2-999e7d96e971,lm,gelu,3,val_ppl,64,322.03564453125
8873c20a-b9e5-426f-aed2-999e7d96e971,lm,gelu,3,val_ppl,76,313.96258544921875
8873c20a-b9e5-426f-aed2-999e7d96e971,lm,gelu,3,val_ppl,90,311.1361389160156
8873c20a-b9e5-426f-aed2-999e7d96e971,lm,gelu,3,val_ppl,102,312.3360595703125
8873c20a-b9e5-426f-aed2-999e7d96e971,lm,gelu,3,val_ppl,116,314.2322692871094
8873c20a-b9e5-426f-aed2-999e7d96e971,lm,gelu,3,val_ppl,130,314.7051696777344
8873c20a-b9e5-426f-aed2-999e7d96e971,lm,gelu,3,val_loss,10,6.506382465362549
8873c20a-b9e5-426f-aed2-999e7d96e971,lm,gelu,3,val_loss,24,6.067570209503174
8873c20a-b9e5-426f-aed2-999e7d96e971,lm,gelu,3,val_loss,36,5.909806728363037
8873c20a-b9e5-426f-aed2-999e7d96e971,lm,gelu,3,val_loss,50,5.81865119934082
8873c20a-b9e5-426f-aed2-999e7d96e971,lm,gelu,3,val_loss,64,5.762526512145996
8873c20a-b9e5-426f-aed2-999e7d96e971,lm,gelu,3,val_loss,76,5.736000061035156
8873c20a-b9e5-426f-aed2-999e7d96e971,lm,gelu,3,val_loss,90,5.7262701988220215
8873c20a-b9e5-426f-aed2-999e7d96e971,lm,gelu,3,val_loss,102,5.729663848876953
8873c20a-b9e5-426f-aed2-999e7d96e971,lm,gelu,3,val_loss,116,5.735500335693359
8873c20a-b9e5-426f-aed2-999e7d96e971,lm,gelu,3,val_loss,130,5.736937046051025
8873c20a-b9e5-426f-aed2-999e7d96e971,lm,gelu,3,train_loss_epoch,11,8.014206886291504
8873c20a-b9e5-426f-aed2-999e7d96e971,lm,gelu,3,train_loss_epoch,25,6.1602783203125
8873c20a-b9e5-426f-aed2-999e7d96e971,lm,gelu,3,train_loss_epoch,37,5.773742198944092
8873c20a-b9e5-426f-aed2-999e7d96e971,lm,gelu,3,train_loss_epoch,51,5.530807971954346
8873c20a-b9e5-426f-aed2-999e7d96e971,lm,gelu,3,train_loss_epoch,65,5.344237804412842
8873c20a-b9e5-426f-aed2-999e7d96e971,lm,gelu,3,train_loss_epoch,77,5.196467399597168
8873c20a-b9e5-426f-aed2-999e7d96e971,lm,gelu,3,train_loss_epoch,91,5.084119319915772
8873c20a-b9e5-426f-aed2-999e7d96e971,lm,gelu,3,train_loss_epoch,103,5.006350040435791
8873c20a-b9e5-426f-aed2-999e7d96e971,lm,gelu,3,train_loss_epoch,117,4.960437774658203
8873c20a-b9e5-426f-aed2-999e7d96e971,lm,gelu,3,train_loss_epoch,131,4.940633296966553
aab15c64-24ad-4883-8291-dfc4ea9e30c6,lm,leaky,3,val_ppl,10,672.510498046875
aab15c64-24ad-4883-8291-dfc4ea9e30c6,lm,leaky,3,val_ppl,24,437.2101745605469
aab15c64-24ad-4883-8291-dfc4ea9e30c6,lm,leaky,3,val_ppl,36,375.3749084472656
aab15c64-24ad-4883-8291-dfc4ea9e30c6,lm,leaky,3,val_ppl,50,345.0880126953125
aab15c64-24ad-4883-8291-dfc4ea9e30c6,lm,leaky,3,val_ppl,64,327.0201416015625
aab15c64-24ad-4883-8291-dfc4ea9e30c6,lm,leaky,3,val_ppl,76,318.4476928710937
aab15c64-24ad-4883-8291-dfc4ea9e30c6,lm,leaky,3,val_ppl,90,315.90728759765625
aab15c64-24ad-4883-8291-dfc4ea9e30c6,lm,leaky,3,val_ppl,102,317.3155822753906
aab15c64-24ad-4883-8291-dfc4ea9e30c6,lm,leaky,3,val_ppl,116,319.1756591796875
aab15c64-24ad-4883-8291-dfc4ea9e30c6,lm,leaky,3,val_ppl,130,319.6507873535156
aab15c64-24ad-4883-8291-dfc4ea9e30c6,lm,leaky,3,val_loss,10,6.506988048553467
aab15c64-24ad-4883-8291-dfc4ea9e30c6,lm,leaky,3,val_loss,24,6.073190212249756
aab15c64-24ad-4883-8291-dfc4ea9e30c6,lm,leaky,3,val_loss,36,5.918376445770264
aab15c64-24ad-4883-8291-dfc4ea9e30c6,lm,leaky,3,val_loss,50,5.832817554473877
aab15c64-24ad-4883-8291-dfc4ea9e30c6,lm,leaky,3,val_loss,64,5.777696132659912
aab15c64-24ad-4883-8291-dfc4ea9e30c6,lm,leaky,3,val_loss,76,5.750430107116699
aab15c64-24ad-4883-8291-dfc4ea9e30c6,lm,leaky,3,val_loss,90,5.741739273071289
aab15c64-24ad-4883-8291-dfc4ea9e30c6,lm,leaky,3,val_loss,102,5.745722770690918
aab15c64-24ad-4883-8291-dfc4ea9e30c6,lm,leaky,3,val_loss,116,5.751325607299805
aab15c64-24ad-4883-8291-dfc4ea9e30c6,lm,leaky,3,val_loss,130,5.752734184265137
aab15c64-24ad-4883-8291-dfc4ea9e30c6,lm,leaky,3,train_loss_epoch,11,8.010724067687988
aab15c64-24ad-4883-8291-dfc4ea9e30c6,lm,leaky,3,train_loss_epoch,25,6.164702892303467
aab15c64-24ad-4883-8291-dfc4ea9e30c6,lm,leaky,3,train_loss_epoch,37,5.784462451934815
aab15c64-24ad-4883-8291-dfc4ea9e30c6,lm,leaky,3,train_loss_epoch,51,5.547358512878418
aab15c64-24ad-4883-8291-dfc4ea9e30c6,lm,leaky,3,train_loss_epoch,65,5.366336345672607
aab15c64-24ad-4883-8291-dfc4ea9e30c6,lm,leaky,3,train_loss_epoch,77,5.222840785980225
aab15c64-24ad-4883-8291-dfc4ea9e30c6,lm,leaky,3,train_loss_epoch,91,5.114131450653076
aab15c64-24ad-4883-8291-dfc4ea9e30c6,lm,leaky,3,train_loss_epoch,103,5.0386643409729
aab15c64-24ad-4883-8291-dfc4ea9e30c6,lm,leaky,3,train_loss_epoch,117,4.993809700012207
aab15c64-24ad-4883-8291-dfc4ea9e30c6,lm,leaky,3,train_loss_epoch,131,4.9748125076293945
a050ec5c-ecb3-40f9-980b-fce052eb975f,lm,leaky,7,val_ppl,10,681.3718872070312
a050ec5c-ecb3-40f9-980b-fce052eb975f,lm,leaky,7,val_ppl,24,439.214599609375
a050ec5c-ecb3-40f9-980b-fce052eb975f,lm,leaky,7,val_ppl,36,374.4087524414063
a050ec5c-ecb3-40f9-980b-fce052eb975f,lm,leaky,7,val_ppl,50,343.1069641113281
a050ec5c-ecb3-40f9-980b-fce052eb975f,lm,leaky,7,val_ppl,64,325.2347412109375
a050ec5c-ecb3-40f9-980b-fce052eb975f,lm,leaky,7,val_ppl,76,315.9342956542969
a050ec5c-ecb3-40f9-980b-fce052eb975f,lm,leaky,7,val_ppl,90,313.8296203613281
a050ec5c-ecb3-40f9-980b-fce052eb975f,lm,leaky,7,val_ppl,102,313.9798583984375
a050ec5c-ecb3-40f9-980b-fce052eb975f,lm,leaky,7,val_ppl,116,315.9550170898437
a050ec5c-ecb3-40f9-980b-fce052eb975f,lm,leaky,7,val_ppl,130,316.3946533203125
a050ec5c-ecb3-40f9-980b-fce052eb975f,lm,leaky,7,val_loss,10,6.520295143127441
a050ec5c-ecb3-40f9-980b-fce052eb975f,lm,leaky,7,val_loss,24,6.077371120452881
a050ec5c-ecb3-40f9-980b-fce052eb975f,lm,leaky,7,val_loss,36,5.9162468910217285
a050ec5c-ecb3-40f9-980b-fce052eb975f,lm,leaky,7,val_loss,50,5.827485084533691
a050ec5c-ecb3-40f9-980b-fce052eb975f,lm,leaky,7,val_loss,64,5.772613525390625
a050ec5c-ecb3-40f9-980b-fce052eb975f,lm,leaky,7,val_loss,76,5.742503643035889
a050ec5c-ecb3-40f9-980b-fce052eb975f,lm,leaky,7,val_loss,90,5.734999179840088
a050ec5c-ecb3-40f9-980b-fce052eb975f,lm,leaky,7,val_loss,102,5.734971523284912
a050ec5c-ecb3-40f9-980b-fce052eb975f,lm,leaky,7,val_loss,116,5.7410569190979
a050ec5c-ecb3-40f9-980b-fce052eb975f,lm,leaky,7,val_loss,130,5.742358207702637
a050ec5c-ecb3-40f9-980b-fce052eb975f,lm,leaky,7,train_loss_epoch,11,8.005082130432129
a050ec5c-ecb3-40f9-980b-fce052eb975f,lm,leaky,7,train_loss_epoch,25,6.175929069519043
a050ec5c-ecb3-40f9-980b-fce052eb975f,lm,leaky,7,train_loss_epoch,37,5.793274402618408
a050ec5c-ecb3-40f9-980b-fce052eb975f,lm,leaky,7,train_loss_epoch,51,5.553112983703613
a050ec5c-ecb3-40f9-980b-fce052eb975f,lm,leaky,7,train_loss_epoch,65,5.3693461418151855
a050ec5c-ecb3-40f9-980b-fce052eb975f,lm,leaky,7,train_loss_epoch,77,5.223090171813965
a050ec5c-ecb3-40f9-980b-fce052eb975f,lm,leaky,7,train_loss_epoch,91,5.112423896789551
a050ec5c-ecb3-40f9-980b-fce052eb975f,lm,leaky,7,train_loss_epoch,103,5.03688383102417
a050ec5c-ecb3-40f9-980b-fce052eb975f,lm,leaky,7,train_loss_epoch,117,4.991365432739258
a050ec5c-ecb3-40f9-980b-fce052eb975f,lm,leaky,7,train_loss_epoch,131,4.972227096557617
a7ac3fa3-5ed3-45bf-b6e1-0bf4d6e7abba,lm,leaky,2,val_ppl,10,683.0306396484375
a7ac3fa3-5ed3-45bf-b6e1-0bf4d6e7abba,lm,leaky,2,val_ppl,24,441.4330139160156
a7ac3fa3-5ed3-45bf-b6e1-0bf4d6e7abba,lm,leaky,2,val_ppl,36,376.2334289550781
a7ac3fa3-5ed3-45bf-b6e1-0bf4d6e7abba,lm,leaky,2,val_ppl,50,344.9063415527344
a7ac3fa3-5ed3-45bf-b6e1-0bf4d6e7abba,lm,leaky,2,val_ppl,64,326.9079284667969
a7ac3fa3-5ed3-45bf-b6e1-0bf4d6e7abba,lm,leaky,2,val_ppl,76,318.46539306640625
a7ac3fa3-5ed3-45bf-b6e1-0bf4d6e7abba,lm,leaky,2,val_ppl,90,315.1300354003906
a7ac3fa3-5ed3-45bf-b6e1-0bf4d6e7abba,lm,leaky,2,val_ppl,102,317.47607421875
a7ac3fa3-5ed3-45bf-b6e1-0bf4d6e7abba,lm,leaky,2,val_ppl,116,318.1990051269531
a7ac3fa3-5ed3-45bf-b6e1-0bf4d6e7abba,lm,leaky,2,val_ppl,130,318.6143493652344
a7ac3fa3-5ed3-45bf-b6e1-0bf4d6e7abba,lm,leaky,2,val_loss,10,6.522449970245361
a7ac3fa3-5ed3-45bf-b6e1-0bf4d6e7abba,lm,leaky,2,val_loss,24,6.083049297332764
a7ac3fa3-5ed3-45bf-b6e1-0bf4d6e7abba,lm,leaky,2,val_loss,36,5.920947551727295
a7ac3fa3-5ed3-45bf-b6e1-0bf4d6e7abba,lm,leaky,2,val_loss,50,5.83235502243042
a7ac3fa3-5ed3-45bf-b6e1-0bf4d6e7abba,lm,leaky,2,val_loss,64,5.777722835540772
a7ac3fa3-5ed3-45bf-b6e1-0bf4d6e7abba,lm,leaky,2,val_loss,76,5.750706195831299
a7ac3fa3-5ed3-45bf-b6e1-0bf4d6e7abba,lm,leaky,2,val_loss,90,5.739434719085693
a7ac3fa3-5ed3-45bf-b6e1-0bf4d6e7abba,lm,leaky,2,val_loss,102,5.745970249176025
a7ac3fa3-5ed3-45bf-b6e1-0bf4d6e7abba,lm,leaky,2,val_loss,116,5.748209476470947
a7ac3fa3-5ed3-45bf-b6e1-0bf4d6e7abba,lm,leaky,2,val_loss,130,5.749433994293213
a7ac3fa3-5ed3-45bf-b6e1-0bf4d6e7abba,lm,leaky,2,train_loss_epoch,11,8.011626243591309
a7ac3fa3-5ed3-45bf-b6e1-0bf4d6e7abba,lm,leaky,2,train_loss_epoch,25,6.185145854949951
a7ac3fa3-5ed3-45bf-b6e1-0bf4d6e7abba,lm,leaky,2,train_loss_epoch,37,5.7988057136535645
a7ac3fa3-5ed3-45bf-b6e1-0bf4d6e7abba,lm,leaky,2,train_loss_epoch,51,5.558806896209717
a7ac3fa3-5ed3-45bf-b6e1-0bf4d6e7abba,lm,leaky,2,train_loss_epoch,65,5.377612590789795
a7ac3fa3-5ed3-45bf-b6e1-0bf4d6e7abba,lm,leaky,2,train_loss_epoch,77,5.233899593353272
a7ac3fa3-5ed3-45bf-b6e1-0bf4d6e7abba,lm,leaky,2,train_loss_epoch,91,5.124709606170654
a7ac3fa3-5ed3-45bf-b6e1-0bf4d6e7abba,lm,leaky,2,train_loss_epoch,103,5.048542022705078
a7ac3fa3-5ed3-45bf-b6e1-0bf4d6e7abba,lm,leaky,2,train_loss_epoch,117,5.00372314453125
a7ac3fa3-5ed3-45bf-b6e1-0bf4d6e7abba,lm,leaky,2,train_loss_epoch,131,4.984257221221924
412d55b8-83e1-4728-a429-ee17cacb7404,lm,leaky,4,val_ppl,10,678.761474609375
412d55b8-83e1-4728-a429-ee17cacb7404,lm,leaky,4,val_ppl,24,441.56646728515625
412d55b8-83e1-4728-a429-ee17cacb7404,lm,leaky,4,val_ppl,36,377.1769104003906
412d55b8-83e1-4728-a429-ee17cacb7404,lm,leaky,4,val_ppl,50,341.91339111328125
412d55b8-83e1-4728-a429-ee17cacb7404,lm,leaky,4,val_ppl,64,323.03533935546875
412d55b8-83e1-4728-a429-ee17cacb7404,lm,leaky,4,val_ppl,76,313.78826904296875
412d55b8-83e1-4728-a429-ee17cacb7404,lm,leaky,4,val_ppl,90,310.57135009765625
412d55b8-83e1-4728-a429-ee17cacb7404,lm,leaky,4,val_ppl,102,312.2752380371094
412d55b8-83e1-4728-a429-ee17cacb7404,lm,leaky,4,val_ppl,116,312.66571044921875
412d55b8-83e1-4728-a429-ee17cacb7404,lm,leaky,4,val_ppl,130,313.162109375
412d55b8-83e1-4728-a429-ee17cacb7404,lm,leaky,4,val_loss,10,6.516299724578857
412d55b8-83e1-4728-a429-ee17cacb7404,lm,leaky,4,val_loss,24,6.083616256713867
412d55b8-83e1-4728-a429-ee17cacb7404,lm,leaky,4,val_loss,36,5.923503875732422
412d55b8-83e1-4728-a429-ee17cacb7404,lm,leaky,4,val_loss,50,5.823828220367432
412d55b8-83e1-4728-a429-ee17cacb7404,lm,leaky,4,val_loss,64,5.766188621520996
412d55b8-83e1-4728-a429-ee17cacb7404,lm,leaky,4,val_loss,76,5.736126899719238
412d55b8-83e1-4728-a429-ee17cacb7404,lm,leaky,4,val_loss,90,5.725437164306641
412d55b8-83e1-4728-a429-ee17cacb7404,lm,leaky,4,val_loss,102,5.730473518371582
412d55b8-83e1-4728-a429-ee17cacb7404,lm,leaky,4,val_loss,116,5.73148775100708
412d55b8-83e1-4728-a429-ee17cacb7404,lm,leaky,4,val_loss,130,5.733009338378906
412d55b8-83e1-4728-a429-ee17cacb7404,lm,leaky,4,train_loss_epoch,11,8.002367973327637
412d55b8-83e1-4728-a429-ee17cacb7404,lm,leaky,4,train_loss_epoch,25,6.177850246429443
412d55b8-83e1-4728-a429-ee17cacb7404,lm,leaky,4,train_loss_epoch,37,5.7952399253845215
412d55b8-83e1-4728-a429-ee17cacb7404,lm,leaky,4,train_loss_epoch,51,5.5553297996521
412d55b8-83e1-4728-a429-ee17cacb7404,lm,leaky,4,train_loss_epoch,65,5.369670867919922
412d55b8-83e1-4728-a429-ee17cacb7404,lm,leaky,4,train_loss_epoch,77,5.222918510437012
412d55b8-83e1-4728-a429-ee17cacb7404,lm,leaky,4,train_loss_epoch,91,5.113300800323486
412d55b8-83e1-4728-a429-ee17cacb7404,lm,leaky,4,train_loss_epoch,103,5.036681652069092
412d55b8-83e1-4728-a429-ee17cacb7404,lm,leaky,4,train_loss_epoch,117,4.992531776428223
412d55b8-83e1-4728-a429-ee17cacb7404,lm,leaky,4,train_loss_epoch,131,4.972893238067627
47f24002-3aa4-4115-aaf6-ac3263cdde4e,lm,leaky,1,val_ppl,10,680.14599609375
47f24002-3aa4-4115-aaf6-ac3263cdde4e,lm,leaky,1,val_ppl,24,438.3721618652344
47f24002-3aa4-4115-aaf6-ac3263cdde4e,lm,leaky,1,val_ppl,36,375.73577880859375
47f24002-3aa4-4115-aaf6-ac3263cdde4e,lm,leaky,1,val_ppl,50,342.23199462890625
47f24002-3aa4-4115-aaf6-ac3263cdde4e,lm,leaky,1,val_ppl,64,324.3782043457031
47f24002-3aa4-4115-aaf6-ac3263cdde4e,lm,leaky,1,val_ppl,76,314.9169006347656
47f24002-3aa4-4115-aaf6-ac3263cdde4e,lm,leaky,1,val_ppl,90,312.3764343261719
47f24002-3aa4-4115-aaf6-ac3263cdde4e,lm,leaky,1,val_ppl,102,313.65875244140625
47f24002-3aa4-4115-aaf6-ac3263cdde4e,lm,leaky,1,val_ppl,116,315.0639343261719
47f24002-3aa4-4115-aaf6-ac3263cdde4e,lm,leaky,1,val_ppl,130,315.1625061035156
47f24002-3aa4-4115-aaf6-ac3263cdde4e,lm,leaky,1,val_loss,10,6.518476486206055
47f24002-3aa4-4115-aaf6-ac3263cdde4e,lm,leaky,1,val_loss,24,6.076109886169434
47f24002-3aa4-4115-aaf6-ac3263cdde4e,lm,leaky,1,val_loss,36,5.919755935668945
47f24002-3aa4-4115-aaf6-ac3263cdde4e,lm,leaky,1,val_loss,50,5.825222969055176
47f24002-3aa4-4115-aaf6-ac3263cdde4e,lm,leaky,1,val_loss,64,5.770688533782959
47f24002-3aa4-4115-aaf6-ac3263cdde4e,lm,leaky,1,val_loss,76,5.739949703216553
47f24002-3aa4-4115-aaf6-ac3263cdde4e,lm,leaky,1,val_loss,90,5.731006622314453
47f24002-3aa4-4115-aaf6-ac3263cdde4e,lm,leaky,1,val_loss,102,5.734625339508057
47f24002-3aa4-4115-aaf6-ac3263cdde4e,lm,leaky,1,val_loss,116,5.738821029663086
47f24002-3aa4-4115-aaf6-ac3263cdde4e,lm,leaky,1,val_loss,130,5.739160537719727
47f24002-3aa4-4115-aaf6-ac3263cdde4e,lm,leaky,1,train_loss_epoch,11,8.007519721984863
47f24002-3aa4-4115-aaf6-ac3263cdde4e,lm,leaky,1,train_loss_epoch,25,6.170392990112305
47f24002-3aa4-4115-aaf6-ac3263cdde4e,lm,leaky,1,train_loss_epoch,37,5.787350654602051
47f24002-3aa4-4115-aaf6-ac3263cdde4e,lm,leaky,1,train_loss_epoch,51,5.548929214477539
47f24002-3aa4-4115-aaf6-ac3263cdde4e,lm,leaky,1,train_loss_epoch,65,5.365826606750488
47f24002-3aa4-4115-aaf6-ac3263cdde4e,lm,leaky,1,train_loss_epoch,77,5.220076560974121
47f24002-3aa4-4115-aaf6-ac3263cdde4e,lm,leaky,1,train_loss_epoch,91,5.109411716461182
47f24002-3aa4-4115-aaf6-ac3263cdde4e,lm,leaky,1,train_loss_epoch,103,5.033355712890625
47f24002-3aa4-4115-aaf6-ac3263cdde4e,lm,leaky,1,train_loss_epoch,117,4.988713264465332
47f24002-3aa4-4115-aaf6-ac3263cdde4e,lm,leaky,1,train_loss_epoch,131,4.9703450202941895
a53e0136-b52b-40b1-a646-3eae55668dc7,lm,leaky,0,val_ppl,10,680.25
a53e0136-b52b-40b1-a646-3eae55668dc7,lm,leaky,0,val_ppl,24,440.65380859375
a53e0136-b52b-40b1-a646-3eae55668dc7,lm,leaky,0,val_ppl,36,379.3118286132813
a53e0136-b52b-40b1-a646-3eae55668dc7,lm,leaky,0,val_ppl,50,348.2137451171875
a53e0136-b52b-40b1-a646-3eae55668dc7,lm,leaky,0,val_ppl,64,328.92724609375
a53e0136-b52b-40b1-a646-3eae55668dc7,lm,leaky,0,val_ppl,76,321.4630126953125
a53e0136-b52b-40b1-a646-3eae55668dc7,lm,leaky,0,val_ppl,90,317.95574951171875
a53e0136-b52b-40b1-a646-3eae55668dc7,lm,leaky,0,val_ppl,102,319.0043640136719
a53e0136-b52b-40b1-a646-3eae55668dc7,lm,leaky,0,val_ppl,116,319.8172302246094
a53e0136-b52b-40b1-a646-3eae55668dc7,lm,leaky,0,val_ppl,130,320.7012939453125
a53e0136-b52b-40b1-a646-3eae55668dc7,lm,leaky,0,val_loss,10,6.518620491027832
a53e0136-b52b-40b1-a646-3eae55668dc7,lm,leaky,0,val_loss,24,6.081234931945801
a53e0136-b52b-40b1-a646-3eae55668dc7,lm,leaky,0,val_loss,36,5.929242134094238
a53e0136-b52b-40b1-a646-3eae55668dc7,lm,leaky,0,val_loss,50,5.841881275177002
a53e0136-b52b-40b1-a646-3eae55668dc7,lm,leaky,0,val_loss,64,5.784260272979736
a53e0136-b52b-40b1-a646-3eae55668dc7,lm,leaky,0,val_loss,76,5.760082244873047
a53e0136-b52b-40b1-a646-3eae55668dc7,lm,leaky,0,val_loss,90,5.748711109161377
a53e0136-b52b-40b1-a646-3eae55668dc7,lm,leaky,0,val_loss,102,5.751461505889893
a53e0136-b52b-40b1-a646-3eae55668dc7,lm,leaky,0,val_loss,116,5.753689289093018
a53e0136-b52b-40b1-a646-3eae55668dc7,lm,leaky,0,val_loss,130,5.756384372711182
a53e0136-b52b-40b1-a646-3eae55668dc7,lm,leaky,0,train_loss_epoch,11,7.9978766441345215
a53e0136-b52b-40b1-a646-3eae55668dc7,lm,leaky,0,train_loss_epoch,25,6.175944805145264
a53e0136-b52b-40b1-a646-3eae55668dc7,lm,leaky,0,train_loss_epoch,37,5.799840927124023
a53e0136-b52b-40b1-a646-3eae55668dc7,lm,leaky,0,train_loss_epoch,51,5.56427812576294
a53e0136-b52b-40b1-a646-3eae55668dc7,lm,leaky,0,train_loss_epoch,65,5.382280826568604
a53e0136-b52b-40b1-a646-3eae55668dc7,lm,leaky,0,train_loss_epoch,77,5.237886428833008
a53e0136-b52b-40b1-a646-3eae55668dc7,lm,leaky,0,train_loss_epoch,91,5.1269636154174805
a53e0136-b52b-40b1-a646-3eae55668dc7,lm,leaky,0,train_loss_epoch,103,5.050534725189209
a53e0136-b52b-40b1-a646-3eae55668dc7,lm,leaky,0,train_loss_epoch,117,5.005332946777344
a53e0136-b52b-40b1-a646-3eae55668dc7,lm,leaky,0,train_loss_epoch,131,4.986503601074219
6f766ed0-557b-46b2-b144-8e2175eb823d,lm,leaky,5,val_ppl,10,667.2611694335938
6f766ed0-557b-46b2-b144-8e2175eb823d,lm,leaky,5,val_ppl,24,433.9759216308594
6f766ed0-557b-46b2-b144-8e2175eb823d,lm,leaky,5,val_ppl,36,370.822265625
6f766ed0-557b-46b2-b144-8e2175eb823d,lm,leaky,5,val_ppl,50,337.7248840332031
6f766ed0-557b-46b2-b144-8e2175eb823d,lm,leaky,5,val_ppl,64,320.72869873046875
6f766ed0-557b-46b2-b144-8e2175eb823d,lm,leaky,5,val_ppl,76,313.52301025390625
6f766ed0-557b-46b2-b144-8e2175eb823d,lm,leaky,5,val_ppl,90,311.3577880859375
6f766ed0-557b-46b2-b144-8e2175eb823d,lm,leaky,5,val_ppl,102,311.4175720214844
6f766ed0-557b-46b2-b144-8e2175eb823d,lm,leaky,5,val_ppl,116,312.7604675292969
6f766ed0-557b-46b2-b144-8e2175eb823d,lm,leaky,5,val_ppl,130,313.1445617675781
6f766ed0-557b-46b2-b144-8e2175eb823d,lm,leaky,5,val_loss,10,6.499342441558838
6f766ed0-557b-46b2-b144-8e2175eb823d,lm,leaky,5,val_loss,24,6.065741062164307
6f766ed0-557b-46b2-b144-8e2175eb823d,lm,leaky,5,val_loss,36,5.906627178192139
6f766ed0-557b-46b2-b144-8e2175eb823d,lm,leaky,5,val_loss,50,5.811782360076904
6f766ed0-557b-46b2-b144-8e2175eb823d,lm,leaky,5,val_loss,64,5.758867263793945
6f766ed0-557b-46b2-b144-8e2175eb823d,lm,leaky,5,val_loss,76,5.734869480133057
6f766ed0-557b-46b2-b144-8e2175eb823d,lm,leaky,5,val_loss,90,5.726902961730957
6f766ed0-557b-46b2-b144-8e2175eb823d,lm,leaky,5,val_loss,102,5.726722240447998
6f766ed0-557b-46b2-b144-8e2175eb823d,lm,leaky,5,val_loss,116,5.730847358703613
6f766ed0-557b-46b2-b144-8e2175eb823d,lm,leaky,5,val_loss,130,5.731991291046143
6f766ed0-557b-46b2-b144-8e2175eb823d,lm,leaky,5,train_loss_epoch,11,7.996694087982178
6f766ed0-557b-46b2-b144-8e2175eb823d,lm,leaky,5,train_loss_epoch,25,6.156840801239014
6f766ed0-557b-46b2-b144-8e2175eb823d,lm,leaky,5,train_loss_epoch,37,5.777021884918213
6f766ed0-557b-46b2-b144-8e2175eb823d,lm,leaky,5,train_loss_epoch,51,5.538216590881348
6f766ed0-557b-46b2-b144-8e2175eb823d,lm,leaky,5,train_loss_epoch,65,5.354803562164307
6f766ed0-557b-46b2-b144-8e2175eb823d,lm,leaky,5,train_loss_epoch,77,5.208938121795654
6f766ed0-557b-46b2-b144-8e2175eb823d,lm,leaky,5,train_loss_epoch,91,5.099391460418701
6f766ed0-557b-46b2-b144-8e2175eb823d,lm,leaky,5,train_loss_epoch,103,5.023682594299316
6f766ed0-557b-46b2-b144-8e2175eb823d,lm,leaky,5,train_loss_epoch,117,4.978425025939941
6f766ed0-557b-46b2-b144-8e2175eb823d,lm,leaky,5,train_loss_epoch,131,4.9590840339660645
7379f508-9458-4d7e-974c-e571850ad5aa,lm,leaky,6,val_ppl,10,682.9491577148438
7379f508-9458-4d7e-974c-e571850ad5aa,lm,leaky,6,val_ppl,24,442.5162963867188
7379f508-9458-4d7e-974c-e571850ad5aa,lm,leaky,6,val_ppl,36,378.43072509765625
7379f508-9458-4d7e-974c-e571850ad5aa,lm,leaky,6,val_ppl,50,344.7408752441406
7379f508-9458-4d7e-974c-e571850ad5aa,lm,leaky,6,val_ppl,64,326.4847106933594
7379f508-9458-4d7e-974c-e571850ad5aa,lm,leaky,6,val_ppl,76,317.9203796386719
7379f508-9458-4d7e-974c-e571850ad5aa,lm,leaky,6,val_ppl,90,315.2576904296875
7379f508-9458-4d7e-974c-e571850ad5aa,lm,leaky,6,val_ppl,102,316.43310546875
7379f508-9458-4d7e-974c-e571850ad5aa,lm,leaky,6,val_ppl,116,318.361083984375
7379f508-9458-4d7e-974c-e571850ad5aa,lm,leaky,6,val_ppl,130,318.8013000488281
7379f508-9458-4d7e-974c-e571850ad5aa,lm,leaky,6,val_loss,10,6.522390842437744
7379f508-9458-4d7e-974c-e571850ad5aa,lm,leaky,6,val_loss,24,6.085258483886719
7379f508-9458-4d7e-974c-e571850ad5aa,lm,leaky,6,val_loss,36,5.926271438598633
7379f508-9458-4d7e-974c-e571850ad5aa,lm,leaky,6,val_loss,50,5.831607818603516
7379f508-9458-4d7e-974c-e571850ad5aa,lm,leaky,6,val_loss,64,5.775983333587647
7379f508-9458-4d7e-974c-e571850ad5aa,lm,leaky,6,val_loss,76,5.7483344078063965
7379f508-9458-4d7e-974c-e571850ad5aa,lm,leaky,6,val_loss,90,5.739007472991943
7379f508-9458-4d7e-974c-e571850ad5aa,lm,leaky,6,val_loss,102,5.742197513580322
7379f508-9458-4d7e-974c-e571850ad5aa,lm,leaky,6,val_loss,116,5.748088359832764
7379f508-9458-4d7e-974c-e571850ad5aa,lm,leaky,6,val_loss,130,5.749377727508545
7379f508-9458-4d7e-974c-e571850ad5aa,lm,leaky,6,train_loss_epoch,11,8.019280433654785
7379f508-9458-4d7e-974c-e571850ad5aa,lm,leaky,6,train_loss_epoch,25,6.181999683380127
7379f508-9458-4d7e-974c-e571850ad5aa,lm,leaky,6,train_loss_epoch,37,5.7989044189453125
7379f508-9458-4d7e-974c-e571850ad5aa,lm,leaky,6,train_loss_epoch,51,5.558624267578125
7379f508-9458-4d7e-974c-e571850ad5aa,lm,leaky,6,train_loss_epoch,65,5.375136375427246
7379f508-9458-4d7e-974c-e571850ad5aa,lm,leaky,6,train_loss_epoch,77,5.230191230773926
7379f508-9458-4d7e-974c-e571850ad5aa,lm,leaky,6,train_loss_epoch,91,5.119982719421387
7379f508-9458-4d7e-974c-e571850ad5aa,lm,leaky,6,train_loss_epoch,103,5.04361629486084
7379f508-9458-4d7e-974c-e571850ad5aa,lm,leaky,6,train_loss_epoch,117,4.998815536499023
7379f508-9458-4d7e-974c-e571850ad5aa,lm,leaky,6,train_loss_epoch,131,4.979729175567627
a5b688d1-84d6-451e-ac4b-e48566eb7174,lm,swiglu,4,val_ppl,10,696.9014282226562
a5b688d1-84d6-451e-ac4b-e48566eb7174,lm,swiglu,4,val_ppl,24,436.3287658691406
a5b688d1-84d6-451e-ac4b-e48566eb7174,lm,swiglu,4,val_ppl,36,369.39556884765625
a5b688d1-84d6-451e-ac4b-e48566eb7174,lm,swiglu,4,val_ppl,50,336.5099182128906
a5b688d1-84d6-451e-ac4b-e48566eb7174,lm,swiglu,4,val_ppl,64,315.3973083496094
a5b688d1-84d6-451e-ac4b-e48566eb7174,lm,swiglu,4,val_ppl,76,306.73907470703125
a5b688d1-84d6-451e-ac4b-e48566eb7174,lm,swiglu,4,val_ppl,90,302.7467346191406
a5b688d1-84d6-451e-ac4b-e48566eb7174,lm,swiglu,4,val_ppl,102,303.1601257324219
a5b688d1-84d6-451e-ac4b-e48566eb7174,lm,swiglu,4,val_ppl,116,304.0467834472656
a5b688d1-84d6-451e-ac4b-e48566eb7174,lm,swiglu,4,val_ppl,130,304.7548522949219
a5b688d1-84d6-451e-ac4b-e48566eb7174,lm,swiglu,4,val_loss,10,6.542775630950928
a5b688d1-84d6-451e-ac4b-e48566eb7174,lm,swiglu,4,val_loss,24,6.071244239807129
a5b688d1-84d6-451e-ac4b-e48566eb7174,lm,swiglu,4,val_loss,36,5.902424812316895
a5b688d1-84d6-451e-ac4b-e48566eb7174,lm,swiglu,4,val_loss,50,5.807519435882568
a5b688d1-84d6-451e-ac4b-e48566eb7174,lm,swiglu,4,val_loss,64,5.741203308105469
a5b688d1-84d6-451e-ac4b-e48566eb7174,lm,swiglu,4,val_loss,76,5.71248197555542
a5b688d1-84d6-451e-ac4b-e48566eb7174,lm,swiglu,4,val_loss,90,5.698814868927002
a5b688d1-84d6-451e-ac4b-e48566eb7174,lm,swiglu,4,val_loss,102,5.699745178222656
a5b688d1-84d6-451e-ac4b-e48566eb7174,lm,swiglu,4,val_loss,116,5.702477931976318
a5b688d1-84d6-451e-ac4b-e48566eb7174,lm,swiglu,4,val_loss,130,5.704740524291992
a5b688d1-84d6-451e-ac4b-e48566eb7174,lm,swiglu,4,train_loss_epoch,11,8.040656089782715
a5b688d1-84d6-451e-ac4b-e48566eb7174,lm,swiglu,4,train_loss_epoch,25,6.182689189910889
a5b688d1-84d6-451e-ac4b-e48566eb7174,lm,swiglu,4,train_loss_epoch,37,5.772027015686035
a5b688d1-84d6-451e-ac4b-e48566eb7174,lm,swiglu,4,train_loss_epoch,51,5.512518882751465
a5b688d1-84d6-451e-ac4b-e48566eb7174,lm,swiglu,4,train_loss_epoch,65,5.313240051269531
a5b688d1-84d6-451e-ac4b-e48566eb7174,lm,swiglu,4,train_loss_epoch,77,5.1584954261779785
a5b688d1-84d6-451e-ac4b-e48566eb7174,lm,swiglu,4,train_loss_epoch,91,5.041154861450195
a5b688d1-84d6-451e-ac4b-e48566eb7174,lm,swiglu,4,train_loss_epoch,103,4.96054744720459
a5b688d1-84d6-451e-ac4b-e48566eb7174,lm,swiglu,4,train_loss_epoch,117,4.913325309753418
a5b688d1-84d6-451e-ac4b-e48566eb7174,lm,swiglu,4,train_loss_epoch,131,4.894112586975098
238f5301-38ed-475f-bb26-ee984438dc17,lm,swiglu,3,val_ppl,10,698.110107421875
238f5301-38ed-475f-bb26-ee984438dc17,lm,swiglu,3,val_ppl,24,441.4138488769531
238f5301-38ed-475f-bb26-ee984438dc17,lm,swiglu,3,val_ppl,36,368.2392272949219
238f5301-38ed-475f-bb26-ee984438dc17,lm,swiglu,3,val_ppl,50,333.2880249023437
238f5301-38ed-475f-bb26-ee984438dc17,lm,swiglu,3,val_ppl,64,314.5158386230469
238f5301-38ed-475f-bb26-ee984438dc17,lm,swiglu,3,val_ppl,76,303.3670959472656
238f5301-38ed-475f-bb26-ee984438dc17,lm,swiglu,3,val_ppl,90,300.46636962890625
238f5301-38ed-475f-bb26-ee984438dc17,lm,swiglu,3,val_ppl,102,300.0404052734375
238f5301-38ed-475f-bb26-ee984438dc17,lm,swiglu,3,val_ppl,116,300.7609558105469
238f5301-38ed-475f-bb26-ee984438dc17,lm,swiglu,3,val_ppl,130,301.2812805175781
238f5301-38ed-475f-bb26-ee984438dc17,lm,swiglu,3,val_loss,10,6.544605255126953
238f5301-38ed-475f-bb26-ee984438dc17,lm,swiglu,3,val_loss,24,6.083255290985107
238f5301-38ed-475f-bb26-ee984438dc17,lm,swiglu,3,val_loss,36,5.899569034576416
238f5301-38ed-475f-bb26-ee984438dc17,lm,swiglu,3,val_loss,50,5.798151969909668
238f5301-38ed-475f-bb26-ee984438dc17,lm,swiglu,3,val_loss,64,5.739025592803955
238f5301-38ed-475f-bb26-ee984438dc17,lm,swiglu,3,val_loss,76,5.701715469360352
238f5301-38ed-475f-bb26-ee984438dc17,lm,swiglu,3,val_loss,90,5.691195964813232
238f5301-38ed-475f-bb26-ee984438dc17,lm,swiglu,3,val_loss,102,5.6891045570373535
238f5301-38ed-475f-bb26-ee984438dc17,lm,swiglu,3,val_loss,116,5.691189765930176
238f5301-38ed-475f-bb26-ee984438dc17,lm,swiglu,3,val_loss,130,5.692882537841797
238f5301-38ed-475f-bb26-ee984438dc17,lm,swiglu,3,train_loss_epoch,11,8.044614791870117
238f5301-38ed-475f-bb26-ee984438dc17,lm,swiglu,3,train_loss_epoch,25,6.187002658843994
238f5301-38ed-475f-bb26-ee984438dc17,lm,swiglu,3,train_loss_epoch,37,5.780402660369873
238f5301-38ed-475f-bb26-ee984438dc17,lm,swiglu,3,train_loss_epoch,51,5.515804767608643
238f5301-38ed-475f-bb26-ee984438dc17,lm,swiglu,3,train_loss_epoch,65,5.313658237457275
238f5301-38ed-475f-bb26-ee984438dc17,lm,swiglu,3,train_loss_epoch,77,5.156678199768066
238f5301-38ed-475f-bb26-ee984438dc17,lm,swiglu,3,train_loss_epoch,91,5.039300918579102
238f5301-38ed-475f-bb26-ee984438dc17,lm,swiglu,3,train_loss_epoch,103,4.959499359130859
238f5301-38ed-475f-bb26-ee984438dc17,lm,swiglu,3,train_loss_epoch,117,4.913040637969971
238f5301-38ed-475f-bb26-ee984438dc17,lm,swiglu,3,train_loss_epoch,131,4.892856121063232
defe129c-036a-42a1-a45a-198ea221c91c,lm,swiglu,6,val_ppl,10,693.8599243164062
defe129c-036a-42a1-a45a-198ea221c91c,lm,swiglu,6,val_ppl,24,440.9448852539063
defe129c-036a-42a1-a45a-198ea221c91c,lm,swiglu,6,val_ppl,36,369.7316284179688
defe129c-036a-42a1-a45a-198ea221c91c,lm,swiglu,6,val_ppl,50,334.06561279296875
defe129c-036a-42a1-a45a-198ea221c91c,lm,swiglu,6,val_ppl,64,314.2444152832031
defe129c-036a-42a1-a45a-198ea221c91c,lm,swiglu,6,val_ppl,76,304.3070068359375
defe129c-036a-42a1-a45a-198ea221c91c,lm,swiglu,6,val_ppl,90,301.2100524902344
defe129c-036a-42a1-a45a-198ea221c91c,lm,swiglu,6,val_ppl,102,301.5640563964844
defe129c-036a-42a1-a45a-198ea221c91c,lm,swiglu,6,val_ppl,116,302.5614624023437
defe129c-036a-42a1-a45a-198ea221c91c,lm,swiglu,6,val_ppl,130,302.7453308105469
defe129c-036a-42a1-a45a-198ea221c91c,lm,swiglu,6,val_loss,10,6.538700580596924
defe129c-036a-42a1-a45a-198ea221c91c,lm,swiglu,6,val_loss,24,6.081770420074463
defe129c-036a-42a1-a45a-198ea221c91c,lm,swiglu,6,val_loss,36,5.903173923492432
defe129c-036a-42a1-a45a-198ea221c91c,lm,swiglu,6,val_loss,50,5.800443649291992
defe129c-036a-42a1-a45a-198ea221c91c,lm,swiglu,6,val_loss,64,5.738149642944336
defe129c-036a-42a1-a45a-198ea221c91c,lm,swiglu,6,val_loss,76,5.704582691192627
defe129c-036a-42a1-a45a-198ea221c91c,lm,swiglu,6,val_loss,90,5.693647861480713
defe129c-036a-42a1-a45a-198ea221c91c,lm,swiglu,6,val_loss,102,5.694384574890137
defe129c-036a-42a1-a45a-198ea221c91c,lm,swiglu,6,val_loss,116,5.697346210479736
defe129c-036a-42a1-a45a-198ea221c91c,lm,swiglu,6,val_loss,130,5.697934627532959
defe129c-036a-42a1-a45a-198ea221c91c,lm,swiglu,6,train_loss_epoch,11,8.04177188873291
defe129c-036a-42a1-a45a-198ea221c91c,lm,swiglu,6,train_loss_epoch,25,6.185513019561768
defe129c-036a-42a1-a45a-198ea221c91c,lm,swiglu,6,train_loss_epoch,37,5.774782657623291
defe129c-036a-42a1-a45a-198ea221c91c,lm,swiglu,6,train_loss_epoch,51,5.508837699890137
defe129c-036a-42a1-a45a-198ea221c91c,lm,swiglu,6,train_loss_epoch,65,5.306751251220703
defe129c-036a-42a1-a45a-198ea221c91c,lm,swiglu,6,train_loss_epoch,77,5.150083065032959
defe129c-036a-42a1-a45a-198ea221c91c,lm,swiglu,6,train_loss_epoch,91,5.034160137176514
defe129c-036a-42a1-a45a-198ea221c91c,lm,swiglu,6,train_loss_epoch,103,4.953503608703613
defe129c-036a-42a1-a45a-198ea221c91c,lm,swiglu,6,train_loss_epoch,117,4.906741142272949
defe129c-036a-42a1-a45a-198ea221c91c,lm,swiglu,6,train_loss_epoch,131,4.887279510498047
5dbca37f-b209-4675-8575-aedeeaf7e9a4,lm,swiglu,2,val_ppl,10,687.8384399414062
5dbca37f-b209-4675-8575-aedeeaf7e9a4,lm,swiglu,2,val_ppl,24,438.3693237304688
5dbca37f-b209-4675-8575-aedeeaf7e9a4,lm,swiglu,2,val_ppl,36,366.5930480957031
5dbca37f-b209-4675-8575-aedeeaf7e9a4,lm,swiglu,2,val_ppl,50,332.3692626953125
5dbca37f-b209-4675-8575-aedeeaf7e9a4,lm,swiglu,2,val_ppl,64,309.2061767578125
5dbca37f-b209-4675-8575-aedeeaf7e9a4,lm,swiglu,2,val_ppl,76,299.7525939941406
5dbca37f-b209-4675-8575-aedeeaf7e9a4,lm,swiglu,2,val_ppl,90,297.0010681152344
5dbca37f-b209-4675-8575-aedeeaf7e9a4,lm,swiglu,2,val_ppl,102,297.24176025390625
5dbca37f-b209-4675-8575-aedeeaf7e9a4,lm,swiglu,2,val_ppl,116,298.5536804199219
5dbca37f-b209-4675-8575-aedeeaf7e9a4,lm,swiglu,2,val_ppl,130,298.7130126953125
5dbca37f-b209-4675-8575-aedeeaf7e9a4,lm,swiglu,2,val_loss,10,6.5297393798828125
5dbca37f-b209-4675-8575-aedeeaf7e9a4,lm,swiglu,2,val_loss,24,6.076658725738525
5dbca37f-b209-4675-8575-aedeeaf7e9a4,lm,swiglu,2,val_loss,36,5.89497184753418
5dbca37f-b209-4675-8575-aedeeaf7e9a4,lm,swiglu,2,val_loss,50,5.7953290939331055
5dbca37f-b209-4675-8575-aedeeaf7e9a4,lm,swiglu,2,val_loss,64,5.721954345703125
5dbca37f-b209-4675-8575-aedeeaf7e9a4,lm,swiglu,2,val_loss,76,5.689601898193359
5dbca37f-b209-4675-8575-aedeeaf7e9a4,lm,swiglu,2,val_loss,90,5.679970741271973
5dbca37f-b209-4675-8575-aedeeaf7e9a4,lm,swiglu,2,val_loss,102,5.680267333984375
5dbca37f-b209-4675-8575-aedeeaf7e9a4,lm,swiglu,2,val_loss,116,5.684514999389648
5dbca37f-b209-4675-8575-aedeeaf7e9a4,lm,swiglu,2,val_loss,130,5.685013771057129
5dbca37f-b209-4675-8575-aedeeaf7e9a4,lm,swiglu,2,train_loss_epoch,11,8.035237312316895
5dbca37f-b209-4675-8575-aedeeaf7e9a4,lm,swiglu,2,train_loss_epoch,25,6.183737754821777
5dbca37f-b209-4675-8575-aedeeaf7e9a4,lm,swiglu,2,train_loss_epoch,37,5.776281833648682
5dbca37f-b209-4675-8575-aedeeaf7e9a4,lm,swiglu,2,train_loss_epoch,51,5.510757446289063
5dbca37f-b209-4675-8575-aedeeaf7e9a4,lm,swiglu,2,train_loss_epoch,65,5.304889678955078
5dbca37f-b209-4675-8575-aedeeaf7e9a4,lm,swiglu,2,train_loss_epoch,77,5.147884845733643
5dbca37f-b209-4675-8575-aedeeaf7e9a4,lm,swiglu,2,train_loss_epoch,91,5.030344486236572
5dbca37f-b209-4675-8575-aedeeaf7e9a4,lm,swiglu,2,train_loss_epoch,103,4.950354099273682
5dbca37f-b209-4675-8575-aedeeaf7e9a4,lm,swiglu,2,train_loss_epoch,117,4.903510093688965
5dbca37f-b209-4675-8575-aedeeaf7e9a4,lm,swiglu,2,train_loss_epoch,131,4.883122444152832
363d2648-a633-40d6-9b8a-765827898790,lm,swiglu,7,val_ppl,10,705.1676635742188
363d2648-a633-40d6-9b8a-765827898790,lm,swiglu,7,val_ppl,24,443.0294799804688
363d2648-a633-40d6-9b8a-765827898790,lm,swiglu,7,val_ppl,36,369.5468444824219
363d2648-a633-40d6-9b8a-765827898790,lm,swiglu,7,val_ppl,50,331.64849853515625
363d2648-a633-40d6-9b8a-765827898790,lm,swiglu,7,val_ppl,64,310.7912292480469
363d2648-a633-40d6-9b8a-765827898790,lm,swiglu,7,val_ppl,76,300.1249694824219
363d2648-a633-40d6-9b8a-765827898790,lm,swiglu,7,val_ppl,90,296.2760314941406
363d2648-a633-40d6-9b8a-765827898790,lm,swiglu,7,val_ppl,102,296.1783752441406
363d2648-a633-40d6-9b8a-765827898790,lm,swiglu,7,val_ppl,116,297.21453857421875
363d2648-a633-40d6-9b8a-765827898790,lm,swiglu,7,val_ppl,130,297.26446533203125
363d2648-a633-40d6-9b8a-765827898790,lm,swiglu,7,val_loss,10,6.554693222045898
363d2648-a633-40d6-9b8a-765827898790,lm,swiglu,7,val_loss,24,6.087040424346924
363d2648-a633-40d6-9b8a-765827898790,lm,swiglu,7,val_loss,36,5.903611183166504
363d2648-a633-40d6-9b8a-765827898790,lm,swiglu,7,val_loss,50,5.793561935424805
363d2648-a633-40d6-9b8a-765827898790,lm,swiglu,7,val_loss,64,5.727243423461914
363d2648-a633-40d6-9b8a-765827898790,lm,swiglu,7,val_loss,76,5.691048622131348
363d2648-a633-40d6-9b8a-765827898790,lm,swiglu,7,val_loss,90,5.677507400512695
363d2648-a633-40d6-9b8a-765827898790,lm,swiglu,7,val_loss,102,5.676639556884766
363d2648-a633-40d6-9b8a-765827898790,lm,swiglu,7,val_loss,116,5.679831981658936
363d2648-a633-40d6-9b8a-765827898790,lm,swiglu,7,val_loss,130,5.679970741271973
363d2648-a633-40d6-9b8a-765827898790,lm,swiglu,7,train_loss_epoch,11,8.031673431396484
363d2648-a633-40d6-9b8a-765827898790,lm,swiglu,7,train_loss_epoch,25,6.198007106781006
363d2648-a633-40d6-9b8a-765827898790,lm,swiglu,7,train_loss_epoch,37,5.791226863861084
363d2648-a633-40d6-9b8a-765827898790,lm,swiglu,7,train_loss_epoch,51,5.525207996368408
363d2648-a633-40d6-9b8a-765827898790,lm,swiglu,7,train_loss_epoch,65,5.317151069641113
363d2648-a633-40d6-9b8a-765827898790,lm,swiglu,7,train_loss_epoch,77,5.156678199768066
363d2648-a633-40d6-9b8a-765827898790,lm,swiglu,7,train_loss_epoch,91,5.037257194519043
363d2648-a633-40d6-9b8a-765827898790,lm,swiglu,7,train_loss_epoch,103,4.956912994384766
363d2648-a633-40d6-9b8a-765827898790,lm,swiglu,7,train_loss_epoch,117,4.909699440002441
363d2648-a633-40d6-9b8a-765827898790,lm,swiglu,7,train_loss_epoch,131,4.889530181884766
939f34a2-cff1-4153-8d05-93fc418c84c0,lm,swiglu,5,val_ppl,10,686.0343627929688
939f34a2-cff1-4153-8d05-93fc418c84c0,lm,swiglu,5,val_ppl,24,438.7496948242188
939f34a2-cff1-4153-8d05-93fc418c84c0,lm,swiglu,5,val_ppl,36,369.5625
939f34a2-cff1-4153-8d05-93fc418c84c0,lm,swiglu,5,val_ppl,50,332.5969543457031
939f34a2-cff1-4153-8d05-93fc418c84c0,lm,swiglu,5,val_ppl,64,311.1573486328125
939f34a2-cff1-4153-8d05-93fc418c84c0,lm,swiglu,5,val_ppl,76,301.4725341796875
939f34a2-cff1-4153-8d05-93fc418c84c0,lm,swiglu,5,val_ppl,90,297.351806640625
939f34a2-cff1-4153-8d05-93fc418c84c0,lm,swiglu,5,val_ppl,102,298.5957946777344
939f34a2-cff1-4153-8d05-93fc418c84c0,lm,swiglu,5,val_ppl,116,299.02789306640625
939f34a2-cff1-4153-8d05-93fc418c84c0,lm,swiglu,5,val_ppl,130,299.3294372558594
939f34a2-cff1-4153-8d05-93fc418c84c0,lm,swiglu,5,val_loss,10,6.526996612548828
939f34a2-cff1-4153-8d05-93fc418c84c0,lm,swiglu,5,val_loss,24,6.076913356781006
939f34a2-cff1-4153-8d05-93fc418c84c0,lm,swiglu,5,val_loss,36,5.903292179107666
939f34a2-cff1-4153-8d05-93fc418c84c0,lm,swiglu,5,val_loss,50,5.796039581298828
939f34a2-cff1-4153-8d05-93fc418c84c0,lm,swiglu,5,val_loss,64,5.728339195251465
939f34a2-cff1-4153-8d05-93fc418c84c0,lm,swiglu,5,val_loss,76,5.696111679077148
939f34a2-cff1-4153-8d05-93fc418c84c0,lm,swiglu,5,val_loss,90,5.681799411773682
939f34a2-cff1-4153-8d05-93fc418c84c0,lm,swiglu,5,val_loss,102,5.685330867767334
939f34a2-cff1-4153-8d05-93fc418c84c0,lm,swiglu,5,val_loss,116,5.6867194175720215
939f34a2-cff1-4153-8d05-93fc418c84c0,lm,swiglu,5,val_loss,130,5.687643051147461
939f34a2-cff1-4153-8d05-93fc418c84c0,lm,swiglu,5,train_loss_epoch,11,8.040793418884277
939f34a2-cff1-4153-8d05-93fc418c84c0,lm,swiglu,5,train_loss_epoch,25,6.183628559112549
939f34a2-cff1-4153-8d05-93fc418c84c0,lm,swiglu,5,train_loss_epoch,37,5.781480312347412
939f34a2-cff1-4153-8d05-93fc418c84c0,lm,swiglu,5,train_loss_epoch,51,5.518191814422607
939f34a2-cff1-4153-8d05-93fc418c84c0,lm,swiglu,5,train_loss_epoch,65,5.3126068115234375
939f34a2-cff1-4153-8d05-93fc418c84c0,lm,swiglu,5,train_loss_epoch,77,5.154710292816162
939f34a2-cff1-4153-8d05-93fc418c84c0,lm,swiglu,5,train_loss_epoch,91,5.035802841186523
939f34a2-cff1-4153-8d05-93fc418c84c0,lm,swiglu,5,train_loss_epoch,103,4.9545578956604
939f34a2-cff1-4153-8d05-93fc418c84c0,lm,swiglu,5,train_loss_epoch,117,4.907067775726318
939f34a2-cff1-4153-8d05-93fc418c84c0,lm,swiglu,5,train_loss_epoch,131,4.887527942657471
3ce83cf4-afe0-471a-897e-2ac10e2dbeff,lm,swiglu,0,val_ppl,10,704.0185546875
3ce83cf4-afe0-471a-897e-2ac10e2dbeff,lm,swiglu,0,val_ppl,24,442.2752380371094
3ce83cf4-afe0-471a-897e-2ac10e2dbeff,lm,swiglu,0,val_ppl,36,369.0876159667969
3ce83cf4-afe0-471a-897e-2ac10e2dbeff,lm,swiglu,0,val_ppl,50,332.094970703125
3ce83cf4-afe0-471a-897e-2ac10e2dbeff,lm,swiglu,0,val_ppl,64,310.1823425292969
3ce83cf4-afe0-471a-897e-2ac10e2dbeff,lm,swiglu,0,val_ppl,76,300.3773498535156
3ce83cf4-afe0-471a-897e-2ac10e2dbeff,lm,swiglu,0,val_ppl,90,296.0757141113281
3ce83cf4-afe0-471a-897e-2ac10e2dbeff,lm,swiglu,0,val_ppl,102,295.3843688964844
3ce83cf4-afe0-471a-897e-2ac10e2dbeff,lm,swiglu,0,val_ppl,116,295.99737548828125
3ce83cf4-afe0-471a-897e-2ac10e2dbeff,lm,swiglu,0,val_ppl,130,296.2234802246094
3ce83cf4-afe0-471a-897e-2ac10e2dbeff,lm,swiglu,0,val_loss,10,6.553312301635742
3ce83cf4-afe0-471a-897e-2ac10e2dbeff,lm,swiglu,0,val_loss,24,6.084895133972168
3ce83cf4-afe0-471a-897e-2ac10e2dbeff,lm,swiglu,0,val_loss,36,5.9021196365356445
3ce83cf4-afe0-471a-897e-2ac10e2dbeff,lm,swiglu,0,val_loss,50,5.794580936431885
3ce83cf4-afe0-471a-897e-2ac10e2dbeff,lm,swiglu,0,val_loss,64,5.725257873535156
3ce83cf4-afe0-471a-897e-2ac10e2dbeff,lm,swiglu,0,val_loss,76,5.691953182220459
3ce83cf4-afe0-471a-897e-2ac10e2dbeff,lm,swiglu,0,val_loss,90,5.676793575286865
3ce83cf4-afe0-471a-897e-2ac10e2dbeff,lm,swiglu,0,val_loss,102,5.674036979675293
3ce83cf4-afe0-471a-897e-2ac10e2dbeff,lm,swiglu,0,val_loss,116,5.675852298736572
3ce83cf4-afe0-471a-897e-2ac10e2dbeff,lm,swiglu,0,val_loss,130,5.676577568054199
3ce83cf4-afe0-471a-897e-2ac10e2dbeff,lm,swiglu,0,train_loss_epoch,11,8.03908920288086
3ce83cf4-afe0-471a-897e-2ac10e2dbeff,lm,swiglu,0,train_loss_epoch,25,6.200516700744629
3ce83cf4-afe0-471a-897e-2ac10e2dbeff,lm,swiglu,0,train_loss_epoch,37,5.786267280578613
3ce83cf4-afe0-471a-897e-2ac10e2dbeff,lm,swiglu,0,train_loss_epoch,51,5.519476890563965
3ce83cf4-afe0-471a-897e-2ac10e2dbeff,lm,swiglu,0,train_loss_epoch,65,5.312675476074219
3ce83cf4-afe0-471a-897e-2ac10e2dbeff,lm,swiglu,0,train_loss_epoch,77,5.1537933349609375
3ce83cf4-afe0-471a-897e-2ac10e2dbeff,lm,swiglu,0,train_loss_epoch,91,5.035588264465332
3ce83cf4-afe0-471a-897e-2ac10e2dbeff,lm,swiglu,0,train_loss_epoch,103,4.955230236053467
3ce83cf4-afe0-471a-897e-2ac10e2dbeff,lm,swiglu,0,train_loss_epoch,117,4.908377647399902
3ce83cf4-afe0-471a-897e-2ac10e2dbeff,lm,swiglu,0,train_loss_epoch,131,4.888818264007568
c4493dec-3a24-4221-b060-c83116641b71,lm,swiglu,1,val_ppl,10,695.4622192382812
c4493dec-3a24-4221-b060-c83116641b71,lm,swiglu,1,val_ppl,24,441.8721923828125
c4493dec-3a24-4221-b060-c83116641b71,lm,swiglu,1,val_ppl,36,370.7457275390625
c4493dec-3a24-4221-b060-c83116641b71,lm,swiglu,1,val_ppl,50,333.8641357421875
c4493dec-3a24-4221-b060-c83116641b71,lm,swiglu,1,val_ppl,64,312.391845703125
c4493dec-3a24-4221-b060-c83116641b71,lm,swiglu,1,val_ppl,76,302.0364685058594
c4493dec-3a24-4221-b060-c83116641b71,lm,swiglu,1,val_ppl,90,298.0491027832031
c4493dec-3a24-4221-b060-c83116641b71,lm,swiglu,1,val_ppl,102,297.2815246582031
c4493dec-3a24-4221-b060-c83116641b71,lm,swiglu,1,val_ppl,116,298.83026123046875
c4493dec-3a24-4221-b060-c83116641b71,lm,swiglu,1,val_ppl,130,299.2117614746094
c4493dec-3a24-4221-b060-c83116641b71,lm,swiglu,1,val_loss,10,6.540733337402344
c4493dec-3a24-4221-b060-c83116641b71,lm,swiglu,1,val_loss,24,6.084015846252441
c4493dec-3a24-4221-b060-c83116641b71,lm,swiglu,1,val_loss,36,5.906213283538818
c4493dec-3a24-4221-b060-c83116641b71,lm,swiglu,1,val_loss,50,5.800215721130371
c4493dec-3a24-4221-b060-c83116641b71,lm,swiglu,1,val_loss,64,5.732614040374756
c4493dec-3a24-4221-b060-c83116641b71,lm,swiglu,1,val_loss,76,5.697684288024902
c4493dec-3a24-4221-b060-c83116641b71,lm,swiglu,1,val_loss,90,5.683558464050293
c4493dec-3a24-4221-b060-c83116641b71,lm,swiglu,1,val_loss,102,5.680578231811523
c4493dec-3a24-4221-b060-c83116641b71,lm,swiglu,1,val_loss,116,5.685479640960693
c4493dec-3a24-4221-b060-c83116641b71,lm,swiglu,1,val_loss,130,5.686756134033203
c4493dec-3a24-4221-b060-c83116641b71,lm,swiglu,1,train_loss_epoch,11,8.035941123962402
c4493dec-3a24-4221-b060-c83116641b71,lm,swiglu,1,train_loss_epoch,25,6.194828987121582
c4493dec-3a24-4221-b060-c83116641b71,lm,swiglu,1,train_loss_epoch,37,5.78493070602417
c4493dec-3a24-4221-b060-c83116641b71,lm,swiglu,1,train_loss_epoch,51,5.524210453033447
c4493dec-3a24-4221-b060-c83116641b71,lm,swiglu,1,train_loss_epoch,65,5.321459770202637
c4493dec-3a24-4221-b060-c83116641b71,lm,swiglu,1,train_loss_epoch,77,5.16356897354126
c4493dec-3a24-4221-b060-c83116641b71,lm,swiglu,1,train_loss_epoch,91,5.046055316925049
c4493dec-3a24-4221-b060-c83116641b71,lm,swiglu,1,train_loss_epoch,103,4.964581489562988
c4493dec-3a24-4221-b060-c83116641b71,lm,swiglu,1,train_loss_epoch,117,4.918102741241455
c4493dec-3a24-4221-b060-c83116641b71,lm,swiglu,1,train_loss_epoch,131,4.898526668548584
f6fff10c-f71b-4edd-9c1e-6d130473deea,lm,silu,5,val_ppl,10,680.2486572265625
f6fff10c-f71b-4edd-9c1e-6d130473deea,lm,silu,5,val_ppl,24,440.7350158691406
f6fff10c-f71b-4edd-9c1e-6d130473deea,lm,silu,5,val_ppl,36,376.2860107421875
f6fff10c-f71b-4edd-9c1e-6d130473deea,lm,silu,5,val_ppl,50,345.9459533691406
f6fff10c-f71b-4edd-9c1e-6d130473deea,lm,silu,5,val_ppl,64,327.3627624511719
f6fff10c-f71b-4edd-9c1e-6d130473deea,lm,silu,5,val_ppl,76,320.707275390625
f6fff10c-f71b-4edd-9c1e-6d130473deea,lm,silu,5,val_ppl,90,318.9540100097656
f6fff10c-f71b-4edd-9c1e-6d130473deea,lm,silu,5,val_ppl,102,320.6367492675781
f6fff10c-f71b-4edd-9c1e-6d130473deea,lm,silu,5,val_ppl,116,322.4635009765625
f6fff10c-f71b-4edd-9c1e-6d130473deea,lm,silu,5,val_ppl,130,323.07061767578125
f6fff10c-f71b-4edd-9c1e-6d130473deea,lm,silu,5,val_loss,10,6.518609523773193
f6fff10c-f71b-4edd-9c1e-6d130473deea,lm,silu,5,val_loss,24,6.081070423126221
f6fff10c-f71b-4edd-9c1e-6d130473deea,lm,silu,5,val_loss,36,5.9210205078125
f6fff10c-f71b-4edd-9c1e-6d130473deea,lm,silu,5,val_loss,50,5.835572242736816
f6fff10c-f71b-4edd-9c1e-6d130473deea,lm,silu,5,val_loss,64,5.779089450836182
f6fff10c-f71b-4edd-9c1e-6d130473deea,lm,silu,5,val_loss,76,5.757434368133545
f6fff10c-f71b-4edd-9c1e-6d130473deea,lm,silu,5,val_loss,90,5.750980854034424
f6fff10c-f71b-4edd-9c1e-6d130473deea,lm,silu,5,val_loss,102,5.755675315856934
f6fff10c-f71b-4edd-9c1e-6d130473deea,lm,silu,5,val_loss,116,5.7611260414123535
f6fff10c-f71b-4edd-9c1e-6d130473deea,lm,silu,5,val_loss,130,5.762935638427734
f6fff10c-f71b-4edd-9c1e-6d130473deea,lm,silu,5,train_loss_epoch,11,8.010769844055176
f6fff10c-f71b-4edd-9c1e-6d130473deea,lm,silu,5,train_loss_epoch,25,6.17310905456543
f6fff10c-f71b-4edd-9c1e-6d130473deea,lm,silu,5,train_loss_epoch,37,5.785510063171387
f6fff10c-f71b-4edd-9c1e-6d130473deea,lm,silu,5,train_loss_epoch,51,5.544617652893066
f6fff10c-f71b-4edd-9c1e-6d130473deea,lm,silu,5,train_loss_epoch,65,5.360267639160156
f6fff10c-f71b-4edd-9c1e-6d130473deea,lm,silu,5,train_loss_epoch,77,5.213483810424805
f6fff10c-f71b-4edd-9c1e-6d130473deea,lm,silu,5,train_loss_epoch,91,5.101675033569336
f6fff10c-f71b-4edd-9c1e-6d130473deea,lm,silu,5,train_loss_epoch,103,5.025149345397949
f6fff10c-f71b-4edd-9c1e-6d130473deea,lm,silu,5,train_loss_epoch,117,4.9790143966674805
f6fff10c-f71b-4edd-9c1e-6d130473deea,lm,silu,5,train_loss_epoch,131,4.959252834320068
67523e7f-7f35-4b43-a1b1-8a087f9bd085,lm,silu,0,val_ppl,10,687.97705078125
67523e7f-7f35-4b43-a1b1-8a087f9bd085,lm,silu,0,val_ppl,24,441.8774108886719
67523e7f-7f35-4b43-a1b1-8a087f9bd085,lm,silu,0,val_ppl,36,380.4607849121094
67523e7f-7f35-4b43-a1b1-8a087f9bd085,lm,silu,0,val_ppl,50,350.0730285644531
67523e7f-7f35-4b43-a1b1-8a087f9bd085,lm,silu,0,val_ppl,64,331.9490051269531
67523e7f-7f35-4b43-a1b1-8a087f9bd085,lm,silu,0,val_ppl,76,325.1558532714844
67523e7f-7f35-4b43-a1b1-8a087f9bd085,lm,silu,0,val_ppl,90,323.0604248046875
67523e7f-7f35-4b43-a1b1-8a087f9bd085,lm,silu,0,val_ppl,102,324.8148803710937
67523e7f-7f35-4b43-a1b1-8a087f9bd085,lm,silu,0,val_ppl,116,326.2137451171875
67523e7f-7f35-4b43-a1b1-8a087f9bd085,lm,silu,0,val_ppl,130,327.22186279296875
67523e7f-7f35-4b43-a1b1-8a087f9bd085,lm,silu,0,val_loss,10,6.529957294464111
67523e7f-7f35-4b43-a1b1-8a087f9bd085,lm,silu,0,val_loss,24,6.084001541137695
67523e7f-7f35-4b43-a1b1-8a087f9bd085,lm,silu,0,val_loss,36,5.932258605957031
67523e7f-7f35-4b43-a1b1-8a087f9bd085,lm,silu,0,val_loss,50,5.847082614898682
67523e7f-7f35-4b43-a1b1-8a087f9bd085,lm,silu,0,val_loss,64,5.793118953704834
67523e7f-7f35-4b43-a1b1-8a087f9bd085,lm,silu,0,val_loss,76,5.771493911743164
67523e7f-7f35-4b43-a1b1-8a087f9bd085,lm,silu,0,val_loss,90,5.764426708221436
67523e7f-7f35-4b43-a1b1-8a087f9bd085,lm,silu,0,val_loss,102,5.769410610198975
67523e7f-7f35-4b43-a1b1-8a087f9bd085,lm,silu,0,val_loss,116,5.77339506149292
67523e7f-7f35-4b43-a1b1-8a087f9bd085,lm,silu,0,val_loss,130,5.776425361633301
67523e7f-7f35-4b43-a1b1-8a087f9bd085,lm,silu,0,train_loss_epoch,11,8.006793022155762
67523e7f-7f35-4b43-a1b1-8a087f9bd085,lm,silu,0,train_loss_epoch,25,6.18214750289917
67523e7f-7f35-4b43-a1b1-8a087f9bd085,lm,silu,0,train_loss_epoch,37,5.798670291900635
67523e7f-7f35-4b43-a1b1-8a087f9bd085,lm,silu,0,train_loss_epoch,51,5.558811187744141
67523e7f-7f35-4b43-a1b1-8a087f9bd085,lm,silu,0,train_loss_epoch,65,5.374795913696289
67523e7f-7f35-4b43-a1b1-8a087f9bd085,lm,silu,0,train_loss_epoch,77,5.228342056274414
67523e7f-7f35-4b43-a1b1-8a087f9bd085,lm,silu,0,train_loss_epoch,91,5.115567207336426
67523e7f-7f35-4b43-a1b1-8a087f9bd085,lm,silu,0,train_loss_epoch,103,5.037675857543945
67523e7f-7f35-4b43-a1b1-8a087f9bd085,lm,silu,0,train_loss_epoch,117,4.991525173187256
67523e7f-7f35-4b43-a1b1-8a087f9bd085,lm,silu,0,train_loss_epoch,131,4.971960544586182
4705f87e-adbe-4d8c-900f-0d7e6e52307d,lm,silu,2,val_ppl,10,691.6027221679688
4705f87e-adbe-4d8c-900f-0d7e6e52307d,lm,silu,2,val_ppl,24,443.1830749511719
4705f87e-adbe-4d8c-900f-0d7e6e52307d,lm,silu,2,val_ppl,36,379.0492248535156
4705f87e-adbe-4d8c-900f-0d7e6e52307d,lm,silu,2,val_ppl,50,347.0625915527344
4705f87e-adbe-4d8c-900f-0d7e6e52307d,lm,silu,2,val_ppl,64,330.44451904296875
4705f87e-adbe-4d8c-900f-0d7e6e52307d,lm,silu,2,val_ppl,76,321.61553955078125
4705f87e-adbe-4d8c-900f-0d7e6e52307d,lm,silu,2,val_ppl,90,318.65545654296875
4705f87e-adbe-4d8c-900f-0d7e6e52307d,lm,silu,2,val_ppl,102,321.3129577636719
4705f87e-adbe-4d8c-900f-0d7e6e52307d,lm,silu,2,val_ppl,116,323.0858459472656
4705f87e-adbe-4d8c-900f-0d7e6e52307d,lm,silu,2,val_ppl,130,323.5376892089844
4705f87e-adbe-4d8c-900f-0d7e6e52307d,lm,silu,2,val_loss,10,6.535111904144287
4705f87e-adbe-4d8c-900f-0d7e6e52307d,lm,silu,2,val_loss,24,6.087313175201416
4705f87e-adbe-4d8c-900f-0d7e6e52307d,lm,silu,2,val_loss,36,5.928842067718506
4705f87e-adbe-4d8c-900f-0d7e6e52307d,lm,silu,2,val_loss,50,5.839046001434326
4705f87e-adbe-4d8c-900f-0d7e6e52307d,lm,silu,2,val_loss,64,5.788652420043945
4705f87e-adbe-4d8c-900f-0d7e6e52307d,lm,silu,2,val_loss,76,5.760591983795166
4705f87e-adbe-4d8c-900f-0d7e6e52307d,lm,silu,2,val_loss,90,5.750563621520996
4705f87e-adbe-4d8c-900f-0d7e6e52307d,lm,silu,2,val_loss,102,5.757989883422852
4705f87e-adbe-4d8c-900f-0d7e6e52307d,lm,silu,2,val_loss,116,5.7633867263793945
4705f87e-adbe-4d8c-900f-0d7e6e52307d,lm,silu,2,val_loss,130,5.764671802520752
4705f87e-adbe-4d8c-900f-0d7e6e52307d,lm,silu,2,train_loss_epoch,11,8.014222145080566
4705f87e-adbe-4d8c-900f-0d7e6e52307d,lm,silu,2,train_loss_epoch,25,6.191562652587891
4705f87e-adbe-4d8c-900f-0d7e6e52307d,lm,silu,2,train_loss_epoch,37,5.79951286315918
4705f87e-adbe-4d8c-900f-0d7e6e52307d,lm,silu,2,train_loss_epoch,51,5.5568952560424805
4705f87e-adbe-4d8c-900f-0d7e6e52307d,lm,silu,2,train_loss_epoch,65,5.372896194458008
4705f87e-adbe-4d8c-900f-0d7e6e52307d,lm,silu,2,train_loss_epoch,77,5.225992679595947
4705f87e-adbe-4d8c-900f-0d7e6e52307d,lm,silu,2,train_loss_epoch,91,5.114763259887695
4705f87e-adbe-4d8c-900f-0d7e6e52307d,lm,silu,2,train_loss_epoch,103,5.037396430969238
4705f87e-adbe-4d8c-900f-0d7e6e52307d,lm,silu,2,train_loss_epoch,117,4.991094589233398
4705f87e-adbe-4d8c-900f-0d7e6e52307d,lm,silu,2,train_loss_epoch,131,4.971861362457275
1c5b9f6a-e7b9-4564-9c2d-86e2791226d9,lm,silu,4,val_ppl,10,684.3372192382812
1c5b9f6a-e7b9-4564-9c2d-86e2791226d9,lm,silu,4,val_ppl,24,445.2346496582031
1c5b9f6a-e7b9-4564-9c2d-86e2791226d9,lm,silu,4,val_ppl,36,377.8406982421875
1c5b9f6a-e7b9-4564-9c2d-86e2791226d9,lm,silu,4,val_ppl,50,345.6004943847656
1c5b9f6a-e7b9-4564-9c2d-86e2791226d9,lm,silu,4,val_ppl,64,328.9808959960937
1c5b9f6a-e7b9-4564-9c2d-86e2791226d9,lm,silu,4,val_ppl,76,320.7483215332031
1c5b9f6a-e7b9-4564-9c2d-86e2791226d9,lm,silu,4,val_ppl,90,318.2346496582031
1c5b9f6a-e7b9-4564-9c2d-86e2791226d9,lm,silu,4,val_ppl,102,320.9883117675781
1c5b9f6a-e7b9-4564-9c2d-86e2791226d9,lm,silu,4,val_ppl,116,322.2774353027344
1c5b9f6a-e7b9-4564-9c2d-86e2791226d9,lm,silu,4,val_ppl,130,323.1416015625
1c5b9f6a-e7b9-4564-9c2d-86e2791226d9,lm,silu,4,val_loss,10,6.524303913116455
1c5b9f6a-e7b9-4564-9c2d-86e2791226d9,lm,silu,4,val_loss,24,6.09179162979126
1c5b9f6a-e7b9-4564-9c2d-86e2791226d9,lm,silu,4,val_loss,36,5.925334930419922
1c5b9f6a-e7b9-4564-9c2d-86e2791226d9,lm,silu,4,val_loss,50,5.834619998931885
1c5b9f6a-e7b9-4564-9c2d-86e2791226d9,lm,silu,4,val_loss,64,5.784175872802734
1c5b9f6a-e7b9-4564-9c2d-86e2791226d9,lm,silu,4,val_loss,76,5.757757663726807
1c5b9f6a-e7b9-4564-9c2d-86e2791226d9,lm,silu,4,val_loss,90,5.749409198760986
1c5b9f6a-e7b9-4564-9c2d-86e2791226d9,lm,silu,4,val_loss,102,5.75727653503418
1c5b9f6a-e7b9-4564-9c2d-86e2791226d9,lm,silu,4,val_loss,116,5.7609453201293945
1c5b9f6a-e7b9-4564-9c2d-86e2791226d9,lm,silu,4,val_loss,130,5.763555526733398
1c5b9f6a-e7b9-4564-9c2d-86e2791226d9,lm,silu,4,train_loss_epoch,11,8.008878707885742
1c5b9f6a-e7b9-4564-9c2d-86e2791226d9,lm,silu,4,train_loss_epoch,25,6.183015823364258
1c5b9f6a-e7b9-4564-9c2d-86e2791226d9,lm,silu,4,train_loss_epoch,37,5.793853282928467
1c5b9f6a-e7b9-4564-9c2d-86e2791226d9,lm,silu,4,train_loss_epoch,51,5.552005290985107
1c5b9f6a-e7b9-4564-9c2d-86e2791226d9,lm,silu,4,train_loss_epoch,65,5.368574619293213
1c5b9f6a-e7b9-4564-9c2d-86e2791226d9,lm,silu,4,train_loss_epoch,77,5.22156286239624
1c5b9f6a-e7b9-4564-9c2d-86e2791226d9,lm,silu,4,train_loss_epoch,91,5.11064338684082
1c5b9f6a-e7b9-4564-9c2d-86e2791226d9,lm,silu,4,train_loss_epoch,103,5.032950878143311
1c5b9f6a-e7b9-4564-9c2d-86e2791226d9,lm,silu,4,train_loss_epoch,117,4.987663745880127
1c5b9f6a-e7b9-4564-9c2d-86e2791226d9,lm,silu,4,train_loss_epoch,131,4.967845916748047
ffb84194-ded3-4fc4-9894-4f83c910294d,lm,silu,6,val_ppl,10,688.7664794921875
ffb84194-ded3-4fc4-9894-4f83c910294d,lm,silu,6,val_ppl,24,443.6937255859375
ffb84194-ded3-4fc4-9894-4f83c910294d,lm,silu,6,val_ppl,36,378.8125915527344
ffb84194-ded3-4fc4-9894-4f83c910294d,lm,silu,6,val_ppl,50,348.6491394042969
ffb84194-ded3-4fc4-9894-4f83c910294d,lm,silu,6,val_ppl,64,331.0146484375
ffb84194-ded3-4fc4-9894-4f83c910294d,lm,silu,6,val_ppl,76,323.914306640625
ffb84194-ded3-4fc4-9894-4f83c910294d,lm,silu,6,val_ppl,90,321.0565795898437
ffb84194-ded3-4fc4-9894-4f83c910294d,lm,silu,6,val_ppl,102,323.4208374023437
ffb84194-ded3-4fc4-9894-4f83c910294d,lm,silu,6,val_ppl,116,325.78057861328125
ffb84194-ded3-4fc4-9894-4f83c910294d,lm,silu,6,val_ppl,130,326.3888244628906
ffb84194-ded3-4fc4-9894-4f83c910294d,lm,silu,6,val_loss,10,6.530833721160889
ffb84194-ded3-4fc4-9894-4f83c910294d,lm,silu,6,val_loss,24,6.087675094604492
ffb84194-ded3-4fc4-9894-4f83c910294d,lm,silu,6,val_loss,36,5.927308082580566
ffb84194-ded3-4fc4-9894-4f83c910294d,lm,silu,6,val_loss,50,5.842874526977539
ffb84194-ded3-4fc4-9894-4f83c910294d,lm,silu,6,val_loss,64,5.789850234985352
ffb84194-ded3-4fc4-9894-4f83c910294d,lm,silu,6,val_loss,76,5.767111778259277
ffb84194-ded3-4fc4-9894-4f83c910294d,lm,silu,6,val_loss,90,5.757239818572998
ffb84194-ded3-4fc4-9894-4f83c910294d,lm,silu,6,val_loss,102,5.764099597930908
ffb84194-ded3-4fc4-9894-4f83c910294d,lm,silu,6,val_loss,116,5.771099090576172
ffb84194-ded3-4fc4-9894-4f83c910294d,lm,silu,6,val_loss,130,5.772891521453857
ffb84194-ded3-4fc4-9894-4f83c910294d,lm,silu,6,train_loss_epoch,11,8.022664070129395
ffb84194-ded3-4fc4-9894-4f83c910294d,lm,silu,6,train_loss_epoch,25,6.184405326843262
ffb84194-ded3-4fc4-9894-4f83c910294d,lm,silu,6,train_loss_epoch,37,5.793508529663086
ffb84194-ded3-4fc4-9894-4f83c910294d,lm,silu,6,train_loss_epoch,51,5.553285121917725
ffb84194-ded3-4fc4-9894-4f83c910294d,lm,silu,6,train_loss_epoch,65,5.370759963989258
ffb84194-ded3-4fc4-9894-4f83c910294d,lm,silu,6,train_loss_epoch,77,5.224695682525635
ffb84194-ded3-4fc4-9894-4f83c910294d,lm,silu,6,train_loss_epoch,91,5.113110542297363
ffb84194-ded3-4fc4-9894-4f83c910294d,lm,silu,6,train_loss_epoch,103,5.035364627838135
ffb84194-ded3-4fc4-9894-4f83c910294d,lm,silu,6,train_loss_epoch,117,4.9887895584106445
ffb84194-ded3-4fc4-9894-4f83c910294d,lm,silu,6,train_loss_epoch,131,4.969506740570068
efd54770-91a5-4e68-9b56-e4cbf58d3dfd,lm,silu,1,val_ppl,10,682.0269165039062
efd54770-91a5-4e68-9b56-e4cbf58d3dfd,lm,silu,1,val_ppl,24,442.756103515625
efd54770-91a5-4e68-9b56-e4cbf58d3dfd,lm,silu,1,val_ppl,36,380.3470764160156
efd54770-91a5-4e68-9b56-e4cbf58d3dfd,lm,silu,1,val_ppl,50,349.0890808105469
efd54770-91a5-4e68-9b56-e4cbf58d3dfd,lm,silu,1,val_ppl,64,331.8376770019531
efd54770-91a5-4e68-9b56-e4cbf58d3dfd,lm,silu,1,val_ppl,76,322.8057861328125
efd54770-91a5-4e68-9b56-e4cbf58d3dfd,lm,silu,1,val_ppl,90,321.9671936035156
efd54770-91a5-4e68-9b56-e4cbf58d3dfd,lm,silu,1,val_ppl,102,323.6583251953125
efd54770-91a5-4e68-9b56-e4cbf58d3dfd,lm,silu,1,val_ppl,116,325.6332092285156
efd54770-91a5-4e68-9b56-e4cbf58d3dfd,lm,silu,1,val_ppl,130,325.8780517578125
efd54770-91a5-4e68-9b56-e4cbf58d3dfd,lm,silu,1,val_loss,10,6.521198272705078
efd54770-91a5-4e68-9b56-e4cbf58d3dfd,lm,silu,1,val_loss,24,6.086137771606445
efd54770-91a5-4e68-9b56-e4cbf58d3dfd,lm,silu,1,val_loss,36,5.932117462158203
efd54770-91a5-4e68-9b56-e4cbf58d3dfd,lm,silu,1,val_loss,50,5.84488582611084
efd54770-91a5-4e68-9b56-e4cbf58d3dfd,lm,silu,1,val_loss,64,5.793376922607422
efd54770-91a5-4e68-9b56-e4cbf58d3dfd,lm,silu,1,val_loss,76,5.764573574066162
efd54770-91a5-4e68-9b56-e4cbf58d3dfd,lm,silu,1,val_loss,90,5.761484622955322
efd54770-91a5-4e68-9b56-e4cbf58d3dfd,lm,silu,1,val_loss,102,5.766266822814941
efd54770-91a5-4e68-9b56-e4cbf58d3dfd,lm,silu,1,val_loss,116,5.772068500518799
efd54770-91a5-4e68-9b56-e4cbf58d3dfd,lm,silu,1,val_loss,130,5.772816181182861
efd54770-91a5-4e68-9b56-e4cbf58d3dfd,lm,silu,1,train_loss_epoch,11,8.013964653015137
efd54770-91a5-4e68-9b56-e4cbf58d3dfd,lm,silu,1,train_loss_epoch,25,6.178689002990723
efd54770-91a5-4e68-9b56-e4cbf58d3dfd,lm,silu,1,train_loss_epoch,37,5.79414701461792
efd54770-91a5-4e68-9b56-e4cbf58d3dfd,lm,silu,1,train_loss_epoch,51,5.55464506149292
efd54770-91a5-4e68-9b56-e4cbf58d3dfd,lm,silu,1,train_loss_epoch,65,5.371597290039063
efd54770-91a5-4e68-9b56-e4cbf58d3dfd,lm,silu,1,train_loss_epoch,77,5.225729942321777
efd54770-91a5-4e68-9b56-e4cbf58d3dfd,lm,silu,1,train_loss_epoch,91,5.113226413726807
efd54770-91a5-4e68-9b56-e4cbf58d3dfd,lm,silu,1,train_loss_epoch,103,5.035234928131104
efd54770-91a5-4e68-9b56-e4cbf58d3dfd,lm,silu,1,train_loss_epoch,117,4.989675998687744
efd54770-91a5-4e68-9b56-e4cbf58d3dfd,lm,silu,1,train_loss_epoch,131,4.970860481262207
1e66cfd5-b287-44be-b1fa-53571bd59703,lm,silu,7,val_ppl,10,693.1118774414062
1e66cfd5-b287-44be-b1fa-53571bd59703,lm,silu,7,val_ppl,24,441.7424621582031
1e66cfd5-b287-44be-b1fa-53571bd59703,lm,silu,7,val_ppl,36,377.08392333984375
1e66cfd5-b287-44be-b1fa-53571bd59703,lm,silu,7,val_ppl,50,345.304443359375
1e66cfd5-b287-44be-b1fa-53571bd59703,lm,silu,7,val_ppl,64,327.814208984375
1e66cfd5-b287-44be-b1fa-53571bd59703,lm,silu,7,val_ppl,76,319.37646484375
1e66cfd5-b287-44be-b1fa-53571bd59703,lm,silu,7,val_ppl,90,318.1337280273437
1e66cfd5-b287-44be-b1fa-53571bd59703,lm,silu,7,val_ppl,102,319.2151184082031
1e66cfd5-b287-44be-b1fa-53571bd59703,lm,silu,7,val_ppl,116,321.4768981933594
1e66cfd5-b287-44be-b1fa-53571bd59703,lm,silu,7,val_ppl,130,322.1293640136719
1e66cfd5-b287-44be-b1fa-53571bd59703,lm,silu,7,val_loss,10,6.537332057952881
1e66cfd5-b287-44be-b1fa-53571bd59703,lm,silu,7,val_loss,24,6.083237171173096
1e66cfd5-b287-44be-b1fa-53571bd59703,lm,silu,7,val_loss,36,5.923341751098633
1e66cfd5-b287-44be-b1fa-53571bd59703,lm,silu,7,val_loss,50,5.833940029144287
1e66cfd5-b287-44be-b1fa-53571bd59703,lm,silu,7,val_loss,64,5.780701637268066
1e66cfd5-b287-44be-b1fa-53571bd59703,lm,silu,7,val_loss,76,5.753730297088623
1e66cfd5-b287-44be-b1fa-53571bd59703,lm,silu,7,val_loss,90,5.7492265701293945
1e66cfd5-b287-44be-b1fa-53571bd59703,lm,silu,7,val_loss,102,5.752041339874268
1e66cfd5-b287-44be-b1fa-53571bd59703,lm,silu,7,val_loss,116,5.758946418762207
1e66cfd5-b287-44be-b1fa-53571bd59703,lm,silu,7,val_loss,130,5.760893821716309
1e66cfd5-b287-44be-b1fa-53571bd59703,lm,silu,7,train_loss_epoch,11,8.010953903198242
1e66cfd5-b287-44be-b1fa-53571bd59703,lm,silu,7,train_loss_epoch,25,6.187901020050049
1e66cfd5-b287-44be-b1fa-53571bd59703,lm,silu,7,train_loss_epoch,37,5.795823574066162
1e66cfd5-b287-44be-b1fa-53571bd59703,lm,silu,7,train_loss_epoch,51,5.553353786468506
1e66cfd5-b287-44be-b1fa-53571bd59703,lm,silu,7,train_loss_epoch,65,5.366649150848389
1e66cfd5-b287-44be-b1fa-53571bd59703,lm,silu,7,train_loss_epoch,77,5.218146800994873
1e66cfd5-b287-44be-b1fa-53571bd59703,lm,silu,7,train_loss_epoch,91,5.105031967163086
1e66cfd5-b287-44be-b1fa-53571bd59703,lm,silu,7,train_loss_epoch,103,5.027806758880615
1e66cfd5-b287-44be-b1fa-53571bd59703,lm,silu,7,train_loss_epoch,117,4.981723308563232
1e66cfd5-b287-44be-b1fa-53571bd59703,lm,silu,7,train_loss_epoch,131,4.962344646453857
86da18d5-f2c0-4f7c-a5b2-842d4d3573f6,lm,silu,3,val_ppl,10,677.1456298828125
86da18d5-f2c0-4f7c-a5b2-842d4d3573f6,lm,silu,3,val_ppl,24,439.4517822265625
86da18d5-f2c0-4f7c-a5b2-842d4d3573f6,lm,silu,3,val_ppl,36,378.1969909667969
86da18d5-f2c0-4f7c-a5b2-842d4d3573f6,lm,silu,3,val_ppl,50,347.4365234375
86da18d5-f2c0-4f7c-a5b2-842d4d3573f6,lm,silu,3,val_ppl,64,330.5223083496094
86da18d5-f2c0-4f7c-a5b2-842d4d3573f6,lm,silu,3,val_ppl,76,323.2261657714844
86da18d5-f2c0-4f7c-a5b2-842d4d3573f6,lm,silu,3,val_ppl,90,320.0683898925781
86da18d5-f2c0-4f7c-a5b2-842d4d3573f6,lm,silu,3,val_ppl,102,321.9224853515625
86da18d5-f2c0-4f7c-a5b2-842d4d3573f6,lm,silu,3,val_ppl,116,323.8975524902344
86da18d5-f2c0-4f7c-a5b2-842d4d3573f6,lm,silu,3,val_ppl,130,324.5893249511719
86da18d5-f2c0-4f7c-a5b2-842d4d3573f6,lm,silu,3,val_loss,10,6.51400089263916
86da18d5-f2c0-4f7c-a5b2-842d4d3573f6,lm,silu,3,val_loss,24,6.078314781188965
86da18d5-f2c0-4f7c-a5b2-842d4d3573f6,lm,silu,3,val_loss,36,5.92595100402832
86da18d5-f2c0-4f7c-a5b2-842d4d3573f6,lm,silu,3,val_loss,50,5.839924812316895
86da18d5-f2c0-4f7c-a5b2-842d4d3573f6,lm,silu,3,val_loss,64,5.788802623748779
86da18d5-f2c0-4f7c-a5b2-842d4d3573f6,lm,silu,3,val_loss,76,5.765350818634033
86da18d5-f2c0-4f7c-a5b2-842d4d3573f6,lm,silu,3,val_loss,90,5.754783153533936
86da18d5-f2c0-4f7c-a5b2-842d4d3573f6,lm,silu,3,val_loss,102,5.760062217712402
86da18d5-f2c0-4f7c-a5b2-842d4d3573f6,lm,silu,3,val_loss,116,5.765996932983398
86da18d5-f2c0-4f7c-a5b2-842d4d3573f6,lm,silu,3,val_loss,130,5.768041610717773
86da18d5-f2c0-4f7c-a5b2-842d4d3573f6,lm,silu,3,train_loss_epoch,11,8.018989562988281
86da18d5-f2c0-4f7c-a5b2-842d4d3573f6,lm,silu,3,train_loss_epoch,25,6.16938591003418
86da18d5-f2c0-4f7c-a5b2-842d4d3573f6,lm,silu,3,train_loss_epoch,37,5.785520076751709
86da18d5-f2c0-4f7c-a5b2-842d4d3573f6,lm,silu,3,train_loss_epoch,51,5.547501087188721
86da18d5-f2c0-4f7c-a5b2-842d4d3573f6,lm,silu,3,train_loss_epoch,65,5.365020751953125
86da18d5-f2c0-4f7c-a5b2-842d4d3573f6,lm,silu,3,train_loss_epoch,77,5.220728874206543
86da18d5-f2c0-4f7c-a5b2-842d4d3573f6,lm,silu,3,train_loss_epoch,91,5.109567642211914
86da18d5-f2c0-4f7c-a5b2-842d4d3573f6,lm,silu,3,train_loss_epoch,103,5.032867431640625
86da18d5-f2c0-4f7c-a5b2-842d4d3573f6,lm,silu,3,train_loss_epoch,117,4.986813068389893
86da18d5-f2c0-4f7c-a5b2-842d4d3573f6,lm,silu,3,train_loss_epoch,131,4.967008113861084
d5be948a-c557-4216-b1db-1c1d5ca03bf4,lm,scaled_tanh,2,val_ppl,10,695.1618041992188
d5be948a-c557-4216-b1db-1c1d5ca03bf4,lm,scaled_tanh,2,val_ppl,24,464.05474853515625
d5be948a-c557-4216-b1db-1c1d5ca03bf4,lm,scaled_tanh,2,val_ppl,36,401.2544555664063
d5be948a-c557-4216-b1db-1c1d5ca03bf4,lm,scaled_tanh,2,val_ppl,50,372.6546325683594
d5be948a-c557-4216-b1db-1c1d5ca03bf4,lm,scaled_tanh,2,val_ppl,64,361.2361755371094
d5be948a-c557-4216-b1db-1c1d5ca03bf4,lm,scaled_tanh,2,val_ppl,76,355.94366455078125
d5be948a-c557-4216-b1db-1c1d5ca03bf4,lm,scaled_tanh,2,val_ppl,90,357.80670166015625
d5be948a-c557-4216-b1db-1c1d5ca03bf4,lm,scaled_tanh,2,val_ppl,102,362.0936279296875
d5be948a-c557-4216-b1db-1c1d5ca03bf4,lm,scaled_tanh,2,val_ppl,116,364.7083435058594
d5be948a-c557-4216-b1db-1c1d5ca03bf4,lm,scaled_tanh,2,val_ppl,130,365.43792724609375
d5be948a-c557-4216-b1db-1c1d5ca03bf4,lm,scaled_tanh,2,val_loss,10,6.540168285369873
d5be948a-c557-4216-b1db-1c1d5ca03bf4,lm,scaled_tanh,2,val_loss,24,6.133589267730713
d5be948a-c557-4216-b1db-1c1d5ca03bf4,lm,scaled_tanh,2,val_loss,36,5.985780239105225
d5be948a-c557-4216-b1db-1c1d5ca03bf4,lm,scaled_tanh,2,val_loss,50,5.910603046417236
d5be948a-c557-4216-b1db-1c1d5ca03bf4,lm,scaled_tanh,2,val_loss,64,5.878274440765381
d5be948a-c557-4216-b1db-1c1d5ca03bf4,lm,scaled_tanh,2,val_loss,76,5.862766742706299
d5be948a-c557-4216-b1db-1c1d5ca03bf4,lm,scaled_tanh,2,val_loss,90,5.8672404289245605
d5be948a-c557-4216-b1db-1c1d5ca03bf4,lm,scaled_tanh,2,val_loss,102,5.878507614135742
d5be948a-c557-4216-b1db-1c1d5ca03bf4,lm,scaled_tanh,2,val_loss,116,5.885646343231201
d5be948a-c557-4216-b1db-1c1d5ca03bf4,lm,scaled_tanh,2,val_loss,130,5.887578964233398
d5be948a-c557-4216-b1db-1c1d5ca03bf4,lm,scaled_tanh,2,train_loss_epoch,11,8.019643783569336
d5be948a-c557-4216-b1db-1c1d5ca03bf4,lm,scaled_tanh,2,train_loss_epoch,25,6.218731880187988
d5be948a-c557-4216-b1db-1c1d5ca03bf4,lm,scaled_tanh,2,train_loss_epoch,37,5.854313850402832
d5be948a-c557-4216-b1db-1c1d5ca03bf4,lm,scaled_tanh,2,train_loss_epoch,51,5.6285929679870605
d5be948a-c557-4216-b1db-1c1d5ca03bf4,lm,scaled_tanh,2,train_loss_epoch,65,5.462772369384766
d5be948a-c557-4216-b1db-1c1d5ca03bf4,lm,scaled_tanh,2,train_loss_epoch,77,5.332545757293701
d5be948a-c557-4216-b1db-1c1d5ca03bf4,lm,scaled_tanh,2,train_loss_epoch,91,5.233141899108887
d5be948a-c557-4216-b1db-1c1d5ca03bf4,lm,scaled_tanh,2,train_loss_epoch,103,5.162939548492432
d5be948a-c557-4216-b1db-1c1d5ca03bf4,lm,scaled_tanh,2,train_loss_epoch,117,5.119664192199707
d5be948a-c557-4216-b1db-1c1d5ca03bf4,lm,scaled_tanh,2,train_loss_epoch,131,5.101372718811035
4b9b9da6-779a-4679-a570-806907e31a51,lm,scaled_tanh,5,val_ppl,10,690.9594116210938
4b9b9da6-779a-4679-a570-806907e31a51,lm,scaled_tanh,5,val_ppl,24,458.6697998046875
4b9b9da6-779a-4679-a570-806907e31a51,lm,scaled_tanh,5,val_ppl,36,396.7081909179688
4b9b9da6-779a-4679-a570-806907e31a51,lm,scaled_tanh,5,val_ppl,50,371.664794921875
4b9b9da6-779a-4679-a570-806907e31a51,lm,scaled_tanh,5,val_ppl,64,360.0811767578125
4b9b9da6-779a-4679-a570-806907e31a51,lm,scaled_tanh,5,val_ppl,76,356.9189453125
4b9b9da6-779a-4679-a570-806907e31a51,lm,scaled_tanh,5,val_ppl,90,358.0038146972656
4b9b9da6-779a-4679-a570-806907e31a51,lm,scaled_tanh,5,val_ppl,102,361.2633056640625
4b9b9da6-779a-4679-a570-806907e31a51,lm,scaled_tanh,5,val_ppl,116,363.9642639160156
4b9b9da6-779a-4679-a570-806907e31a51,lm,scaled_tanh,5,val_ppl,130,364.9667053222656
4b9b9da6-779a-4679-a570-806907e31a51,lm,scaled_tanh,5,val_loss,10,6.53433895111084
4b9b9da6-779a-4679-a570-806907e31a51,lm,scaled_tanh,5,val_loss,24,6.12138032913208
4b9b9da6-779a-4679-a570-806907e31a51,lm,scaled_tanh,5,val_loss,36,5.974356174468994
4b9b9da6-779a-4679-a570-806907e31a51,lm,scaled_tanh,5,val_loss,50,5.907697677612305
4b9b9da6-779a-4679-a570-806907e31a51,lm,scaled_tanh,5,val_loss,64,5.874991416931152
4b9b9da6-779a-4679-a570-806907e31a51,lm,scaled_tanh,5,val_loss,76,5.865111827850342
4b9b9da6-779a-4679-a570-806907e31a51,lm,scaled_tanh,5,val_loss,90,5.867603302001953
4b9b9da6-779a-4679-a570-806907e31a51,lm,scaled_tanh,5,val_loss,102,5.87596607208252
4b9b9da6-779a-4679-a570-806907e31a51,lm,scaled_tanh,5,val_loss,116,5.883362293243408
4b9b9da6-779a-4679-a570-806907e31a51,lm,scaled_tanh,5,val_loss,130,5.886063575744629
4b9b9da6-779a-4679-a570-806907e31a51,lm,scaled_tanh,5,train_loss_epoch,11,8.011123657226562
4b9b9da6-779a-4679-a570-806907e31a51,lm,scaled_tanh,5,train_loss_epoch,25,6.204165935516357
4b9b9da6-779a-4679-a570-806907e31a51,lm,scaled_tanh,5,train_loss_epoch,37,5.839259147644043
4b9b9da6-779a-4679-a570-806907e31a51,lm,scaled_tanh,5,train_loss_epoch,51,5.617331504821777
4b9b9da6-779a-4679-a570-806907e31a51,lm,scaled_tanh,5,train_loss_epoch,65,5.453536510467529
4b9b9da6-779a-4679-a570-806907e31a51,lm,scaled_tanh,5,train_loss_epoch,77,5.325077533721924
4b9b9da6-779a-4679-a570-806907e31a51,lm,scaled_tanh,5,train_loss_epoch,91,5.227075099945068
4b9b9da6-779a-4679-a570-806907e31a51,lm,scaled_tanh,5,train_loss_epoch,103,5.156798362731934
4b9b9da6-779a-4679-a570-806907e31a51,lm,scaled_tanh,5,train_loss_epoch,117,5.114328861236572
4b9b9da6-779a-4679-a570-806907e31a51,lm,scaled_tanh,5,train_loss_epoch,131,5.0965256690979
bf41cff5-9237-44e8-8e2b-d88d29e5c818,lm,scaled_tanh,3,val_ppl,10,680.5449829101562
bf41cff5-9237-44e8-8e2b-d88d29e5c818,lm,scaled_tanh,3,val_ppl,24,457.34368896484375
bf41cff5-9237-44e8-8e2b-d88d29e5c818,lm,scaled_tanh,3,val_ppl,36,397.6120910644531
bf41cff5-9237-44e8-8e2b-d88d29e5c818,lm,scaled_tanh,3,val_ppl,50,371.0681762695313
bf41cff5-9237-44e8-8e2b-d88d29e5c818,lm,scaled_tanh,3,val_ppl,64,358.5441589355469
bf41cff5-9237-44e8-8e2b-d88d29e5c818,lm,scaled_tanh,3,val_ppl,76,355.38800048828125
bf41cff5-9237-44e8-8e2b-d88d29e5c818,lm,scaled_tanh,3,val_ppl,90,356.3529663085937
bf41cff5-9237-44e8-8e2b-d88d29e5c818,lm,scaled_tanh,3,val_ppl,102,360.8385620117188
bf41cff5-9237-44e8-8e2b-d88d29e5c818,lm,scaled_tanh,3,val_ppl,116,363.6361389160156
bf41cff5-9237-44e8-8e2b-d88d29e5c818,lm,scaled_tanh,3,val_ppl,130,364.4419860839844
bf41cff5-9237-44e8-8e2b-d88d29e5c818,lm,scaled_tanh,3,val_loss,10,6.519010543823242
bf41cff5-9237-44e8-8e2b-d88d29e5c818,lm,scaled_tanh,3,val_loss,24,6.118354797363281
bf41cff5-9237-44e8-8e2b-d88d29e5c818,lm,scaled_tanh,3,val_loss,36,5.976179122924805
bf41cff5-9237-44e8-8e2b-d88d29e5c818,lm,scaled_tanh,3,val_loss,50,5.905961036682129
bf41cff5-9237-44e8-8e2b-d88d29e5c818,lm,scaled_tanh,3,val_loss,64,5.870482921600342
bf41cff5-9237-44e8-8e2b-d88d29e5c818,lm,scaled_tanh,3,val_loss,76,5.860669136047363
bf41cff5-9237-44e8-8e2b-d88d29e5c818,lm,scaled_tanh,3,val_loss,90,5.86262321472168
bf41cff5-9237-44e8-8e2b-d88d29e5c818,lm,scaled_tanh,3,val_loss,102,5.874537467956543
bf41cff5-9237-44e8-8e2b-d88d29e5c818,lm,scaled_tanh,3,val_loss,116,5.882132530212402
bf41cff5-9237-44e8-8e2b-d88d29e5c818,lm,scaled_tanh,3,val_loss,130,5.884273052215576
bf41cff5-9237-44e8-8e2b-d88d29e5c818,lm,scaled_tanh,3,train_loss_epoch,11,8.010907173156738
bf41cff5-9237-44e8-8e2b-d88d29e5c818,lm,scaled_tanh,3,train_loss_epoch,25,6.192663669586182
bf41cff5-9237-44e8-8e2b-d88d29e5c818,lm,scaled_tanh,3,train_loss_epoch,37,5.832776546478272
bf41cff5-9237-44e8-8e2b-d88d29e5c818,lm,scaled_tanh,3,train_loss_epoch,51,5.611945152282715
bf41cff5-9237-44e8-8e2b-d88d29e5c818,lm,scaled_tanh,3,train_loss_epoch,65,5.447536468505859
bf41cff5-9237-44e8-8e2b-d88d29e5c818,lm,scaled_tanh,3,train_loss_epoch,77,5.318924903869629
bf41cff5-9237-44e8-8e2b-d88d29e5c818,lm,scaled_tanh,3,train_loss_epoch,91,5.220284938812256
bf41cff5-9237-44e8-8e2b-d88d29e5c818,lm,scaled_tanh,3,train_loss_epoch,103,5.150502681732178
bf41cff5-9237-44e8-8e2b-d88d29e5c818,lm,scaled_tanh,3,train_loss_epoch,117,5.108260154724121
bf41cff5-9237-44e8-8e2b-d88d29e5c818,lm,scaled_tanh,3,train_loss_epoch,131,5.090221881866455
f83f0ed4-8220-4520-aba5-c62b756030b7,lm,scaled_tanh,1,val_ppl,10,693.0991821289062
f83f0ed4-8220-4520-aba5-c62b756030b7,lm,scaled_tanh,1,val_ppl,24,463.9189147949219
f83f0ed4-8220-4520-aba5-c62b756030b7,lm,scaled_tanh,1,val_ppl,36,401.4809875488281
f83f0ed4-8220-4520-aba5-c62b756030b7,lm,scaled_tanh,1,val_ppl,50,371.3027648925781
f83f0ed4-8220-4520-aba5-c62b756030b7,lm,scaled_tanh,1,val_ppl,64,358.1993408203125
f83f0ed4-8220-4520-aba5-c62b756030b7,lm,scaled_tanh,1,val_ppl,76,353.8175048828125
f83f0ed4-8220-4520-aba5-c62b756030b7,lm,scaled_tanh,1,val_ppl,90,354.9120788574219
f83f0ed4-8220-4520-aba5-c62b756030b7,lm,scaled_tanh,1,val_ppl,102,359.3905029296875
f83f0ed4-8220-4520-aba5-c62b756030b7,lm,scaled_tanh,1,val_ppl,116,362.44091796875
f83f0ed4-8220-4520-aba5-c62b756030b7,lm,scaled_tanh,1,val_ppl,130,362.72894287109375
f83f0ed4-8220-4520-aba5-c62b756030b7,lm,scaled_tanh,1,val_loss,10,6.537131786346436
f83f0ed4-8220-4520-aba5-c62b756030b7,lm,scaled_tanh,1,val_loss,24,6.133183002471924
f83f0ed4-8220-4520-aba5-c62b756030b7,lm,scaled_tanh,1,val_loss,36,5.986379623413086
f83f0ed4-8220-4520-aba5-c62b756030b7,lm,scaled_tanh,1,val_loss,50,5.906651020050049
f83f0ed4-8220-4520-aba5-c62b756030b7,lm,scaled_tanh,1,val_loss,64,5.869747161865234
f83f0ed4-8220-4520-aba5-c62b756030b7,lm,scaled_tanh,1,val_loss,76,5.856373310089111
f83f0ed4-8220-4520-aba5-c62b756030b7,lm,scaled_tanh,1,val_loss,90,5.858817100524902
f83f0ed4-8220-4520-aba5-c62b756030b7,lm,scaled_tanh,1,val_loss,102,5.870971202850342
f83f0ed4-8220-4520-aba5-c62b756030b7,lm,scaled_tanh,1,val_loss,116,5.879165172576904
f83f0ed4-8220-4520-aba5-c62b756030b7,lm,scaled_tanh,1,val_loss,130,5.879951000213623
f83f0ed4-8220-4520-aba5-c62b756030b7,lm,scaled_tanh,1,train_loss_epoch,11,8.014662742614746
f83f0ed4-8220-4520-aba5-c62b756030b7,lm,scaled_tanh,1,train_loss_epoch,25,6.216622352600098
f83f0ed4-8220-4520-aba5-c62b756030b7,lm,scaled_tanh,1,train_loss_epoch,37,5.855007648468018
f83f0ed4-8220-4520-aba5-c62b756030b7,lm,scaled_tanh,1,train_loss_epoch,51,5.62567663192749
f83f0ed4-8220-4520-aba5-c62b756030b7,lm,scaled_tanh,1,train_loss_epoch,65,5.4567389488220215
f83f0ed4-8220-4520-aba5-c62b756030b7,lm,scaled_tanh,1,train_loss_epoch,77,5.325772285461426
f83f0ed4-8220-4520-aba5-c62b756030b7,lm,scaled_tanh,1,train_loss_epoch,91,5.225784778594971
f83f0ed4-8220-4520-aba5-c62b756030b7,lm,scaled_tanh,1,train_loss_epoch,103,5.155048370361328
f83f0ed4-8220-4520-aba5-c62b756030b7,lm,scaled_tanh,1,train_loss_epoch,117,5.113099098205566
f83f0ed4-8220-4520-aba5-c62b756030b7,lm,scaled_tanh,1,train_loss_epoch,131,5.0949554443359375
d20499bf-4d3c-4a29-a8fb-6e318a9bcd5b,lm,scaled_tanh,6,val_ppl,10,696.1474609375
d20499bf-4d3c-4a29-a8fb-6e318a9bcd5b,lm,scaled_tanh,6,val_ppl,24,462.9971618652344
d20499bf-4d3c-4a29-a8fb-6e318a9bcd5b,lm,scaled_tanh,6,val_ppl,36,399.9928588867188
d20499bf-4d3c-4a29-a8fb-6e318a9bcd5b,lm,scaled_tanh,6,val_ppl,50,372.1188354492188
d20499bf-4d3c-4a29-a8fb-6e318a9bcd5b,lm,scaled_tanh,6,val_ppl,64,361.04290771484375
d20499bf-4d3c-4a29-a8fb-6e318a9bcd5b,lm,scaled_tanh,6,val_ppl,76,357.4520874023437
d20499bf-4d3c-4a29-a8fb-6e318a9bcd5b,lm,scaled_tanh,6,val_ppl,90,358.78253173828125
d20499bf-4d3c-4a29-a8fb-6e318a9bcd5b,lm,scaled_tanh,6,val_ppl,102,362.6583251953125
d20499bf-4d3c-4a29-a8fb-6e318a9bcd5b,lm,scaled_tanh,6,val_ppl,116,365.9254150390625
d20499bf-4d3c-4a29-a8fb-6e318a9bcd5b,lm,scaled_tanh,6,val_ppl,130,366.9263305664063
d20499bf-4d3c-4a29-a8fb-6e318a9bcd5b,lm,scaled_tanh,6,val_loss,10,6.541369438171387
d20499bf-4d3c-4a29-a8fb-6e318a9bcd5b,lm,scaled_tanh,6,val_loss,24,6.130610942840576
d20499bf-4d3c-4a29-a8fb-6e318a9bcd5b,lm,scaled_tanh,6,val_loss,36,5.982172966003418
d20499bf-4d3c-4a29-a8fb-6e318a9bcd5b,lm,scaled_tanh,6,val_loss,50,5.908533573150635
d20499bf-4d3c-4a29-a8fb-6e318a9bcd5b,lm,scaled_tanh,6,val_loss,64,5.877104759216309
d20499bf-4d3c-4a29-a8fb-6e318a9bcd5b,lm,scaled_tanh,6,val_loss,76,5.866349220275879
d20499bf-4d3c-4a29-a8fb-6e318a9bcd5b,lm,scaled_tanh,6,val_loss,90,5.869395732879639
d20499bf-4d3c-4a29-a8fb-6e318a9bcd5b,lm,scaled_tanh,6,val_loss,102,5.879526615142822
d20499bf-4d3c-4a29-a8fb-6e318a9bcd5b,lm,scaled_tanh,6,val_loss,116,5.888247013092041
d20499bf-4d3c-4a29-a8fb-6e318a9bcd5b,lm,scaled_tanh,6,val_loss,130,5.890921115875244
d20499bf-4d3c-4a29-a8fb-6e318a9bcd5b,lm,scaled_tanh,6,train_loss_epoch,11,8.019401550292969
d20499bf-4d3c-4a29-a8fb-6e318a9bcd5b,lm,scaled_tanh,6,train_loss_epoch,25,6.213979721069336
d20499bf-4d3c-4a29-a8fb-6e318a9bcd5b,lm,scaled_tanh,6,train_loss_epoch,37,5.848679542541504
d20499bf-4d3c-4a29-a8fb-6e318a9bcd5b,lm,scaled_tanh,6,train_loss_epoch,51,5.622941970825195
d20499bf-4d3c-4a29-a8fb-6e318a9bcd5b,lm,scaled_tanh,6,train_loss_epoch,65,5.457001686096191
d20499bf-4d3c-4a29-a8fb-6e318a9bcd5b,lm,scaled_tanh,6,train_loss_epoch,77,5.327891826629639
d20499bf-4d3c-4a29-a8fb-6e318a9bcd5b,lm,scaled_tanh,6,train_loss_epoch,91,5.22855806350708
d20499bf-4d3c-4a29-a8fb-6e318a9bcd5b,lm,scaled_tanh,6,train_loss_epoch,103,5.158205509185791
d20499bf-4d3c-4a29-a8fb-6e318a9bcd5b,lm,scaled_tanh,6,train_loss_epoch,117,5.115945339202881
d20499bf-4d3c-4a29-a8fb-6e318a9bcd5b,lm,scaled_tanh,6,train_loss_epoch,131,5.097145080566406
441481d2-4809-458f-822e-0b2987667132,lm,scaled_tanh,0,val_ppl,10,689.6417846679688
441481d2-4809-458f-822e-0b2987667132,lm,scaled_tanh,0,val_ppl,24,461.2268676757813
441481d2-4809-458f-822e-0b2987667132,lm,scaled_tanh,0,val_ppl,36,402.96282958984375
441481d2-4809-458f-822e-0b2987667132,lm,scaled_tanh,0,val_ppl,50,374.8427734375
441481d2-4809-458f-822e-0b2987667132,lm,scaled_tanh,0,val_ppl,64,361.8612976074219
441481d2-4809-458f-822e-0b2987667132,lm,scaled_tanh,0,val_ppl,76,358.6594543457031
441481d2-4809-458f-822e-0b2987667132,lm,scaled_tanh,0,val_ppl,90,360.6228942871094
441481d2-4809-458f-822e-0b2987667132,lm,scaled_tanh,0,val_ppl,102,364.7780456542969
441481d2-4809-458f-822e-0b2987667132,lm,scaled_tanh,0,val_ppl,116,367.3992004394531
441481d2-4809-458f-822e-0b2987667132,lm,scaled_tanh,0,val_ppl,130,368.5387268066406
441481d2-4809-458f-822e-0b2987667132,lm,scaled_tanh,0,val_loss,10,6.532204627990723
441481d2-4809-458f-822e-0b2987667132,lm,scaled_tanh,0,val_loss,24,6.1270365715026855
441481d2-4809-458f-822e-0b2987667132,lm,scaled_tanh,0,val_loss,36,5.989927291870117
441481d2-4809-458f-822e-0b2987667132,lm,scaled_tanh,0,val_loss,50,5.915890216827393
441481d2-4809-458f-822e-0b2987667132,lm,scaled_tanh,0,val_loss,64,5.879952907562256
441481d2-4809-458f-822e-0b2987667132,lm,scaled_tanh,0,val_loss,76,5.8703436851501465
441481d2-4809-458f-822e-0b2987667132,lm,scaled_tanh,0,val_loss,90,5.875104904174805
441481d2-4809-458f-822e-0b2987667132,lm,scaled_tanh,0,val_loss,102,5.886251449584961
441481d2-4809-458f-822e-0b2987667132,lm,scaled_tanh,0,val_loss,116,5.893136978149414
441481d2-4809-458f-822e-0b2987667132,lm,scaled_tanh,0,val_loss,130,5.896172523498535
441481d2-4809-458f-822e-0b2987667132,lm,scaled_tanh,0,train_loss_epoch,11,8.009221076965332
441481d2-4809-458f-822e-0b2987667132,lm,scaled_tanh,0,train_loss_epoch,25,6.209299087524414
441481d2-4809-458f-822e-0b2987667132,lm,scaled_tanh,0,train_loss_epoch,37,5.853782653808594
441481d2-4809-458f-822e-0b2987667132,lm,scaled_tanh,0,train_loss_epoch,51,5.635269641876221
441481d2-4809-458f-822e-0b2987667132,lm,scaled_tanh,0,train_loss_epoch,65,5.468586921691895
441481d2-4809-458f-822e-0b2987667132,lm,scaled_tanh,0,train_loss_epoch,77,5.338044166564941
441481d2-4809-458f-822e-0b2987667132,lm,scaled_tanh,0,train_loss_epoch,91,5.237317562103272
441481d2-4809-458f-822e-0b2987667132,lm,scaled_tanh,0,train_loss_epoch,103,5.167163372039795
441481d2-4809-458f-822e-0b2987667132,lm,scaled_tanh,0,train_loss_epoch,117,5.124122619628906
441481d2-4809-458f-822e-0b2987667132,lm,scaled_tanh,0,train_loss_epoch,131,5.105451583862305
d9ed5fd0-fa46-4cc8-b4d5-739039fb92a7,lm,scaled_tanh,4,val_ppl,10,687.3639526367188
d9ed5fd0-fa46-4cc8-b4d5-739039fb92a7,lm,scaled_tanh,4,val_ppl,24,463.2972717285156
d9ed5fd0-fa46-4cc8-b4d5-739039fb92a7,lm,scaled_tanh,4,val_ppl,36,399.9623718261719
d9ed5fd0-fa46-4cc8-b4d5-739039fb92a7,lm,scaled_tanh,4,val_ppl,50,371.6971435546875
d9ed5fd0-fa46-4cc8-b4d5-739039fb92a7,lm,scaled_tanh,4,val_ppl,64,361.4031982421875
d9ed5fd0-fa46-4cc8-b4d5-739039fb92a7,lm,scaled_tanh,4,val_ppl,76,357.6582336425781
d9ed5fd0-fa46-4cc8-b4d5-739039fb92a7,lm,scaled_tanh,4,val_ppl,90,360.3434753417969
d9ed5fd0-fa46-4cc8-b4d5-739039fb92a7,lm,scaled_tanh,4,val_ppl,102,364.6481323242188
d9ed5fd0-fa46-4cc8-b4d5-739039fb92a7,lm,scaled_tanh,4,val_ppl,116,367.5492858886719
d9ed5fd0-fa46-4cc8-b4d5-739039fb92a7,lm,scaled_tanh,4,val_ppl,130,368.4405517578125
d9ed5fd0-fa46-4cc8-b4d5-739039fb92a7,lm,scaled_tanh,4,val_loss,10,6.5287017822265625
d9ed5fd0-fa46-4cc8-b4d5-739039fb92a7,lm,scaled_tanh,4,val_loss,24,6.131798267364502
d9ed5fd0-fa46-4cc8-b4d5-739039fb92a7,lm,scaled_tanh,4,val_loss,36,5.982267379760742
d9ed5fd0-fa46-4cc8-b4d5-739039fb92a7,lm,scaled_tanh,4,val_loss,50,5.907238960266113
d9ed5fd0-fa46-4cc8-b4d5-739039fb92a7,lm,scaled_tanh,4,val_loss,64,5.878179550170898
d9ed5fd0-fa46-4cc8-b4d5-739039fb92a7,lm,scaled_tanh,4,val_loss,76,5.866881370544434
d9ed5fd0-fa46-4cc8-b4d5-739039fb92a7,lm,scaled_tanh,4,val_loss,90,5.873809814453125
d9ed5fd0-fa46-4cc8-b4d5-739039fb92a7,lm,scaled_tanh,4,val_loss,102,5.885312080383301
d9ed5fd0-fa46-4cc8-b4d5-739039fb92a7,lm,scaled_tanh,4,val_loss,116,5.892880916595459
d9ed5fd0-fa46-4cc8-b4d5-739039fb92a7,lm,scaled_tanh,4,val_loss,130,5.895261764526367
d9ed5fd0-fa46-4cc8-b4d5-739039fb92a7,lm,scaled_tanh,4,train_loss_epoch,11,8.016712188720703
d9ed5fd0-fa46-4cc8-b4d5-739039fb92a7,lm,scaled_tanh,4,train_loss_epoch,25,6.210167407989502
d9ed5fd0-fa46-4cc8-b4d5-739039fb92a7,lm,scaled_tanh,4,train_loss_epoch,37,5.842949390411377
d9ed5fd0-fa46-4cc8-b4d5-739039fb92a7,lm,scaled_tanh,4,train_loss_epoch,51,5.618614673614502
d9ed5fd0-fa46-4cc8-b4d5-739039fb92a7,lm,scaled_tanh,4,train_loss_epoch,65,5.453262805938721
d9ed5fd0-fa46-4cc8-b4d5-739039fb92a7,lm,scaled_tanh,4,train_loss_epoch,77,5.324816703796387
d9ed5fd0-fa46-4cc8-b4d5-739039fb92a7,lm,scaled_tanh,4,train_loss_epoch,91,5.2266364097595215
d9ed5fd0-fa46-4cc8-b4d5-739039fb92a7,lm,scaled_tanh,4,train_loss_epoch,103,5.155961513519287
d9ed5fd0-fa46-4cc8-b4d5-739039fb92a7,lm,scaled_tanh,4,train_loss_epoch,117,5.114721775054932
d9ed5fd0-fa46-4cc8-b4d5-739039fb92a7,lm,scaled_tanh,4,train_loss_epoch,131,5.0963239669799805
c940d039-ba24-4092-9cd3-08ca315a4903,lm,scaled_tanh,7,val_ppl,10,703.8287353515625
c940d039-ba24-4092-9cd3-08ca315a4903,lm,scaled_tanh,7,val_ppl,24,463.9983215332031
c940d039-ba24-4092-9cd3-08ca315a4903,lm,scaled_tanh,7,val_ppl,36,399.1369323730469
c940d039-ba24-4092-9cd3-08ca315a4903,lm,scaled_tanh,7,val_ppl,50,373.40814208984375
c940d039-ba24-4092-9cd3-08ca315a4903,lm,scaled_tanh,7,val_ppl,64,362.1149597167969
c940d039-ba24-4092-9cd3-08ca315a4903,lm,scaled_tanh,7,val_ppl,76,357.43603515625
c940d039-ba24-4092-9cd3-08ca315a4903,lm,scaled_tanh,7,val_ppl,90,359.5634460449219
c940d039-ba24-4092-9cd3-08ca315a4903,lm,scaled_tanh,7,val_ppl,102,363.1753540039063
c940d039-ba24-4092-9cd3-08ca315a4903,lm,scaled_tanh,7,val_ppl,116,366.1009826660156
c940d039-ba24-4092-9cd3-08ca315a4903,lm,scaled_tanh,7,val_ppl,130,366.8784484863281
c940d039-ba24-4092-9cd3-08ca315a4903,lm,scaled_tanh,7,val_loss,10,6.552701950073242
c940d039-ba24-4092-9cd3-08ca315a4903,lm,scaled_tanh,7,val_loss,24,6.132427215576172
c940d039-ba24-4092-9cd3-08ca315a4903,lm,scaled_tanh,7,val_loss,36,5.9800567626953125
c940d039-ba24-4092-9cd3-08ca315a4903,lm,scaled_tanh,7,val_loss,50,5.9122843742370605
c940d039-ba24-4092-9cd3-08ca315a4903,lm,scaled_tanh,7,val_loss,64,5.8805928230285645
c940d039-ba24-4092-9cd3-08ca315a4903,lm,scaled_tanh,7,val_loss,76,5.8668317794799805
c940d039-ba24-4092-9cd3-08ca315a4903,lm,scaled_tanh,7,val_loss,90,5.872209072113037
c940d039-ba24-4092-9cd3-08ca315a4903,lm,scaled_tanh,7,val_loss,102,5.881779670715332
c940d039-ba24-4092-9cd3-08ca315a4903,lm,scaled_tanh,7,val_loss,116,5.889651775360107
c940d039-ba24-4092-9cd3-08ca315a4903,lm,scaled_tanh,7,val_loss,130,5.891717910766602
c940d039-ba24-4092-9cd3-08ca315a4903,lm,scaled_tanh,7,train_loss_epoch,11,8.014893531799316
c940d039-ba24-4092-9cd3-08ca315a4903,lm,scaled_tanh,7,train_loss_epoch,25,6.21722936630249
c940d039-ba24-4092-9cd3-08ca315a4903,lm,scaled_tanh,7,train_loss_epoch,37,5.84933614730835
c940d039-ba24-4092-9cd3-08ca315a4903,lm,scaled_tanh,7,train_loss_epoch,51,5.624902725219727
c940d039-ba24-4092-9cd3-08ca315a4903,lm,scaled_tanh,7,train_loss_epoch,65,5.460168838500977
c940d039-ba24-4092-9cd3-08ca315a4903,lm,scaled_tanh,7,train_loss_epoch,77,5.331316947937012
c940d039-ba24-4092-9cd3-08ca315a4903,lm,scaled_tanh,7,train_loss_epoch,91,5.231608867645264
c940d039-ba24-4092-9cd3-08ca315a4903,lm,scaled_tanh,7,train_loss_epoch,103,5.162336826324463
c940d039-ba24-4092-9cd3-08ca315a4903,lm,scaled_tanh,7,train_loss_epoch,117,5.119631767272949
c940d039-ba24-4092-9cd3-08ca315a4903,lm,scaled_tanh,7,train_loss_epoch,131,5.101283073425293
f80b8aa2-c3b9-4157-996b-6c7b84466755,lm,tanh,0,val_ppl,10,701.9581298828125
f80b8aa2-c3b9-4157-996b-6c7b84466755,lm,tanh,0,val_ppl,24,458.4690551757813
f80b8aa2-c3b9-4157-996b-6c7b84466755,lm,tanh,0,val_ppl,36,397.1934814453125
f80b8aa2-c3b9-4157-996b-6c7b84466755,lm,tanh,0,val_ppl,50,367.7906494140625
f80b8aa2-c3b9-4157-996b-6c7b84466755,lm,tanh,0,val_ppl,64,353.5498046875
f80b8aa2-c3b9-4157-996b-6c7b84466755,lm,tanh,0,val_ppl,76,347.9805908203125
f80b8aa2-c3b9-4157-996b-6c7b84466755,lm,tanh,0,val_ppl,90,348.44873046875
f80b8aa2-c3b9-4157-996b-6c7b84466755,lm,tanh,0,val_ppl,102,352.0338134765625
f80b8aa2-c3b9-4157-996b-6c7b84466755,lm,tanh,0,val_ppl,116,353.6691589355469
f80b8aa2-c3b9-4157-996b-6c7b84466755,lm,tanh,0,val_ppl,130,354.9921569824219
f80b8aa2-c3b9-4157-996b-6c7b84466755,lm,tanh,0,val_loss,10,6.549956798553467
f80b8aa2-c3b9-4157-996b-6c7b84466755,lm,tanh,0,val_loss,24,6.1209917068481445
f80b8aa2-c3b9-4157-996b-6c7b84466755,lm,tanh,0,val_loss,36,5.975463390350342
f80b8aa2-c3b9-4157-996b-6c7b84466755,lm,tanh,0,val_loss,50,5.896912574768066
f80b8aa2-c3b9-4157-996b-6c7b84466755,lm,tanh,0,val_loss,64,5.856679439544678
f80b8aa2-c3b9-4157-996b-6c7b84466755,lm,tanh,0,val_loss,76,5.839929580688477
f80b8aa2-c3b9-4157-996b-6c7b84466755,lm,tanh,0,val_loss,90,5.84057092666626
f80b8aa2-c3b9-4157-996b-6c7b84466755,lm,tanh,0,val_loss,102,5.850475311279297
f80b8aa2-c3b9-4157-996b-6c7b84466755,lm,tanh,0,val_loss,116,5.854825019836426
f80b8aa2-c3b9-4157-996b-6c7b84466755,lm,tanh,0,val_loss,130,5.858482837677002
f80b8aa2-c3b9-4157-996b-6c7b84466755,lm,tanh,0,train_loss_epoch,11,8.015058517456055
f80b8aa2-c3b9-4157-996b-6c7b84466755,lm,tanh,0,train_loss_epoch,25,6.217036247253418
f80b8aa2-c3b9-4157-996b-6c7b84466755,lm,tanh,0,train_loss_epoch,37,5.844201564788818
f80b8aa2-c3b9-4157-996b-6c7b84466755,lm,tanh,0,train_loss_epoch,51,5.616249561309815
f80b8aa2-c3b9-4157-996b-6c7b84466755,lm,tanh,0,train_loss_epoch,65,5.444094181060791
f80b8aa2-c3b9-4157-996b-6c7b84466755,lm,tanh,0,train_loss_epoch,77,5.308772087097168
f80b8aa2-c3b9-4157-996b-6c7b84466755,lm,tanh,0,train_loss_epoch,91,5.204111099243164
f80b8aa2-c3b9-4157-996b-6c7b84466755,lm,tanh,0,train_loss_epoch,103,5.130642414093018
f80b8aa2-c3b9-4157-996b-6c7b84466755,lm,tanh,0,train_loss_epoch,117,5.086610317230225
f80b8aa2-c3b9-4157-996b-6c7b84466755,lm,tanh,0,train_loss_epoch,131,5.067233562469482
7e23ea5d-4b08-444f-be1d-8020cbc0677c,lm,tanh,6,val_ppl,10,714.3721313476562
7e23ea5d-4b08-444f-be1d-8020cbc0677c,lm,tanh,6,val_ppl,24,465.1974487304688
7e23ea5d-4b08-444f-be1d-8020cbc0677c,lm,tanh,6,val_ppl,36,397.076904296875
7e23ea5d-4b08-444f-be1d-8020cbc0677c,lm,tanh,6,val_ppl,50,367.95556640625
7e23ea5d-4b08-444f-be1d-8020cbc0677c,lm,tanh,6,val_ppl,64,354.9921264648437
7e23ea5d-4b08-444f-be1d-8020cbc0677c,lm,tanh,6,val_ppl,76,350.3790588378906
7e23ea5d-4b08-444f-be1d-8020cbc0677c,lm,tanh,6,val_ppl,90,348.92333984375
7e23ea5d-4b08-444f-be1d-8020cbc0677c,lm,tanh,6,val_ppl,102,351.4640197753906
7e23ea5d-4b08-444f-be1d-8020cbc0677c,lm,tanh,6,val_ppl,116,354.4173278808594
7e23ea5d-4b08-444f-be1d-8020cbc0677c,lm,tanh,6,val_ppl,130,355.3578796386719
7e23ea5d-4b08-444f-be1d-8020cbc0677c,lm,tanh,6,val_loss,10,6.567349910736084
7e23ea5d-4b08-444f-be1d-8020cbc0677c,lm,tanh,6,val_loss,24,6.1353278160095215
7e23ea5d-4b08-444f-be1d-8020cbc0677c,lm,tanh,6,val_loss,36,5.974769115447998
7e23ea5d-4b08-444f-be1d-8020cbc0677c,lm,tanh,6,val_loss,50,5.897059917449951
7e23ea5d-4b08-444f-be1d-8020cbc0677c,lm,tanh,6,val_loss,64,5.860095977783203
7e23ea5d-4b08-444f-be1d-8020cbc0677c,lm,tanh,6,val_loss,76,5.846001148223877
7e23ea5d-4b08-444f-be1d-8020cbc0677c,lm,tanh,6,val_loss,90,5.841172218322754
7e23ea5d-4b08-444f-be1d-8020cbc0677c,lm,tanh,6,val_loss,102,5.848020553588867
7e23ea5d-4b08-444f-be1d-8020cbc0677c,lm,tanh,6,val_loss,116,5.856111526489258
7e23ea5d-4b08-444f-be1d-8020cbc0677c,lm,tanh,6,val_loss,130,5.858694553375244
7e23ea5d-4b08-444f-be1d-8020cbc0677c,lm,tanh,6,train_loss_epoch,11,8.030091285705566
7e23ea5d-4b08-444f-be1d-8020cbc0677c,lm,tanh,6,train_loss_epoch,25,6.228825569152832
7e23ea5d-4b08-444f-be1d-8020cbc0677c,lm,tanh,6,train_loss_epoch,37,5.847640037536621
7e23ea5d-4b08-444f-be1d-8020cbc0677c,lm,tanh,6,train_loss_epoch,51,5.615334510803223
7e23ea5d-4b08-444f-be1d-8020cbc0677c,lm,tanh,6,train_loss_epoch,65,5.443351268768311
7e23ea5d-4b08-444f-be1d-8020cbc0677c,lm,tanh,6,train_loss_epoch,77,5.307923793792725
7e23ea5d-4b08-444f-be1d-8020cbc0677c,lm,tanh,6,train_loss_epoch,91,5.2036237716674805
7e23ea5d-4b08-444f-be1d-8020cbc0677c,lm,tanh,6,train_loss_epoch,103,5.130023002624512
7e23ea5d-4b08-444f-be1d-8020cbc0677c,lm,tanh,6,train_loss_epoch,117,5.085587501525879
7e23ea5d-4b08-444f-be1d-8020cbc0677c,lm,tanh,6,train_loss_epoch,131,5.067134857177734
9c5c5f67-9358-45dc-a262-b8632fd8822e,lm,tanh,1,val_ppl,10,698.9911499023438
9c5c5f67-9358-45dc-a262-b8632fd8822e,lm,tanh,1,val_ppl,24,458.8482971191406
9c5c5f67-9358-45dc-a262-b8632fd8822e,lm,tanh,1,val_ppl,36,395.5682373046875
9c5c5f67-9358-45dc-a262-b8632fd8822e,lm,tanh,1,val_ppl,50,363.9345703125
9c5c5f67-9358-45dc-a262-b8632fd8822e,lm,tanh,1,val_ppl,64,349.2965087890625
9c5c5f67-9358-45dc-a262-b8632fd8822e,lm,tanh,1,val_ppl,76,342.2974548339844
9c5c5f67-9358-45dc-a262-b8632fd8822e,lm,tanh,1,val_ppl,90,341.9324951171875
9c5c5f67-9358-45dc-a262-b8632fd8822e,lm,tanh,1,val_ppl,102,345.2010192871094
9c5c5f67-9358-45dc-a262-b8632fd8822e,lm,tanh,1,val_ppl,116,347.60595703125
9c5c5f67-9358-45dc-a262-b8632fd8822e,lm,tanh,1,val_ppl,130,347.76080322265625
9c5c5f67-9358-45dc-a262-b8632fd8822e,lm,tanh,1,val_loss,10,6.545750617980957
9c5c5f67-9358-45dc-a262-b8632fd8822e,lm,tanh,1,val_loss,24,6.121978282928467
9c5c5f67-9358-45dc-a262-b8632fd8822e,lm,tanh,1,val_loss,36,5.971498966217041
9c5c5f67-9358-45dc-a262-b8632fd8822e,lm,tanh,1,val_loss,50,5.886636734008789
9c5c5f67-9358-45dc-a262-b8632fd8822e,lm,tanh,1,val_loss,64,5.8446574211120605
9c5c5f67-9358-45dc-a262-b8632fd8822e,lm,tanh,1,val_loss,76,5.823346614837647
9c5c5f67-9358-45dc-a262-b8632fd8822e,lm,tanh,1,val_loss,90,5.821798324584961
9c5c5f67-9358-45dc-a262-b8632fd8822e,lm,tanh,1,val_loss,102,5.830883502960205
9c5c5f67-9358-45dc-a262-b8632fd8822e,lm,tanh,1,val_loss,116,5.837528228759766
9c5c5f67-9358-45dc-a262-b8632fd8822e,lm,tanh,1,val_loss,130,5.837995052337647
9c5c5f67-9358-45dc-a262-b8632fd8822e,lm,tanh,1,train_loss_epoch,11,8.015922546386719
9c5c5f67-9358-45dc-a262-b8632fd8822e,lm,tanh,1,train_loss_epoch,25,6.214697360992432
9c5c5f67-9358-45dc-a262-b8632fd8822e,lm,tanh,1,train_loss_epoch,37,5.840703964233398
9c5c5f67-9358-45dc-a262-b8632fd8822e,lm,tanh,1,train_loss_epoch,51,5.60893440246582
9c5c5f67-9358-45dc-a262-b8632fd8822e,lm,tanh,1,train_loss_epoch,65,5.434889793395996
9c5c5f67-9358-45dc-a262-b8632fd8822e,lm,tanh,1,train_loss_epoch,77,5.298281669616699
9c5c5f67-9358-45dc-a262-b8632fd8822e,lm,tanh,1,train_loss_epoch,91,5.193830966949463
9c5c5f67-9358-45dc-a262-b8632fd8822e,lm,tanh,1,train_loss_epoch,103,5.119659423828125
9c5c5f67-9358-45dc-a262-b8632fd8822e,lm,tanh,1,train_loss_epoch,117,5.07623291015625
9c5c5f67-9358-45dc-a262-b8632fd8822e,lm,tanh,1,train_loss_epoch,131,5.057592868804932
946588d5-bc4f-4556-9b0f-f089fefc5491,lm,tanh,4,val_ppl,10,696.8010864257812
946588d5-bc4f-4556-9b0f-f089fefc5491,lm,tanh,4,val_ppl,24,462.0696105957031
946588d5-bc4f-4556-9b0f-f089fefc5491,lm,tanh,4,val_ppl,36,395.7500915527344
946588d5-bc4f-4556-9b0f-f089fefc5491,lm,tanh,4,val_ppl,50,363.9276123046875
946588d5-bc4f-4556-9b0f-f089fefc5491,lm,tanh,4,val_ppl,64,351.2431945800781
946588d5-bc4f-4556-9b0f-f089fefc5491,lm,tanh,4,val_ppl,76,346.37225341796875
946588d5-bc4f-4556-9b0f-f089fefc5491,lm,tanh,4,val_ppl,90,346.1508178710937
946588d5-bc4f-4556-9b0f-f089fefc5491,lm,tanh,4,val_ppl,102,349.4036865234375
946588d5-bc4f-4556-9b0f-f089fefc5491,lm,tanh,4,val_ppl,116,351.8002624511719
946588d5-bc4f-4556-9b0f-f089fefc5491,lm,tanh,4,val_ppl,130,352.6955871582031
946588d5-bc4f-4556-9b0f-f089fefc5491,lm,tanh,4,val_loss,10,6.542348384857178
946588d5-bc4f-4556-9b0f-f089fefc5491,lm,tanh,4,val_loss,24,6.129047870635986
946588d5-bc4f-4556-9b0f-f089fefc5491,lm,tanh,4,val_loss,36,5.971660137176514
946588d5-bc4f-4556-9b0f-f089fefc5491,lm,tanh,4,val_loss,50,5.886276721954346
946588d5-bc4f-4556-9b0f-f089fefc5491,lm,tanh,4,val_loss,64,5.849956512451172
946588d5-bc4f-4556-9b0f-f089fefc5491,lm,tanh,4,val_loss,76,5.834963321685791
946588d5-bc4f-4556-9b0f-f089fefc5491,lm,tanh,4,val_loss,90,5.833899974822998
946588d5-bc4f-4556-9b0f-f089fefc5491,lm,tanh,4,val_loss,102,5.842792510986328
946588d5-bc4f-4556-9b0f-f089fefc5491,lm,tanh,4,val_loss,116,5.849323749542236
946588d5-bc4f-4556-9b0f-f089fefc5491,lm,tanh,4,val_loss,130,5.851802825927734
946588d5-bc4f-4556-9b0f-f089fefc5491,lm,tanh,4,train_loss_epoch,11,8.022644996643066
946588d5-bc4f-4556-9b0f-f089fefc5491,lm,tanh,4,train_loss_epoch,25,6.215137958526611
946588d5-bc4f-4556-9b0f-f089fefc5491,lm,tanh,4,train_loss_epoch,37,5.838659763336182
946588d5-bc4f-4556-9b0f-f089fefc5491,lm,tanh,4,train_loss_epoch,51,5.608511924743652
946588d5-bc4f-4556-9b0f-f089fefc5491,lm,tanh,4,train_loss_epoch,65,5.436400413513184
946588d5-bc4f-4556-9b0f-f089fefc5491,lm,tanh,4,train_loss_epoch,77,5.302011013031006
946588d5-bc4f-4556-9b0f-f089fefc5491,lm,tanh,4,train_loss_epoch,91,5.199034214019775
946588d5-bc4f-4556-9b0f-f089fefc5491,lm,tanh,4,train_loss_epoch,103,5.126217365264893
946588d5-bc4f-4556-9b0f-f089fefc5491,lm,tanh,4,train_loss_epoch,117,5.0833420753479
946588d5-bc4f-4556-9b0f-f089fefc5491,lm,tanh,4,train_loss_epoch,131,5.0645060539245605
31b4bb89-57ee-4c91-9c1f-55627e89f1d3,lm,tanh,2,val_ppl,10,704.6942138671875
31b4bb89-57ee-4c91-9c1f-55627e89f1d3,lm,tanh,2,val_ppl,24,460.95697021484375
31b4bb89-57ee-4c91-9c1f-55627e89f1d3,lm,tanh,2,val_ppl,36,393.63177490234375
31b4bb89-57ee-4c91-9c1f-55627e89f1d3,lm,tanh,2,val_ppl,50,363.2900695800781
31b4bb89-57ee-4c91-9c1f-55627e89f1d3,lm,tanh,2,val_ppl,64,349.03253173828125
31b4bb89-57ee-4c91-9c1f-55627e89f1d3,lm,tanh,2,val_ppl,76,341.5221862792969
31b4bb89-57ee-4c91-9c1f-55627e89f1d3,lm,tanh,2,val_ppl,90,340.16046142578125
31b4bb89-57ee-4c91-9c1f-55627e89f1d3,lm,tanh,2,val_ppl,102,343.7900695800781
31b4bb89-57ee-4c91-9c1f-55627e89f1d3,lm,tanh,2,val_ppl,116,345.6026306152344
31b4bb89-57ee-4c91-9c1f-55627e89f1d3,lm,tanh,2,val_ppl,130,346.1484680175781
31b4bb89-57ee-4c91-9c1f-55627e89f1d3,lm,tanh,2,val_loss,10,6.553959369659424
31b4bb89-57ee-4c91-9c1f-55627e89f1d3,lm,tanh,2,val_loss,24,6.1269145011901855
31b4bb89-57ee-4c91-9c1f-55627e89f1d3,lm,tanh,2,val_loss,36,5.966703414916992
31b4bb89-57ee-4c91-9c1f-55627e89f1d3,lm,tanh,2,val_loss,50,5.885190010070801
31b4bb89-57ee-4c91-9c1f-55627e89f1d3,lm,tanh,2,val_loss,64,5.843891143798828
31b4bb89-57ee-4c91-9c1f-55627e89f1d3,lm,tanh,2,val_loss,76,5.8213653564453125
31b4bb89-57ee-4c91-9c1f-55627e89f1d3,lm,tanh,2,val_loss,90,5.816714286804199
31b4bb89-57ee-4c91-9c1f-55627e89f1d3,lm,tanh,2,val_loss,102,5.826642990112305
31b4bb89-57ee-4c91-9c1f-55627e89f1d3,lm,tanh,2,val_loss,116,5.831885814666748
31b4bb89-57ee-4c91-9c1f-55627e89f1d3,lm,tanh,2,val_loss,130,5.833376407623291
31b4bb89-57ee-4c91-9c1f-55627e89f1d3,lm,tanh,2,train_loss_epoch,11,8.020689964294434
31b4bb89-57ee-4c91-9c1f-55627e89f1d3,lm,tanh,2,train_loss_epoch,25,6.225529670715332
31b4bb89-57ee-4c91-9c1f-55627e89f1d3,lm,tanh,2,train_loss_epoch,37,5.844265460968018
31b4bb89-57ee-4c91-9c1f-55627e89f1d3,lm,tanh,2,train_loss_epoch,51,5.607833385467529
31b4bb89-57ee-4c91-9c1f-55627e89f1d3,lm,tanh,2,train_loss_epoch,65,5.434333324432373
31b4bb89-57ee-4c91-9c1f-55627e89f1d3,lm,tanh,2,train_loss_epoch,77,5.297536373138428
31b4bb89-57ee-4c91-9c1f-55627e89f1d3,lm,tanh,2,train_loss_epoch,91,5.193215370178223
31b4bb89-57ee-4c91-9c1f-55627e89f1d3,lm,tanh,2,train_loss_epoch,103,5.119704246520996
31b4bb89-57ee-4c91-9c1f-55627e89f1d3,lm,tanh,2,train_loss_epoch,117,5.075617790222168
31b4bb89-57ee-4c91-9c1f-55627e89f1d3,lm,tanh,2,train_loss_epoch,131,5.056663990020752
d476da16-f851-488a-8a50-6ddda81c51c2,lm,tanh,3,val_ppl,10,691.21728515625
d476da16-f851-488a-8a50-6ddda81c51c2,lm,tanh,3,val_ppl,24,454.4150390625
d476da16-f851-488a-8a50-6ddda81c51c2,lm,tanh,3,val_ppl,36,390.848876953125
d476da16-f851-488a-8a50-6ddda81c51c2,lm,tanh,3,val_ppl,50,361.8674621582031
d476da16-f851-488a-8a50-6ddda81c51c2,lm,tanh,3,val_ppl,64,348.5502319335937
d476da16-f851-488a-8a50-6ddda81c51c2,lm,tanh,3,val_ppl,76,343.9136657714844
d476da16-f851-488a-8a50-6ddda81c51c2,lm,tanh,3,val_ppl,90,342.7197265625
d476da16-f851-488a-8a50-6ddda81c51c2,lm,tanh,3,val_ppl,102,345.8509826660156
d476da16-f851-488a-8a50-6ddda81c51c2,lm,tanh,3,val_ppl,116,348.3663635253906
d476da16-f851-488a-8a50-6ddda81c51c2,lm,tanh,3,val_ppl,130,349.02056884765625
d476da16-f851-488a-8a50-6ddda81c51c2,lm,tanh,3,val_loss,10,6.534551620483398
d476da16-f851-488a-8a50-6ddda81c51c2,lm,tanh,3,val_loss,24,6.111679553985596
d476da16-f851-488a-8a50-6ddda81c51c2,lm,tanh,3,val_loss,36,5.958866119384766
d476da16-f851-488a-8a50-6ddda81c51c2,lm,tanh,3,val_loss,50,5.880828857421875
d476da16-f851-488a-8a50-6ddda81c51c2,lm,tanh,3,val_loss,64,5.842278003692627
d476da16-f851-488a-8a50-6ddda81c51c2,lm,tanh,3,val_loss,76,5.827737808227539
d476da16-f851-488a-8a50-6ddda81c51c2,lm,tanh,3,val_loss,90,5.823769569396973
d476da16-f851-488a-8a50-6ddda81c51c2,lm,tanh,3,val_loss,102,5.832252502441406
d476da16-f851-488a-8a50-6ddda81c51c2,lm,tanh,3,val_loss,116,5.839382648468018
d476da16-f851-488a-8a50-6ddda81c51c2,lm,tanh,3,val_loss,130,5.841192722320557
d476da16-f851-488a-8a50-6ddda81c51c2,lm,tanh,3,train_loss_epoch,11,8.020984649658203
d476da16-f851-488a-8a50-6ddda81c51c2,lm,tanh,3,train_loss_epoch,25,6.198853015899658
d476da16-f851-488a-8a50-6ddda81c51c2,lm,tanh,3,train_loss_epoch,37,5.823731899261475
d476da16-f851-488a-8a50-6ddda81c51c2,lm,tanh,3,train_loss_epoch,51,5.59536600112915
d476da16-f851-488a-8a50-6ddda81c51c2,lm,tanh,3,train_loss_epoch,65,5.425326824188232
d476da16-f851-488a-8a50-6ddda81c51c2,lm,tanh,3,train_loss_epoch,77,5.291977405548096
d476da16-f851-488a-8a50-6ddda81c51c2,lm,tanh,3,train_loss_epoch,91,5.188727855682373
d476da16-f851-488a-8a50-6ddda81c51c2,lm,tanh,3,train_loss_epoch,103,5.116447448730469
d476da16-f851-488a-8a50-6ddda81c51c2,lm,tanh,3,train_loss_epoch,117,5.073091506958008
d476da16-f851-488a-8a50-6ddda81c51c2,lm,tanh,3,train_loss_epoch,131,5.054355144500732
16fa5609-8e55-4978-93c6-8115b3315b98,lm,tanh,7,val_ppl,10,716.4986572265625
16fa5609-8e55-4978-93c6-8115b3315b98,lm,tanh,7,val_ppl,24,460.6296081542969
16fa5609-8e55-4978-93c6-8115b3315b98,lm,tanh,7,val_ppl,36,394.4625854492188
16fa5609-8e55-4978-93c6-8115b3315b98,lm,tanh,7,val_ppl,50,365.5963745117188
16fa5609-8e55-4978-93c6-8115b3315b98,lm,tanh,7,val_ppl,64,351.4779052734375
16fa5609-8e55-4978-93c6-8115b3315b98,lm,tanh,7,val_ppl,76,344.9195861816406
16fa5609-8e55-4978-93c6-8115b3315b98,lm,tanh,7,val_ppl,90,345.6246032714844
16fa5609-8e55-4978-93c6-8115b3315b98,lm,tanh,7,val_ppl,102,347.6212463378906
16fa5609-8e55-4978-93c6-8115b3315b98,lm,tanh,7,val_ppl,116,350.0739440917969
16fa5609-8e55-4978-93c6-8115b3315b98,lm,tanh,7,val_ppl,130,350.7771301269531
16fa5609-8e55-4978-93c6-8115b3315b98,lm,tanh,7,val_loss,10,6.570450782775879
16fa5609-8e55-4978-93c6-8115b3315b98,lm,tanh,7,val_loss,24,6.125186920166016
16fa5609-8e55-4978-93c6-8115b3315b98,lm,tanh,7,val_loss,36,5.968287944793701
16fa5609-8e55-4978-93c6-8115b3315b98,lm,tanh,7,val_loss,50,5.891014575958252
16fa5609-8e55-4978-93c6-8115b3315b98,lm,tanh,7,val_loss,64,5.850584983825684
16fa5609-8e55-4978-93c6-8115b3315b98,lm,tanh,7,val_loss,76,5.830806255340576
16fa5609-8e55-4978-93c6-8115b3315b98,lm,tanh,7,val_loss,90,5.832127094268799
16fa5609-8e55-4978-93c6-8115b3315b98,lm,tanh,7,val_loss,102,5.837352275848389
16fa5609-8e55-4978-93c6-8115b3315b98,lm,tanh,7,val_loss,116,5.844122886657715
16fa5609-8e55-4978-93c6-8115b3315b98,lm,tanh,7,val_loss,130,5.846093654632568
16fa5609-8e55-4978-93c6-8115b3315b98,lm,tanh,7,train_loss_epoch,11,8.018281936645508
16fa5609-8e55-4978-93c6-8115b3315b98,lm,tanh,7,train_loss_epoch,25,6.223826885223389
16fa5609-8e55-4978-93c6-8115b3315b98,lm,tanh,7,train_loss_epoch,37,5.842162132263184
16fa5609-8e55-4978-93c6-8115b3315b98,lm,tanh,7,train_loss_epoch,51,5.609465599060059
16fa5609-8e55-4978-93c6-8115b3315b98,lm,tanh,7,train_loss_epoch,65,5.43707799911499
16fa5609-8e55-4978-93c6-8115b3315b98,lm,tanh,7,train_loss_epoch,77,5.301592826843262
16fa5609-8e55-4978-93c6-8115b3315b98,lm,tanh,7,train_loss_epoch,91,5.196559906005859
16fa5609-8e55-4978-93c6-8115b3315b98,lm,tanh,7,train_loss_epoch,103,5.124105453491211
16fa5609-8e55-4978-93c6-8115b3315b98,lm,tanh,7,train_loss_epoch,117,5.079505920410156
16fa5609-8e55-4978-93c6-8115b3315b98,lm,tanh,7,train_loss_epoch,131,5.060861110687256
f8803b2e-5f8e-4606-ab07-dbe58369d4e6,lm,tanh,5,val_ppl,10,696.384033203125
f8803b2e-5f8e-4606-ab07-dbe58369d4e6,lm,tanh,5,val_ppl,24,454.3228149414063
f8803b2e-5f8e-4606-ab07-dbe58369d4e6,lm,tanh,5,val_ppl,36,391.2169494628906
f8803b2e-5f8e-4606-ab07-dbe58369d4e6,lm,tanh,5,val_ppl,50,364.0342102050781
f8803b2e-5f8e-4606-ab07-dbe58369d4e6,lm,tanh,5,val_ppl,64,349.1132202148437
f8803b2e-5f8e-4606-ab07-dbe58369d4e6,lm,tanh,5,val_ppl,76,345.3330993652344
f8803b2e-5f8e-4606-ab07-dbe58369d4e6,lm,tanh,5,val_ppl,90,344.9508056640625
f8803b2e-5f8e-4606-ab07-dbe58369d4e6,lm,tanh,5,val_ppl,102,347.46466064453125
f8803b2e-5f8e-4606-ab07-dbe58369d4e6,lm,tanh,5,val_ppl,116,349.9075012207031
f8803b2e-5f8e-4606-ab07-dbe58369d4e6,lm,tanh,5,val_ppl,130,350.9908752441406
f8803b2e-5f8e-4606-ab07-dbe58369d4e6,lm,tanh,5,val_loss,10,6.542242527008057
f8803b2e-5f8e-4606-ab07-dbe58369d4e6,lm,tanh,5,val_loss,24,6.111712455749512
f8803b2e-5f8e-4606-ab07-dbe58369d4e6,lm,tanh,5,val_loss,36,5.9602370262146
f8803b2e-5f8e-4606-ab07-dbe58369d4e6,lm,tanh,5,val_loss,50,5.886829853057861
f8803b2e-5f8e-4606-ab07-dbe58369d4e6,lm,tanh,5,val_loss,64,5.843926429748535
f8803b2e-5f8e-4606-ab07-dbe58369d4e6,lm,tanh,5,val_loss,76,5.83215856552124
f8803b2e-5f8e-4606-ab07-dbe58369d4e6,lm,tanh,5,val_loss,90,5.830468654632568
f8803b2e-5f8e-4606-ab07-dbe58369d4e6,lm,tanh,5,val_loss,102,5.837183475494385
f8803b2e-5f8e-4606-ab07-dbe58369d4e6,lm,tanh,5,val_loss,116,5.844084739685059
f8803b2e-5f8e-4606-ab07-dbe58369d4e6,lm,tanh,5,val_loss,130,5.847121715545654
f8803b2e-5f8e-4606-ab07-dbe58369d4e6,lm,tanh,5,train_loss_epoch,11,8.016594886779785
f8803b2e-5f8e-4606-ab07-dbe58369d4e6,lm,tanh,5,train_loss_epoch,25,6.206238269805908
f8803b2e-5f8e-4606-ab07-dbe58369d4e6,lm,tanh,5,train_loss_epoch,37,5.828273296356201
f8803b2e-5f8e-4606-ab07-dbe58369d4e6,lm,tanh,5,train_loss_epoch,51,5.598713397979736
f8803b2e-5f8e-4606-ab07-dbe58369d4e6,lm,tanh,5,train_loss_epoch,65,5.42683744430542
f8803b2e-5f8e-4606-ab07-dbe58369d4e6,lm,tanh,5,train_loss_epoch,77,5.29188346862793
f8803b2e-5f8e-4606-ab07-dbe58369d4e6,lm,tanh,5,train_loss_epoch,91,5.189081192016602
f8803b2e-5f8e-4606-ab07-dbe58369d4e6,lm,tanh,5,train_loss_epoch,103,5.11662483215332
f8803b2e-5f8e-4606-ab07-dbe58369d4e6,lm,tanh,5,train_loss_epoch,117,5.072394847869873
f8803b2e-5f8e-4606-ab07-dbe58369d4e6,lm,tanh,5,train_loss_epoch,131,5.054179191589356
